ISO-10303-21;
HEADER;
FILE_DESCRIPTION (( 'STEP AP214' ),
    '1' );
FILE_NAME ('UniFi.STEP',
    '2026-07-10T12:34:42',
    ( 'xxx' ),
    ( '' ),
    'SwSTEP 2.0',
    'SolidWorks 2025',
    '' );
FILE_SCHEMA (( 'AUTOMOTIVE_DESIGN' ));
ENDSEC;

DATA;
#1 = AXIS2_PLACEMENT_3D ( 'NONE', #2257, #617, #1541 ) ;
#2 = CARTESIAN_POINT ( 'NONE',  ( -20.00000000000000000, 15.00000000000000000, 6.500000000000002665 ) ) ;
#3 = CARTESIAN_POINT ( 'NONE',  ( 15.00000000000000000, 14.99999999999999289, 11.40000000000000036 ) ) ;
#4 = CARTESIAN_POINT ( 'NONE',  ( 44.94229256761045121, -2.278231499937161786, 2.500000000000000444 ) ) ;
#5 = VERTEX_POINT ( 'NONE', #963 ) ;
#6 = UNCERTAINTY_MEASURE_WITH_UNIT (LENGTH_MEASURE( 1.000000000000000082E-05 ), #1658, 'distance_accuracy_value', 'NONE');
#7 = LINE ( 'NONE', #1310, #1565 ) ;
#8 = VERTEX_POINT ( 'NONE', #2069 ) ;
#9 = CYLINDRICAL_SURFACE ( 'NONE', #654, 1.199999999999999734 ) ;
#10 = ORIENTED_EDGE ( 'NONE', *, *, #121, .F. ) ;
#11 = AXIS2_PLACEMENT_3D ( 'NONE', #2285, #215, #2272 ) ;
#12 = VECTOR ( 'NONE', #1921, 1000.000000000000000 ) ;
#13 = CARTESIAN_POINT ( 'NONE',  ( 17.50000000000000000, 17.49999999999999645, 6.500000000000002665 ) ) ;
#14 = PLANE ( 'NONE',  #460 ) ;
#15 = CARTESIAN_POINT ( 'NONE',  ( 29.11928964352002325, 30.26659826701354206, 2.500000000000000000 ) ) ;
#16 = DIRECTION ( 'NONE',  ( -0.4985176220503559907, -0.8668795651676525216, 0.000000000000000000 ) ) ;
#17 = CARTESIAN_POINT ( 'NONE',  ( 23.74999999999999645, 27.00000000000000355, 10.20000000000000107 ) ) ;
#18 = EDGE_CURVE ( 'NONE', #921, #1395, #1874, .T. ) ;
#19 = ORIENTED_EDGE ( 'NONE', *, *, #2235, .F. ) ;
#20 = AXIS2_PLACEMENT_3D ( 'NONE', #1759, #856, #843 ) ;
#21 = CARTESIAN_POINT ( 'NONE',  ( 43.72588679671901701, -10.63234799282423637, 2.500000000000000000 ) ) ;
#22 = ORIENTED_EDGE ( 'NONE', *, *, #1864, .T. ) ;
#23 = CARTESIAN_POINT ( 'NONE',  ( -33.49298362909330251, -30.05361954276536451, 0.5000000000000000000 ) ) ;
#24 = DIRECTION ( 'NONE',  ( -0.000000000000000000, -0.000000000000000000, -1.000000000000000000 ) ) ;
#25 = CARTESIAN_POINT ( 'NONE',  ( 0.4530189984854282592, 2.444271786621053266, 2.500000000000000000 ) ) ;
#26 = CIRCLE ( 'NONE', #313, 45.00000000000000711 ) ;
#27 = DIRECTION ( 'NONE',  ( -0.4985176220503568789, -0.8668795651676520775, 0.000000000000000000 ) ) ;
#28 = VERTEX_POINT ( 'NONE', #1518 ) ;
#29 = VERTEX_POINT ( 'NONE', #2104 ) ;
#30 = CARTESIAN_POINT ( 'NONE',  ( -20.68902831727796610, -35.97518738362411028, 0.000000000000000000 ) ) ;
#31 = AXIS2_PLACEMENT_3D ( 'NONE', #1321, #392, #2250 ) ;
#32 = ORIENTED_EDGE ( 'NONE', *, *, #117, .F. ) ;
#33 = EDGE_CURVE ( 'NONE', #361, #2096, #2274, .T. ) ;
#34 = EDGE_LOOP ( 'NONE', ( #2251, #1275, #371, #822, #1536, #1007, #1090 ) ) ;
#35 = EDGE_CURVE ( 'NONE', #316, #1161, #7, .T. ) ;
#36 = LINE ( 'NONE', #1514, #1299 ) ;
#37 = AXIS2_PLACEMENT_3D ( 'NONE', #1550, #1535, #2095 ) ;
#38 = CYLINDRICAL_SURFACE ( 'NONE', #1164, 2.499999999999998668 ) ;
#39 = DIRECTION ( 'NONE',  ( -0.6494480483301747764, -0.7604059656000385914, 0.000000000000000000 ) ) ;
#40 = AXIS2_PLACEMENT_3D ( 'NONE', #832, #1581, #2321 ) ;
#41 = EDGE_CURVE ( 'NONE', #575, #1101, #975, .T. ) ;
#42 = DIRECTION ( 'NONE',  ( 1.000000000000000000, 0.000000000000000000, 0.000000000000000000 ) ) ;
#43 = EDGE_CURVE ( 'NONE', #1101, #1631, #1324, .T. ) ;
#44 = ORIENTED_EDGE ( 'NONE', *, *, #476, .T. ) ;
#45 = EDGE_CURVE ( 'NONE', #2085, #1063, #380, .T. ) ;
#46 = DIRECTION ( 'NONE',  ( 0.7604059656000322631, -0.6494480483301821039, 0.000000000000000000 ) ) ;
#47 = ORIENTED_EDGE ( 'NONE', *, *, #218, .T. ) ;
#48 = ORIENTED_EDGE ( 'NONE', *, *, #2060, .T. ) ;
#49 = EDGE_CURVE ( 'NONE', #894, #1904, #792, .T. ) ;
#50 = ADVANCED_FACE ( 'NONE', ( #1719 ), #2061, .F. ) ;
#51 = CARTESIAN_POINT ( 'NONE',  ( 19.94999999999999574, -5.799999999999971401, 9.000000000000001776 ) ) ;
#52 = AXIS2_PLACEMENT_3D ( 'NONE', #175, #900, #2431 ) ;
#53 = PLANE ( 'NONE',  #226 ) ;
#54 = DIRECTION ( 'NONE',  ( -0.000000000000000000, -0.000000000000000000, -1.000000000000000000 ) ) ;
#55 = CIRCLE ( 'NONE', #1588, 1.199999999999999734 ) ;
#56 = CARTESIAN_POINT ( 'NONE',  ( -22.47729995775436151, -35.47916271009133027, 8.975819329687391601 ) ) ;
#57 = ORIENTED_EDGE ( 'NONE', *, *, #117, .T. ) ;
#58 = DIRECTION ( 'NONE',  ( 0.000000000000000000, 0.000000000000000000, 1.000000000000000000 ) ) ;
#59 = ORIENTED_EDGE ( 'NONE', *, *, #335, .F. ) ;
#60 = DIRECTION ( 'NONE',  ( 0.000000000000000000, 0.000000000000000000, -1.000000000000000000 ) ) ;
#61 = CARTESIAN_POINT ( 'NONE',  ( -15.00000000000000000, 14.99999999999999289, 2.500000000000000000 ) ) ;
#62 = ORIENTED_EDGE ( 'NONE', *, *, #18, .T. ) ;
#63 = PLANE ( 'NONE',  #2280 ) ;
#64 = CARTESIAN_POINT ( 'NONE',  ( 15.00000000000000000, 14.99999999999999289, 0.000000000000000000 ) ) ;
#65 = DIRECTION ( 'NONE',  ( -0.000000000000000000, -0.000000000000000000, 1.000000000000000000 ) ) ;
#66 = CARTESIAN_POINT ( 'NONE',  ( -17.50000000000000000, -15.00000000000003730, 11.40000000000000036 ) ) ;
#67 = EDGE_CURVE ( 'NONE', #705, #8, #2319, .T. ) ;
#68 = ORIENTED_EDGE ( 'NONE', *, *, #662, .T. ) ;
#69 = CARTESIAN_POINT ( 'NONE',  ( -9.999999999999996447, 9.999999999999991118, 0.000000000000000000 ) ) ;
#70 = ORIENTED_EDGE ( 'NONE', *, *, #1799, .F. ) ;
#71 = AXIS2_PLACEMENT_3D ( 'NONE', #553, #412, #1148 ) ;
#72 = AXIS2_PLACEMENT_3D ( 'NONE', #1428, #301, #2357 ) ;
#73 = FACE_OUTER_BOUND ( 'NONE', #744, .T. ) ;
#74 = DIRECTION ( 'NONE',  ( -1.000000000000000000, 0.000000000000000000, 0.000000000000000000 ) ) ;
#75 = ORIENTED_EDGE ( 'NONE', *, *, #624, .T. ) ;
#76 = ORIENTED_EDGE ( 'NONE', *, *, #917, .T. ) ;
#77 = CARTESIAN_POINT ( 'NONE',  ( -40.49999999999999289, 0.000000000000000000, 0.9999999999999731326 ) ) ;
#78 = CARTESIAN_POINT ( 'NONE',  ( 31.91021765979109404, 31.75034677098668823, 1.831070002131826024 ) ) ;
#79 = CARTESIAN_POINT ( 'NONE',  ( -17.50000000000000000, 15.00000000000000000, 6.499999999999999112 ) ) ;
#80 = DIRECTION ( 'NONE',  ( -1.000000000000000000, 0.000000000000000000, 0.000000000000000000 ) ) ;
#81 = VECTOR ( 'NONE', #773, 1000.000000000000000 ) ;
#82 = ORIENTED_EDGE ( 'NONE', *, *, #634, .T. ) ;
#83 = LINE ( 'NONE', #1201, #1847 ) ;
#84 = CARTESIAN_POINT ( 'NONE',  ( 17.50000000000000000, -15.00000000000003553, 11.40000000000000036 ) ) ;
#85 = ORIENTED_EDGE ( 'NONE', *, *, #2103, .F. ) ;
#86 = CARTESIAN_POINT ( 'NONE',  ( -19.94999999999999574, -5.800000000000006928, 10.20000000000000107 ) ) ;
#87 = PLANE ( 'NONE',  #1681 ) ;
#88 = EDGE_LOOP ( 'NONE', ( #1818, #2240, #284, #463, #846 ) ) ;
#89 = DIRECTION ( 'NONE',  ( -0.9832549075639563929, 0.1822355254921372847, 0.000000000000000000 ) ) ;
#90 = CYLINDRICAL_SURFACE ( 'NONE', #2053, 41.99999999999999289 ) ;
#91 = CARTESIAN_POINT ( 'NONE',  ( 0.000000000000000000, 0.000000000000000000, 2.500000000000000000 ) ) ;
#92 = FILL_AREA_STYLE_COLOUR ( '', #188 ) ;
#93 = ORIENTED_EDGE ( 'NONE', *, *, #1030, .T. ) ;
#94 = AXIS2_PLACEMENT_3D ( 'NONE', #311, #682, #375 ) ;
#95 = DIRECTION ( 'NONE',  ( -0.1822355254921424472, -0.9832549075639555047, 0.000000000000000000 ) ) ;
#96 = DIRECTION ( 'NONE',  ( 1.000000000000000000, 0.000000000000000000, 0.000000000000000000 ) ) ;
#97 = ORIENTED_EDGE ( 'NONE', *, *, #1638, .F. ) ;
#98 = ADVANCED_FACE ( 'NONE', ( #576 ), #196, .T. ) ;
#99 =( BOUNDED_CURVE ( )  B_SPLINE_CURVE ( 3, ( #959, #1714, #1526, #23 ),
 .UNSPECIFIED., .F., .T. ) 
 B_SPLINE_CURVE_WITH_KNOTS ( ( 4, 4 ),
 ( 4.767659302458783444, 4.844999532772893858 ),
 .UNSPECIFIED. ) 
 CURVE ( )  GEOMETRIC_REPRESENTATION_ITEM ( )  RATIONAL_B_SPLINE_CURVE ( ( 1.000000000000000000, 0.9995016028435612654, 0.9995016028435612654, 1.000000000000000000 ) ) 
 REPRESENTATION_ITEM ( '' )  );
#100 = FACE_OUTER_BOUND ( 'NONE', #926, .T. ) ;
#101 = CARTESIAN_POINT ( 'NONE',  ( -41.96450619081783628, 1.726331416852333822, 2.500000000000000000 ) ) ;
#102 = ORIENTED_EDGE ( 'NONE', *, *, #662, .F. ) ;
#103 = EDGE_CURVE ( 'NONE', #1043, #781, #1334, .T. ) ;
#104 = CARTESIAN_POINT ( 'NONE',  ( -22.43329299226604334, -39.00958043254436802, 8.975819329687391601 ) ) ;
#105 = DIRECTION ( 'NONE',  ( 0.000000000000000000, 0.000000000000000000, -1.000000000000000000 ) ) ;
#106 = CARTESIAN_POINT ( 'NONE',  ( 42.77368981425397720, -13.97896489994826119, 0.4999999999999982792 ) ) ;
#107 = DIRECTION ( 'NONE',  ( 0.000000000000000000, -1.000000000000000000, 0.000000000000000000 ) ) ;
#108 = ORIENTED_EDGE ( 'NONE', *, *, #1195, .F. ) ;
#109 = DIRECTION ( 'NONE',  ( 0.6494480483301823259, 0.7604059656000321521, 0.000000000000000000 ) ) ;
#110 = DIRECTION ( 'NONE',  ( -0.000000000000000000, -0.000000000000000000, -1.000000000000000000 ) ) ;
#111 = ORIENTED_EDGE ( 'NONE', *, *, #135, .F. ) ;
#112 = AXIS2_PLACEMENT_3D ( 'NONE', #1167, #582, #1527 ) ;
#113 = PLANE ( 'NONE',  #1315 ) ;
#114 = CARTESIAN_POINT ( 'NONE',  ( 0.000000000000000000, 17.49999999999999645, 6.499999999999999112 ) ) ;
#115 = CIRCLE ( 'NONE', #936, 45.00000000000000000 ) ;
#116 = VERTEX_POINT ( 'NONE', #1128 ) ;
#117 = EDGE_CURVE ( 'NONE', #1220, #981, #598, .T. ) ;
#118 = DIRECTION ( 'NONE',  ( -0.000000000000000000, -0.000000000000000000, -1.000000000000000000 ) ) ;
#119 = FACE_OUTER_BOUND ( 'NONE', #1571, .T. ) ;
#120 = DIRECTION ( 'NONE',  ( 0.4985176220503559907, 0.8668795651676526326, -0.000000000000000000 ) ) ;
#121 = EDGE_CURVE ( 'NONE', #1495, #5, #719, .T. ) ;
#122 = CARTESIAN_POINT ( 'NONE',  ( 0.000000000000000000, 0.000000000000000000, 0.9999999999999731326 ) ) ;
#123 = AXIS2_PLACEMENT_3D ( 'NONE', #479, #110, #1230 ) ;
#124 = LINE ( 'NONE', #1073, #228 ) ;
#125 = VECTOR ( 'NONE', #710, 1000.000000000000000 ) ;
#126 = CARTESIAN_POINT ( 'NONE',  ( -15.00000000000000000, 17.49999999999999645, 6.500000000000002665 ) ) ;
#127 = ORIENTED_EDGE ( 'NONE', *, *, #634, .F. ) ;
#128 = AXIS2_PLACEMENT_3D ( 'NONE', #1553, #1155, #398 ) ;
#129 = EDGE_CURVE ( 'NONE', #1579, #1133, #2023, .T. ) ;
#130 = ORIENTED_EDGE ( 'NONE', *, *, #1312, .F. ) ;
#131 = VERTEX_POINT ( 'NONE', #932 ) ;
#132 = ADVANCED_FACE ( 'NONE', ( #1682 ), #1494, .F. ) ;
#133 = CARTESIAN_POINT ( 'NONE',  ( -22.43329299226604334, -39.00958043254436802, 0.000000000000000000 ) ) ;
#134 = CARTESIAN_POINT ( 'NONE',  ( -20.21762401608423687, -35.09270122324944907, 5.700000000000000178 ) ) ;
#135 = EDGE_CURVE ( 'NONE', #1260, #2146, #1708, .T. ) ;
#136 = EDGE_CURVE ( 'NONE', #2423, #707, #853, .T. ) ;
#137 = LINE ( 'NONE', #2401, #1680 ) ;
#138 = ORIENTED_EDGE ( 'NONE', *, *, #368, .T. ) ;
#139 = DIRECTION ( 'NONE',  ( -0.000000000000000000, -0.000000000000000000, -1.000000000000000000 ) ) ;
#140 = CARTESIAN_POINT ( 'NONE',  ( 31.07082686202192434, 32.55155477254899665, 2.500000000000000000 ) ) ;
#141 = CIRCLE ( 'NONE', #2271, 41.99999999999999289 ) ;
#142 = ORIENTED_EDGE ( 'NONE', *, *, #1871, .T. ) ;
#143 = AXIS2_PLACEMENT_3D ( 'NONE', #1241, #2001, #1813 ) ;
#144 = DIRECTION ( 'NONE',  ( 1.000000000000000000, 0.000000000000000000, 0.000000000000000000 ) ) ;
#145 = ORIENTED_EDGE ( 'NONE', *, *, #1987, .F. ) ;
#146 = VERTEX_POINT ( 'NONE', #1546 ) ;
#147 = CARTESIAN_POINT ( 'NONE',  ( -23.74999999999999645, -2.000000000000008882, 11.40000000000000036 ) ) ;
#148 = CARTESIAN_POINT ( 'NONE',  ( -20.00000000000000000, -2.499999999999998668, 4.000000000000000000 ) ) ;
#149 = CARTESIAN_POINT ( 'NONE',  ( -42.50000000000000000, -23.75710593621603550, 11.40000000000000036 ) ) ;
#150 = ORIENTED_EDGE ( 'NONE', *, *, #1354, .F. ) ;
#151 = AXIS2_PLACEMENT_3D ( 'NONE', #882, #2221, #723 ) ;
#152 = EDGE_CURVE ( 'NONE', #275, #1801, #650, .T. ) ;
#153 = DIRECTION ( 'NONE',  ( -0.000000000000000000, -0.000000000000000000, -1.000000000000000000 ) ) ;
#154 = EDGE_CURVE ( 'NONE', #969, #2220, #1045, .T. ) ;
#155 = CYLINDRICAL_SURFACE ( 'NONE', #1547, 5.000000000000000888 ) ;
#156 = EDGE_CURVE ( 'NONE', #709, #1429, #1017, .T. ) ;
#157 = ORIENTED_EDGE ( 'NONE', *, *, #18, .F. ) ;
#158 = EDGE_LOOP ( 'NONE', ( #911, #1660, #2030, #1777 ) ) ;
#159 = ORIENTED_EDGE ( 'NONE', *, *, #2362, .T. ) ;
#160 = EDGE_CURVE ( 'NONE', #1548, #580, #836, .T. ) ;
#161 = VECTOR ( 'NONE', #1898, 1000.000000000000114 ) ;
#162 = CARTESIAN_POINT ( 'NONE',  ( -22.43329299226604334, -39.00958043254436802, 8.975819329687391601 ) ) ;
#163 = CARTESIAN_POINT ( 'NONE',  ( 0.000000000000000000, 0.000000000000000000, 4.000000000000000000 ) ) ;
#164 = ORIENTED_EDGE ( 'NONE', *, *, #2235, .T. ) ;
#165 = DIRECTION ( 'NONE',  ( 0.000000000000000000, 0.000000000000000000, -1.000000000000000000 ) ) ;
#166 = EDGE_CURVE ( 'NONE', #453, #622, #2299, .T. ) ;
#167 = EDGE_LOOP ( 'NONE', ( #2177, #615, #1112, #1851 ) ) ;
#168 = EDGE_CURVE ( 'NONE', #350, #669, #200, .T. ) ;
#169 = CIRCLE ( 'NONE', #2215, 5.000000000000000888 ) ;
#170 = ORIENTED_EDGE ( 'NONE', *, *, #665, .T. ) ;
#171 = ORIENTED_EDGE ( 'NONE', *, *, #1301, .F. ) ;
#172 = VECTOR ( 'NONE', #1593, 1000.000000000000000 ) ;
#173 = LINE ( 'NONE', #2419, #1139 ) ;
#174 = DIRECTION ( 'NONE',  ( -1.000000000000000000, 0.000000000000000000, 0.000000000000000000 ) ) ;
#175 = CARTESIAN_POINT ( 'NONE',  ( 0.000000000000000000, 0.000000000000000000, 4.000000000000000000 ) ) ;
#176 = ORIENTED_EDGE ( 'NONE', *, *, #1160, .F. ) ;
#177 = CIRCLE ( 'NONE', #1545, 3.799999999999996270 ) ;
#178 = ORIENTED_EDGE ( 'NONE', *, *, #1662, .T. ) ;
#179 = EDGE_LOOP ( 'NONE', ( #896, #2241, #1617, #97 ) ) ;
#180 = VECTOR ( 'NONE', #1136, 1000.000000000000000 ) ;
#181 = DIRECTION ( 'NONE',  ( -8.673617379884034239E-17, 1.000000000000000000, 0.000000000000000000 ) ) ;
#182 = EDGE_CURVE ( 'NONE', #2017, #899, #1574, .T. ) ;
#183 = CARTESIAN_POINT ( 'NONE',  ( -15.00000000000000000, 37.61980861195335279, 0.9999999999999731326 ) ) ;
#184 = ORIENTED_EDGE ( 'NONE', *, *, #592, .F. ) ;
#185 = DIRECTION ( 'NONE',  ( -1.000000000000000000, -0.000000000000000000, -0.000000000000000000 ) ) ;
#186 = VERTEX_POINT ( 'NONE', #1398 ) ;
#187 = CARTESIAN_POINT ( 'NONE',  ( 0.000000000000000000, 0.000000000000000000, 0.000000000000000000 ) ) ;
#188 = COLOUR_RGB ( '',0.7921568627450980005, 0.8196078431372548767, 0.9333333333333333481 ) ;
#189 = CARTESIAN_POINT ( 'NONE',  ( -44.99993414168879013, -0.07698859443024742844, 0.000000000000000000 ) ) ;
#190 = DIRECTION ( 'NONE',  ( -1.000000000000000000, 0.000000000000000000, 0.000000000000000000 ) ) ;
#191 = ADVANCED_FACE ( 'NONE', ( #1003 ), #435, .T. ) ;
#192 = VECTOR ( 'NONE', #1237, 1000.000000000000000 ) ;
#193 = DIRECTION ( 'NONE',  ( -0.000000000000000000, -1.000000000000000000, -0.000000000000000000 ) ) ;
#194 = ORIENTED_EDGE ( 'NONE', *, *, #1242, .T. ) ;
#195 = EDGE_CURVE ( 'NONE', #448, #2016, #429, .T. ) ;
#196 = CYLINDRICAL_SURFACE ( 'NONE', #1544, 1.199999999999999734 ) ;
#197 = EDGE_LOOP ( 'NONE', ( #1163, #1797, #157, #1222, #637, #1748, #385, #1484, #604, #797, #85, #2002, #19, #1018, #1033, #937, #468, #1294, #2405, #1970, #170, #1599, #712, #352, #990, #1651, #1506, #1891, #686, #1287, #1710, #1696 ) ) ;
#198 = CARTESIAN_POINT ( 'NONE',  ( 19.94999999999999574, -5.799999999999999822, 9.000000000000001776 ) ) ;
#199 = ADVANCED_BREP_SHAPE_REPRESENTATION ( 'UniFi', ( #1344, #810 ), #2037 ) ;
#200 = CIRCLE ( 'NONE', #1068, 45.00000000000000711 ) ;
#201 = VECTOR ( 'NONE', #291, 1000.000000000000000 ) ;
#202 = VERTEX_POINT ( 'NONE', #2161 ) ;
#203 = CARTESIAN_POINT ( 'NONE',  ( -39.79590343746135517, 13.42706481686340148, 0.4999999999999987232 ) ) ;
#204 = CARTESIAN_POINT ( 'NONE',  ( 24.44415263845291619, 37.78205131789453475, 8.975819329687391601 ) ) ;
#205 = CARTESIAN_POINT ( 'NONE',  ( -24.44415263845289132, -37.78205131789454185, 8.975819329687391601 ) ) ;
#206 = CARTESIAN_POINT ( 'NONE',  ( -44.99993414168879013, -0.07698859443024742844, 4.000000000000000000 ) ) ;
#207 = DIRECTION ( 'NONE',  ( -0.000000000000000000, -0.000000000000000000, -1.000000000000000000 ) ) ;
#208 = ORIENTED_EDGE ( 'NONE', *, *, #67, .F. ) ;
#209 = CARTESIAN_POINT ( 'NONE',  ( 20.00000000000000000, 17.49999999999999645, 9.000000000000001776 ) ) ;
#210 = ORIENTED_EDGE ( 'NONE', *, *, #1501, .F. ) ;
#211 = VECTOR ( 'NONE', #1451, 1000.000000000000000 ) ;
#212 = LINE ( 'NONE', #658, #1531 ) ;
#213 = CARTESIAN_POINT ( 'NONE',  ( 31.52613094839475139, 27.75073093496216359, 2.500000000000000000 ) ) ;
#214 = DIRECTION ( 'NONE',  ( -0.09111776274607126525, -0.4916274537819779744, -0.8660254037844385966 ) ) ;
#215 = DIRECTION ( 'NONE',  ( 0.000000000000000000, 0.000000000000000000, 1.000000000000000000 ) ) ;
#216 = DIRECTION ( 'NONE',  ( 0.000000000000000000, 1.000000000000000000, 0.000000000000000000 ) ) ;
#217 = EDGE_CURVE ( 'NONE', #2355, #439, #1693, .T. ) ;
#218 = EDGE_CURVE ( 'NONE', #303, #785, #1177, .T. ) ;
#219 = VERTEX_POINT ( 'NONE', #1586 ) ;
#220 = DIRECTION ( 'NONE',  ( -1.000000000000000000, -1.956455048094143655E-16, 0.000000000000000000 ) ) ;
#221 = ORIENTED_EDGE ( 'NONE', *, *, #1936, .F. ) ;
#222 = ORIENTED_EDGE ( 'NONE', *, *, #1662, .F. ) ;
#223 = CARTESIAN_POINT ( 'NONE',  ( 20.21762401608424398, -35.09270122324944907, 0.9999999999999731326 ) ) ;
#224 = CARTESIAN_POINT ( 'NONE',  ( -41.99993853224285800, -0.07185602146822406278, 0.000000000000000000 ) ) ;
#225 = CARTESIAN_POINT ( 'NONE',  ( 15.00000000000000000, 38.69431482789167376, 0.000000000000000000 ) ) ;
#226 = AXIS2_PLACEMENT_3D ( 'NONE', #2293, #2281, #766 ) ;
#227 = FACE_OUTER_BOUND ( 'NONE', #1558, .T. ) ;
#228 = VECTOR ( 'NONE', #1771, 1000.000000000000000 ) ;
#229 = EDGE_CURVE ( 'NONE', #1445, #717, #2176, .T. ) ;
#230 = DIRECTION ( 'NONE',  ( 0.000000000000000000, 0.000000000000000000, -1.000000000000000000 ) ) ;
#231 = EDGE_CURVE ( 'NONE', #219, #2209, #2341, .T. ) ;
#232 = ORIENTED_EDGE ( 'NONE', *, *, #1013, .T. ) ;
#233 = EDGE_CURVE ( 'NONE', #1904, #981, #2324, .T. ) ;
#234 = DIRECTION ( 'NONE',  ( -1.000000000000000000, 8.881784197001252323E-16, 0.000000000000000000 ) ) ;
#235 = ORIENTED_EDGE ( 'NONE', *, *, #2336, .F. ) ;
#236 = ORIENTED_EDGE ( 'NONE', *, *, #1278, .T. ) ;
#237 = DIRECTION ( 'NONE',  ( -1.000000000000000000, 0.000000000000000000, 0.000000000000000000 ) ) ;
#238 = AXIS2_PLACEMENT_3D ( 'NONE', #2006, #1580, #441 ) ;
#239 = CARTESIAN_POINT ( 'NONE',  ( -15.00000000000000000, 39.23009049186605779, 0.000000000000000000 ) ) ;
#240 = LINE ( 'NONE', #608, #1041 ) ;
#241 = AXIS2_PLACEMENT_3D ( 'NONE', #2266, #1540, #2291 ) ;
#242 = LINE ( 'NONE', #1729, #1632 ) ;
#243 =( BOUNDED_CURVE ( )  B_SPLINE_CURVE ( 3, ( #736, #2063, #1672, #2425 ),
 .UNSPECIFIED., .F., .T. ) 
 B_SPLINE_CURVE_WITH_KNOTS ( ( 4, 4 ),
 ( 1.428651466847528306, 1.511573657228719947 ),
 .UNSPECIFIED. ) 
 CURVE ( )  GEOMETRIC_REPRESENTATION_ITEM ( )  RATIONAL_B_SPLINE_CURVE ( ( 1.000000000000000000, 0.9994270746082192236, 0.9994270746082192236, 1.000000000000000000 ) ) 
 REPRESENTATION_ITEM ( '' )  );
#244 = ORIENTED_EDGE ( 'NONE', *, *, #1933, .F. ) ;
#245 = DIRECTION ( 'NONE',  ( 0.9832549075639560598, -0.1822355254921395329, 0.000000000000000000 ) ) ;
#246 = ORIENTED_EDGE ( 'NONE', *, *, #1123, .T. ) ;
#247 = DIRECTION ( 'NONE',  ( 0.000000000000000000, 0.000000000000000000, -1.000000000000000000 ) ) ;
#248 = DIRECTION ( 'NONE',  ( -0.000000000000000000, -0.000000000000000000, -1.000000000000000000 ) ) ;
#249 = EDGE_LOOP ( 'NONE', ( #946, #1492, #208, #1652, #562, #995, #2385 ) ) ;
#250 = ORIENTED_EDGE ( 'NONE', *, *, #1722, .F. ) ;
#251 = LINE ( 'NONE', #1350, #1854 ) ;
#252 = EDGE_CURVE ( 'NONE', #813, #2423, #1438, .T. ) ;
#253 = B_SPLINE_CURVE_WITH_KNOTS ( 'NONE', 3,
 ( #223, #1909, #1552, #799 ),
 .UNSPECIFIED., .F., .F.,
 ( 4, 4 ),
 ( 2.830063652751292057E-07, 0.001414851434698346719 ),
 .UNSPECIFIED. ) ;
#254 = CIRCLE ( 'NONE', #369, 5.000000000000000888 ) ;
#255 = CARTESIAN_POINT ( 'NONE',  ( 33.49298362909330962, 30.05361954276536807, 0.5000000000000000000 ) ) ;
#256 = DIRECTION ( 'NONE',  ( -0.000000000000000000, -0.000000000000000000, -1.000000000000000000 ) ) ;
#257 = FACE_OUTER_BOUND ( 'NONE', #752, .T. ) ;
#258 = EDGE_LOOP ( 'NONE', ( #1231, #1683, #1733, #925 ) ) ;
#259 = DIRECTION ( 'NONE',  ( 0.000000000000000000, 0.000000000000000000, 1.000000000000000000 ) ) ;
#260 =( BOUNDED_CURVE ( )  B_SPLINE_CURVE ( 3, ( #2279, #1154, #2359, #1023 ),
 .UNSPECIFIED., .F., .F. ) 
 B_SPLINE_CURVE_WITH_KNOTS ( ( 4, 4 ),
 ( 4.767659302458782555, 4.844999532772892969 ),
 .UNSPECIFIED. ) 
 CURVE ( )  GEOMETRIC_REPRESENTATION_ITEM ( )  RATIONAL_B_SPLINE_CURVE ( ( 1.000000000000000000, 0.9995016028435612654, 0.9995016028435612654, 1.000000000000000000 ) ) 
 REPRESENTATION_ITEM ( '' )  );
#261 = EDGE_LOOP ( 'NONE', ( #2212, #2133, #2391, #2262 ) ) ;
#262 = CARTESIAN_POINT ( 'NONE',  ( 0.000000000000000000, 0.000000000000000000, 2.500000000000000000 ) ) ;
#263 = DIRECTION ( 'NONE',  ( -0.6494480483301798834, -0.7604059656000341505, 0.000000000000000000 ) ) ;
#264 = CIRCLE ( 'NONE', #151, 41.99999999999999289 ) ;
#265 = EDGE_LOOP ( 'NONE', ( #512, #567, #1613, #2049 ) ) ;
#266 = VERTEX_POINT ( 'NONE', #823 ) ;
#267 = CARTESIAN_POINT ( 'NONE',  ( -42.77368981425397720, 13.97896489994826830, 2.500000000000000000 ) ) ;
#268 = CARTESIAN_POINT ( 'NONE',  ( -20.00000000000000000, -2.499999999999998668, 9.000000000000001776 ) ) ;
#269 = CARTESIAN_POINT ( 'NONE',  ( -20.00000000000000000, 17.49999999999999645, 4.000000000000000000 ) ) ;
#270 = CARTESIAN_POINT ( 'NONE',  ( 0.000000000000000000, 0.000000000000000000, 2.500000000000000000 ) ) ;
#271 = ORIENTED_EDGE ( 'NONE', *, *, #2073, .F. ) ;
#272 = VECTOR ( 'NONE', #1635, 1000.000000000000000 ) ;
#273 = DIRECTION ( 'NONE',  ( -0.000000000000000000, -0.000000000000000000, -1.000000000000000000 ) ) ;
#274 = CARTESIAN_POINT ( 'NONE',  ( -23.74999999999999289, -2.000000000000011990, 11.40000000000000036 ) ) ;
#275 = VERTEX_POINT ( 'NONE', #1572 ) ;
#276 = DIRECTION ( 'NONE',  ( 1.000000000000000000, 0.000000000000000000, 0.000000000000000000 ) ) ;
#277 = LINE ( 'NONE', #2136, #422 ) ;
#278 = ORIENTED_EDGE ( 'NONE', *, *, #1355, .F. ) ;
#279 = DIRECTION ( 'NONE',  ( -1.000000000000000000, 0.000000000000000000, 0.000000000000000000 ) ) ;
#280 = DIRECTION ( 'NONE',  ( -0.000000000000000000, -0.000000000000000000, -1.000000000000000000 ) ) ;
#281 = DIRECTION ( 'NONE',  ( -0.000000000000000000, -0.000000000000000000, -1.000000000000000000 ) ) ;
#282 = DIRECTION ( 'NONE',  ( 0.000000000000000000, 0.000000000000000000, 1.000000000000000000 ) ) ;
#283 = CIRCLE ( 'NONE', #1178, 5.000000000000000888 ) ;
#284 = ORIENTED_EDGE ( 'NONE', *, *, #1015, .T. ) ;
#285 = CARTESIAN_POINT ( 'NONE',  ( -44.99993414168879013, -0.07698859443024742844, 8.975819329687391601 ) ) ;
#286 = DIRECTION ( 'NONE',  ( -1.000000000000000000, 0.000000000000000000, 0.000000000000000000 ) ) ;
#287 = VERTEX_POINT ( 'NONE', #2327 ) ;
#288 = CARTESIAN_POINT ( 'NONE',  ( 17.50000000000000000, 15.00000000000000000, 7.964466094067264024 ) ) ;
#289 = CARTESIAN_POINT ( 'NONE',  ( 0.000000000000000000, 0.000000000000000000, 2.500000000000000000 ) ) ;
#290 = ORIENTED_EDGE ( 'NONE', *, *, #1095, .T. ) ;
#291 = DIRECTION ( 'NONE',  ( -0.000000000000000000, -0.000000000000000000, -1.000000000000000000 ) ) ;
#292 = DIRECTION ( 'NONE',  ( -1.000000000000000000, -0.000000000000000000, -0.000000000000000000 ) ) ;
#293 = VECTOR ( 'NONE', #153, 1000.000000000000000 ) ;
#294 = CARTESIAN_POINT ( 'NONE',  ( 0.000000000000000000, -10.00000000000000000, 4.000000000000000000 ) ) ;
#295 = VERTEX_POINT ( 'NONE', #274 ) ;
#296 = VECTOR ( 'NONE', #583, 1000.000000000000000 ) ;
#297 = LINE ( 'NONE', #478, #2119 ) ;
#298 = DIRECTION ( 'NONE',  ( -1.000000000000000000, 0.000000000000000000, 0.000000000000000000 ) ) ;
#299 = ORIENTED_EDGE ( 'NONE', *, *, #1752, .F. ) ;
#300 = CYLINDRICAL_SURFACE ( 'NONE', #2263, 41.99999999999999289 ) ;
#301 = DIRECTION ( 'NONE',  ( 0.000000000000000000, -1.000000000000000000, 0.000000000000000000 ) ) ;
#302 = ADVANCED_FACE ( 'NONE', ( #2145 ), #447, .F. ) ;
#303 = VERTEX_POINT ( 'NONE', #869 ) ;
#304 = FACE_OUTER_BOUND ( 'NONE', #337, .T. ) ;
#305 = CARTESIAN_POINT ( 'NONE',  ( 0.000000000000000000, 0.000000000000000000, 2.500000000000000000 ) ) ;
#306 = LINE ( 'NONE', #1393, #761 ) ;
#307 = PRESENTATION_STYLE_ASSIGNMENT (( #1999 ) ) ;
#308 = ADVANCED_FACE ( 'NONE', ( #2246 ), #155, .F. ) ;
#309 = FACE_OUTER_BOUND ( 'NONE', #2214, .T. ) ;
#310 = EDGE_CURVE ( 'NONE', #2094, #1247, #2189, .T. ) ;
#311 = CARTESIAN_POINT ( 'NONE',  ( 12.50000000000000000, -15.00000000000000000, 4.000000000000000000 ) ) ;
#312 = ORIENTED_EDGE ( 'NONE', *, *, #677, .F. ) ;
#313 = AXIS2_PLACEMENT_3D ( 'NONE', #270, #282, #1421 ) ;
#314 = CARTESIAN_POINT ( 'NONE',  ( 40.77128780713184852, -10.08474543793849953, 2.500000000000000000 ) ) ;
#315 = EDGE_CURVE ( 'NONE', #1153, #785, #1828, .T. ) ;
#316 = VERTEX_POINT ( 'NONE', #1639 ) ;
#317 = EDGE_CURVE ( 'NONE', #316, #2287, #55, .T. ) ;
#318 = VECTOR ( 'NONE', #1590, 1000.000000000000000 ) ;
#319 = EDGE_LOOP ( 'NONE', ( #2114, #1475, #299, #1014 ) ) ;
#320 = LINE ( 'NONE', #1249, #201 ) ;
#321 = DIRECTION ( 'NONE',  ( 0.000000000000000000, -1.000000000000000000, 0.000000000000000000 ) ) ;
#322 = CARTESIAN_POINT ( 'NONE',  ( 17.50000000000000000, -15.00000000000003553, 2.500000000000000444 ) ) ;
#323 = AXIS2_PLACEMENT_3D ( 'NONE', #2286, #1732, #1869 ) ;
#324 = ORIENTED_EDGE ( 'NONE', *, *, #964, .F. ) ;
#325 = AXIS2_PLACEMENT_3D ( 'NONE', #838, #1800, #298 ) ;
#326 = LINE ( 'NONE', #2229, #293 ) ;
#327 = AXIS2_PLACEMENT_3D ( 'NONE', #1416, #1779, #89 ) ;
#328 = DIRECTION ( 'NONE',  ( -0.000000000000000000, -0.000000000000000000, -1.000000000000000000 ) ) ;
#329 = ORIENTED_EDGE ( 'NONE', *, *, #1279, .T. ) ;
#330 = AXIS2_PLACEMENT_3D ( 'NONE', #64, #1380, #1224 ) ;
#331 = VERTEX_POINT ( 'NONE', #2379 ) ;
#332 = ORIENTED_EDGE ( 'NONE', *, *, #739, .F. ) ;
#333 = CYLINDRICAL_SURFACE ( 'NONE', #1415, 40.49999999999999289 ) ;
#334 = CARTESIAN_POINT ( 'NONE',  ( -42.77368981425397720, 13.97896489994826830, 0.4999999999999987232 ) ) ;
#335 = EDGE_CURVE ( 'NONE', #1247, #1043, #1684, .T. ) ;
#336 = DIRECTION ( 'NONE',  ( 3.961864772704558022E-16, 1.000000000000000000, 0.000000000000000000 ) ) ;
#337 = EDGE_LOOP ( 'NONE', ( #2191, #278, #532, #1908 ) ) ;
#338 = CARTESIAN_POINT ( 'NONE',  ( -22.47729995775436151, -35.47916271009133027, 2.500000000000000444 ) ) ;
#339 = CARTESIAN_POINT ( 'NONE',  ( -15.00000000000000000, 0.000000000000000000, 4.000000000000000000 ) ) ;
#340 = ORIENTED_EDGE ( 'NONE', *, *, #2226, .T. ) ;
#341 = CIRCLE ( 'NONE', #888, 2.499999999999998668 ) ;
#342 = CARTESIAN_POINT ( 'NONE',  ( 41.99993853224286511, 0.07185602146822751835, 4.000000000000000000 ) ) ;
#343 = ORIENTED_EDGE ( 'NONE', *, *, #317, .T. ) ;
#344 = ORIENTED_EDGE ( 'NONE', *, *, #1549, .T. ) ;
#345 = DIRECTION ( 'NONE',  ( 0.000000000000000000, 0.000000000000000000, 1.000000000000000000 ) ) ;
#346 = EDGE_CURVE ( 'NONE', #1918, #2402, #849, .T. ) ;
#347 = ORIENTED_EDGE ( 'NONE', *, *, #1354, .T. ) ;
#348 = AXIS2_PLACEMENT_3D ( 'NONE', #449, #60, #626 ) ;
#349 = DIRECTION ( 'NONE',  ( 3.961864772704558022E-16, 1.000000000000000000, -0.000000000000000000 ) ) ;
#350 = VERTEX_POINT ( 'NONE', #140 ) ;
#351 = ORIENTED_EDGE ( 'NONE', *, *, #1029, .T. ) ;
#352 = ORIENTED_EDGE ( 'NONE', *, *, #876, .T. ) ;
#353 = CIRCLE ( 'NONE', #2043, 41.99999999999999289 ) ;
#354 = LINE ( 'NONE', #162, #1694 ) ;
#355 =( BOUNDED_CURVE ( )  B_SPLINE_CURVE ( 3, ( #993, #288, #2147, #670 ),
 .UNSPECIFIED., .F., .T. ) 
 B_SPLINE_CURVE_WITH_KNOTS ( ( 4, 4 ),
 ( 0.000000000000000000, 1.570796326794896558 ),
 .UNSPECIFIED. ) 
 CURVE ( )  GEOMETRIC_REPRESENTATION_ITEM ( )  RATIONAL_B_SPLINE_CURVE ( ( 1.000000000000000000, 0.8047378541243649375, 0.8047378541243649375, 1.000000000000000000 ) ) 
 REPRESENTATION_ITEM ( '' )  );
#356 = DIRECTION ( 'NONE',  ( 0.000000000000000000, 0.000000000000000000, 1.000000000000000000 ) ) ;
#357 = LINE ( 'NONE', #1106, #1503 ) ;
#358 = VERTEX_POINT ( 'NONE', #523 ) ;
#359 = EDGE_CURVE ( 'NONE', #1736, #793, #573, .T. ) ;
#360 = VECTOR ( 'NONE', #2097, 1000.000000000000000 ) ;
#361 = VERTEX_POINT ( 'NONE', #2080 ) ;
#362 = EDGE_LOOP ( 'NONE', ( #1109, #1758, #2232, #222, #1931, #271, #958, #57, #1647, #1769, #733, #828 ) ) ;
#363 = AXIS2_PLACEMENT_3D ( 'NONE', #999, #1794, #105 ) ;
#364 = DIRECTION ( 'NONE',  ( 0.000000000000000000, 0.000000000000000000, 1.000000000000000000 ) ) ;
#365 = CYLINDRICAL_SURFACE ( 'NONE', #1099, 25.00000000000000000 ) ;
#366 = DIRECTION ( 'NONE',  ( 0.000000000000000000, -1.000000000000000000, 0.000000000000000000 ) ) ;
#367 = ORIENTED_EDGE ( 'NONE', *, *, #2303, .F. ) ;
#368 = EDGE_CURVE ( 'NONE', #709, #969, #341, .T. ) ;
#369 = AXIS2_PLACEMENT_3D ( 'NONE', #531, #561, #1308 ) ;
#370 = DIRECTION ( 'NONE',  ( 0.000000000000000000, -1.000000000000000000, 0.000000000000000000 ) ) ;
#371 = ORIENTED_EDGE ( 'NONE', *, *, #1328, .T. ) ;
#372 = EDGE_CURVE ( 'NONE', #316, #2146, #1885, .T. ) ;
#373 = LINE ( 'NONE', #133, #2129 ) ;
#374 = DIRECTION ( 'NONE',  ( -0.6494480483301798834, -0.7604059656000341505, 0.000000000000000000 ) ) ;
#375 = DIRECTION ( 'NONE',  ( 1.000000000000000000, 0.000000000000000000, 0.000000000000000000 ) ) ;
#376 = CARTESIAN_POINT ( 'NONE',  ( 0.000000000000000000, 0.000000000000000000, 2.500000000000000000 ) ) ;
#377 = ORIENTED_EDGE ( 'NONE', *, *, #803, .T. ) ;
#378 = EDGE_CURVE ( 'NONE', #2260, #2402, #880, .T. ) ;
#379 = EDGE_CURVE ( 'NONE', #453, #1046, #1282, .T. ) ;
#380 = LINE ( 'NONE', #1302, #1763 ) ;
#381 = AXIS2_PLACEMENT_3D ( 'NONE', #402, #2093, #1892 ) ;
#382 = ORIENTED_EDGE ( 'NONE', *, *, #1255, .T. ) ;
#383 = EDGE_CURVE ( 'NONE', #1725, #1335, #1504, .T. ) ;
#384 = CARTESIAN_POINT ( 'NONE',  ( 23.74999999999999645, 22.00000000000000355, 9.000000000000001776 ) ) ;
#385 = ORIENTED_EDGE ( 'NONE', *, *, #182, .F. ) ;
#386 = DIRECTION ( 'NONE',  ( 1.000000000000000000, -0.000000000000000000, 0.000000000000000000 ) ) ;
#387 = LINE ( 'NONE', #204, #970 ) ;
#388 = CARTESIAN_POINT ( 'NONE',  ( 15.00000000000000000, 39.23009049186605779, 4.000000000000000000 ) ) ;
#389 = VECTOR ( 'NONE', #1434, 1000.000000000000000 ) ;
#390 = DIRECTION ( 'NONE',  ( 0.4985176220503559907, 0.8668795651676525216, -0.000000000000000000 ) ) ;
#391 = ORIENTED_EDGE ( 'NONE', *, *, #1169, .F. ) ;
#392 = DIRECTION ( 'NONE',  ( 0.000000000000000000, -1.000000000000000000, 0.000000000000000000 ) ) ;
#393 = ORIENTED_EDGE ( 'NONE', *, *, #1933, .T. ) ;
#394 = DIRECTION ( 'NONE',  ( -1.000000000000000000, -1.956455048094143655E-16, 0.000000000000000000 ) ) ;
#395 = AXIS2_PLACEMENT_3D ( 'NONE', #1521, #2276, #578 ) ;
#396 = EDGE_LOOP ( 'NONE', ( #1071, #1659, #404, #1837, #845 ) ) ;
#397 = CYLINDRICAL_SURFACE ( 'NONE', #2091, 2.499999999999998668 ) ;
#398 = DIRECTION ( 'NONE',  ( -1.000000000000000000, 0.000000000000000000, 0.000000000000000000 ) ) ;
#399 = DIRECTION ( 'NONE',  ( 0.000000000000000000, 0.000000000000000000, -1.000000000000000000 ) ) ;
#400 = EDGE_CURVE ( 'NONE', #527, #1918, #2101, .T. ) ;
#401 = CARTESIAN_POINT ( 'NONE',  ( 22.43329299226602913, 39.00958043254436802, 8.975819329687391601 ) ) ;
#402 = CARTESIAN_POINT ( 'NONE',  ( -12.50000000000000000, -15.00000000000000000, 4.000000000000000000 ) ) ;
#403 = EDGE_CURVE ( 'NONE', #1402, #5, #1487, .T. ) ;
#404 = ORIENTED_EDGE ( 'NONE', *, *, #477, .F. ) ;
#405 = FACE_OUTER_BOUND ( 'NONE', #158, .T. ) ;
#406 = ORIENTED_EDGE ( 'NONE', *, *, #693, .F. ) ;
#407 = CIRCLE ( 'NONE', #1788, 2.499999999999998668 ) ;
#408 = CARTESIAN_POINT ( 'NONE',  ( 0.000000000000000000, 0.000000000000000000, 2.500000000000000000 ) ) ;
#409 = LINE ( 'NONE', #1554, #605 ) ;
#410 = ADVANCED_FACE ( 'NONE', ( #2428 ), #2014, .T. ) ;
#411 = CARTESIAN_POINT ( 'NONE',  ( 20.93774012611495650, 36.40894173704140258, 8.975819329687391601 ) ) ;
#412 = DIRECTION ( 'NONE',  ( 0.000000000000000000, 0.000000000000000000, 1.000000000000000000 ) ) ;
#413 = ORIENTED_EDGE ( 'NONE', *, *, #67, .T. ) ;
#414 = DIRECTION ( 'NONE',  ( -1.000000000000000000, -1.956455048094143655E-16, 0.000000000000000000 ) ) ;
#415 = ORIENTED_EDGE ( 'NONE', *, *, #217, .T. ) ;
#416 = VERTEX_POINT ( 'NONE', #1691 ) ;
#417 = FACE_OUTER_BOUND ( 'NONE', #1449, .T. ) ;
#418 = DIRECTION ( 'NONE',  ( -0.000000000000000000, -0.000000000000000000, -1.000000000000000000 ) ) ;
#419 = FACE_OUTER_BOUND ( 'NONE', #625, .T. ) ;
#420 = VECTOR ( 'NONE', #538, 1000.000000000000000 ) ;
#421 = LINE ( 'NONE', #2126, #1386 ) ;
#422 = VECTOR ( 'NONE', #994, 1000.000000000000114 ) ;
#423 = ORIENTED_EDGE ( 'NONE', *, *, #383, .T. ) ;
#424 = DIRECTION ( 'NONE',  ( -1.000000000000000000, 0.000000000000000000, 0.000000000000000000 ) ) ;
#425 = VERTEX_POINT ( 'NONE', #388 ) ;
#426 = EDGE_CURVE ( 'NONE', #202, #2146, #1074, .T. ) ;
#427 = DIRECTION ( 'NONE',  ( -1.000000000000000000, 1.776356839400250465E-15, 0.000000000000000000 ) ) ;
#428 = ORIENTED_EDGE ( 'NONE', *, *, #816, .F. ) ;
#429 = CIRCLE ( 'NONE', #1488, 41.99999999999999289 ) ;
#430 = CYLINDRICAL_SURFACE ( 'NONE', #241, 40.49999999999999289 ) ;
#431 = LINE ( 'NONE', #189, #161 ) ;
#432 = CARTESIAN_POINT ( 'NONE',  ( 15.00000000000000000, 37.61980861195335279, 0.9999999999999731326 ) ) ;
#433 = DIRECTION ( 'NONE',  ( -0.000000000000000000, 0.000000000000000000, 1.000000000000000000 ) ) ;
#434 = EDGE_LOOP ( 'NONE', ( #1348, #824, #2034, #603, #459 ) ) ;
#435 = CYLINDRICAL_SURFACE ( 'NONE', #325, 25.00000000000000000 ) ;
#436 = ORIENTED_EDGE ( 'NONE', *, *, #840, .F. ) ;
#437 = DIRECTION ( 'NONE',  ( -1.000000000000000000, -1.956455048094143655E-16, 0.000000000000000000 ) ) ;
#438 = DIRECTION ( 'NONE',  ( -0.000000000000000000, 0.000000000000000000, -1.000000000000000000 ) ) ;
#439 = VERTEX_POINT ( 'NONE', #632 ) ;
#440 = ADVANCED_FACE ( 'NONE', ( #1367 ), #1716, .F. ) ;
#441 = DIRECTION ( 'NONE',  ( 0.000000000000000000, -1.000000000000000000, 0.000000000000000000 ) ) ;
#442 = AXIS2_PLACEMENT_3D ( 'NONE', #376, #720, #2035 ) ;
#443 = CARTESIAN_POINT ( 'NONE',  ( 17.50000000000000000, 15.00000000000000000, 6.499999999999999112 ) ) ;
#444 = DIRECTION ( 'NONE',  ( 0.000000000000000000, 0.000000000000000000, 1.000000000000000000 ) ) ;
#445 = EDGE_LOOP ( 'NONE', ( #221, #1870, #1857, #635 ) ) ;
#446 = PLANE ( 'NONE',  #1165 ) ;
#447 = PLANE ( 'NONE',  #1893 ) ;
#448 = VERTEX_POINT ( 'NONE', #2124 ) ;
#449 = CARTESIAN_POINT ( 'NONE',  ( 0.000000000000000000, 0.000000000000000000, 0.9999999999999731326 ) ) ;
#450 = CARTESIAN_POINT ( 'NONE',  ( 15.00000000000000000, 17.49999999999999645, 4.000000000000000000 ) ) ;
#451 = CIRCLE ( 'NONE', #539, 1.199999999999999734 ) ;
#452 = VERTEX_POINT ( 'NONE', #2294 ) ;
#453 = VERTEX_POINT ( 'NONE', #2090 ) ;
#454 = CARTESIAN_POINT ( 'NONE',  ( 0.000000000000000000, 0.000000000000000000, 2.500000000000000000 ) ) ;
#455 = FACE_OUTER_BOUND ( 'NONE', #1587, .T. ) ;
#456 = LINE ( 'NONE', #1952, #1648 ) ;
#457 = EDGE_CURVE ( 'NONE', #969, #1075, #407, .T. ) ;
#458 = CARTESIAN_POINT ( 'NONE',  ( -44.99993414168879013, -0.07698859443024742844, 4.000000000000000000 ) ) ;
#459 = ORIENTED_EDGE ( 'NONE', *, *, #2050, .F. ) ;
#460 = AXIS2_PLACEMENT_3D ( 'NONE', #1702, #1515, #801 ) ;
#461 = DIRECTION ( 'NONE',  ( 1.000000000000000000, 0.000000000000000000, 0.000000000000000000 ) ) ;
#462 = DIRECTION ( 'NONE',  ( -0.000000000000000000, -0.000000000000000000, 1.000000000000000000 ) ) ;
#463 = ORIENTED_EDGE ( 'NONE', *, *, #2113, .F. ) ;
#464 = AXIS2_PLACEMENT_3D ( 'NONE', #1031, #1827, #1784 ) ;
#465 = CARTESIAN_POINT ( 'NONE',  ( -15.00000000000000000, 0.000000000000000000, 9.000000000000001776 ) ) ;
#466 = DIRECTION ( 'NONE',  ( 0.000000000000000000, 0.000000000000000000, 1.000000000000000000 ) ) ;
#467 = ORIENTED_EDGE ( 'NONE', *, *, #252, .F. ) ;
#468 = ORIENTED_EDGE ( 'NONE', *, *, #1977, .F. ) ;
#469 = CARTESIAN_POINT ( 'NONE',  ( -15.00000000000000000, 14.99999999999999289, 6.499999999999999112 ) ) ;
#470 = CARTESIAN_POINT ( 'NONE',  ( 17.50000000000000000, 0.000000000000000000, 6.500000000000002665 ) ) ;
#471 = CARTESIAN_POINT ( 'NONE',  ( -30.75886063908564338, -28.62238596634799492, 1.163682366795363077 ) ) ;
#472 = VECTOR ( 'NONE', #1965, 1000.000000000000114 ) ;
#473 = DIRECTION ( 'NONE',  ( -1.000000000000000000, 0.000000000000000000, 0.000000000000000000 ) ) ;
#474 = AXIS2_PLACEMENT_3D ( 'NONE', #1622, #1766, #1184 ) ;
#475 = ORIENTED_EDGE ( 'NONE', *, *, #2134, .F. ) ;
#476 = EDGE_CURVE ( 'NONE', #1118, #303, #240, .T. ) ;
#477 = EDGE_CURVE ( 'NONE', #1335, #116, #493, .T. ) ;
#478 = CARTESIAN_POINT ( 'NONE',  ( -17.50000000000000711, -6.933263352232980803E-15, 2.500000000000000000 ) ) ;
#479 = CARTESIAN_POINT ( 'NONE',  ( 42.50000000000000000, -23.75710593621603550, 4.000000000000000000 ) ) ;
#480 = ORIENTED_EDGE ( 'NONE', *, *, #2343, .F. ) ;
#481 = EDGE_CURVE ( 'NONE', #543, #2137, #2110, .T. ) ;
#482 = EDGE_CURVE ( 'NONE', #1220, #146, #2269, .T. ) ;
#483 = DIRECTION ( 'NONE',  ( 0.000000000000000000, 0.000000000000000000, 1.000000000000000000 ) ) ;
#484 = CARTESIAN_POINT ( 'NONE',  ( 1.890291961724829051, -1.614461854396006757, 2.500000000000000000 ) ) ;
#485 = ORIENTED_EDGE ( 'NONE', *, *, #1916, .T. ) ;
#486 = LINE ( 'NONE', #1379, #1730 ) ;
#487 = CARTESIAN_POINT ( 'NONE',  ( 31.07082686202192434, 32.55155477254899665, 2.500000000000000000 ) ) ;
#488 = CARTESIAN_POINT ( 'NONE',  ( -20.00000000000000000, 15.00000000000000000, 4.000000000000000000 ) ) ;
#489 = ADVANCED_FACE ( 'NONE', ( #2322 ), #1197, .T. ) ;
#490 = ADVANCED_FACE ( 'NONE', ( #419 ), #985, .T. ) ;
#491 = AXIS2_PLACEMENT_3D ( 'NONE', #122, #1012, #473 ) ;
#492 = DIRECTION ( 'NONE',  ( -1.000000000000000000, 0.000000000000000000, 0.000000000000000000 ) ) ;
#493 = CIRCLE ( 'NONE', #1346, 1.199999999999999734 ) ;
#494 = EDGE_CURVE ( 'NONE', #2289, #1075, #1156, .T. ) ;
#495 = EDGE_CURVE ( 'NONE', #1118, #1270, #1190, .T. ) ;
#496 = CARTESIAN_POINT ( 'NONE',  ( 20.00000000000000000, 0.000000000000000000, 6.499999999999999112 ) ) ;
#497 = DIRECTION ( 'NONE',  ( -1.000000000000000000, 0.000000000000000000, 0.000000000000000000 ) ) ;
#498 = ORIENTED_EDGE ( 'NONE', *, *, #1707, .F. ) ;
#499 = CARTESIAN_POINT ( 'NONE',  ( -33.49298362909330251, -30.05361954276536451, 0.5000000000000000000 ) ) ;
#500 = VERTEX_POINT ( 'NONE', #1000 ) ;
#501 = ORIENTED_EDGE ( 'NONE', *, *, #1342, .F. ) ;
#502 =( BOUNDED_CURVE ( )  B_SPLINE_CURVE ( 3, ( #1244, #2038, #1641, #314 ),
 .UNSPECIFIED., .F., .T. ) 
 B_SPLINE_CURVE_WITH_KNOTS ( ( 4, 4 ),
 ( 1.428651466847525642, 1.511573657228717282 ),
 .UNSPECIFIED. ) 
 CURVE ( )  GEOMETRIC_REPRESENTATION_ITEM ( )  RATIONAL_B_SPLINE_CURVE ( ( 1.000000000000000000, 0.9994270746082192236, 0.9994270746082192236, 1.000000000000000000 ) ) 
 REPRESENTATION_ITEM ( '' )  );
#503 = DIRECTION ( 'NONE',  ( -0.000000000000000000, -0.000000000000000000, 1.000000000000000000 ) ) ;
#504 = DIRECTION ( 'NONE',  ( 0.000000000000000000, 0.000000000000000000, -1.000000000000000000 ) ) ;
#505 = DIRECTION ( 'NONE',  ( -1.000000000000000000, 0.000000000000000000, 0.000000000000000000 ) ) ;
#506 = PLANE ( 'NONE',  #690 ) ;
#507 = EDGE_LOOP ( 'NONE', ( #2398, #1914, #1858, #1480, #1129, #1320, #2346 ) ) ;
#508 = FACE_OUTER_BOUND ( 'NONE', #2158, .T. ) ;
#509 = DIRECTION ( 'NONE',  ( -0.000000000000000000, -0.000000000000000000, -1.000000000000000000 ) ) ;
#510 = VERTEX_POINT ( 'NONE', #1340 ) ;
#511 = AXIS2_PLACEMENT_3D ( 'NONE', #2054, #727, #1269 ) ;
#512 = ORIENTED_EDGE ( 'NONE', *, *, #1435, .F. ) ;
#513 = AXIS2_PLACEMENT_3D ( 'NONE', #2331, #2165, #1961 ) ;
#514 = ORIENTED_EDGE ( 'NONE', *, *, #915, .F. ) ;
#515 = ADVANCED_FACE ( 'NONE', ( #778 ), #1381, .F. ) ;
#516 = LINE ( 'NONE', #1277, #678 ) ;
#517 = CARTESIAN_POINT ( 'NONE',  ( 42.50000000000000000, -23.75710593621603550, 0.000000000000000000 ) ) ;
#518 = CARTESIAN_POINT ( 'NONE',  ( 17.50000000000000000, -15.00000000000003553, 11.40000000000000036 ) ) ;
#519 = ORIENTED_EDGE ( 'NONE', *, *, #742, .F. ) ;
#520 = VECTOR ( 'NONE', #1359, 1000.000000000000000 ) ;
#521 = FACE_OUTER_BOUND ( 'NONE', #1667, .T. ) ;
#522 = CIRCLE ( 'NONE', #747, 45.00000000000000000 ) ;
#523 = CARTESIAN_POINT ( 'NONE',  ( -41.49999999999996447, 0.000000000000000000, 0.000000000000000000 ) ) ;
#524 = VERTEX_POINT ( 'NONE', #15 ) ;
#525 = APPLICATION_PROTOCOL_DEFINITION ( 'draft international standard', 'automotive_design', 1998, #2112 ) ;
#526 = ORIENTED_EDGE ( 'NONE', *, *, #2249, .F. ) ;
#527 = VERTEX_POINT ( 'NONE', #618 ) ;
#528 = FACE_OUTER_BOUND ( 'NONE', #1943, .T. ) ;
#529 = FACE_OUTER_BOUND ( 'NONE', #1578, .T. ) ;
#530 = VERTEX_POINT ( 'NONE', #2100 ) ;
#531 = CARTESIAN_POINT ( 'NONE',  ( 9.999999999999998224, 14.99999999999999289, 2.500000000000000000 ) ) ;
#532 = ORIENTED_EDGE ( 'NONE', *, *, #800, .T. ) ;
#533 = VECTOR ( 'NONE', #596, 1000.000000000000000 ) ;
#534 = LINE ( 'NONE', #706, #1713 ) ;
#535 = ORIENTED_EDGE ( 'NONE', *, *, #917, .F. ) ;
#536 = ORIENTED_EDGE ( 'NONE', *, *, #1860, .F. ) ;
#537 = PLANE ( 'NONE',  #944 ) ;
#538 = DIRECTION ( 'NONE',  ( 0.000000000000000000, 0.000000000000000000, -1.000000000000000000 ) ) ;
#539 = AXIS2_PLACEMENT_3D ( 'NONE', #86, #1562, #2316 ) ;
#540 = EDGE_CURVE ( 'NONE', #1395, #29, #1740, .T. ) ;
#541 = CARTESIAN_POINT ( 'NONE',  ( -42.77368981425397720, 13.97896489994826830, 0.000000000000000000 ) ) ;
#542 = ORIENTED_EDGE ( 'NONE', *, *, #379, .T. ) ;
#543 = VERTEX_POINT ( 'NONE', #802 ) ;
#544 = ORIENTED_EDGE ( 'NONE', *, *, #1246, .T. ) ;
#545 = DIRECTION ( 'NONE',  ( 0.000000000000000000, 0.000000000000000000, 1.000000000000000000 ) ) ;
#546 = VECTOR ( 'NONE', #2022, 1000.000000000000000 ) ;
#547 = LINE ( 'NONE', #1084, #420 ) ;
#548 = EDGE_CURVE ( 'NONE', #968, #331, #409, .T. ) ;
#549 = PLANE ( 'NONE',  #1431 ) ;
#550 = EDGE_LOOP ( 'NONE', ( #377, #393, #698, #1932, #1509, #2181, #367 ) ) ;
#551 = EDGE_CURVE ( 'NONE', #1736, #131, #1119, .T. ) ;
#552 = UNCERTAINTY_MEASURE_WITH_UNIT (LENGTH_MEASURE( 1.000000000000000082E-05 ), #1665, 'distance_accuracy_value', 'NONE');
#553 = CARTESIAN_POINT ( 'NONE',  ( 0.000000000000000000, 0.000000000000000000, 0.000000000000000000 ) ) ;
#554 = VERTEX_POINT ( 'NONE', #1185 ) ;
#555 = VECTOR ( 'NONE', #1498, 1000.000000000000000 ) ;
#556 = CARTESIAN_POINT ( 'NONE',  ( 24.44415263845291619, 37.78205131789453475, 4.000000000000000000 ) ) ;
#557 = CARTESIAN_POINT ( 'NONE',  ( -19.94999999999999929, -2.000000000000010658, 10.20000000000000107 ) ) ;
#558 = CARTESIAN_POINT ( 'NONE',  ( -17.50000000000000355, 14.99999999999999822, 7.964466094067260471 ) ) ;
#559 = EDGE_CURVE ( 'NONE', #1402, #266, #2098, .T. ) ;
#560 = EDGE_CURVE ( 'NONE', #287, #2300, #767, .T. ) ;
#561 = DIRECTION ( 'NONE',  ( 0.000000000000000000, 0.000000000000000000, 1.000000000000000000 ) ) ;
#562 = ORIENTED_EDGE ( 'NONE', *, *, #1791, .T. ) ;
#563 = EDGE_CURVE ( 'NONE', #1849, #1725, #1992, .T. ) ;
#564 = EDGE_CURVE ( 'NONE', #1046, #1924, #1623, .T. ) ;
#565 = VECTOR ( 'NONE', #107, 1000.000000000000000 ) ;
#566 = CARTESIAN_POINT ( 'NONE',  ( 15.00000000000000000, 22.00000000000000355, 11.40000000000000036 ) ) ;
#567 = ORIENTED_EDGE ( 'NONE', *, *, #1618, .T. ) ;
#568 = DIRECTION ( 'NONE',  ( -1.000000000000000000, 0.000000000000000000, 0.000000000000000000 ) ) ;
#569 = ORIENTED_EDGE ( 'NONE', *, *, #2336, .T. ) ;
#570 = PRODUCT_DEFINITION ( 'UNKNOWN', '', #1953, #746 ) ;
#571 = DIRECTION ( 'NONE',  ( 0.000000000000000000, 0.000000000000000000, -1.000000000000000000 ) ) ;
#572 = FACE_OUTER_BOUND ( 'NONE', #749, .T. ) ;
#573 = LINE ( 'NONE', #1272, #2295 ) ;
#574 = DIRECTION ( 'NONE',  ( 3.961864772704558515E-16, -1.000000000000000000, 0.000000000000000000 ) ) ;
#575 = VERTEX_POINT ( 'NONE', #660 ) ;
#576 = FACE_OUTER_BOUND ( 'NONE', #724, .T. ) ;
#577 = ORIENTED_EDGE ( 'NONE', *, *, #2117, .T. ) ;
#578 = DIRECTION ( 'NONE',  ( -1.000000000000000000, 0.000000000000000000, 0.000000000000000000 ) ) ;
#579 = ADVANCED_FACE ( 'NONE', ( #1066 ), #2387, .F. ) ;
#580 = VERTEX_POINT ( 'NONE', #1405 ) ;
#581 = EDGE_CURVE ( 'NONE', #448, #1631, #306, .T. ) ;
#582 = DIRECTION ( 'NONE',  ( 1.000000000000000000, -0.000000000000000000, 0.000000000000000000 ) ) ;
#583 = DIRECTION ( 'NONE',  ( -1.000000000000000000, -0.000000000000000000, -0.000000000000000000 ) ) ;
#584 = AXIS2_PLACEMENT_3D ( 'NONE', #1601, #1930, #263 ) ;
#585 = DIRECTION ( 'NONE',  ( -0.000000000000000000, 0.000000000000000000, -1.000000000000000000 ) ) ;
#586 = DIRECTION ( 'NONE',  ( -0.000000000000000000, 0.000000000000000000, -1.000000000000000000 ) ) ;
#587 = ORIENTED_EDGE ( 'NONE', *, *, #1477, .F. ) ;
#588 = CIRCLE ( 'NONE', #1774, 41.99999999999999289 ) ;
#589 = DIRECTION ( 'NONE',  ( 1.000000000000000000, 0.000000000000000000, 0.000000000000000000 ) ) ;
#590 = CIRCLE ( 'NONE', #1481, 45.00000000000000000 ) ;
#591 = ORIENTED_EDGE ( 'NONE', *, *, #426, .T. ) ;
#592 = EDGE_CURVE ( 'NONE', #2326, #1631, #2154, .T. ) ;
#593 = EDGE_CURVE ( 'NONE', #1630, #2121, #798, .T. ) ;
#594 = CARTESIAN_POINT ( 'NONE',  ( -15.00000000000000000, 37.61980861195335279, 2.500000000000000000 ) ) ;
#595 = CARTESIAN_POINT ( 'NONE',  ( 0.000000000000000000, 0.000000000000000000, 4.000000000000000000 ) ) ;
#596 = DIRECTION ( 'NONE',  ( -0.9832549075639555047, 0.1822355254921424472, 0.000000000000000000 ) ) ;
#597 = CARTESIAN_POINT ( 'NONE',  ( -42.77368981425397720, 13.97896489994826830, 0.4999999999999987232 ) ) ;
#598 = LINE ( 'NONE', #1345, #1430 ) ;
#599 = VERTEX_POINT ( 'NONE', #1419 ) ;
#600 = AXIS2_PLACEMENT_3D ( 'NONE', #1159, #1913, #42 ) ;
#601 = AXIS2_PLACEMENT_3D ( 'NONE', #1186, #2111, #974 ) ;
#602 = LINE ( 'NONE', #198, #2365 ) ;
#603 = ORIENTED_EDGE ( 'NONE', *, *, #229, .F. ) ;
#604 = ORIENTED_EDGE ( 'NONE', *, *, #1986, .F. ) ;
#605 = VECTOR ( 'NONE', #1911, 1000.000000000000114 ) ;
#606 = CARTESIAN_POINT ( 'NONE',  ( -20.68902831727796610, -35.97518738362411028, 0.000000000000000000 ) ) ;
#607 = CARTESIAN_POINT ( 'NONE',  ( 15.00000000000000000, 14.99999999999999289, 2.500000000000000000 ) ) ;
#608 = CARTESIAN_POINT ( 'NONE',  ( -45.00000000000000711, 0.000000000000000000, 2.500000000000000000 ) ) ;
#609 = DIRECTION ( 'NONE',  ( 0.000000000000000000, 0.000000000000000000, -1.000000000000000000 ) ) ;
#610 = EDGE_CURVE ( 'NONE', #580, #1472, #1582, .T. ) ;
#611 = ORIENTED_EDGE ( 'NONE', *, *, #482, .T. ) ;
#612 = DIRECTION ( 'NONE',  ( 0.000000000000000000, 0.000000000000000000, 1.000000000000000000 ) ) ;
#613 = VERTEX_POINT ( 'NONE', #1054 ) ;
#614 = LINE ( 'NONE', #2301, #1459 ) ;
#615 = ORIENTED_EDGE ( 'NONE', *, *, #477, .T. ) ;
#616 = CARTESIAN_POINT ( 'NONE',  ( -24.94999999999999929, 22.00000000000000355, 9.000000000000001776 ) ) ;
#617 = DIRECTION ( 'NONE',  ( 0.09111776274606986359, 0.4916274537819785850, -0.8660254037844383745 ) ) ;
#618 = CARTESIAN_POINT ( 'NONE',  ( -15.00000000000000000, 17.49999999999999645, 9.000000000000001776 ) ) ;
#619 = AXIS2_PLACEMENT_3D ( 'NONE', #518, #1675, #336 ) ;
#620 = CARTESIAN_POINT ( 'NONE',  ( 23.74999999999999645, -2.000000000000005329, 11.40000000000000036 ) ) ;
#621 = VECTOR ( 'NONE', #1585, 1000.000000000000000 ) ;
#622 = VERTEX_POINT ( 'NONE', #322 ) ;
#623 = CARTESIAN_POINT ( 'NONE',  ( 17.50000000000000000, 0.000000000000000000, 6.499999999999999112 ) ) ;
#624 = EDGE_CURVE ( 'NONE', #1573, #969, #886, .T. ) ;
#625 = EDGE_LOOP ( 'NONE', ( #1721, #1088, #246, #683 ) ) ;
#626 = DIRECTION ( 'NONE',  ( -1.000000000000000000, 0.000000000000000000, 0.000000000000000000 ) ) ;
#627 = DIRECTION ( 'NONE',  ( 1.000000000000000000, 0.000000000000000000, 0.000000000000000000 ) ) ;
#628 = VERTEX_POINT ( 'NONE', #1823 ) ;
#629 = AXIS2_PLACEMENT_3D ( 'NONE', #1598, #2115, #424 ) ;
#630 = LINE ( 'NONE', #642, #831 ) ;
#631 = CARTESIAN_POINT ( 'NONE',  ( 20.00000000000000000, 17.49999999999999645, 4.000000000000000000 ) ) ;
#632 = CARTESIAN_POINT ( 'NONE',  ( -17.50000000000000000, -15.00000000000003553, 2.500000000000000444 ) ) ;
#633 = DIRECTION ( 'NONE',  ( 1.000000000000000000, 0.000000000000000000, 0.000000000000000000 ) ) ;
#634 = EDGE_CURVE ( 'NONE', #2209, #2413, #1668, .T. ) ;
#635 = ORIENTED_EDGE ( 'NONE', *, *, #1279, .F. ) ;
#636 = CARTESIAN_POINT ( 'NONE',  ( 17.50000000000000000, -2.543354975382719608E-16, 5.035533905932736864 ) ) ;
#637 = ORIENTED_EDGE ( 'NONE', *, *, #379, .F. ) ;
#638 = CARTESIAN_POINT ( 'NONE',  ( 31.52613094839475139, 27.75073093496216359, 0.5000000000000000000 ) ) ;
#639 = DIRECTION ( 'NONE',  ( 0.000000000000000000, 0.000000000000000000, 1.000000000000000000 ) ) ;
#640 = ORIENTED_EDGE ( 'NONE', *, *, #624, .F. ) ;
#641 = B_SPLINE_CURVE_WITH_KNOTS ( 'NONE', 3,
 ( #183, #1298, #1876, #1656 ),
 .UNSPECIFIED., .F., .F.,
 ( 4, 4 ),
 ( 0.05859194920921584337, 0.06006512984519012111 ),
 .UNSPECIFIED. ) ;
#642 = CARTESIAN_POINT ( 'NONE',  ( 15.00000000000000000, 0.000000000000000000, 4.000000000000000000 ) ) ;
#643 = VECTOR ( 'NONE', #27, 1000.000000000000000 ) ;
#644 = PLANE ( 'NONE',  #330 ) ;
#645 = DIRECTION ( 'NONE',  ( 1.000000000000000000, 7.075845757273867861E-15, 0.000000000000000000 ) ) ;
#646 = AXIS2_PLACEMENT_3D ( 'NONE', #1059, #328, #190 ) ;
#647 = CARTESIAN_POINT ( 'NONE',  ( 17.50000000000000000, 0.000000000000000000, 6.499999999999999112 ) ) ;
#648 = ORIENTED_EDGE ( 'NONE', *, *, #1889, .T. ) ;
#649 = DIRECTION ( 'NONE',  ( 0.7604059656000321521, -0.6494480483301823259, 0.000000000000000000 ) ) ;
#650 = LINE ( 'NONE', #1216, #520 ) ;
#651 = ORIENTED_EDGE ( 'NONE', *, *, #548, .F. ) ;
#652 = CARTESIAN_POINT ( 'NONE',  ( 0.000000000000000000, 0.000000000000000000, 0.9999999999999731326 ) ) ;
#653 = CARTESIAN_POINT ( 'NONE',  ( 0.000000000000000000, 0.000000000000000000, 2.500000000000000000 ) ) ;
#654 = AXIS2_PLACEMENT_3D ( 'NONE', #763, #394, #1142 ) ;
#655 = ORIENTED_EDGE ( 'NONE', *, *, #403, .F. ) ;
#656 = ORIENTED_EDGE ( 'NONE', *, *, #563, .T. ) ;
#657 = EDGE_CURVE ( 'NONE', #2432, #1402, #1795, .T. ) ;
#658 = CARTESIAN_POINT ( 'NONE',  ( 15.00000000000000000, 14.99999999999999289, 0.000000000000000000 ) ) ;
#659 = DIRECTION ( 'NONE',  ( -1.000000000000000000, 0.000000000000000000, 0.000000000000000000 ) ) ;
#660 = CARTESIAN_POINT ( 'NONE',  ( 39.79590343746135517, -13.42706481686342634, 0.000000000000000000 ) ) ;
#661 = EDGE_CURVE ( 'NONE', #2432, #500, #2361, .T. ) ;
#662 = EDGE_CURVE ( 'NONE', #1349, #968, #456, .T. ) ;
#663 = SURFACE_STYLE_FILL_AREA ( #850 ) ;
#664 = ORIENTED_EDGE ( 'NONE', *, *, #2005, .F. ) ;
#665 = EDGE_CURVE ( 'NONE', #707, #1300, #1210, .T. ) ;
#666 = TOROIDAL_SURFACE ( 'NONE', #2116, 3.799999999999996270, 1.199999999999999734 ) ;
#667 = CARTESIAN_POINT ( 'NONE',  ( 12.50000000000000000, -15.00000000000000000, 11.40000000000000036 ) ) ;
#668 = DIRECTION ( 'NONE',  ( 1.000000000000000000, -0.000000000000000000, 0.000000000000000000 ) ) ;
#669 = VERTEX_POINT ( 'NONE', #1809 ) ;
#670 = CARTESIAN_POINT ( 'NONE',  ( 20.00000000000000000, 17.49999999999999645, 9.000000000000001776 ) ) ;
#671 = CARTESIAN_POINT ( 'NONE',  ( -20.00000000000000000, -2.499999999999998668, 9.000000000000001776 ) ) ;
#672 = ORIENTED_EDGE ( 'NONE', *, *, #156, .F. ) ;
#673 = CARTESIAN_POINT ( 'NONE',  ( 15.00000000000000000, 0.000000000000000000, 2.500000000000000000 ) ) ;
#674 = DIRECTION ( 'NONE',  ( 1.000000000000000000, 0.000000000000000000, 0.000000000000000000 ) ) ;
#675 = DIRECTION ( 'NONE',  ( 0.000000000000000000, 0.000000000000000000, -1.000000000000000000 ) ) ;
#676 = EDGE_CURVE ( 'NONE', #1300, #1247, #2041, .T. ) ;
#677 = EDGE_CURVE ( 'NONE', #697, #452, #1213, .T. ) ;
#678 = VECTOR ( 'NONE', #1468, 1000.000000000000000 ) ;
#679 = SURFACE_SIDE_STYLE ('',( #663 ) ) ;
#680 = VECTOR ( 'NONE', #1934, 1000.000000000000000 ) ;
#681 = FACE_OUTER_BOUND ( 'NONE', #2311, .T. ) ;
#682 = DIRECTION ( 'NONE',  ( 0.000000000000000000, 0.000000000000000000, 1.000000000000000000 ) ) ;
#683 = ORIENTED_EDGE ( 'NONE', *, *, #1195, .T. ) ;
#684 = LINE ( 'NONE', #1600, #2072 ) ;
#685 = CARTESIAN_POINT ( 'NONE',  ( 17.50000000000000000, 0.000000000000000000, 6.499999999999999112 ) ) ;
#686 = ORIENTED_EDGE ( 'NONE', *, *, #927, .T. ) ;
#687 = CYLINDRICAL_SURFACE ( 'NONE', #1221, 5.000000000000000888 ) ;
#688 = CARTESIAN_POINT ( 'NONE',  ( -17.50000000000000000, 1.338034531249481663E-15, 7.964466094067260471 ) ) ;
#689 = CARTESIAN_POINT ( 'NONE',  ( 43.45171571253528953, -11.75988574817636589, 1.831070002131835572 ) ) ;
#690 = AXIS2_PLACEMENT_3D ( 'NONE', #2323, #2185, #834 ) ;
#691 = FACE_OUTER_BOUND ( 'NONE', #1850, .T. ) ;
#692 = CARTESIAN_POINT ( 'NONE',  ( 0.000000000000000000, 0.000000000000000000, 4.000000000000000000 ) ) ;
#693 = EDGE_CURVE ( 'NONE', #1141, #1859, #1266, .T. ) ;
#694 = CARTESIAN_POINT ( 'NONE',  ( -12.50000000000000000, -15.00000000000000000, 11.40000000000000036 ) ) ;
#695 = ORIENTED_EDGE ( 'NONE', *, *, #35, .T. ) ;
#696 = APPLICATION_PROTOCOL_DEFINITION ( 'draft international standard', 'automotive_design', 1998, #1561 ) ;
#697 = VERTEX_POINT ( 'NONE', #1080 ) ;
#698 = ORIENTED_EDGE ( 'NONE', *, *, #840, .T. ) ;
#699 = DIRECTION ( 'NONE',  ( 0.000000000000000000, 0.000000000000000000, 1.000000000000000000 ) ) ;
#700 = DIRECTION ( 'NONE',  ( -0.000000000000000000, -0.000000000000000000, 1.000000000000000000 ) ) ;
#701 = LINE ( 'NONE', #2227, #1959 ) ;
#702 = EDGE_LOOP ( 'NONE', ( #436, #1735, #1273, #1261, #10, #2213, #2298, #1724, #1816, #1975, #93, #890, #1408 ) ) ;
#703 = CARTESIAN_POINT ( 'NONE',  ( -23.74999999999999289, -2.000000000000011990, 9.000000000000001776 ) ) ;
#704 = DIRECTION ( 'NONE',  ( 0.000000000000000000, 0.000000000000000000, -1.000000000000000000 ) ) ;
#705 = VERTEX_POINT ( 'NONE', #1835 ) ;
#706 = CARTESIAN_POINT ( 'NONE',  ( 0.000000000000000000, -10.00000000000000000, 2.500000000000000000 ) ) ;
#707 = VERTEX_POINT ( 'NONE', #148 ) ;
#708 = VECTOR ( 'NONE', #216, 1000.000000000000000 ) ;
#709 = VERTEX_POINT ( 'NONE', #450 ) ;
#710 = DIRECTION ( 'NONE',  ( 0.9999985364819728995, 0.001710857654005384009, -0.000000000000000000 ) ) ;
#711 = LINE ( 'NONE', #2236, #1056 ) ;
#712 = ORIENTED_EDGE ( 'NONE', *, *, #378, .F. ) ;
#713 = FACE_OUTER_BOUND ( 'NONE', #2352, .T. ) ;
#714 = AXIS2_PLACEMENT_3D ( 'NONE', #967, #2120, #568 ) ;
#715 = ORIENTED_EDGE ( 'NONE', *, *, #1872, .T. ) ;
#716 = ORIENTED_EDGE ( 'NONE', *, *, #1169, .T. ) ;
#717 = VERTEX_POINT ( 'NONE', #1790 ) ;
#718 = DIRECTION ( 'NONE',  ( 1.000000000000000000, 0.000000000000000000, 0.000000000000000000 ) ) ;
#719 = CIRCLE ( 'NONE', #600, 41.99999999999999289 ) ;
#720 = DIRECTION ( 'NONE',  ( 0.000000000000000000, 0.000000000000000000, 1.000000000000000000 ) ) ;
#721 = ORIENTED_EDGE ( 'NONE', *, *, #1081, .T. ) ;
#722 = VECTOR ( 'NONE', #2027, 1000.000000000000000 ) ;
#723 = DIRECTION ( 'NONE',  ( 1.000000000000000000, 0.000000000000000000, 0.000000000000000000 ) ) ;
#724 = EDGE_LOOP ( 'NONE', ( #2068, #695, #2302, #2416 ) ) ;
#725 = ORIENTED_EDGE ( 'NONE', *, *, #1355, .T. ) ;
#726 = DIRECTION ( 'NONE',  ( -0.000000000000000000, -0.000000000000000000, -1.000000000000000000 ) ) ;
#727 = DIRECTION ( 'NONE',  ( -0.000000000000000000, -0.000000000000000000, -1.000000000000000000 ) ) ;
#728 = ADVANCED_FACE ( 'NONE', ( #1563 ), #1994, .F. ) ;
#729 = VECTOR ( 'NONE', #276, 1000.000000000000000 ) ;
#730 = LINE ( 'NONE', #1649, #1037 ) ;
#731 = ORIENTED_EDGE ( 'NONE', *, *, #2155, .T. ) ;
#732 = DIRECTION ( 'NONE',  ( 0.000000000000000000, 0.000000000000000000, 1.000000000000000000 ) ) ;
#733 = ORIENTED_EDGE ( 'NONE', *, *, #2389, .F. ) ;
#734 = ORIENTED_EDGE ( 'NONE', *, *, #1255, .F. ) ;
#735 = EDGE_CURVE ( 'NONE', #2017, #452, #1180, .T. ) ;
#736 = CARTESIAN_POINT ( 'NONE',  ( -39.79590343746135517, 13.42706481686340148, 0.4999999999999987232 ) ) ;
#737 = CIRCLE ( 'NONE', #1915, 25.00000000000000000 ) ;
#738 = ADVANCED_FACE ( 'NONE', ( #1577 ), #1233, .F. ) ;
#739 = EDGE_CURVE ( 'NONE', #287, #793, #1608, .T. ) ;
#740 = CARTESIAN_POINT ( 'NONE',  ( -9.999999999999996447, 9.999999999999991118, 2.500000000000000000 ) ) ;
#741 = CARTESIAN_POINT ( 'NONE',  ( 19.94999999999999574, -5.799999999999999822, 10.20000000000000107 ) ) ;
#742 = EDGE_CURVE ( 'NONE', #809, #1918, #1205, .T. ) ;
#743 = CYLINDRICAL_SURFACE ( 'NONE', #1832, 2.499999999999998668 ) ;
#744 = EDGE_LOOP ( 'NONE', ( #1444, #1085, #32, #48 ) ) ;
#745 = VECTOR ( 'NONE', #1772, 1000.000000000000000 ) ;
#746 = PRODUCT_DEFINITION_CONTEXT ( 'detailed design', #1561, 'design' ) ;
#747 = AXIS2_PLACEMENT_3D ( 'NONE', #929, #1852, #718 ) ;
#748 = CARTESIAN_POINT ( 'NONE',  ( 0.000000000000000000, 0.000000000000000000, 0.000000000000000000 ) ) ;
#749 = EDGE_LOOP ( 'NONE', ( #1187, #343, #22, #904 ) ) ;
#750 = VECTOR ( 'NONE', #1236, 1000.000000000000000 ) ;
#751 = CYLINDRICAL_SURFACE ( 'NONE', #395, 45.00000000000000711 ) ;
#752 = EDGE_LOOP ( 'NONE', ( #428, #142, #2201, #1761, #2105, #232, #1786 ) ) ;
#753 = DIRECTION ( 'NONE',  ( 3.961864772704558022E-16, 1.000000000000000000, -0.000000000000000000 ) ) ;
#754 = CARTESIAN_POINT ( 'NONE',  ( -17.49999999999999645, -23.75710593621603550, 2.500000000000000444 ) ) ;
#755 = DIRECTION ( 'NONE',  ( -1.000000000000000000, 0.000000000000000000, -0.000000000000000000 ) ) ;
#756 = DIRECTION ( 'NONE',  ( -0.6494480483301821039, -0.7604059656000322631, 0.000000000000000000 ) ) ;
#757 = ORIENTED_EDGE ( 'NONE', *, *, #914, .F. ) ;
#758 = EDGE_CURVE ( 'NONE', #1963, #1591, #1979, .T. ) ;
#759 = AXIS2_PLACEMENT_3D ( 'NONE', #1479, #585, #1543 ) ;
#760 = DIRECTION ( 'NONE',  ( 0.9832549075639560598, -0.1822355254921395606, -0.000000000000000000 ) ) ;
#761 = VECTOR ( 'NONE', #2374, 1000.000000000000227 ) ;
#762 = EDGE_LOOP ( 'NONE', ( #76, #1698, #1062, #382, #1113, #1688, #933, #1121, #987, #569, #413, #1842, #731, #2253, #415 ) ) ;
#763 = CARTESIAN_POINT ( 'NONE',  ( 19.94999999999999574, -5.799999999999999822, 10.20000000000000107 ) ) ;
#764 = EDGE_LOOP ( 'NONE', ( #912, #2040, #757, #159 ) ) ;
#765 = CARTESIAN_POINT ( 'NONE',  ( 0.000000000000000000, 0.000000000000000000, 0.000000000000000000 ) ) ;
#766 = DIRECTION ( 'NONE',  ( 1.000000000000000000, 0.000000000000000000, 0.000000000000000000 ) ) ;
#767 = LINE ( 'NONE', #1251, #2031 ) ;
#768 = CARTESIAN_POINT ( 'NONE',  ( -18.53553390593273775, -1.035533905932736864, 4.000000000000000000 ) ) ;
#769 = VECTOR ( 'NONE', #1111, 1000.000000000000000 ) ;
#770 = EDGE_CURVE ( 'NONE', #1849, #1161, #2400, .T. ) ;
#771 = ORIENTED_EDGE ( 'NONE', *, *, #476, .F. ) ;
#772 = ORIENTED_EDGE ( 'NONE', *, *, #1685, .F. ) ;
#773 = DIRECTION ( 'NONE',  ( 0.000000000000000000, 1.000000000000000000, 0.000000000000000000 ) ) ;
#774 = ORIENTED_EDGE ( 'NONE', *, *, #1944, .F. ) ;
#775 = CONICAL_SURFACE ( 'NONE', #1606, 40.49999999999999289, 0.7853981633974482790 ) ;
#776 = CARTESIAN_POINT ( 'NONE',  ( -20.21762401608422977, -35.09270122324944907, 0.9999999999999731326 ) ) ;
#777 = DIRECTION ( 'NONE',  ( -0.000000000000000000, -0.000000000000000000, -1.000000000000000000 ) ) ;
#778 = FACE_OUTER_BOUND ( 'NONE', #1390, .T. ) ;
#779 = CARTESIAN_POINT ( 'NONE',  ( 0.000000000000000000, 0.000000000000000000, 0.000000000000000000 ) ) ;
#780 = DIRECTION ( 'NONE',  ( -0.000000000000000000, -1.000000000000000000, -0.000000000000000000 ) ) ;
#781 = VERTEX_POINT ( 'NONE', #671 ) ;
#782 = CIRCLE ( 'NONE', #1853, 5.000000000000000888 ) ;
#783 = DIRECTION ( 'NONE',  ( 0.000000000000000000, 0.000000000000000000, 1.000000000000000000 ) ) ;
#784 = CIRCLE ( 'NONE', #1107, 41.49999999999996447 ) ;
#785 = VERTEX_POINT ( 'NONE', #1616 ) ;
#786 = ORIENTED_EDGE ( 'NONE', *, *, #1440, .F. ) ;
#787 = CARTESIAN_POINT ( 'NONE',  ( 15.00000000000000000, 38.69431482789167376, 0.000000000000000000 ) ) ;
#788 = ADVANCED_FACE ( 'NONE', ( #812 ), #1946, .T. ) ;
#789 = CYLINDRICAL_SURFACE ( 'NONE', #866, 45.00000000000000000 ) ;
#790 = CARTESIAN_POINT ( 'NONE',  ( 15.00000000000000000, 38.33645498796464324, 0.3336660556721754434 ) ) ;
#791 = DIRECTION ( 'NONE',  ( -1.000000000000000000, -3.961864772704558515E-16, 0.000000000000000000 ) ) ;
#792 = LINE ( 'NONE', #2084, #708 ) ;
#793 = VERTEX_POINT ( 'NONE', #2180 ) ;
#794 = AXIS2_PLACEMENT_3D ( 'NONE', #804, #433, #1922 ) ;
#795 = CARTESIAN_POINT ( 'NONE',  ( 12.50000000000000000, -15.00000000000000000, 2.500000000000000444 ) ) ;
#796 = ORIENTED_EDGE ( 'NONE', *, *, #661, .F. ) ;
#797 = ORIENTED_EDGE ( 'NONE', *, *, #2125, .F. ) ;
#798 = CIRCLE ( 'NONE', #955, 45.00000000000000711 ) ;
#799 = CARTESIAN_POINT ( 'NONE',  ( 20.68902831727796610, -35.97518738362411028, 0.000000000000000000 ) ) ;
#800 = EDGE_CURVE ( 'NONE', #1270, #1792, #277, .T. ) ;
#801 = DIRECTION ( 'NONE',  ( 0.000000000000000000, -0.000000000000000000, -1.000000000000000000 ) ) ;
#802 = CARTESIAN_POINT ( 'NONE',  ( -40.77128780713184852, 10.08474543793849598, 2.500000000000000000 ) ) ;
#803 = EDGE_CURVE ( 'NONE', #29, #1512, #737, .T. ) ;
#804 = CARTESIAN_POINT ( 'NONE',  ( 0.000000000000000000, 0.000000000000000000, 11.40000000000000036 ) ) ;
#805 = ORIENTED_EDGE ( 'NONE', *, *, #1802, .T. ) ;
#806 = ADVANCED_FACE ( 'NONE', ( #1776 ), #87, .F. ) ;
#807 = CARTESIAN_POINT ( 'NONE',  ( -23.74999999999999645, 22.00000000000000355, 10.20000000000000107 ) ) ;
#808 = ADVANCED_FACE ( 'NONE', ( #844 ), #1389, .F. ) ;
#809 = VERTEX_POINT ( 'NONE', #61 ) ;
#810 = AXIS2_PLACEMENT_3D ( 'NONE', #1473, #732, #144 ) ;
#811 = PLANE ( 'NONE',  #1049 ) ;
#812 = FACE_OUTER_BOUND ( 'NONE', #1358, .T. ) ;
#813 = VERTEX_POINT ( 'NONE', #685 ) ;
#814 = ADVANCED_FACE ( 'NONE', ( #2317 ), #1006, .F. ) ;
#815 = CARTESIAN_POINT ( 'NONE',  ( 12.49999999999996625, -9.999999999999998224, 2.500000000000000444 ) ) ;
#816 = EDGE_CURVE ( 'NONE', #835, #2085, #115, .T. ) ;
#817 = LINE ( 'NONE', #862, #910 ) ;
#818 = CARTESIAN_POINT ( 'NONE',  ( -15.00000000000000000, 14.99999999999999289, 11.40000000000000036 ) ) ;
#819 = ADVANCED_FACE ( 'NONE', ( #2148 ), #1219, .T. ) ;
#820 = LINE ( 'NONE', #1027, #992 ) ;
#821 = VECTOR ( 'NONE', #857, 1000.000000000000227 ) ;
#822 = ORIENTED_EDGE ( 'NONE', *, *, #1174, .T. ) ;
#823 = CARTESIAN_POINT ( 'NONE',  ( -29.11928964351999838, -30.26659826701356693, 2.500000000000000000 ) ) ;
#824 = ORIENTED_EDGE ( 'NONE', *, *, #1610, .T. ) ;
#825 = DIRECTION ( 'NONE',  ( 0.000000000000000000, -0.000000000000000000, -1.000000000000000000 ) ) ;
#826 = CARTESIAN_POINT ( 'NONE',  ( 0.000000000000000000, 0.000000000000000000, 2.500000000000000000 ) ) ;
#827 = ORIENTED_EDGE ( 'NONE', *, *, #2056, .F. ) ;
#828 = ORIENTED_EDGE ( 'NONE', *, *, #1373, .F. ) ;
#829 = VECTOR ( 'NONE', #668, 1000.000000000000000 ) ;
#830 = CARTESIAN_POINT ( 'NONE',  ( 29.11928964352002325, 30.26659826701354206, 2.500000000000000000 ) ) ;
#831 = VECTOR ( 'NONE', #2348, 1000.000000000000000 ) ;
#832 = CARTESIAN_POINT ( 'NONE',  ( 9.999999999999998224, 14.99999999999999289, 11.40000000000000036 ) ) ;
#833 = DIRECTION ( 'NONE',  ( 0.000000000000000000, -0.000000000000000000, 1.000000000000000000 ) ) ;
#834 = DIRECTION ( 'NONE',  ( -0.9832549075639560598, 0.1822355254921395329, 0.000000000000000000 ) ) ;
#835 = VERTEX_POINT ( 'NONE', #1611 ) ;
#836 = CIRCLE ( 'NONE', #2127, 25.00000000000000000 ) ;
#837 = CARTESIAN_POINT ( 'NONE',  ( 19.94999999999999574, -6.999999999999999112, 10.20000000000000107 ) ) ;
#838 = CARTESIAN_POINT ( 'NONE',  ( 42.50000000000000000, -23.75710593621603550, 11.40000000000000036 ) ) ;
#839 = ORIENTED_EDGE ( 'NONE', *, *, #1467, .F. ) ;
#840 = EDGE_CURVE ( 'NONE', #1452, #2162, #1522, .T. ) ;
#841 = EDGE_CURVE ( 'NONE', #452, #575, #1878, .T. ) ;
#842 = ADVANCED_FACE ( 'NONE', ( #681 ), #1627, .F. ) ;
#843 = DIRECTION ( 'NONE',  ( 0.000000000000000000, 0.000000000000000000, 1.000000000000000000 ) ) ;
#844 = FACE_OUTER_BOUND ( 'NONE', #179, .T. ) ;
#845 = ORIENTED_EDGE ( 'NONE', *, *, #563, .F. ) ;
#846 = ORIENTED_EDGE ( 'NONE', *, *, #1916, .F. ) ;
#847 = LINE ( 'NONE', #267, #1819 ) ;
#848 = CARTESIAN_POINT ( 'NONE',  ( 19.94999999999999574, -1.999999999999997335, 9.000000000000001776 ) ) ;
#849 = CIRCLE ( 'NONE', #143, 2.499999999999998668 ) ;
#850 = FILL_AREA_STYLE ('',( #92 ) ) ;
#851 = ORIENTED_EDGE ( 'NONE', *, *, #315, .F. ) ;
#852 = DIRECTION ( 'NONE',  ( 0.9832549075639555047, -0.1822355254921424472, 0.000000000000000000 ) ) ;
#853 = LINE ( 'NONE', #1410, #1817 ) ;
#854 = EDGE_LOOP ( 'NONE', ( #1337, #82, #347, #1670, #184, #1602, #68 ) ) ;
#855 = ADVANCED_FACE ( 'NONE', ( #1637 ), #2353, .F. ) ;
#856 = DIRECTION ( 'NONE',  ( -1.000000000000000000, 0.000000000000000000, 0.000000000000000000 ) ) ;
#857 = DIRECTION ( 'NONE',  ( 0.9832549075639563929, -0.1822355254921372569, -0.000000000000000000 ) ) ;
#858 = ADVANCED_FACE ( 'NONE', ( #309 ), #446, .T. ) ;
#859 = VECTOR ( 'NONE', #437, 1000.000000000000000 ) ;
#860 = ORIENTED_EDGE ( 'NONE', *, *, #915, .T. ) ;
#861 = FACE_OUTER_BOUND ( 'NONE', #702, .T. ) ;
#862 = CARTESIAN_POINT ( 'NONE',  ( -0.000000000000000000, 17.49999999999999645, 9.000000000000001776 ) ) ;
#863 = CARTESIAN_POINT ( 'NONE',  ( -33.49298362909330251, -30.05361954276536451, 0.5000000000000000000 ) ) ;
#864 = DIRECTION ( 'NONE',  ( 0.000000000000000000, 0.000000000000000000, -1.000000000000000000 ) ) ;
#865 = ORIENTED_EDGE ( 'NONE', *, *, #2150, .F. ) ;
#866 = AXIS2_PLACEMENT_3D ( 'NONE', #938, #777, #972 ) ;
#867 = AXIS2_PLACEMENT_3D ( 'NONE', #868, #95, #852 ) ;
#868 = CARTESIAN_POINT ( 'NONE',  ( -42.77368981425397720, 13.97896489994826830, 2.500000000000000000 ) ) ;
#869 = CARTESIAN_POINT ( 'NONE',  ( -45.00000000000000711, 0.000000000000000000, 0.000000000000000000 ) ) ;
#870 = ORIENTED_EDGE ( 'NONE', *, *, #152, .T. ) ;
#871 = DIRECTION ( 'NONE',  ( -1.000000000000000000, 0.000000000000000000, 0.000000000000000000 ) ) ;
#872 = DIRECTION ( 'NONE',  ( 0.000000000000000000, 0.000000000000000000, 1.000000000000000000 ) ) ;
#873 = ORIENTED_EDGE ( 'NONE', *, *, #940, .T. ) ;
#874 = CARTESIAN_POINT ( 'NONE',  ( -24.94999999999999929, 22.00000000000000355, 9.000000000000001776 ) ) ;
#875 = DIRECTION ( 'NONE',  ( -0.000000000000000000, -0.000000000000000000, -1.000000000000000000 ) ) ;
#876 = EDGE_CURVE ( 'NONE', #2260, #1792, #1810, .T. ) ;
#877 = DIRECTION ( 'NONE',  ( -1.000000000000000000, 0.000000000000000000, 0.000000000000000000 ) ) ;
#878 = VECTOR ( 'NONE', #2349, 1000.000000000000000 ) ;
#879 = DIRECTION ( 'NONE',  ( -1.000000000000000000, 0.000000000000000000, 0.000000000000000000 ) ) ;
#880 = LINE ( 'NONE', #339, #1238 ) ;
#881 = EDGE_LOOP ( 'NONE', ( #1004, #1314, #1671, #1370 ) ) ;
#882 = CARTESIAN_POINT ( 'NONE',  ( 0.000000000000000000, 0.000000000000000000, 4.000000000000000000 ) ) ;
#883 = EDGE_LOOP ( 'NONE', ( #1474, #1826, #1596, #1640 ) ) ;
#884 = VERTEX_POINT ( 'NONE', #892 ) ;
#885 = DIRECTION ( 'NONE',  ( 0.000000000000000000, 0.000000000000000000, -1.000000000000000000 ) ) ;
#886 = LINE ( 'NONE', #1983, #1364 ) ;
#887 = AXIS2_PLACEMENT_3D ( 'NONE', #401, #1517, #16 ) ;
#888 = AXIS2_PLACEMENT_3D ( 'NONE', #1628, #755, #704 ) ;
#889 = CARTESIAN_POINT ( 'NONE',  ( 33.49298362909330962, 30.05361954276536807, 0.5000000000000000000 ) ) ;
#890 = ORIENTED_EDGE ( 'NONE', *, *, #2343, .T. ) ;
#891 = EDGE_CURVE ( 'NONE', #2413, #530, #83, .T. ) ;
#892 = CARTESIAN_POINT ( 'NONE',  ( -19.94999999999999574, -5.800000000000007816, 9.000000000000001776 ) ) ;
#893 = CARTESIAN_POINT ( 'NONE',  ( -24.94999999999999929, 22.00000000000000355, 11.40000000000000036 ) ) ;
#894 = VERTEX_POINT ( 'NONE', #703 ) ;
#895 = ORIENTED_EDGE ( 'NONE', *, *, #1900, .F. ) ;
#896 = ORIENTED_EDGE ( 'NONE', *, *, #1248, .F. ) ;
#897 = DIRECTION ( 'NONE',  ( -1.000000000000000000, 0.000000000000000000, 0.000000000000000000 ) ) ;
#898 = DIRECTION ( 'NONE',  ( -1.000000000000000000, 0.000000000000000000, 0.000000000000000000 ) ) ;
#899 = VERTEX_POINT ( 'NONE', #1450 ) ;
#900 = DIRECTION ( 'NONE',  ( -0.000000000000000000, -0.000000000000000000, -1.000000000000000000 ) ) ;
#901 = DIRECTION ( 'NONE',  ( 1.000000000000000000, -0.000000000000000000, -0.000000000000000000 ) ) ;
#902 = ORIENTED_EDGE ( 'NONE', *, *, #1722, .T. ) ;
#903 = VECTOR ( 'NONE', #1352, 1000.000000000000000 ) ;
#904 = ORIENTED_EDGE ( 'NONE', *, *, #135, .T. ) ;
#905 = AXIS2_PLACEMENT_3D ( 'NONE', #2393, #2175, #1397 ) ;
#906 = EDGE_LOOP ( 'NONE', ( #734, #2223, #1643, #870 ) ) ;
#907 = DIRECTION ( 'NONE',  ( 1.000000000000000000, 0.000000000000000000, -0.000000000000000000 ) ) ;
#908 = VECTOR ( 'NONE', #2032, 1000.000000000000000 ) ;
#909 = CARTESIAN_POINT ( 'NONE',  ( 17.50000000000000711, -6.933263352232979225E-15, 4.000000000000000000 ) ) ;
#910 = VECTOR ( 'NONE', #292, 1000.000000000000000 ) ;
#911 = ORIENTED_EDGE ( 'NONE', *, *, #940, .F. ) ;
#912 = ORIENTED_EDGE ( 'NONE', *, *, #2408, .F. ) ;
#913 = VERTEX_POINT ( 'NONE', #1812 ) ;
#914 = EDGE_CURVE ( 'NONE', #2220, #813, #1972, .T. ) ;
#915 = EDGE_CURVE ( 'NONE', #1094, #331, #124, .T. ) ;
#916 = DIRECTION ( 'NONE',  ( 0.000000000000000000, 1.000000000000000000, 0.000000000000000000 ) ) ;
#917 = EDGE_CURVE ( 'NONE', #439, #1548, #297, .T. ) ;
#918 = CARTESIAN_POINT ( 'NONE',  ( -17.50000000000000000, -15.00000000000003553, 4.000000000000000000 ) ) ;
#919 = AXIS2_PLACEMENT_3D ( 'NONE', #1252, #1595, #877 ) ;
#920 = CARTESIAN_POINT ( 'NONE',  ( 15.00000000000000000, 14.99999999999999289, 6.499999999999999112 ) ) ;
#921 = VERTEX_POINT ( 'NONE', #2378 ) ;
#922 = AXIS2_PLACEMENT_3D ( 'NONE', #848, #2350, #645 ) ;
#923 = ADVANCED_FACE ( 'NONE', ( #508 ), #2340, .T. ) ;
#924 = EDGE_CURVE ( 'NONE', #1335, #1002, #2160, .T. ) ;
#925 = ORIENTED_EDGE ( 'NONE', *, *, #1689, .T. ) ;
#926 = EDGE_LOOP ( 'NONE', ( #1947, #931, #1050, #2248 ) ) ;
#927 = EDGE_CURVE ( 'NONE', #1214, #554, #1256, .T. ) ;
#928 = ADVANCED_FACE ( 'NONE', ( #1798 ), #1423, .F. ) ;
#929 = CARTESIAN_POINT ( 'NONE',  ( 0.000000000000000000, 0.000000000000000000, 4.000000000000000000 ) ) ;
#930 = CARTESIAN_POINT ( 'NONE',  ( -20.00000000000000000, 17.49999999999999645, 9.000000000000001776 ) ) ;
#931 = ORIENTED_EDGE ( 'NONE', *, *, #1246, .F. ) ;
#932 = CARTESIAN_POINT ( 'NONE',  ( 15.00000000000000000, 37.61980861195335279, 0.9999999999999731326 ) ) ;
#933 = ORIENTED_EDGE ( 'NONE', *, *, #1770, .T. ) ;
#934 = VECTOR ( 'NONE', #1198, 1000.000000000000000 ) ;
#935 = DIRECTION ( 'NONE',  ( -1.000000000000000000, 0.000000000000000000, 0.000000000000000000 ) ) ;
#936 = AXIS2_PLACEMENT_3D ( 'NONE', #653, #1192, #74 ) ;
#937 = ORIENTED_EDGE ( 'NONE', *, *, #1674, .T. ) ;
#938 = CARTESIAN_POINT ( 'NONE',  ( 0.000000000000000000, 0.000000000000000000, 2.500000000000000000 ) ) ;
#939 = CARTESIAN_POINT ( 'NONE',  ( -18.53553390593273775, 16.03553390593273775, 8.999999999999998224 ) ) ;
#940 = EDGE_CURVE ( 'NONE', #2434, #448, #1257, .T. ) ;
#941 = CARTESIAN_POINT ( 'NONE',  ( 22.47729995775435796, 35.47916271009133737, 2.500000000000000444 ) ) ;
#942 = ORIENTED_EDGE ( 'NONE', *, *, #2430, .F. ) ;
#943 = VECTOR ( 'NONE', #245, 1000.000000000000000 ) ;
#944 = AXIS2_PLACEMENT_3D ( 'NONE', #1653, #364, #907 ) ;
#945 = DIRECTION ( 'NONE',  ( 0.000000000000000000, 0.000000000000000000, 1.000000000000000000 ) ) ;
#946 = ORIENTED_EDGE ( 'NONE', *, *, #182, .T. ) ;
#947 = CARTESIAN_POINT ( 'NONE',  ( 17.50000000000000000, 15.00000000000000000, 6.499999999999999112 ) ) ;
#948 = ORIENTED_EDGE ( 'NONE', *, *, #1624, .T. ) ;
#949 = DIRECTION ( 'NONE',  ( -0.000000000000000000, 0.000000000000000000, -1.000000000000000000 ) ) ;
#950 = CARTESIAN_POINT ( 'NONE',  ( 17.50000000000000000, 17.49999999999999645, 4.000000000000000000 ) ) ;
#951 = DIRECTION ( 'NONE',  ( 3.961864772704558515E-16, -1.000000000000000000, 0.000000000000000000 ) ) ;
#952 = CARTESIAN_POINT ( 'NONE',  ( 20.00000000000000000, 15.00000000000000000, 6.500000000000002665 ) ) ;
#953 = CIRCLE ( 'NONE', #2338, 45.00000000000000711 ) ;
#954 = CARTESIAN_POINT ( 'NONE',  ( -20.00000000000000000, 0.000000000000000000, 9.000000000000001776 ) ) ;
#955 = AXIS2_PLACEMENT_3D ( 'NONE', #1967, #281, #2184 ) ;
#956 = ORIENTED_EDGE ( 'NONE', *, *, #891, .F. ) ;
#957 = LINE ( 'NONE', #1151, #2020 ) ;
#958 = ORIENTED_EDGE ( 'NONE', *, *, #482, .F. ) ;
#959 = CARTESIAN_POINT ( 'NONE',  ( -31.07082686202190303, -32.55155477254901086, 2.500000000000000000 ) ) ;
#960 = DIRECTION ( 'NONE',  ( 0.000000000000000000, 1.000000000000000000, 0.000000000000000000 ) ) ;
#961 = CARTESIAN_POINT ( 'NONE',  ( 9.999999999999998224, 14.99999999999999289, 0.000000000000000000 ) ) ;
#962 = CARTESIAN_POINT ( 'NONE',  ( -17.50000000000000000, 0.000000000000000000, 6.499999999999999112 ) ) ;
#963 = CARTESIAN_POINT ( 'NONE',  ( -31.52613094839475849, -27.75073093496216359, 0.000000000000000000 ) ) ;
#964 = EDGE_CURVE ( 'NONE', #1395, #439, #326, .T. ) ;
#965 = ORIENTED_EDGE ( 'NONE', *, *, #2362, .F. ) ;
#966 = ADVANCED_FACE ( 'NONE', ( #2403 ), #743, .F. ) ;
#967 = CARTESIAN_POINT ( 'NONE',  ( 0.000000000000000000, 0.000000000000000000, 0.9999999999999731326 ) ) ;
#968 = VERTEX_POINT ( 'NONE', #4 ) ;
#969 = VERTEX_POINT ( 'NONE', #920 ) ;
#970 = VECTOR ( 'NONE', #1317, 1000.000000000000000 ) ;
#971 = LINE ( 'NONE', #1134, #680 ) ;
#972 = DIRECTION ( 'NONE',  ( -1.000000000000000000, 0.000000000000000000, 0.000000000000000000 ) ) ;
#973 = DIRECTION ( 'NONE',  ( 1.000000000000000000, 0.000000000000000000, 0.000000000000000000 ) ) ;
#974 = DIRECTION ( 'NONE',  ( -1.000000000000000000, 0.000000000000000000, 0.000000000000000000 ) ) ;
#975 = LINE ( 'NONE', #1120, #1130 ) ;
#976 = VERTEX_POINT ( 'NONE', #941 ) ;
#977 = VECTOR ( 'NONE', #916, 1000.000000000000000 ) ;
#978 = FACE_OUTER_BOUND ( 'NONE', #2174, .T. ) ;
#979 = AXIS2_PLACEMENT_3D ( 'NONE', #595, #418, #1339 ) ;
#980 = ORIENTED_EDGE ( 'NONE', *, *, #195, .T. ) ;
#981 = VERTEX_POINT ( 'NONE', #2247 ) ;
#982 = ADVANCED_FACE ( 'NONE', ( #713 ), #549, .F. ) ;
#983 = CARTESIAN_POINT ( 'NONE',  ( 23.74999999999999645, -2.000000000000005329, 9.000000000000001776 ) ) ;
#984 = CARTESIAN_POINT ( 'NONE',  ( -41.96450619081783628, 1.726331416852333822, 2.500000000000000444 ) ) ;
#985 = PLANE ( 'NONE',  #2224 ) ;
#986 = CARTESIAN_POINT ( 'NONE',  ( -39.79590343746135517, 13.42706481686340148, 0.000000000000000000 ) ) ;
#987 = ORIENTED_EDGE ( 'NONE', *, *, #1949, .T. ) ;
#988 = CARTESIAN_POINT ( 'NONE',  ( 0.000000000000000000, 0.000000000000000000, 2.500000000000000000 ) ) ;
#989 = ADVANCED_FACE ( 'NONE', ( #521 ), #1271, .F. ) ;
#990 = ORIENTED_EDGE ( 'NONE', *, *, #800, .F. ) ;
#991 = ADVANCED_FACE ( 'NONE', ( #1471 ), #1096, .F. ) ;
#992 = VECTOR ( 'NONE', #1609, 1000.000000000000000 ) ;
#993 = CARTESIAN_POINT ( 'NONE',  ( 17.50000000000000000, 15.00000000000000000, 6.499999999999999112 ) ) ;
#994 = DIRECTION ( 'NONE',  ( 0.9832549075639563929, -0.1822355254921372847, 0.000000000000000000 ) ) ;
#995 = ORIENTED_EDGE ( 'NONE', *, *, #677, .T. ) ;
#996 = EDGE_CURVE ( 'NONE', #899, #453, #1848, .T. ) ;
#997 = EDGE_CURVE ( 'NONE', #275, #613, #641, .T. ) ;
#998 = CARTESIAN_POINT ( 'NONE',  ( 22.47729995775435796, 35.47916271009133737, 8.975819329687391601 ) ) ;
#999 = CARTESIAN_POINT ( 'NONE',  ( -19.94999999999999574, -5.800000000000006928, 10.20000000000000107 ) ) ;
#1000 = CARTESIAN_POINT ( 'NONE',  ( -33.49298362909330251, -30.05361954276536451, 0.000000000000000000 ) ) ;
#1001 = DIRECTION ( 'NONE',  ( 0.000000000000000000, 0.000000000000000000, -1.000000000000000000 ) ) ;
#1002 = VERTEX_POINT ( 'NONE', #1666 ) ;
#1003 = FACE_OUTER_BOUND ( 'NONE', #249, .T. ) ;
#1004 = ORIENTED_EDGE ( 'NONE', *, *, #2113, .T. ) ;
#1005 = CARTESIAN_POINT ( 'NONE',  ( -17.49999999999999645, -23.75710593621603550, 11.40000000000000036 ) ) ;
#1006 = PLANE ( 'NONE',  #1566 ) ;
#1007 = ORIENTED_EDGE ( 'NONE', *, *, #593, .T. ) ;
#1008 = ORIENTED_EDGE ( 'NONE', *, *, #693, .T. ) ;
#1009 = CARTESIAN_POINT ( 'NONE',  ( 29.95612029380058416, 29.46148915388760159, 1.830731202677672309 ) ) ;
#1010 = PLANE ( 'NONE',  #474 ) ;
#1011 = CARTESIAN_POINT ( 'NONE',  ( -18.53553390593273775, 16.03553390593273775, 4.000000000000000000 ) ) ;
#1012 = DIRECTION ( 'NONE',  ( 0.000000000000000000, 0.000000000000000000, -1.000000000000000000 ) ) ;
#1013 = EDGE_CURVE ( 'NONE', #913, #1203, #2254, .T. ) ;
#1014 = ORIENTED_EDGE ( 'NONE', *, *, #1347, .F. ) ;
#1015 = EDGE_CURVE ( 'NONE', #599, #295, #177, .T. ) ;
#1016 = DIRECTION ( 'NONE',  ( 0.001710857654005493297, -0.9999985364819730105, 0.000000000000000000 ) ) ;
#1017 = LINE ( 'NONE', #1173, #745 ) ;
#1018 = ORIENTED_EDGE ( 'NONE', *, *, #593, .F. ) ;
#1019 = ADVANCED_FACE ( 'NONE', ( #1117 ), #1126, .F. ) ;
#1020 = DIRECTION ( 'NONE',  ( -1.000000000000000000, 0.000000000000000000, 0.000000000000000000 ) ) ;
#1021 = DIRECTION ( 'NONE',  ( -0.000000000000000000, -0.000000000000000000, -1.000000000000000000 ) ) ;
#1022 = ORIENTED_EDGE ( 'NONE', *, *, #1638, .T. ) ;
#1023 = CARTESIAN_POINT ( 'NONE',  ( -42.77368981425397720, 13.97896489994826830, 0.4999999999999987232 ) ) ;
#1024 = AXIS2_PLACEMENT_3D ( 'NONE', #104, #2320, #1807 ) ;
#1025 = CARTESIAN_POINT ( 'NONE',  ( -1.890291961724708258, 1.614461854395913054, 2.500000000000000000 ) ) ;
#1026 = CARTESIAN_POINT ( 'NONE',  ( -29.11928964351999838, -30.26659826701356693, 2.500000000000000000 ) ) ;
#1027 = CARTESIAN_POINT ( 'NONE',  ( 1.890291961724831715, -1.614461854396008977, 2.500000000000000000 ) ) ;
#1028 = ORIENTED_EDGE ( 'NONE', *, *, #457, .F. ) ;
#1029 = EDGE_CURVE ( 'NONE', #1133, #628, #2026, .T. ) ;
#1030 = EDGE_CURVE ( 'NONE', #1579, #613, #357, .T. ) ;
#1031 = CARTESIAN_POINT ( 'NONE',  ( -42.50000000000000000, -23.75710593621603550, 0.000000000000000000 ) ) ;
#1032 = CARTESIAN_POINT ( 'NONE',  ( 17.50000000000000000, 15.00000000000000000, 6.500000000000002665 ) ) ;
#1033 = ORIENTED_EDGE ( 'NONE', *, *, #1095, .F. ) ;
#1034 = CARTESIAN_POINT ( 'NONE',  ( 0.000000000000000000, 0.000000000000000000, 2.500000000000000000 ) ) ;
#1035 = CARTESIAN_POINT ( 'NONE',  ( 0.000000000000000000, 0.000000000000000000, 0.000000000000000000 ) ) ;
#1036 = ORIENTED_EDGE ( 'NONE', *, *, #346, .F. ) ;
#1037 = VECTOR ( 'NONE', #1490, 1000.000000000000000 ) ;
#1038 = CARTESIAN_POINT ( 'NONE',  ( 0.000000000000000000, 0.000000000000000000, 0.000000000000000000 ) ) ;
#1039 = DIRECTION ( 'NONE',  ( 0.000000000000000000, 0.000000000000000000, 1.000000000000000000 ) ) ;
#1040 = CARTESIAN_POINT ( 'NONE',  ( 43.13415844874299410, -12.87598097590552548, 1.164070905011813206 ) ) ;
#1041 = VECTOR ( 'NONE', #54, 1000.000000000000000 ) ;
#1042 = DIRECTION ( 'NONE',  ( 0.000000000000000000, -1.000000000000000000, 0.000000000000000000 ) ) ;
#1043 = VERTEX_POINT ( 'NONE', #930 ) ;
#1044 = DIRECTION ( 'NONE',  ( 0.9999985364819728995, 0.001710857654005493080, 0.000000000000000000 ) ) ;
#1045 = LINE ( 'NONE', #1032, #829 ) ;
#1046 = VERTEX_POINT ( 'NONE', #2238 ) ;
#1047 = DIRECTION ( 'NONE',  ( 0.000000000000000000, -1.000000000000000000, 0.000000000000000000 ) ) ;
#1048 = CARTESIAN_POINT ( 'NONE',  ( -42.50000000000000000, -23.75710593621603550, 4.000000000000000000 ) ) ;
#1049 = AXIS2_PLACEMENT_3D ( 'NONE', #2135, #1191, #825 ) ;
#1050 = ORIENTED_EDGE ( 'NONE', *, *, #551, .F. ) ;
#1051 = EDGE_CURVE ( 'NONE', #2415, #2277, #730, .T. ) ;
#1052 = FACE_OUTER_BOUND ( 'NONE', #1206, .T. ) ;
#1053 = CARTESIAN_POINT ( 'NONE',  ( 31.52613094839475849, 27.75073093496216003, 0.000000000000000000 ) ) ;
#1054 = CARTESIAN_POINT ( 'NONE',  ( -15.00000000000000000, 38.69431482789167376, 0.000000000000000000 ) ) ;
#1055 = CARTESIAN_POINT ( 'NONE',  ( 18.53553390593273775, -1.035533905932735754, 9.000000000000001776 ) ) ;
#1056 = VECTOR ( 'NONE', #1655, 1000.000000000000000 ) ;
#1057 = VECTOR ( 'NONE', #248, 1000.000000000000000 ) ;
#1058 = DIRECTION ( 'NONE',  ( -0.9832549075639560598, 0.1822355254921395329, 0.000000000000000000 ) ) ;
#1059 = CARTESIAN_POINT ( 'NONE',  ( 0.000000000000000000, 0.000000000000000000, 2.500000000000000000 ) ) ;
#1060 = EDGE_LOOP ( 'NONE', ( #391, #1584, #1138, #2025 ) ) ;
#1061 = CARTESIAN_POINT ( 'NONE',  ( 9.999999999999998224, 9.999999999999991118, 2.500000000000000000 ) ) ;
#1062 = ORIENTED_EDGE ( 'NONE', *, *, #1900, .T. ) ;
#1063 = VERTEX_POINT ( 'NONE', #338 ) ;
#1064 = CARTESIAN_POINT ( 'NONE',  ( 0.000000000000000000, 0.000000000000000000, 2.500000000000000000 ) ) ;
#1065 = CARTESIAN_POINT ( 'NONE',  ( 24.44415263845291619, 37.78205131789453475, 2.500000000000000000 ) ) ;
#1066 = FACE_OUTER_BOUND ( 'NONE', #906, .T. ) ;
#1067 = EDGE_CURVE ( 'NONE', #2415, #1573, #254, .T. ) ;
#1068 = AXIS2_PLACEMENT_3D ( 'NONE', #988, #58, #286 ) ;
#1069 = CIRCLE ( 'NONE', #1297, 41.49999999999996447 ) ;
#1070 = DIRECTION ( 'NONE',  ( 0.000000000000000000, -1.000000000000000000, 0.000000000000000000 ) ) ;
#1071 = ORIENTED_EDGE ( 'NONE', *, *, #770, .T. ) ;
#1072 = VECTOR ( 'NONE', #1822, 1000.000000000000000 ) ;
#1073 = CARTESIAN_POINT ( 'NONE',  ( 41.96450619081783628, -1.726331416852328271, 8.975819329687391601 ) ) ;
#1074 = LINE ( 'NONE', #3, #180 ) ;
#1075 = VERTEX_POINT ( 'NONE', #2067 ) ;
#1076 = ORIENTED_EDGE ( 'NONE', *, *, #2152, .T. ) ;
#1077 = ORIENTED_EDGE ( 'NONE', *, *, #1610, .F. ) ;
#1078 = ADVANCED_FACE ( 'NONE', ( #2057 ), #1856, .F. ) ;
#1079 = DIRECTION ( 'NONE',  ( -0.000000000000000000, -0.000000000000000000, -1.000000000000000000 ) ) ;
#1080 = CARTESIAN_POINT ( 'NONE',  ( 20.68902831727796610, -35.97518738362411028, 0.000000000000000000 ) ) ;
#1081 = EDGE_CURVE ( 'NONE', #628, #303, #2380, .T. ) ;
#1082 = VECTOR ( 'NONE', #2013, 1000.000000000000000 ) ;
#1083 = AXIS2_PLACEMENT_3D ( 'NONE', #126, #901, #2200 ) ;
#1084 = CARTESIAN_POINT ( 'NONE',  ( -24.44415263845289132, -37.78205131789454185, 8.975819329687391601 ) ) ;
#1085 = ORIENTED_EDGE ( 'NONE', *, *, #233, .T. ) ;
#1086 = CARTESIAN_POINT ( 'NONE',  ( 0.000000000000000000, -2.499999999999998668, 6.499999999999999112 ) ) ;
#1087 = DIRECTION ( 'NONE',  ( -1.000000000000000000, 0.000000000000000000, 0.000000000000000000 ) ) ;
#1088 = ORIENTED_EDGE ( 'NONE', *, *, #1436, .F. ) ;
#1089 = EDGE_LOOP ( 'NONE', ( #1443, #2058, #1303, #75, #2381, #1385, #827, #2367 ) ) ;
#1090 = ORIENTED_EDGE ( 'NONE', *, *, #1457, .T. ) ;
#1091 = CARTESIAN_POINT ( 'NONE',  ( 31.52613094839475139, 27.75073093496216359, 0.000000000000000000 ) ) ;
#1092 = AXIS2_PLACEMENT_3D ( 'NONE', #262, #1614, #1020 ) ;
#1093 = FACE_OUTER_BOUND ( 'NONE', #319, .T. ) ;
#1094 = VERTEX_POINT ( 'NONE', #2310 ) ;
#1095 = EDGE_CURVE ( 'NONE', #1383, #1630, #421, .T. ) ;
#1096 = PLANE ( 'NONE',  #1307 ) ;
#1097 = ADVANCED_FACE ( 'NONE', ( #257 ), #1706, .T. ) ;
#1098 = ORIENTED_EDGE ( 'NONE', *, *, #1171, .T. ) ;
#1099 = AXIS2_PLACEMENT_3D ( 'NONE', #149, #2427, #898 ) ;
#1100 = ADVANCED_FACE ( 'NONE', ( #2092 ), #1332, .T. ) ;
#1101 = VERTEX_POINT ( 'NONE', #1505 ) ;
#1102 = ORIENTED_EDGE ( 'NONE', *, *, #1674, .F. ) ;
#1103 = CARTESIAN_POINT ( 'NONE',  ( 0.000000000000000000, 0.000000000000000000, 2.500000000000000000 ) ) ;
#1104 = DIRECTION ( 'NONE',  ( 0.000000000000000000, 0.000000000000000000, -1.000000000000000000 ) ) ;
#1105 = TOROIDAL_SURFACE ( 'NONE', #37, 3.799999999999973621, 1.199999999999999734 ) ;
#1106 = CARTESIAN_POINT ( 'NONE',  ( -15.00000000000000000, 14.99999999999999289, 0.000000000000000000 ) ) ;
#1107 = AXIS2_PLACEMENT_3D ( 'NONE', #1196, #1039, #2197 ) ;
#1108 = ADVANCED_FACE ( 'NONE', ( #1530 ), #2102, .T. ) ;
#1109 = ORIENTED_EDGE ( 'NONE', *, *, #35, .F. ) ;
#1110 = EDGE_CURVE ( 'NONE', #2404, #131, #242, .T. ) ;
#1111 = DIRECTION ( 'NONE',  ( -0.6494480483301821039, -0.7604059656000322631, -0.000000000000000000 ) ) ;
#1112 = ORIENTED_EDGE ( 'NONE', *, *, #2389, .T. ) ;
#1113 = ORIENTED_EDGE ( 'NONE', *, *, #1301, .T. ) ;
#1114 = CARTESIAN_POINT ( 'NONE',  ( -15.00000000000000000, 22.00000000000000355, 11.40000000000000036 ) ) ;
#1115 = DIRECTION ( 'NONE',  ( 0.000000000000000000, 0.000000000000000000, 1.000000000000000000 ) ) ;
#1116 = VECTOR ( 'NONE', #349, 1000.000000000000000 ) ;
#1117 = FACE_OUTER_BOUND ( 'NONE', #762, .T. ) ;
#1118 = VERTEX_POINT ( 'NONE', #2259 ) ;
#1119 = B_SPLINE_CURVE_WITH_KNOTS ( 'NONE', 3,
 ( #225, #790, #1751, #432 ),
 .UNSPECIFIED., .F., .F.,
 ( 4, 4 ),
 ( 0.03830674233984650984, 0.03977458444133007143 ),
 .UNSPECIFIED. ) ;
#1120 = CARTESIAN_POINT ( 'NONE',  ( 42.77368981425397720, -13.97896489994826119, 0.000000000000000000 ) ) ;
#1121 = ORIENTED_EDGE ( 'NONE', *, *, #1067, .T. ) ;
#1122 = CARTESIAN_POINT ( 'NONE',  ( -15.00000000000000000, 39.23009049186605779, 4.000000000000000000 ) ) ;
#1123 = EDGE_CURVE ( 'NONE', #1203, #554, #2297, .T. ) ;
#1124 = CARTESIAN_POINT ( 'NONE',  ( -20.93774012611493873, -36.40894173704141679, 0.000000000000000000 ) ) ;
#1125 = DIRECTION ( 'NONE',  ( 0.000000000000000000, 0.000000000000000000, -1.000000000000000000 ) ) ;
#1126 = PLANE ( 'NONE',  #442 ) ;
#1127 = ORIENTED_EDGE ( 'NONE', *, *, #1341, .T. ) ;
#1128 = CARTESIAN_POINT ( 'NONE',  ( 19.94999999999999574, -5.799999999999971401, 11.40000000000000036 ) ) ;
#1129 = ORIENTED_EDGE ( 'NONE', *, *, #2134, .T. ) ;
#1130 = VECTOR ( 'NONE', #760, 1000.000000000000114 ) ;
#1131 = FACE_OUTER_BOUND ( 'NONE', #2029, .T. ) ;
#1132 = AXIS2_PLACEMENT_3D ( 'NONE', #285, #1016, #1044 ) ;
#1133 = VERTEX_POINT ( 'NONE', #986 ) ;
#1134 = CARTESIAN_POINT ( 'NONE',  ( -12.49999999999996625, -10.00000000000000000, 11.40000000000000036 ) ) ;
#1135 = DIRECTION ( 'NONE',  ( 0.000000000000000000, 0.000000000000000000, 1.000000000000000000 ) ) ;
#1136 = DIRECTION ( 'NONE',  ( 0.000000000000000000, 1.000000000000000000, 0.000000000000000000 ) ) ;
#1137 = FACE_OUTER_BOUND ( 'NONE', #764, .T. ) ;
#1138 = ORIENTED_EDGE ( 'NONE', *, *, #676, .F. ) ;
#1139 = VECTOR ( 'NONE', #726, 1000.000000000000000 ) ;
#1140 = DIRECTION ( 'NONE',  ( -1.000000000000000000, 0.000000000000000000, 0.000000000000000000 ) ) ;
#1141 = VERTEX_POINT ( 'NONE', #597 ) ;
#1142 = DIRECTION ( 'NONE',  ( 0.000000000000000000, -1.000000000000000000, 0.000000000000000000 ) ) ;
#1143 = ORIENTED_EDGE ( 'NONE', *, *, #2056, .T. ) ;
#1144 = CARTESIAN_POINT ( 'NONE',  ( 0.000000000000000000, 9.999999999999991118, 2.500000000000000000 ) ) ;
#1145 = DIRECTION ( 'NONE',  ( -1.000000000000000000, 0.000000000000000000, 0.000000000000000000 ) ) ;
#1146 = DIRECTION ( 'NONE',  ( -1.000000000000000000, 0.000000000000000000, 0.000000000000000000 ) ) ;
#1147 = DIRECTION ( 'NONE',  ( -0.000000000000000000, -0.000000000000000000, -1.000000000000000000 ) ) ;
#1148 = DIRECTION ( 'NONE',  ( -1.000000000000000000, 0.000000000000000000, 0.000000000000000000 ) ) ;
#1149 = VECTOR ( 'NONE', #951, 1000.000000000000000 ) ;
#1150 = ORIENTED_EDGE ( 'NONE', *, *, #495, .T. ) ;
#1151 = CARTESIAN_POINT ( 'NONE',  ( 20.21762401608423687, -35.09270122324944907, 5.700000000000000178 ) ) ;
#1152 = ORIENTED_EDGE ( 'NONE', *, *, #315, .T. ) ;
#1153 = VERTEX_POINT ( 'NONE', #206 ) ;
#1154 = CARTESIAN_POINT ( 'NONE',  ( -43.45171571253528242, 11.75988574817638366, 1.831070002131830687 ) ) ;
#1155 = DIRECTION ( 'NONE',  ( -0.000000000000000000, -0.000000000000000000, -1.000000000000000000 ) ) ;
#1156 = LINE ( 'NONE', #1703, #296 ) ;
#1157 = CARTESIAN_POINT ( 'NONE',  ( -22.43329299226604334, -39.00958043254436802, 4.000000000000000000 ) ) ;
#1158 = VECTOR ( 'NONE', #1047, 1000.000000000000000 ) ;
#1159 = CARTESIAN_POINT ( 'NONE',  ( 0.000000000000000000, 0.000000000000000000, 0.000000000000000000 ) ) ;
#1160 = EDGE_CURVE ( 'NONE', #1383, #287, #1343, .T. ) ;
#1161 = VERTEX_POINT ( 'NONE', #620 ) ;
#1162 = CARTESIAN_POINT ( 'NONE',  ( 0.000000000000000000, 0.000000000000000000, 0.000000000000000000 ) ) ;
#1163 = ORIENTED_EDGE ( 'NONE', *, *, #803, .F. ) ;
#1164 = AXIS2_PLACEMENT_3D ( 'NONE', #2, #960, #1715 ) ;
#1165 = AXIS2_PLACEMENT_3D ( 'NONE', #2199, #649, #109 ) ;
#1166 = PLANE ( 'NONE',  #2368 ) ;
#1167 = CARTESIAN_POINT ( 'NONE',  ( 15.00000000000000000, 14.99999999999999289, 0.000000000000000000 ) ) ;
#1168 = CARTESIAN_POINT ( 'NONE',  ( 0.000000000000000000, 0.000000000000000000, 4.000000000000000000 ) ) ;
#1169 = EDGE_CURVE ( 'NONE', #2094, #707, #1510, .T. ) ;
#1170 = LINE ( 'NONE', #56, #2414 ) ;
#1171 = EDGE_CURVE ( 'NONE', #1512, #913, #1369, .T. ) ;
#1172 = ORIENTED_EDGE ( 'NONE', *, *, #481, .T. ) ;
#1173 = CARTESIAN_POINT ( 'NONE',  ( 17.50000000000000000, 17.49999999999999645, 4.000000000000000000 ) ) ;
#1174 = EDGE_CURVE ( 'NONE', #28, #2300, #953, .T. ) ;
#1175 = ORIENTED_EDGE ( 'NONE', *, *, #1539, .F. ) ;
#1176 = ADVANCED_FACE ( 'NONE', ( #227 ), #1357, .F. ) ;
#1177 = CIRCLE ( 'NONE', #629, 45.00000000000000711 ) ;
#1178 = AXIS2_PLACEMENT_3D ( 'NONE', #1296, #699, #2225 ) ;
#1179 = FACE_OUTER_BOUND ( 'NONE', #2082, .T. ) ;
#1180 = LINE ( 'NONE', #1413, #1057 ) ;
#1181 = AXIS2_PLACEMENT_3D ( 'NONE', #1780, #2360, #674 ) ;
#1182 = ORIENTED_EDGE ( 'NONE', *, *, #2417, .T. ) ;
#1183 = CARTESIAN_POINT ( 'NONE',  ( -20.36892088207930840, -35.39010542372814427, 0.6667758049029360867 ) ) ;
#1184 = DIRECTION ( 'NONE',  ( 0.9832549075639570590, -0.1822355254921335377, 0.000000000000000000 ) ) ;
#1185 = CARTESIAN_POINT ( 'NONE',  ( -22.47729995775436151, -35.47916271009133027, 4.000000000000000000 ) ) ;
#1186 = CARTESIAN_POINT ( 'NONE',  ( 0.000000000000000000, 0.000000000000000000, 2.500000000000000000 ) ) ;
#1187 = ORIENTED_EDGE ( 'NONE', *, *, #372, .F. ) ;
#1188 = CARTESIAN_POINT ( 'NONE',  ( 0.000000000000000000, 0.000000000000000000, 0.000000000000000000 ) ) ;
#1189 = ORIENTED_EDGE ( 'NONE', *, *, #310, .F. ) ;
#1190 = CIRCLE ( 'NONE', #1387, 45.00000000000000711 ) ;
#1191 = DIRECTION ( 'NONE',  ( 0.000000000000000000, -1.000000000000000000, 0.000000000000000000 ) ) ;
#1192 = DIRECTION ( 'NONE',  ( 0.000000000000000000, 0.000000000000000000, 1.000000000000000000 ) ) ;
#1193 = EDGE_LOOP ( 'NONE', ( #805, #2265, #839, #2328 ) ) ;
#1194 = CARTESIAN_POINT ( 'NONE',  ( 31.52613094839475139, 27.75073093496216359, 0.5000000000000000000 ) ) ;
#1195 = EDGE_CURVE ( 'NONE', #554, #1063, #1170, .T. ) ;
#1196 = CARTESIAN_POINT ( 'NONE',  ( 0.000000000000000000, 0.000000000000000000, 0.000000000000000000 ) ) ;
#1197 = CYLINDRICAL_SURFACE ( 'NONE', #1863, 1.199999999999999734 ) ;
#1198 = DIRECTION ( 'NONE',  ( 0.000000000000000000, 0.000000000000000000, -1.000000000000000000 ) ) ;
#1199 = ORIENTED_EDGE ( 'NONE', *, *, #154, .T. ) ;
#1200 = CONICAL_SURFACE ( 'NONE', #348, 40.49999999999999289, 0.7853981633974482790 ) ;
#1201 = CARTESIAN_POINT ( 'NONE',  ( 42.77368981425397720, -13.97896489994826119, 0.4999999999999982792 ) ) ;
#1202 = CARTESIAN_POINT ( 'NONE',  ( -15.00000000000000000, 14.99999999999999289, 0.000000000000000000 ) ) ;
#1203 = VERTEX_POINT ( 'NONE', #1753 ) ;
#1204 = LINE ( 'NONE', #1412, #859 ) ;
#1205 = LINE ( 'NONE', #1376, #318 ) ;
#1206 = EDGE_LOOP ( 'NONE', ( #244, #1098, #577, #865 ) ) ;
#1207 = ORIENTED_EDGE ( 'NONE', *, *, #1290, .T. ) ;
#1208 = DIRECTION ( 'NONE',  ( 0.000000000000000000, 0.000000000000000000, -1.000000000000000000 ) ) ;
#1209 = FACE_OUTER_BOUND ( 'NONE', #1060, .T. ) ;
#1210 = LINE ( 'NONE', #488, #192 ) ;
#1211 = CIRCLE ( 'NONE', #511, 3.799999999999973621 ) ;
#1212 = CARTESIAN_POINT ( 'NONE',  ( 0.000000000000000000, 0.000000000000000000, 2.500000000000000000 ) ) ;
#1213 = CIRCLE ( 'NONE', #2273, 25.00000000000000000 ) ;
#1214 = VERTEX_POINT ( 'NONE', #1319 ) ;
#1215 = DIRECTION ( 'NONE',  ( 1.000000000000000000, 0.000000000000000000, 0.000000000000000000 ) ) ;
#1216 = CARTESIAN_POINT ( 'NONE',  ( -15.00000000000000000, 37.61980861195335279, 2.500000000000000000 ) ) ;
#1217 = ORIENTED_EDGE ( 'NONE', *, *, #1692, .F. ) ;
#1218 = CARTESIAN_POINT ( 'NONE',  ( -15.00000000000000000, 17.49999999999999645, 4.000000000000000000 ) ) ;
#1219 = CYLINDRICAL_SURFACE ( 'NONE', #2315, 45.00000000000000711 ) ;
#1220 = VERTEX_POINT ( 'NONE', #2081 ) ;
#1221 = AXIS2_PLACEMENT_3D ( 'NONE', #2196, #503, #2182 ) ;
#1222 = ORIENTED_EDGE ( 'NONE', *, *, #1242, .F. ) ;
#1223 = LINE ( 'NONE', #673, #1923 ) ;
#1224 = DIRECTION ( 'NONE',  ( 0.000000000000000000, 0.000000000000000000, -1.000000000000000000 ) ) ;
#1225 = CARTESIAN_POINT ( 'NONE',  ( 44.99993414168877592, 0.07698859443024366755, 8.975819329687391601 ) ) ;
#1226 = CARTESIAN_POINT ( 'NONE',  ( 20.00000000000000000, 0.000000000000000000, 4.000000000000000000 ) ) ;
#1227 = ORIENTED_EDGE ( 'NONE', *, *, #103, .F. ) ;
#1228 = CARTESIAN_POINT ( 'NONE',  ( 0.000000000000000000, 0.000000000000000000, 0.000000000000000000 ) ) ;
#1229 = ADVANCED_FACE ( 'NONE', ( #1137 ), #1890, .F. ) ;
#1230 = DIRECTION ( 'NONE',  ( 1.000000000000000000, 0.000000000000000000, 0.000000000000000000 ) ) ;
#1231 = ORIENTED_EDGE ( 'NONE', *, *, #1328, .F. ) ;
#1232 = FACE_OUTER_BOUND ( 'NONE', #1745, .T. ) ;
#1233 = CYLINDRICAL_SURFACE ( 'NONE', #1482, 2.499999999999998668 ) ;
#1234 = ORIENTED_EDGE ( 'NONE', *, *, #231, .F. ) ;
#1235 = VECTOR ( 'NONE', #492, 1000.000000000000000 ) ;
#1236 = DIRECTION ( 'NONE',  ( -1.000000000000000000, 0.000000000000000000, 0.000000000000000000 ) ) ;
#1237 = DIRECTION ( 'NONE',  ( 0.000000000000000000, 1.000000000000000000, -0.000000000000000000 ) ) ;
#1238 = VECTOR ( 'NONE', #2258, 1000.000000000000000 ) ;
#1239 = LINE ( 'NONE', #2363, #2356 ) ;
#1240 = DIRECTION ( 'NONE',  ( 0.000000000000000000, 1.000000000000000000, 0.000000000000000000 ) ) ;
#1241 = CARTESIAN_POINT ( 'NONE',  ( -15.00000000000000000, 17.49999999999999645, 6.499999999999999112 ) ) ;
#1242 = EDGE_CURVE ( 'NONE', #1046, #921, #2011, .T. ) ;
#1243 = ORIENTED_EDGE ( 'NONE', *, *, #494, .F. ) ;
#1244 = CARTESIAN_POINT ( 'NONE',  ( 39.79590343746135517, -13.42706481686342634, 0.4999999999999982792 ) ) ;
#1245 = ORIENTED_EDGE ( 'NONE', *, *, #1887, .F. ) ;
#1246 = EDGE_CURVE ( 'NONE', #131, #416, #1663, .T. ) ;
#1247 = VERTEX_POINT ( 'NONE', #1796 ) ;
#1248 = EDGE_CURVE ( 'NONE', #2012, #813, #2015, .T. ) ;
#1249 = CARTESIAN_POINT ( 'NONE',  ( 39.79590343746135517, -13.42706481686342634, 2.500000000000000000 ) ) ;
#1250 = CARTESIAN_POINT ( 'NONE',  ( -20.00000000000000000, 0.000000000000000000, 6.499999999999999112 ) ) ;
#1251 = CARTESIAN_POINT ( 'NONE',  ( 22.43329299226602913, 39.00958043254436802, 0.000000000000000000 ) ) ;
#1252 = CARTESIAN_POINT ( 'NONE',  ( 0.000000000000000000, 0.000000000000000000, 2.500000000000000000 ) ) ;
#1253 = EDGE_LOOP ( 'NONE', ( #664, #1172, #1127, #1362 ) ) ;
#1254 = VECTOR ( 'NONE', #1042, 1000.000000000000000 ) ;
#1255 = EDGE_CURVE ( 'NONE', #361, #1801, #1990, .T. ) ;
#1256 = CIRCLE ( 'NONE', #2083, 41.99999999999999289 ) ;
#1257 = LINE ( 'NONE', #1441, #1082 ) ;
#1258 = EDGE_CURVE ( 'NONE', #1214, #1153, #2173, .T. ) ;
#1259 = DIRECTION ( 'NONE',  ( -0.000000000000000000, -0.000000000000000000, -1.000000000000000000 ) ) ;
#1260 = VERTEX_POINT ( 'NONE', #2376 ) ;
#1261 = ORIENTED_EDGE ( 'NONE', *, *, #2417, .F. ) ;
#1262 = VECTOR ( 'NONE', #612, 1000.000000000000000 ) ;
#1263 = ADVANCED_FACE ( 'NONE', ( #691 ), #506, .F. ) ;
#1264 = ORIENTED_EDGE ( 'NONE', *, *, #1174, .F. ) ;
#1265 = CARTESIAN_POINT ( 'NONE',  ( 20.00000000000000000, -2.499999999999998668, 9.000000000000001776 ) ) ;
#1266 = LINE ( 'NONE', #334, #546 ) ;
#1267 = AXIS2_PLACEMENT_3D ( 'NONE', #807, #1559, #2312 ) ;
#1268 = VECTOR ( 'NONE', #1981, 1000.000000000000114 ) ;
#1269 = DIRECTION ( 'NONE',  ( 1.000000000000000000, 7.075845757273867861E-15, 0.000000000000000000 ) ) ;
#1270 = VERTEX_POINT ( 'NONE', #1583 ) ;
#1271 = CYLINDRICAL_SURFACE ( 'NONE', #2190, 2.499999999999998668 ) ;
#1272 = CARTESIAN_POINT ( 'NONE',  ( 15.00000000000000000, 14.99999999999999289, 0.000000000000000000 ) ) ;
#1273 = ORIENTED_EDGE ( 'NONE', *, *, #2278, .F. ) ;
#1274 = DIRECTION ( 'NONE',  ( -1.000000000000000000, 0.000000000000000000, 0.000000000000000000 ) ) ;
#1275 = ORIENTED_EDGE ( 'NONE', *, *, #1615, .T. ) ;
#1276 = ORIENTED_EDGE ( 'NONE', *, *, #41, .T. ) ;
#1277 = CARTESIAN_POINT ( 'NONE',  ( 15.00000000000000000, 39.23009049186605779, 2.500000000000000000 ) ) ;
#1278 = EDGE_CURVE ( 'NONE', #1630, #2300, #2351, .T. ) ;
#1279 = EDGE_CURVE ( 'NONE', #524, #350, #820, .T. ) ;
#1280 = AXIS2_PLACEMENT_3D ( 'NONE', #66, #791, #574 ) ;
#1281 = EDGE_CURVE ( 'NONE', #1429, #2423, #2337, .T. ) ;
#1282 = CIRCLE ( 'NONE', #94, 5.000000000000000888 ) ;
#1283 = CARTESIAN_POINT ( 'NONE',  ( 0.000000000000000000, 0.000000000000000000, 0.9999999999999731326 ) ) ;
#1284 = ORIENTED_EDGE ( 'NONE', *, *, #1987, .T. ) ;
#1285 = DIRECTION ( 'NONE',  ( 1.000000000000000000, 0.000000000000000000, 0.000000000000000000 ) ) ;
#1286 = ORIENTED_EDGE ( 'NONE', *, *, #564, .F. ) ;
#1287 = ORIENTED_EDGE ( 'NONE', *, *, #1123, .F. ) ;
#1288 = ORIENTED_EDGE ( 'NONE', *, *, #136, .F. ) ;
#1289 = DIRECTION ( 'NONE',  ( 0.000000000000000000, 0.000000000000000000, -1.000000000000000000 ) ) ;
#1290 = EDGE_CURVE ( 'NONE', #219, #331, #141, .T. ) ;
#1291 = DIRECTION ( 'NONE',  ( 0.000000000000000000, 1.000000000000000000, -0.000000000000000000 ) ) ;
#1292 = EDGE_LOOP ( 'NONE', ( #771, #1150, #725, #1560, #715, #1534, #721 ) ) ;
#1293 = AXIS2_PLACEMENT_3D ( 'NONE', #2079, #1135, #2109 ) ;
#1294 = ORIENTED_EDGE ( 'NONE', *, *, #156, .T. ) ;
#1295 = ORIENTED_EDGE ( 'NONE', *, *, #43, .F. ) ;
#1296 = CARTESIAN_POINT ( 'NONE',  ( -9.999999999999998224, 14.99999999999999289, 2.500000000000000000 ) ) ;
#1297 = AXIS2_PLACEMENT_3D ( 'NONE', #1162, #1686, #234 ) ;
#1298 = CARTESIAN_POINT ( 'NONE',  ( -15.00000000000000000, 37.97829358302412572, 0.6670089876062951229 ) ) ;
#1299 = VECTOR ( 'NONE', #753, 1000.000000000000000 ) ;
#1300 = VERTEX_POINT ( 'NONE', #1984 ) ;
#1301 = EDGE_CURVE ( 'NONE', #1801, #809, #1570, .T. ) ;
#1302 = CARTESIAN_POINT ( 'NONE',  ( -22.47729995775436151, -35.47916271009133027, 2.500000000000000000 ) ) ;
#1303 = ORIENTED_EDGE ( 'NONE', *, *, #1949, .F. ) ;
#1304 = DIRECTION ( 'NONE',  ( -0.000000000000000000, -0.000000000000000000, -1.000000000000000000 ) ) ;
#1305 = CARTESIAN_POINT ( 'NONE',  ( 31.52613094839475849, 27.75073093496216003, 0.5000000000000000000 ) ) ;
#1306 = DIRECTION ( 'NONE',  ( 0.000000000000000000, 0.000000000000000000, 1.000000000000000000 ) ) ;
#1307 = AXIS2_PLACEMENT_3D ( 'NONE', #2420, #1695, #756 ) ;
#1308 = DIRECTION ( 'NONE',  ( 1.000000000000000000, 0.000000000000000000, 0.000000000000000000 ) ) ;
#1309 = ORIENTED_EDGE ( 'NONE', *, *, #41, .F. ) ;
#1310 = CARTESIAN_POINT ( 'NONE',  ( 23.74999999999999645, 27.00000000000000355, 11.40000000000000036 ) ) ;
#1311 = ORIENTED_EDGE ( 'NONE', *, *, #2418, .F. ) ;
#1312 = EDGE_CURVE ( 'NONE', #1214, #1495, #1407, .T. ) ;
#1313 = DIRECTION ( 'NONE',  ( 0.000000000000000000, 0.000000000000000000, 1.000000000000000000 ) ) ;
#1314 = ORIENTED_EDGE ( 'NONE', *, *, #2059, .T. ) ;
#1315 = AXIS2_PLACEMENT_3D ( 'NONE', #1034, #2344, #1746 ) ;
#1316 = LINE ( 'NONE', #2077, #360 ) ;
#1317 = DIRECTION ( 'NONE',  ( 0.000000000000000000, 0.000000000000000000, -1.000000000000000000 ) ) ;
#1318 = DIRECTION ( 'NONE',  ( -1.000000000000000000, 0.000000000000000000, 0.000000000000000000 ) ) ;
#1319 = CARTESIAN_POINT ( 'NONE',  ( -41.99993853224285800, -0.07185602146823094616, 4.000000000000000000 ) ) ;
#1320 = ORIENTED_EDGE ( 'NONE', *, *, #2005, .T. ) ;
#1321 = CARTESIAN_POINT ( 'NONE',  ( -9.999999999999998224, 9.999999999999991118, 0.000000000000000000 ) ) ;
#1322 = AXIS2_PLACEMENT_3D ( 'NONE', #1476, #1115, #2024 ) ;
#1323 = EDGE_LOOP ( 'NONE', ( #542, #1712, #1465, #2222 ) ) ;
#1324 = CIRCLE ( 'NONE', #71, 45.00000000000000000 ) ;
#1325 = CARTESIAN_POINT ( 'NONE',  ( 19.94999999999999574, -5.799999999999999822, 10.20000000000000107 ) ) ;
#1326 = VECTOR ( 'NONE', #1605, 1000.000000000000000 ) ;
#1327 = EDGE_LOOP ( 'NONE', ( #716, #1288, #467, #1022 ) ) ;
#1328 = EDGE_CURVE ( 'NONE', #1371, #28, #1239, .T. ) ;
#1329 = PLANE ( 'NONE',  #1731 ) ;
#1330 = FACE_OUTER_BOUND ( 'NONE', #1636, .T. ) ;
#1331 = DIRECTION ( 'NONE',  ( 1.000000000000000000, 0.000000000000000000, 0.000000000000000000 ) ) ;
#1332 = PLANE ( 'NONE',  #887 ) ;
#1333 = CIRCLE ( 'NONE', #2243, 40.49999999999999289 ) ;
#1334 = LINE ( 'NONE', #954, #2186 ) ;
#1335 = VERTEX_POINT ( 'NONE', #1968 ) ;
#1336 = DIRECTION ( 'NONE',  ( 0.000000000000000000, -1.000000000000000000, 0.000000000000000000 ) ) ;
#1337 = ORIENTED_EDGE ( 'NONE', *, *, #1537, .F. ) ;
#1338 = DIRECTION ( 'NONE',  ( -1.000000000000000000, 0.000000000000000000, 0.000000000000000000 ) ) ;
#1339 = DIRECTION ( 'NONE',  ( 1.000000000000000000, 8.153477892847148623E-13, 0.000000000000000000 ) ) ;
#1340 = CARTESIAN_POINT ( 'NONE',  ( -15.00000000000000000, 22.00000000000000355, 9.000000000000001776 ) ) ;
#1341 = EDGE_CURVE ( 'NONE', #2137, #1963, #26, .T. ) ;
#1342 = EDGE_CURVE ( 'NONE', #2096, #275, #1720, .T. ) ;
#1343 = LINE ( 'NONE', #411, #1862 ) ;
#1344 = MANIFOLD_SOLID_BREP ( 'Enl\X2\00e8\X0\v. mat.-Extru.3', #2076 ) ;
#1345 = CARTESIAN_POINT ( 'NONE',  ( -24.94999999999999929, 22.00000000000000355, 11.40000000000000036 ) ) ;
#1346 = AXIS2_PLACEMENT_3D ( 'NONE', #1935, #1146, #1353 ) ;
#1347 = EDGE_CURVE ( 'NONE', #899, #8, #1460, .T. ) ;
#1348 = ORIENTED_EDGE ( 'NONE', *, *, #742, .T. ) ;
#1349 = VERTEX_POINT ( 'NONE', #1782 ) ;
#1350 = CARTESIAN_POINT ( 'NONE',  ( 17.50000000000000000, 15.00000000000000000, 6.500000000000002665 ) ) ;
#1351 = ADVANCED_FACE ( 'NONE', ( #529 ), #775, .F. ) ;
#1352 = DIRECTION ( 'NONE',  ( 1.000000000000000000, -0.000000000000000000, 0.000000000000000000 ) ) ;
#1353 = DIRECTION ( 'NONE',  ( 0.000000000000000000, 0.000000000000000000, -1.000000000000000000 ) ) ;
#1354 = EDGE_CURVE ( 'NONE', #2413, #1101, #711, .T. ) ;
#1355 = EDGE_CURVE ( 'NONE', #1270, #1963, #137, .T. ) ;
#1356 = ADVANCED_FACE ( 'NONE', ( #1855 ), #666, .T. ) ;
#1357 = PLANE ( 'NONE',  #1280 ) ;
#1358 = EDGE_LOOP ( 'NONE', ( #1175, #1995, #1882, #536, #942, #873, #980 ) ) ;
#1359 = DIRECTION ( 'NONE',  ( 0.000000000000000000, 0.000000000000000000, 1.000000000000000000 ) ) ;
#1360 = EDGE_LOOP ( 'NONE', ( #1985, #1520, #656, #1657, #485, #1454, #774, #2167, #948, #2290, #1831, #1830, #2358, #1399 ) ) ;
#1361 = PLANE ( 'NONE',  #1619 ) ;
#1362 = ORIENTED_EDGE ( 'NONE', *, *, #758, .T. ) ;
#1363 = AXIS2_PLACEMENT_3D ( 'NONE', #1437, #1768, #80 ) ;
#1364 = VECTOR ( 'NONE', #700, 1000.000000000000000 ) ;
#1365 = DIRECTION ( 'NONE',  ( -1.000000000000000000, -0.000000000000000000, -0.000000000000000000 ) ) ;
#1366 = DIRECTION ( 'NONE',  ( 0.000000000000000000, 0.000000000000000000, 1.000000000000000000 ) ) ;
#1367 = FACE_OUTER_BOUND ( 'NONE', #1411, .T. ) ;
#1368 = AXIS2_PLACEMENT_3D ( 'NONE', #2261, #586, #1140 ) ;
#1369 = LINE ( 'NONE', #1157, #643 ) ;
#1370 = ORIENTED_EDGE ( 'NONE', *, *, #49, .F. ) ;
#1371 = VERTEX_POINT ( 'NONE', #889 ) ;
#1372 = AXIS2_PLACEMENT_3D ( 'NONE', #1941, #259, #1957 ) ;
#1373 = EDGE_CURVE ( 'NONE', #1161, #116, #1211, .T. ) ;
#1374 = AXIS2_PLACEMENT_3D ( 'NONE', #1325, #220, #2252 ) ;
#1375 = CYLINDRICAL_SURFACE ( 'NONE', #20, 2.499999999999998668 ) ;
#1376 = CARTESIAN_POINT ( 'NONE',  ( -15.00000000000000000, 14.99999999999999289, 0.000000000000000000 ) ) ;
#1377 = VECTOR ( 'NONE', #1883, 1000.000000000000000 ) ;
#1378 = ORIENTED_EDGE ( 'NONE', *, *, #1435, .T. ) ;
#1379 = CARTESIAN_POINT ( 'NONE',  ( -20.93774012611494939, -36.40894173704140968, 8.975819329687391601 ) ) ;
#1380 = DIRECTION ( 'NONE',  ( 1.000000000000000000, -0.000000000000000000, 0.000000000000000000 ) ) ;
#1381 = PLANE ( 'NONE',  #1833 ) ;
#1382 = CARTESIAN_POINT ( 'NONE',  ( -15.00000000000000000, 0.000000000000000000, 2.500000000000000000 ) ) ;
#1383 = VERTEX_POINT ( 'NONE', #1448 ) ;
#1384 = CARTESIAN_POINT ( 'NONE',  ( 18.53553390593273775, -1.035533905932736864, 4.000000000000000000 ) ) ;
#1385 = ORIENTED_EDGE ( 'NONE', *, *, #1977, .T. ) ;
#1386 = VECTOR ( 'NONE', #390, 1000.000000000000227 ) ;
#1387 = AXIS2_PLACEMENT_3D ( 'NONE', #1168, #256, #1331 ) ;
#1388 = FACE_OUTER_BOUND ( 'NONE', #265, .T. ) ;
#1389 = CYLINDRICAL_SURFACE ( 'NONE', #2010, 2.499999999999998668 ) ;
#1390 = EDGE_LOOP ( 'NONE', ( #475, #406, #1840, #1700 ) ) ;
#1391 = PLANE ( 'NONE',  #327 ) ;
#1392 = DIRECTION ( 'NONE',  ( 0.6494480483301797724, 0.7604059656000342615, 0.000000000000000000 ) ) ;
#1393 = CARTESIAN_POINT ( 'NONE',  ( 44.99993414168877592, 0.07698859443024366755, 0.000000000000000000 ) ) ;
#1394 = CARTESIAN_POINT ( 'NONE',  ( 17.49999999999999645, 1.338034531249483241E-15, 7.964466094067262247 ) ) ;
#1395 = VERTEX_POINT ( 'NONE', #918 ) ;
#1396 = CIRCLE ( 'NONE', #1673, 41.49999999999996447 ) ;
#1397 = DIRECTION ( 'NONE',  ( 1.000000000000000000, 0.000000000000000000, 0.000000000000000000 ) ) ;
#1398 = CARTESIAN_POINT ( 'NONE',  ( -22.43329299226604334, -39.00958043254436802, 0.000000000000000000 ) ) ;
#1399 = ORIENTED_EDGE ( 'NONE', *, *, #2171, .T. ) ;
#1400 = CARTESIAN_POINT ( 'NONE',  ( 17.50000000000000000, -2.499999999999998668, 6.500000000000002665 ) ) ;
#1401 = ORIENTED_EDGE ( 'NONE', *, *, #1051, .T. ) ;
#1402 = VERTEX_POINT ( 'NONE', #2390 ) ;
#1403 = LINE ( 'NONE', #2168, #1268 ) ;
#1404 = CARTESIAN_POINT ( 'NONE',  ( 18.53553390593273775, 16.03553390593273775, 4.000000000000000000 ) ) ;
#1405 = CARTESIAN_POINT ( 'NONE',  ( -20.21762401608423332, -35.09270122324944907, 2.500000000000000444 ) ) ;
#1406 = PRESENTATION_LAYER_ASSIGNMENT (  '', '', ( #1645 ) ) ;
#1407 = LINE ( 'NONE', #2141, #934 ) ;
#1408 = ORIENTED_EDGE ( 'NONE', *, *, #1687, .T. ) ;
#1409 = DIRECTION ( 'NONE',  ( -1.000000000000000000, 0.000000000000000000, 0.000000000000000000 ) ) ;
#1410 = CARTESIAN_POINT ( 'NONE',  ( -17.50000000000000000, -2.499999999999998668, 4.000000000000000000 ) ) ;
#1411 = EDGE_LOOP ( 'NONE', ( #1401, #178, #1245, #640, #1948 ) ) ;
#1412 = CARTESIAN_POINT ( 'NONE',  ( 19.94999999999999574, -5.799999999999999822, 11.40000000000000036 ) ) ;
#1413 = CARTESIAN_POINT ( 'NONE',  ( 20.93774012611495294, -36.40894173704141679, 11.40000000000000036 ) ) ;
#1414 = EDGE_LOOP ( 'NONE', ( #2004, #2107, #1243, #965 ) ) ;
#1415 = AXIS2_PLACEMENT_3D ( 'NONE', #1103, #1079, #897 ) ;
#1416 = CARTESIAN_POINT ( 'NONE',  ( -44.94229256761045832, 2.278231499937180438, 8.975819329687391601 ) ) ;
#1417 = CIRCLE ( 'NONE', #1976, 45.00000000000000000 ) ;
#1418 = LINE ( 'NONE', #1025, #1925 ) ;
#1419 = CARTESIAN_POINT ( 'NONE',  ( -19.94999999999999574, -5.800000000000007816, 11.40000000000000036 ) ) ;
#1420 =( BOUNDED_CURVE ( )  B_SPLINE_CURVE ( 3, ( #631, #1404, #1568, #443 ),
 .UNSPECIFIED., .F., .T. ) 
 B_SPLINE_CURVE_WITH_KNOTS ( ( 4, 4 ),
 ( 4.712388980384689674, 6.283185307179586232 ),
 .UNSPECIFIED. ) 
 CURVE ( )  GEOMETRIC_REPRESENTATION_ITEM ( )  RATIONAL_B_SPLINE_CURVE ( ( 1.000000000000000000, 0.8047378541243649375, 0.8047378541243649375, 1.000000000000000000 ) ) 
 REPRESENTATION_ITEM ( '' )  );
#1421 = DIRECTION ( 'NONE',  ( -1.000000000000000000, 0.000000000000000000, 0.000000000000000000 ) ) ;
#1422 = ADVANCED_FACE ( 'NONE', ( #1093 ), #2217, .F. ) ;
#1423 = CYLINDRICAL_SURFACE ( 'NONE', #2142, 2.499999999999998668 ) ;
#1424 = CARTESIAN_POINT ( 'NONE',  ( -17.50000000000000000, 15.00000000000000000, 6.499999999999999112 ) ) ;
#1425 = ORIENTED_EDGE ( 'NONE', *, *, #1689, .F. ) ;
#1426 = EDGE_CURVE ( 'NONE', #1371, #2384, #1486, .T. ) ;
#1427 = DIRECTION ( 'NONE',  ( -0.000000000000000000, 1.000000000000000000, -0.000000000000000000 ) ) ;
#1428 = CARTESIAN_POINT ( 'NONE',  ( 23.74999999999999645, -2.000000000000005329, 10.20000000000000107 ) ) ;
#1429 = VERTEX_POINT ( 'NONE', #1845 ) ;
#1430 = VECTOR ( 'NONE', #185, 1000.000000000000000 ) ;
#1431 = AXIS2_PLACEMENT_3D ( 'NONE', #2210, #1291, #2045 ) ;
#1432 = DIRECTION ( 'NONE',  ( -0.000000000000000000, -0.000000000000000000, 1.000000000000000000 ) ) ;
#1433 = DIRECTION ( 'NONE',  ( -0.6494480483301821039, -0.7604059656000322631, 0.000000000000000000 ) ) ;
#1434 = DIRECTION ( 'NONE',  ( -0.000000000000000000, -0.000000000000000000, -1.000000000000000000 ) ) ;
#1435 = EDGE_CURVE ( 'NONE', #266, #1063, #2163, .T. ) ;
#1436 = EDGE_CURVE ( 'NONE', #1203, #2085, #547, .T. ) ;
#1437 = CARTESIAN_POINT ( 'NONE',  ( 0.000000000000000000, 0.000000000000000000, 0.9999999999999731326 ) ) ;
#1438 =( BOUNDED_CURVE ( )  B_SPLINE_CURVE ( 3, ( #623, #636, #1384, #2131 ),
 .UNSPECIFIED., .F., .F. ) 
 B_SPLINE_CURVE_WITH_KNOTS ( ( 4, 4 ),
 ( 3.141592653589793116, 4.712388980384689674 ),
 .UNSPECIFIED. ) 
 CURVE ( )  GEOMETRIC_REPRESENTATION_ITEM ( )  RATIONAL_B_SPLINE_CURVE ( ( 1.000000000000000000, 0.8047378541243649375, 0.8047378541243649375, 1.000000000000000000 ) ) 
 REPRESENTATION_ITEM ( '' )  );
#1439 = ADVANCED_FACE ( 'NONE', ( #1836 ), #365, .T. ) ;
#1440 = EDGE_CURVE ( 'NONE', #2017, #1094, #353, .T. ) ;
#1441 = CARTESIAN_POINT ( 'NONE',  ( 41.99993853224285800, 0.07185602146822919756, 8.975819329687391601 ) ) ;
#1442 = CARTESIAN_POINT ( 'NONE',  ( -20.00000000000000000, 17.49999999999999645, 9.000000000000001776 ) ) ;
#1443 = ORIENTED_EDGE ( 'NONE', *, *, #551, .T. ) ;
#1444 = ORIENTED_EDGE ( 'NONE', *, *, #1944, .T. ) ;
#1445 = VERTEX_POINT ( 'NONE', #740 ) ;
#1446 = CARTESIAN_POINT ( 'NONE',  ( -24.44415263845289132, -37.78205131789454185, 2.500000000000000444 ) ) ;
#1447 = CARTESIAN_POINT ( 'NONE',  ( 43.72588679671901701, -10.63234799282423637, 2.500000000000000000 ) ) ;
#1448 = CARTESIAN_POINT ( 'NONE',  ( 20.93774012611496005, 36.40894173704140968, 4.000000000000000000 ) ) ;
#1449 = EDGE_LOOP ( 'NONE', ( #544, #1076, #235, #1463 ) ) ;
#1450 = CARTESIAN_POINT ( 'NONE',  ( 17.50000000000000000, -23.75710593621603195, 4.000000000000000000 ) ) ;
#1451 = DIRECTION ( 'NONE',  ( 0.000000000000000000, 1.000000000000000000, 0.000000000000000000 ) ) ;
#1452 = VERTEX_POINT ( 'NONE', #1124 ) ;
#1453 =( NAMED_UNIT ( * ) SI_UNIT ( $, .STERADIAN. ) SOLID_ANGLE_UNIT ( ) );
#1454 = ORIENTED_EDGE ( 'NONE', *, *, #49, .T. ) ;
#1455 = ORIENTED_EDGE ( 'NONE', *, *, #560, .T. ) ;
#1456 = EDGE_CURVE ( 'NONE', #1792, #1591, #701, .T. ) ;
#1457 = EDGE_CURVE ( 'NONE', #2121, #669, #387, .T. ) ;
#1458 = CARTESIAN_POINT ( 'NONE',  ( -23.74999999999999645, -2.000000000000011990, 10.20000000000000107 ) ) ;
#1459 = VECTOR ( 'NONE', #1496, 1000.000000000000000 ) ;
#1460 = LINE ( 'NONE', #2245, #272 ) ;
#1461 = EDGE_LOOP ( 'NONE', ( #344, #44, #47, #851 ) ) ;
#1462 = CARTESIAN_POINT ( 'NONE',  ( 17.50000000000000000, 17.49999999999999645, 6.500000000000002665 ) ) ;
#1463 = ORIENTED_EDGE ( 'NONE', *, *, #1110, .T. ) ;
#1464 =( NAMED_UNIT ( * ) PLANE_ANGLE_UNIT ( ) SI_UNIT ( $, .RADIAN. ) );
#1465 = ORIENTED_EDGE ( 'NONE', *, *, #2155, .F. ) ;
#1466 = VERTEX_POINT ( 'NONE', #1739 ) ;
#1467 = EDGE_CURVE ( 'NONE', #1300, #2402, #1884, .T. ) ;
#1468 = DIRECTION ( 'NONE',  ( 0.000000000000000000, 0.000000000000000000, 1.000000000000000000 ) ) ;
#1469 = AXIS2_PLACEMENT_3D ( 'NONE', #741, #1087, #1839 ) ;
#1470 = DIRECTION ( 'NONE',  ( 1.000000000000000000, 0.000000000000000000, 0.000000000000000000 ) ) ;
#1471 = FACE_OUTER_BOUND ( 'NONE', #261, .T. ) ;
#1472 = VERTEX_POINT ( 'NONE', #1910 ) ;
#1473 = CARTESIAN_POINT ( 'NONE',  ( 0.000000000000000000, 0.000000000000000000, 0.000000000000000000 ) ) ;
#1474 = ORIENTED_EDGE ( 'NONE', *, *, #1290, .F. ) ;
#1475 = ORIENTED_EDGE ( 'NONE', *, *, #166, .T. ) ;
#1476 = CARTESIAN_POINT ( 'NONE',  ( 0.000000000000000000, 0.000000000000000000, 2.500000000000000000 ) ) ;
#1477 = EDGE_CURVE ( 'NONE', #1495, #785, #431, .T. ) ;
#1478 = B_SPLINE_CURVE_WITH_KNOTS ( 'NONE', 3,
 ( #606, #1749, #1183, #776 ),
 .UNSPECIFIED., .F., .F.,
 ( 4, 4 ),
 ( 2.828233570913139522E-07, 0.001414851251690165844 ),
 .UNSPECIFIED. ) ;
#1479 = CARTESIAN_POINT ( 'NONE',  ( 0.000000000000000000, 0.000000000000000000, 2.500000000000000000 ) ) ;
#1480 = ORIENTED_EDGE ( 'NONE', *, *, #1868, .F. ) ;
#1481 = AXIS2_PLACEMENT_3D ( 'NONE', #187, #1313, #935 ) ;
#1482 = AXIS2_PLACEMENT_3D ( 'NONE', #114, #2194, #872 ) ;
#1483 = EDGE_LOOP ( 'NONE', ( #1778, #1927, #2046, #2048 ) ) ;
#1484 = ORIENTED_EDGE ( 'NONE', *, *, #1440, .T. ) ;
#1485 = CARTESIAN_POINT ( 'NONE',  ( 15.00000000000000000, 22.00000000000000355, 11.40000000000000036 ) ) ;
#1486 = LINE ( 'NONE', #1305, #2009 ) ;
#1487 = LINE ( 'NONE', #1676, #1664 ) ;
#1488 = AXIS2_PLACEMENT_3D ( 'NONE', #1188, #1989, #96 ) ;
#1489 = CIRCLE ( 'NONE', #1575, 1.199999999999999734 ) ;
#1490 = DIRECTION ( 'NONE',  ( -0.000000000000000000, -0.000000000000000000, 1.000000000000000000 ) ) ;
#1491 = VECTOR ( 'NONE', #24, 1000.000000000000000 ) ;
#1492 = ORIENTED_EDGE ( 'NONE', *, *, #1347, .T. ) ;
#1493 = ADVANCED_FACE ( 'NONE', ( #572 ), #14, .F. ) ;
#1494 = PLANE ( 'NONE',  #31 ) ;
#1495 = VERTEX_POINT ( 'NONE', #224 ) ;
#1496 = DIRECTION ( 'NONE',  ( -0.6494480483301823259, -0.7604059656000321521, 0.000000000000000000 ) ) ;
#1497 = ORIENTED_EDGE ( 'NONE', *, *, #1030, .F. ) ;
#1498 = DIRECTION ( 'NONE',  ( 0.000000000000000000, 0.000000000000000000, -1.000000000000000000 ) ) ;
#1499 = PLANE ( 'NONE',  #1 ) ;
#1500 = DIRECTION ( 'NONE',  ( 0.000000000000000000, 0.000000000000000000, -1.000000000000000000 ) ) ;
#1501 = EDGE_CURVE ( 'NONE', #524, #976, #1519, .T. ) ;
#1502 = ADVANCED_FACE ( 'NONE', ( #2268 ), #53, .F. ) ;
#1503 = VECTOR ( 'NONE', #193, 1000.000000000000000 ) ;
#1504 = CIRCLE ( 'NONE', #1469, 1.199999999999999734 ) ;
#1505 = CARTESIAN_POINT ( 'NONE',  ( 42.77368981425397720, -13.97896489994826119, 0.000000000000000000 ) ) ;
#1506 = ORIENTED_EDGE ( 'NONE', *, *, #1549, .F. ) ;
#1507 = ADVANCED_FACE ( 'NONE', ( #2123 ), #789, .T. ) ;
#1508 = ORIENTED_EDGE ( 'NONE', *, *, #1887, .T. ) ;
#1509 = ORIENTED_EDGE ( 'NONE', *, *, #610, .F. ) ;
#1510 =( BOUNDED_CURVE ( )  B_SPLINE_CURVE ( 3, ( #962, #1717, #768, #1741 ),
 .UNSPECIFIED., .F., .T. ) 
 B_SPLINE_CURVE_WITH_KNOTS ( ( 4, 4 ),
 ( 3.141592653589793116, 4.712388980384689674 ),
 .UNSPECIFIED. ) 
 CURVE ( )  GEOMETRIC_REPRESENTATION_ITEM ( )  RATIONAL_B_SPLINE_CURVE ( ( 1.000000000000000000, 0.8047378541243649375, 0.8047378541243649375, 1.000000000000000000 ) ) 
 REPRESENTATION_ITEM ( '' )  );
#1511 = LINE ( 'NONE', #1917, #1888 ) ;
#1512 = VERTEX_POINT ( 'NONE', #1875 ) ;
#1513 = CIRCLE ( 'NONE', #1092, 40.49999999999999289 ) ;
#1514 = CARTESIAN_POINT ( 'NONE',  ( 17.50000000000000711, -6.933263352232979225E-15, 2.500000000000000000 ) ) ;
#1515 = DIRECTION ( 'NONE',  ( 0.000000000000000000, -1.000000000000000000, 0.000000000000000000 ) ) ;
#1516 = DIRECTION ( 'NONE',  ( 0.000000000000000000, 1.000000000000000000, 0.000000000000000000 ) ) ;
#1517 = DIRECTION ( 'NONE',  ( -0.8668795651676526326, 0.4985176220503560462, 0.000000000000000000 ) ) ;
#1518 = CARTESIAN_POINT ( 'NONE',  ( 33.49298362909330962, 30.05361954276536807, 0.000000000000000000 ) ) ;
#1519 = CIRCLE ( 'NONE', #1293, 41.99999999999999289 ) ;
#1520 = ORIENTED_EDGE ( 'NONE', *, *, #2172, .T. ) ;
#1521 = CARTESIAN_POINT ( 'NONE',  ( 0.000000000000000000, 0.000000000000000000, 2.500000000000000000 ) ) ;
#1522 = CIRCLE ( 'NONE', #464, 25.00000000000000000 ) ;
#1523 = ORIENTED_EDGE ( 'NONE', *, *, #735, .T. ) ;
#1524 = ADVANCED_FACE ( 'NONE', ( #1727 ), #1690, .F. ) ;
#1525 = ADVANCED_FACE ( 'NONE', ( #1330 ), #38, .F. ) ;
#1526 = CARTESIAN_POINT ( 'NONE',  ( -32.71800584815095192, -30.91728649952169405, 1.164070905011809653 ) ) ;
#1527 = DIRECTION ( 'NONE',  ( 0.000000000000000000, 0.000000000000000000, -1.000000000000000000 ) ) ;
#1528 = DIRECTION ( 'NONE',  ( -0.9832549075639555047, 0.1822355254921424472, 0.000000000000000000 ) ) ;
#1529 = ADVANCED_FACE ( 'NONE', ( #2306 ), #2089, .T. ) ;
#1530 = FACE_OUTER_BOUND ( 'NONE', #362, .T. ) ;
#1531 = VECTOR ( 'NONE', #1432, 1000.000000000000000 ) ;
#1532 = CIRCLE ( 'NONE', #1181, 41.99999999999999289 ) ;
#1533 = DIRECTION ( 'NONE',  ( 0.000000000000000000, -1.000000000000000000, 0.000000000000000000 ) ) ;
#1534 = ORIENTED_EDGE ( 'NONE', *, *, #1942, .T. ) ;
#1535 = DIRECTION ( 'NONE',  ( -0.000000000000000000, -0.000000000000000000, -1.000000000000000000 ) ) ;
#1536 = ORIENTED_EDGE ( 'NONE', *, *, #1278, .F. ) ;
#1537 = EDGE_CURVE ( 'NONE', #2209, #968, #1417, .T. ) ;
#1538 = ORIENTED_EDGE ( 'NONE', *, *, #964, .T. ) ;
#1539 = EDGE_CURVE ( 'NONE', #2384, #2016, #1920, .T. ) ;
#1540 = DIRECTION ( 'NONE',  ( -0.000000000000000000, -0.000000000000000000, -1.000000000000000000 ) ) ;
#1541 = DIRECTION ( 'NONE',  ( 0.9832549075639560598, -0.1822355254921395329, 0.000000000000000000 ) ) ;
#1542 = DIRECTION ( 'NONE',  ( -1.000000000000000000, 0.000000000000000000, -0.000000000000000000 ) ) ;
#1543 = DIRECTION ( 'NONE',  ( -1.000000000000000000, 0.000000000000000000, 0.000000000000000000 ) ) ;
#1544 = AXIS2_PLACEMENT_3D ( 'NONE', #17, #370, #230 ) ;
#1545 = AXIS2_PLACEMENT_3D ( 'NONE', #2219, #1678, #366 ) ;
#1546 = CARTESIAN_POINT ( 'NONE',  ( -15.00000000000000000, 14.99999999999999289, 11.40000000000000036 ) ) ;
#1547 = AXIS2_PLACEMENT_3D ( 'NONE', #694, #509, #1318 ) ;
#1548 = VERTEX_POINT ( 'NONE', #754 ) ;
#1549 = EDGE_CURVE ( 'NONE', #1153, #1118, #2244, .T. ) ;
#1550 = CARTESIAN_POINT ( 'NONE',  ( 19.94999999999999574, -1.999999999999997335, 10.20000000000000107 ) ) ;
#1551 = ORIENTED_EDGE ( 'NONE', *, *, #841, .F. ) ;
#1552 = CARTESIAN_POINT ( 'NONE',  ( 20.52605818201634591, -35.68426306619990385, 0.3334397729420598422 ) ) ;
#1553 = CARTESIAN_POINT ( 'NONE',  ( 0.000000000000000000, 0.000000000000000000, 2.500000000000000000 ) ) ;
#1554 = CARTESIAN_POINT ( 'NONE',  ( 41.96450619081783628, -1.726331416852328271, 2.500000000000000000 ) ) ;
#1555 = CARTESIAN_POINT ( 'NONE',  ( -24.44415263845289132, -37.78205131789454185, 4.000000000000000000 ) ) ;
#1556 = CONICAL_SURFACE ( 'NONE', #1754, 40.49999999999999289, 0.7853981633974482790 ) ;
#1557 = ADVANCED_FACE ( 'NONE', ( #2099 ), #1499, .F. ) ;
#1558 = EDGE_LOOP ( 'NONE', ( #2218, #2070, #535, #324 ) ) ;
#1559 = DIRECTION ( 'NONE',  ( -0.000000000000000000, 1.000000000000000000, -0.000000000000000000 ) ) ;
#1560 = ORIENTED_EDGE ( 'NONE', *, *, #1341, .F. ) ;
#1561 = APPLICATION_CONTEXT ( 'automotive_design' ) ;
#1562 = DIRECTION ( 'NONE',  ( -1.000000000000000000, -1.956455048094143655E-16, 0.000000000000000000 ) ) ;
#1563 = FACE_OUTER_BOUND ( 'NONE', #258, .T. ) ;
#1564 = ORIENTED_EDGE ( 'NONE', *, *, #2410, .T. ) ;
#1565 = VECTOR ( 'NONE', #1533, 1000.000000000000000 ) ;
#1566 = AXIS2_PLACEMENT_3D ( 'NONE', #826, #438, #1760 ) ;
#1567 = CARTESIAN_POINT ( 'NONE',  ( -23.74999999999999645, 22.00000000000000355, 9.000000000000001776 ) ) ;
#1568 = CARTESIAN_POINT ( 'NONE',  ( 17.50000000000000000, 15.00000000000000000, 5.035533905932736864 ) ) ;
#1569 = CARTESIAN_POINT ( 'NONE',  ( 0.4530189984854282592, 2.444271786621053266, 2.500000000000000000 ) ) ;
#1570 = LINE ( 'NONE', #1382, #1254 ) ;
#1571 = EDGE_LOOP ( 'NONE', ( #1783, #1028, #1508, #591, #111 ) ) ;
#1572 = CARTESIAN_POINT ( 'NONE',  ( -15.00000000000000000, 37.61980861195335279, 0.9999999999999731326 ) ) ;
#1573 = VERTEX_POINT ( 'NONE', #607 ) ;
#1574 = CIRCLE ( 'NONE', #123, 25.00000000000000000 ) ;
#1575 = AXIS2_PLACEMENT_3D ( 'NONE', #1458, #181, #885 ) ;
#1576 = DIRECTION ( 'NONE',  ( -1.000000000000000000, 0.000000000000000000, 0.000000000000000000 ) ) ;
#1577 = FACE_OUTER_BOUND ( 'NONE', #1193, .T. ) ;
#1578 = EDGE_LOOP ( 'NONE', ( #2437, #526, #70, #2204 ) ) ;
#1579 = VERTEX_POINT ( 'NONE', #239 ) ;
#1580 = DIRECTION ( 'NONE',  ( -0.000000000000000000, -0.000000000000000000, -1.000000000000000000 ) ) ;
#1581 = DIRECTION ( 'NONE',  ( 0.000000000000000000, 0.000000000000000000, 1.000000000000000000 ) ) ;
#1582 = LINE ( 'NONE', #134, #2429 ) ;
#1583 = CARTESIAN_POINT ( 'NONE',  ( -44.94229256761045832, 2.278231499937180882, 4.000000000000000000 ) ) ;
#1584 = ORIENTED_EDGE ( 'NONE', *, *, #310, .T. ) ;
#1585 = DIRECTION ( 'NONE',  ( -1.000000000000000000, -1.956455048094143655E-16, 0.000000000000000000 ) ) ;
#1586 = CARTESIAN_POINT ( 'NONE',  ( 40.77128780713184852, -10.08474543793849953, 2.500000000000000000 ) ) ;
#1587 = EDGE_LOOP ( 'NONE', ( #651, #102, #2036, #860 ) ) ;
#1588 = AXIS2_PLACEMENT_3D ( 'NONE', #2211, #2394, #1500 ) ;
#1589 = CARTESIAN_POINT ( 'NONE',  ( 22.43329299226602913, 39.00958043254436802, 0.000000000000000000 ) ) ;
#1590 = DIRECTION ( 'NONE',  ( -0.000000000000000000, -0.000000000000000000, 1.000000000000000000 ) ) ;
#1591 = VERTEX_POINT ( 'NONE', #984 ) ;
#1592 = DIRECTION ( 'NONE',  ( -1.000000000000000000, -0.000000000000000000, -0.000000000000000000 ) ) ;
#1593 = DIRECTION ( 'NONE',  ( -0.000000000000000000, -0.000000000000000000, 1.000000000000000000 ) ) ;
#1594 = CARTESIAN_POINT ( 'NONE',  ( -31.52613094839475849, -27.75073093496216359, 0.5000000000000000000 ) ) ;
#1595 = DIRECTION ( 'NONE',  ( 0.000000000000000000, 0.000000000000000000, -1.000000000000000000 ) ) ;
#1596 = ORIENTED_EDGE ( 'NONE', *, *, #1537, .T. ) ;
#1597 = DIRECTION ( 'NONE',  ( 0.000000000000000000, 0.000000000000000000, 1.000000000000000000 ) ) ;
#1598 = CARTESIAN_POINT ( 'NONE',  ( 0.000000000000000000, 0.000000000000000000, 0.000000000000000000 ) ) ;
#1599 = ORIENTED_EDGE ( 'NONE', *, *, #1467, .T. ) ;
#1600 = CARTESIAN_POINT ( 'NONE',  ( 20.00000000000000000, 0.000000000000000000, 9.000000000000001776 ) ) ;
#1601 = CARTESIAN_POINT ( 'NONE',  ( 31.52613094839475849, 27.75073093496216003, 2.500000000000000000 ) ) ;
#1602 = ORIENTED_EDGE ( 'NONE', *, *, #2125, .T. ) ;
#1603 = LINE ( 'NONE', #874, #1973 ) ;
#1604 = CARTESIAN_POINT ( 'NONE',  ( 44.99993414168877592, 0.07698859443024366755, 0.000000000000000000 ) ) ;
#1605 = DIRECTION ( 'NONE',  ( 0.6494480483301821039, 0.7604059656000322631, 0.000000000000000000 ) ) ;
#1606 = AXIS2_PLACEMENT_3D ( 'NONE', #1283, #1104, #2065 ) ;
#1607 = ADVANCED_FACE ( 'NONE', ( #119 ), #644, .F. ) ;
#1608 = CIRCLE ( 'NONE', #1964, 41.99999999999999289 ) ;
#1609 = DIRECTION ( 'NONE',  ( 0.6494480483301798834, 0.7604059656000341505, 0.000000000000000000 ) ) ;
#1610 = EDGE_CURVE ( 'NONE', #1918, #146, #1808, .T. ) ;
#1611 = CARTESIAN_POINT ( 'NONE',  ( -31.07082686202190303, -32.55155477254901086, 2.500000000000000000 ) ) ;
#1612 = CARTESIAN_POINT ( 'NONE',  ( -17.50000000000000000, 15.00000000000000000, 6.500000000000002665 ) ) ;
#1613 = ORIENTED_EDGE ( 'NONE', *, *, #816, .T. ) ;
#1614 = DIRECTION ( 'NONE',  ( 0.000000000000000000, 0.000000000000000000, -1.000000000000000000 ) ) ;
#1615 = EDGE_CURVE ( 'NONE', #350, #1371, #2284, .T. ) ;
#1616 = CARTESIAN_POINT ( 'NONE',  ( -44.99993414168879013, -0.07698859443024742844, 0.000000000000000000 ) ) ;
#1617 = ORIENTED_EDGE ( 'NONE', *, *, #1707, .T. ) ;
#1618 = EDGE_CURVE ( 'NONE', #266, #835, #1418, .T. ) ;
#1619 = AXIS2_PLACEMENT_3D ( 'NONE', #1734, #46, #1873 ) ;
#1620 = DIRECTION ( 'NONE',  ( 0.000000000000000000, 1.000000000000000000, -0.000000000000000000 ) ) ;
#1621 = CIRCLE ( 'NONE', #40, 5.000000000000000888 ) ;
#1622 = CARTESIAN_POINT ( 'NONE',  ( 41.96450619081783628, -1.726331416852328271, 8.975819329687391601 ) ) ;
#1623 = LINE ( 'NONE', #1781, #2144 ) ;
#1624 = EDGE_CURVE ( 'NONE', #527, #1043, #817, .T. ) ;
#1625 = EDGE_CURVE ( 'NONE', #781, #2012, #2169, .T. ) ;
#1626 = DIRECTION ( 'NONE',  ( 0.000000000000000000, 0.000000000000000000, -1.000000000000000000 ) ) ;
#1627 = PLANE ( 'NONE',  #867 ) ;
#1628 = CARTESIAN_POINT ( 'NONE',  ( 15.00000000000000000, 17.49999999999999645, 6.499999999999999112 ) ) ;
#1629 = ORIENTED_EDGE ( 'NONE', *, *, #1868, .T. ) ;
#1630 = VERTEX_POINT ( 'NONE', #2373 ) ;
#1631 = VERTEX_POINT ( 'NONE', #1604 ) ;
#1632 = VECTOR ( 'NONE', #1147, 1000.000000000000000 ) ;
#1633 = DIRECTION ( 'NONE',  ( -0.4985176220503568789, -0.8668795651676520775, -0.000000000000000000 ) ) ;
#1634 = CARTESIAN_POINT ( 'NONE',  ( -29.95612029380056640, -29.46148915388760514, 1.830731202677668534 ) ) ;
#1635 = DIRECTION ( 'NONE',  ( -0.000000000000000000, -0.000000000000000000, -1.000000000000000000 ) ) ;
#1636 = EDGE_LOOP ( 'NONE', ( #498, #1227, #59, #1189 ) ) ;
#1637 = FACE_OUTER_BOUND ( 'NONE', #1323, .T. ) ;
#1638 = EDGE_CURVE ( 'NONE', #813, #2094, #1750, .T. ) ;
#1639 = CARTESIAN_POINT ( 'NONE',  ( 23.74999999999999645, 22.00000000000000355, 11.40000000000000036 ) ) ;
#1640 = ORIENTED_EDGE ( 'NONE', *, *, #548, .T. ) ;
#1641 = CARTESIAN_POINT ( 'NONE',  ( 40.49245818748670445, -11.21201659630990832, 1.830731202677664538 ) ) ;
#1642 = ORIENTED_EDGE ( 'NONE', *, *, #997, .T. ) ;
#1643 = ORIENTED_EDGE ( 'NONE', *, *, #1342, .T. ) ;
#1644 = FACE_OUTER_BOUND ( 'NONE', #197, .T. ) ;
#1645 = STYLED_ITEM ( 'NONE', ( #307 ), #1344 ) ;
#1646 = DIRECTION ( 'NONE',  ( -0.000000000000000000, -0.000000000000000000, -1.000000000000000000 ) ) ;
#1647 = ORIENTED_EDGE ( 'NONE', *, *, #2059, .F. ) ;
#1648 = VECTOR ( 'NONE', #675, 1000.000000000000000 ) ;
#1649 = CARTESIAN_POINT ( 'NONE',  ( 9.999999999999998224, 9.999999999999991118, 0.000000000000000000 ) ) ;
#1650 = ORIENTED_EDGE ( 'NONE', *, *, #739, .T. ) ;
#1651 = ORIENTED_EDGE ( 'NONE', *, *, #495, .F. ) ;
#1652 = ORIENTED_EDGE ( 'NONE', *, *, #2152, .F. ) ;
#1653 = CARTESIAN_POINT ( 'NONE',  ( 0.000000000000000000, 0.000000000000000000, 4.000000000000000000 ) ) ;
#1654 = CIRCLE ( 'NONE', #238, 3.799999999999996270 ) ;
#1655 = DIRECTION ( 'NONE',  ( -0.000000000000000000, -0.000000000000000000, -1.000000000000000000 ) ) ;
#1656 = CARTESIAN_POINT ( 'NONE',  ( -15.00000000000000000, 38.69431482789167376, 0.000000000000000000 ) ) ;
#1657 = ORIENTED_EDGE ( 'NONE', *, *, #2206, .T. ) ;
#1658 =( LENGTH_UNIT ( ) NAMED_UNIT ( * ) SI_UNIT ( .MILLI., .METRE. ) );
#1659 = ORIENTED_EDGE ( 'NONE', *, *, #1373, .T. ) ;
#1660 = ORIENTED_EDGE ( 'NONE', *, *, #2103, .T. ) ;
#1661 = CARTESIAN_POINT ( 'NONE',  ( -9.999999999999998224, 14.99999999999999289, 11.40000000000000036 ) ) ;
#1662 = EDGE_CURVE ( 'NONE', #2277, #202, #1621, .T. ) ;
#1663 = CIRCLE ( 'NONE', #491, 40.49999999999999289 ) ;
#1664 = VECTOR ( 'NONE', #1259, 1000.000000000000000 ) ;
#1665 =( LENGTH_UNIT ( ) NAMED_UNIT ( * ) SI_UNIT ( .MILLI., .METRE. ) );
#1666 = CARTESIAN_POINT ( 'NONE',  ( -19.94999999999999574, -7.000000000000006217, 10.20000000000000107 ) ) ;
#1667 = EDGE_LOOP ( 'NONE', ( #2202, #2149, #2039, #2314 ) ) ;
#1668 =( BOUNDED_CURVE ( )  B_SPLINE_CURVE ( 3, ( #1447, #689, #1040, #106 ),
 .UNSPECIFIED., .F., .T. ) 
 B_SPLINE_CURVE_WITH_KNOTS ( ( 4, 4 ),
 ( 4.767659302458785220, 4.844999532772895634 ),
 .UNSPECIFIED. ) 
 CURVE ( )  GEOMETRIC_REPRESENTATION_ITEM ( )  RATIONAL_B_SPLINE_CURVE ( ( 1.000000000000000000, 0.9995016028435612654, 0.9995016028435612654, 1.000000000000000000 ) ) 
 REPRESENTATION_ITEM ( '' )  );
#1669 = SHAPE_DEFINITION_REPRESENTATION ( #2078, #199 ) ;
#1670 = ORIENTED_EDGE ( 'NONE', *, *, #43, .T. ) ;
#1671 = ORIENTED_EDGE ( 'NONE', *, *, #233, .F. ) ;
#1672 = CARTESIAN_POINT ( 'NONE',  ( -40.49245818748669024, 11.21201659630992076, 1.830731202677655212 ) ) ;
#1673 = AXIS2_PLACEMENT_3D ( 'NONE', #1775, #483, #427 ) ;
#1674 = EDGE_CURVE ( 'NONE', #1383, #425, #1532, .T. ) ;
#1675 = DIRECTION ( 'NONE',  ( 1.000000000000000000, -3.961864772704558022E-16, 0.000000000000000000 ) ) ;
#1676 = CARTESIAN_POINT ( 'NONE',  ( -31.52613094839475849, -27.75073093496216359, 2.500000000000000000 ) ) ;
#1677 = ADVANCED_FACE ( 'NONE', ( #1997 ), #90, .T. ) ;
#1678 = DIRECTION ( 'NONE',  ( -0.000000000000000000, -0.000000000000000000, -1.000000000000000000 ) ) ;
#1679 = ORIENTED_EDGE ( 'NONE', *, *, #229, .T. ) ;
#1680 = VECTOR ( 'NONE', #2411, 1000.000000000000000 ) ;
#1681 = AXIS2_PLACEMENT_3D ( 'NONE', #484, #1805, #2370 ) ;
#1682 = FACE_OUTER_BOUND ( 'NONE', #2130, .T. ) ;
#1683 = ORIENTED_EDGE ( 'NONE', *, *, #1426, .T. ) ;
#1684 =( BOUNDED_CURVE ( )  B_SPLINE_CURVE ( 3, ( #1424, #558, #939, #1442 ),
 .UNSPECIFIED., .F., .T. ) 
 B_SPLINE_CURVE_WITH_KNOTS ( ( 4, 4 ),
 ( 3.141592653589792228, 4.712388980384687898 ),
 .UNSPECIFIED. ) 
 CURVE ( )  GEOMETRIC_REPRESENTATION_ITEM ( )  RATIONAL_B_SPLINE_CURVE ( ( 1.000000000000000000, 0.8047378541243652705, 0.8047378541243652705, 1.000000000000000000 ) ) 
 REPRESENTATION_ITEM ( '' )  );
#1685 = EDGE_CURVE ( 'NONE', #1429, #2220, #1420, .T. ) ;
#1686 = DIRECTION ( 'NONE',  ( 0.000000000000000000, 0.000000000000000000, 1.000000000000000000 ) ) ;
#1687 = EDGE_CURVE ( 'NONE', #358, #2162, #784, .T. ) ;
#1688 = ORIENTED_EDGE ( 'NONE', *, *, #2050, .T. ) ;
#1689 = EDGE_CURVE ( 'NONE', #2016, #28, #2334, .T. ) ;
#1690 = PLANE ( 'NONE',  #112 ) ;
#1691 = CARTESIAN_POINT ( 'NONE',  ( 20.21762401608424398, -35.09270122324944907, 0.9999999999999731326 ) ) ;
#1692 = EDGE_CURVE ( 'NONE', #884, #1002, #1821, .T. ) ;
#1693 = CIRCLE ( 'NONE', #1372, 5.000000000000000000 ) ;
#1694 = VECTOR ( 'NONE', #1289, 1000.000000000000000 ) ;
#1695 = DIRECTION ( 'NONE',  ( 0.3802029828000150213, -0.3247240241650901083, -0.8660254037844395958 ) ) ;
#1696 = ORIENTED_EDGE ( 'NONE', *, *, #1171, .F. ) ;
#1697 = DIRECTION ( 'NONE',  ( 1.000000000000000000, 0.000000000000000000, 0.000000000000000000 ) ) ;
#1698 = ORIENTED_EDGE ( 'NONE', *, *, #160, .T. ) ;
#1699 = CYLINDRICAL_SURFACE ( 'NONE', #1374, 1.199999999999999734 ) ;
#1700 = ORIENTED_EDGE ( 'NONE', *, *, #481, .F. ) ;
#1701 = CARTESIAN_POINT ( 'NONE',  ( -41.96450619081783628, 1.726331416852333822, 4.000000000000000000 ) ) ;
#1702 = CARTESIAN_POINT ( 'NONE',  ( -24.94999999999999929, 22.00000000000000355, 11.40000000000000036 ) ) ;
#1703 = CARTESIAN_POINT ( 'NONE',  ( -0.000000000000000000, 17.49999999999999645, 9.000000000000001776 ) ) ;
#1704 = VECTOR ( 'NONE', #1903, 1000.000000000000000 ) ;
#1705 = VECTOR ( 'NONE', #2170, 1000.000000000000000 ) ;
#1706 = CYLINDRICAL_SURFACE ( 'NONE', #601, 45.00000000000000000 ) ;
#1707 = EDGE_CURVE ( 'NONE', #781, #2094, #2426, .T. ) ;
#1708 = LINE ( 'NONE', #566, #1262 ) ;
#1709 = ADVANCED_FACE ( 'NONE', ( #455 ), #1010, .T. ) ;
#1710 = ORIENTED_EDGE ( 'NONE', *, *, #1013, .F. ) ;
#1711 = PLANE ( 'NONE',  #2325 ) ;
#1712 = ORIENTED_EDGE ( 'NONE', *, *, #564, .T. ) ;
#1713 = VECTOR ( 'NONE', #1274, 1000.000000000000000 ) ;
#1714 = CARTESIAN_POINT ( 'NONE',  ( -31.91021765979106561, -31.75034677098667757, 1.831070002131828911 ) ) ;
#1715 = DIRECTION ( 'NONE',  ( 0.000000000000000000, 0.000000000000000000, 1.000000000000000000 ) ) ;
#1716 = CYLINDRICAL_SURFACE ( 'NONE', #2255, 5.000000000000000888 ) ;
#1717 = CARTESIAN_POINT ( 'NONE',  ( -17.50000000000000000, -2.543354975382719608E-16, 5.035533905932736864 ) ) ;
#1718 = ADVANCED_FACE ( 'NONE', ( #1209 ), #1966, .F. ) ;
#1719 = FACE_OUTER_BOUND ( 'NONE', #1253, .T. ) ;
#1720 = CIRCLE ( 'NONE', #1363, 40.49999999999999289 ) ;
#1721 = ORIENTED_EDGE ( 'NONE', *, *, #45, .F. ) ;
#1722 = EDGE_CURVE ( 'NONE', #669, #976, #2007, .T. ) ;
#1723 = DIRECTION ( 'NONE',  ( 0.000000000000000000, 0.000000000000000000, 1.000000000000000000 ) ) ;
#1724 = ORIENTED_EDGE ( 'NONE', *, *, #1081, .F. ) ;
#1725 = VERTEX_POINT ( 'NONE', #51 ) ;
#1726 = DIRECTION ( 'NONE',  ( 0.000000000000000000, 0.000000000000000000, 1.000000000000000000 ) ) ;
#1727 = FACE_OUTER_BOUND ( 'NONE', #1089, .T. ) ;
#1728 = DIRECTION ( 'NONE',  ( -0.7604059656000385914, 0.6494480483301747764, 0.000000000000000000 ) ) ;
#1729 = CARTESIAN_POINT ( 'NONE',  ( 15.00000000000000000, 37.61980861195335279, 2.500000000000000000 ) ) ;
#1730 = VECTOR ( 'NONE', #1208, 1000.000000000000000 ) ;
#1731 = AXIS2_PLACEMENT_3D ( 'NONE', #765, #949, #237 ) ;
#1732 = DIRECTION ( 'NONE',  ( -0.000000000000000000, -0.000000000000000000, -1.000000000000000000 ) ) ;
#1733 = ORIENTED_EDGE ( 'NONE', *, *, #1539, .T. ) ;
#1734 = CARTESIAN_POINT ( 'NONE',  ( -33.49298362909330251, -30.05361954276536451, 2.500000000000000000 ) ) ;
#1735 = ORIENTED_EDGE ( 'NONE', *, *, #2150, .T. ) ;
#1736 = VERTEX_POINT ( 'NONE', #787 ) ;
#1737 = LINE ( 'NONE', #998, #555 ) ;
#1738 = ADVANCED_FACE ( 'NONE', ( #417 ), #430, .F. ) ;
#1739 = CARTESIAN_POINT ( 'NONE',  ( 22.47729995775435796, 35.47916271009133737, 4.000000000000000000 ) ) ;
#1740 = LINE ( 'NONE', #2282, #1149 ) ;
#1741 = CARTESIAN_POINT ( 'NONE',  ( -20.00000000000000000, -2.499999999999998668, 4.000000000000000000 ) ) ;
#1742 = VECTOR ( 'NONE', #1825, 1000.000000000000114 ) ;
#1743 = ORIENTED_EDGE ( 'NONE', *, *, #927, .F. ) ;
#1744 = CARTESIAN_POINT ( 'NONE',  ( -42.50000000000000000, -23.75710593621603550, 2.500000000000000444 ) ) ;
#1745 = EDGE_LOOP ( 'NONE', ( #672, #138, #1199, #772 ) ) ;
#1746 = DIRECTION ( 'NONE',  ( -1.000000000000000000, 0.000000000000000000, 0.000000000000000000 ) ) ;
#1747 = DIRECTION ( 'NONE',  ( 1.000000000000000000, 0.000000000000000000, 0.000000000000000000 ) ) ;
#1748 = ORIENTED_EDGE ( 'NONE', *, *, #996, .F. ) ;
#1749 = CARTESIAN_POINT ( 'NONE',  ( -20.52605818201634591, -35.68426306619990385, 0.3334397729420563450 ) ) ;
#1750 = LINE ( 'NONE', #470, #750 ) ;
#1751 = CARTESIAN_POINT ( 'NONE',  ( 15.00000000000000000, 37.97829443012309980, 0.6670082007494698706 ) ) ;
#1752 = EDGE_CURVE ( 'NONE', #8, #622, #36, .T. ) ;
#1753 = CARTESIAN_POINT ( 'NONE',  ( -24.44415263845289132, -37.78205131789454185, 4.000000000000000000 ) ) ;
#1754 = AXIS2_PLACEMENT_3D ( 'NONE', #652, #247, #871 ) ;
#1755 = ORIENTED_EDGE ( 'NONE', *, *, #2060, .F. ) ;
#1756 = VECTOR ( 'NONE', #207, 1000.000000000000000 ) ;
#1757 = DIRECTION ( 'NONE',  ( 1.000000000000000000, 0.000000000000000000, 0.000000000000000000 ) ) ;
#1758 = ORIENTED_EDGE ( 'NONE', *, *, #372, .T. ) ;
#1759 = CARTESIAN_POINT ( 'NONE',  ( 0.000000000000000000, 17.49999999999999645, 6.499999999999999112 ) ) ;
#1760 = DIRECTION ( 'NONE',  ( -1.000000000000000000, 0.000000000000000000, 0.000000000000000000 ) ) ;
#1761 = ORIENTED_EDGE ( 'NONE', *, *, #2278, .T. ) ;
#1762 = ORIENTED_EDGE ( 'NONE', *, *, #891, .T. ) ;
#1763 = VECTOR ( 'NONE', #1879, 1000.000000000000000 ) ;
#1764 = AXIS2_PLACEMENT_3D ( 'NONE', #1228, #1597, #1215 ) ;
#1765 = DIRECTION ( 'NONE',  ( -1.000000000000000000, 0.000000000000000000, 0.000000000000000000 ) ) ;
#1766 = DIRECTION ( 'NONE',  ( -0.1822355254921335654, -0.9832549075639571701, 0.000000000000000000 ) ) ;
#1767 = CARTESIAN_POINT ( 'NONE',  ( -17.50000000000000000, 15.00000000000000000, 5.035533905932736864 ) ) ;
#1768 = DIRECTION ( 'NONE',  ( 0.000000000000000000, 0.000000000000000000, -1.000000000000000000 ) ) ;
#1769 = ORIENTED_EDGE ( 'NONE', *, *, #1015, .F. ) ;
#1770 = EDGE_CURVE ( 'NONE', #1445, #2415, #2088, .T. ) ;
#1771 = DIRECTION ( 'NONE',  ( 0.000000000000000000, 0.000000000000000000, -1.000000000000000000 ) ) ;
#1772 = DIRECTION ( 'NONE',  ( 1.000000000000000000, -0.000000000000000000, 0.000000000000000000 ) ) ;
#1773 = ORIENTED_EDGE ( 'NONE', *, *, #400, .F. ) ;
#1774 = AXIS2_PLACEMENT_3D ( 'NONE', #1064, #545, #1843 ) ;
#1775 = CARTESIAN_POINT ( 'NONE',  ( 0.000000000000000000, 0.000000000000000000, 0.000000000000000000 ) ) ;
#1776 = FACE_OUTER_BOUND ( 'NONE', #445, .T. ) ;
#1777 = ORIENTED_EDGE ( 'NONE', *, *, #581, .F. ) ;
#1778 = ORIENTED_EDGE ( 'NONE', *, *, #1685, .T. ) ;
#1779 = DIRECTION ( 'NONE',  ( 0.1822355254921373124, 0.9832549075639565039, 0.000000000000000000 ) ) ;
#1780 = CARTESIAN_POINT ( 'NONE',  ( 0.000000000000000000, 0.000000000000000000, 4.000000000000000000 ) ) ;
#1781 = CARTESIAN_POINT ( 'NONE',  ( 12.49999999999996625, -9.999999999999998224, 11.40000000000000036 ) ) ;
#1782 = CARTESIAN_POINT ( 'NONE',  ( 44.94229256761045121, -2.278231499937162230, 4.000000000000000000 ) ) ;
#1783 = ORIENTED_EDGE ( 'NONE', *, *, #2171, .F. ) ;
#1784 = DIRECTION ( 'NONE',  ( 1.000000000000000000, 0.000000000000000000, 0.000000000000000000 ) ) ;
#1785 = DIRECTION ( 'NONE',  ( -0.000000000000000000, -0.000000000000000000, -1.000000000000000000 ) ) ;
#1786 = ORIENTED_EDGE ( 'NONE', *, *, #1436, .T. ) ;
#1787 = ADVANCED_FACE ( 'NONE', ( #2122 ), #1329, .T. ) ;
#1788 = AXIS2_PLACEMENT_3D ( 'NONE', #2307, #1542, #399 ) ;
#1789 = LINE ( 'NONE', #465, #1158 ) ;
#1790 = CARTESIAN_POINT ( 'NONE',  ( -9.999999999999996447, 9.999999999999991118, 11.40000000000000036 ) ) ;
#1791 = EDGE_CURVE ( 'NONE', #416, #697, #253, .T. ) ;
#1792 = VERTEX_POINT ( 'NONE', #1701 ) ;
#1793 = FACE_OUTER_BOUND ( 'NONE', #434, .T. ) ;
#1794 = DIRECTION ( 'NONE',  ( -1.000000000000000000, -1.956455048094143655E-16, 0.000000000000000000 ) ) ;
#1795 = LINE ( 'NONE', #863, #1326 ) ;
#1796 = CARTESIAN_POINT ( 'NONE',  ( -17.50000000000000000, 15.00000000000000000, 6.499999999999999112 ) ) ;
#1797 = ORIENTED_EDGE ( 'NONE', *, *, #540, .F. ) ;
#1798 = FACE_OUTER_BOUND ( 'NONE', #1483, .T. ) ;
#1799 = EDGE_CURVE ( 'NONE', #2162, #1472, #1478, .T. ) ;
#1800 = DIRECTION ( 'NONE',  ( -0.000000000000000000, -0.000000000000000000, -1.000000000000000000 ) ) ;
#1801 = VERTEX_POINT ( 'NONE', #594 ) ;
#1802 = EDGE_CURVE ( 'NONE', #1247, #1918, #251, .T. ) ;
#1803 = CARTESIAN_POINT ( 'NONE',  ( -9.999999999999998224, 9.999999999999991118, 11.40000000000000036 ) ) ;
#1804 = EDGE_CURVE ( 'NONE', #921, #2355, #971, .T. ) ;
#1805 = DIRECTION ( 'NONE',  ( -0.3802029828000174083, 0.3247240241650902193, -0.8660254037844383745 ) ) ;
#1806 = ORIENTED_EDGE ( 'NONE', *, *, #1804, .F. ) ;
#1807 = DIRECTION ( 'NONE',  ( 0.4985176220503568789, 0.8668795651676520775, 0.000000000000000000 ) ) ;
#1808 = LINE ( 'NONE', #2183, #172 ) ;
#1809 = CARTESIAN_POINT ( 'NONE',  ( 24.44415263845291619, 37.78205131789453475, 2.500000000000000444 ) ) ;
#1810 = CIRCLE ( 'NONE', #905, 41.99999999999999289 ) ;
#1811 = CARTESIAN_POINT ( 'NONE',  ( 22.43329299226602913, 39.00958043254436802, 8.975819329687391601 ) ) ;
#1812 = CARTESIAN_POINT ( 'NONE',  ( -22.43329299226604334, -39.00958043254436802, 4.000000000000000000 ) ) ;
#1813 = DIRECTION ( 'NONE',  ( 0.000000000000000000, 1.387778780781446464E-15, 1.000000000000000000 ) ) ;
#1814 = ORIENTED_EDGE ( 'NONE', *, *, #2392, .T. ) ;
#1815 = CARTESIAN_POINT ( 'NONE',  ( 20.00000000000000000, -2.499999999999998668, 4.000000000000000000 ) ) ;
#1816 = ORIENTED_EDGE ( 'NONE', *, *, #1029, .F. ) ;
#1817 = VECTOR ( 'NONE', #2354, 1000.000000000000000 ) ;
#1818 = ORIENTED_EDGE ( 'NONE', *, *, #1692, .T. ) ;
#1819 = VECTOR ( 'NONE', #118, 1000.000000000000000 ) ;
#1820 = CARTESIAN_POINT ( 'NONE',  ( 0.000000000000000000, 0.000000000000000000, 2.500000000000000000 ) ) ;
#1821 = CIRCLE ( 'NONE', #363, 1.199999999999999734 ) ;
#1822 = DIRECTION ( 'NONE',  ( -0.6494480483301823259, -0.7604059656000320411, 0.000000000000000000 ) ) ;
#1823 = CARTESIAN_POINT ( 'NONE',  ( -42.77368981425397720, 13.97896489994826830, 0.000000000000000000 ) ) ;
#1824 = ADVANCED_FACE ( 'NONE', ( #2108 ), #1166, .F. ) ;
#1825 = DIRECTION ( 'NONE',  ( -0.9999985364819728995, -0.001710857654005493080, 0.000000000000000000 ) ) ;
#1826 = ORIENTED_EDGE ( 'NONE', *, *, #231, .T. ) ;
#1827 = DIRECTION ( 'NONE',  ( 0.000000000000000000, -0.000000000000000000, 1.000000000000000000 ) ) ;
#1828 = LINE ( 'NONE', #2366, #1901 ) ;
#1829 = ORIENTED_EDGE ( 'NONE', *, *, #1770, .F. ) ;
#1830 = ORIENTED_EDGE ( 'NONE', *, *, #2408, .T. ) ;
#1831 = ORIENTED_EDGE ( 'NONE', *, *, #1625, .T. ) ;
#1832 = AXIS2_PLACEMENT_3D ( 'NONE', #1086, #1285, #165 ) ;
#1833 = AXIS2_PLACEMENT_3D ( 'NONE', #1569, #214, #1528 ) ;
#1834 = LINE ( 'NONE', #147, #977 ) ;
#1835 = CARTESIAN_POINT ( 'NONE',  ( 20.21762401608423332, -35.09270122324944907, 2.500000000000000444 ) ) ;
#1836 = FACE_OUTER_BOUND ( 'NONE', #550, .T. ) ;
#1837 = ORIENTED_EDGE ( 'NONE', *, *, #383, .F. ) ;
#1838 = DIRECTION ( 'NONE',  ( -0.9832549075639555047, 0.1822355254921424472, -0.000000000000000000 ) ) ;
#1839 = DIRECTION ( 'NONE',  ( 0.000000000000000000, 0.000000000000000000, -1.000000000000000000 ) ) ;
#1840 = ORIENTED_EDGE ( 'NONE', *, *, #1872, .F. ) ;
#1841 = ORIENTED_EDGE ( 'NONE', *, *, #2206, .F. ) ;
#1842 = ORIENTED_EDGE ( 'NONE', *, *, #1752, .T. ) ;
#1843 = DIRECTION ( 'NONE',  ( 1.000000000000000000, 0.000000000000000000, 0.000000000000000000 ) ) ;
#1844 =( GEOMETRIC_REPRESENTATION_CONTEXT ( 3 ) GLOBAL_UNCERTAINTY_ASSIGNED_CONTEXT ( ( #552 ) ) GLOBAL_UNIT_ASSIGNED_CONTEXT ( ( #1665, #2033, #2208 ) ) REPRESENTATION_CONTEXT ( 'NONE', 'WORKASPACE' ) );
#1845 = CARTESIAN_POINT ( 'NONE',  ( 20.00000000000000000, 17.49999999999999645, 4.000000000000000000 ) ) ;
#1846 = ORIENTED_EDGE ( 'NONE', *, *, #1860, .T. ) ;
#1847 = VECTOR ( 'NONE', #1058, 1000.000000000000000 ) ;
#1848 = LINE ( 'NONE', #909, #1116 ) ;
#1849 = VERTEX_POINT ( 'NONE', #983 ) ;
#1850 = EDGE_LOOP ( 'NONE', ( #150, #1762, #1284, #1276 ) ) ;
#1851 = ORIENTED_EDGE ( 'NONE', *, *, #2375, .F. ) ;
#1852 = DIRECTION ( 'NONE',  ( -0.000000000000000000, -0.000000000000000000, -1.000000000000000000 ) ) ;
#1853 = AXIS2_PLACEMENT_3D ( 'NONE', #795, #1723, #589 ) ;
#1854 = VECTOR ( 'NONE', #386, 1000.000000000000000 ) ;
#1855 = FACE_OUTER_BOUND ( 'NONE', #88, .T. ) ;
#1856 = PLANE ( 'NONE',  #759 ) ;
#1857 = ORIENTED_EDGE ( 'NONE', *, *, #1615, .F. ) ;
#1858 = ORIENTED_EDGE ( 'NONE', *, *, #129, .T. ) ;
#1859 = VERTEX_POINT ( 'NONE', #203 ) ;
#1860 = EDGE_CURVE ( 'NONE', #1466, #976, #1737, .T. ) ;
#1861 = CARTESIAN_POINT ( 'NONE',  ( -17.50000000000000000, 0.000000000000000000, 6.499999999999999112 ) ) ;
#1862 = VECTOR ( 'NONE', #609, 1000.000000000000000 ) ;
#1863 = AXIS2_PLACEMENT_3D ( 'NONE', #1899, #1516, #2140 ) ;
#1864 = EDGE_CURVE ( 'NONE', #2287, #1260, #2304, .T. ) ;
#1865 = DIRECTION ( 'NONE',  ( 1.000000000000000000, -0.000000000000000000, 0.000000000000000000 ) ) ;
#1866 = ORIENTED_EDGE ( 'NONE', *, *, #152, .F. ) ;
#1867 = ADVANCED_FACE ( 'NONE', ( #1897 ), #397, .F. ) ;
#1868 = EDGE_CURVE ( 'NONE', #1859, #1133, #1316, .T. ) ;
#1869 = DIRECTION ( 'NONE',  ( 1.000000000000000000, 3.608224830031758756E-15, 0.000000000000000000 ) ) ;
#1870 = ORIENTED_EDGE ( 'NONE', *, *, #1426, .F. ) ;
#1871 = EDGE_CURVE ( 'NONE', #835, #2432, #99, .T. ) ;
#1872 = EDGE_CURVE ( 'NONE', #2137, #1141, #260, .T. ) ;
#1873 = DIRECTION ( 'NONE',  ( 0.6494480483301821039, 0.7604059656000322631, 0.000000000000000000 ) ) ;
#1874 = CIRCLE ( 'NONE', #381, 5.000000000000000000 ) ;
#1875 = CARTESIAN_POINT ( 'NONE',  ( -20.93774012611496360, -36.40894173704140258, 4.000000000000000000 ) ) ;
#1876 = CARTESIAN_POINT ( 'NONE',  ( -15.00000000000000000, 38.33645416415841112, 0.3336668237834553019 ) ) ;
#1877 = ORIENTED_EDGE ( 'NONE', *, *, #359, .T. ) ;
#1878 = CIRCLE ( 'NONE', #1764, 41.99999999999999289 ) ;
#1879 = DIRECTION ( 'NONE',  ( 0.6494480483301809937, 0.7604059656000332623, -0.000000000000000000 ) ) ;
#1880 = ORIENTED_EDGE ( 'NONE', *, *, #924, .T. ) ;
#1881 = DIRECTION ( 'NONE',  ( -0.9999985364819728995, -0.001710857654005384009, 0.000000000000000000 ) ) ;
#1882 = ORIENTED_EDGE ( 'NONE', *, *, #1501, .T. ) ;
#1883 = DIRECTION ( 'NONE',  ( 1.000000000000000000, 0.000000000000000000, -0.000000000000000000 ) ) ;
#1884 = LINE ( 'NONE', #950, #903 ) ;
#1885 = LINE ( 'NONE', #893, #722 ) ;
#1886 = VECTOR ( 'NONE', #1785, 1000.000000000000000 ) ;
#1887 = EDGE_CURVE ( 'NONE', #969, #202, #212, .T. ) ;
#1888 = VECTOR ( 'NONE', #1336, 1000.000000000000000 ) ;
#1889 = EDGE_CURVE ( 'NONE', #2096, #358, #1996, .T. ) ;
#1890 = CYLINDRICAL_SURFACE ( 'NONE', #1939, 2.499999999999998668 ) ;
#1891 = ORIENTED_EDGE ( 'NONE', *, *, #1258, .F. ) ;
#1892 = DIRECTION ( 'NONE',  ( 1.000000000000000000, 0.000000000000000000, 0.000000000000000000 ) ) ;
#1893 = AXIS2_PLACEMENT_3D ( 'NONE', #1202, #497, #1306 ) ;
#1894 = ORIENTED_EDGE ( 'NONE', *, *, #121, .T. ) ;
#1895 = CARTESIAN_POINT ( 'NONE',  ( 44.99993414168877592, 0.07698859443024366755, 8.975819329687391601 ) ) ;
#1896 = ORIENTED_EDGE ( 'NONE', *, *, #2132, .F. ) ;
#1897 = FACE_OUTER_BOUND ( 'NONE', #1414, .T. ) ;
#1898 = DIRECTION ( 'NONE',  ( -0.9999985364819728995, -0.001710857654005493297, -0.000000000000000000 ) ) ;
#1899 = CARTESIAN_POINT ( 'NONE',  ( -23.74999999999999645, -2.000000000000008882, 10.20000000000000107 ) ) ;
#1900 = EDGE_CURVE ( 'NONE', #580, #361, #1333, .T. ) ;
#1901 = VECTOR ( 'NONE', #1125, 1000.000000000000000 ) ;
#1902 = ADVANCED_FACE ( 'NONE', ( #304 ), #1391, .T. ) ;
#1903 = DIRECTION ( 'NONE',  ( 0.6494480483301747764, 0.7604059656000385914, -0.000000000000000000 ) ) ;
#1904 = VERTEX_POINT ( 'NONE', #1567 ) ;
#1905 = ORIENTED_EDGE ( 'NONE', *, *, #2410, .F. ) ;
#1906 = FACE_OUTER_BOUND ( 'NONE', #167, .T. ) ;
#1907 = EDGE_LOOP ( 'NONE', ( #1650, #1143, #1102, #2332 ) ) ;
#1908 = ORIENTED_EDGE ( 'NONE', *, *, #1456, .T. ) ;
#1909 = CARTESIAN_POINT ( 'NONE',  ( 20.36892088207930840, -35.39010542372813717, 0.6667758049029375300 ) ) ;
#1910 = CARTESIAN_POINT ( 'NONE',  ( -20.21762401608422977, -35.09270122324944907, 0.9999999999999731326 ) ) ;
#1911 = DIRECTION ( 'NONE',  ( -0.9832549075639559488, 0.1822355254921400047, -0.000000000000000000 ) ) ;
#1912 = DIRECTION ( 'NONE',  ( 0.000000000000000000, 0.000000000000000000, 1.000000000000000000 ) ) ;
#1913 = DIRECTION ( 'NONE',  ( 0.000000000000000000, 0.000000000000000000, 1.000000000000000000 ) ) ;
#1914 = ORIENTED_EDGE ( 'NONE', *, *, #2132, .T. ) ;
#1915 = AXIS2_PLACEMENT_3D ( 'NONE', #1048, #1021, #627 ) ;
#1916 = EDGE_CURVE ( 'NONE', #884, #894, #1654, .T. ) ;
#1917 = CARTESIAN_POINT ( 'NONE',  ( 23.74999999999999645, 27.00000000000000355, 9.000000000000001776 ) ) ;
#1918 = VERTEX_POINT ( 'NONE', #469 ) ;
#1919 = CARTESIAN_POINT ( 'NONE',  ( -15.00000000000000000, 14.99999999999999289, 0.000000000000000000 ) ) ;
#1920 = LINE ( 'NONE', #213, #1491 ) ;
#1921 = DIRECTION ( 'NONE',  ( -0.000000000000000000, -1.000000000000000000, -0.000000000000000000 ) ) ;
#1922 = DIRECTION ( 'NONE',  ( 1.000000000000000000, 0.000000000000000000, 0.000000000000000000 ) ) ;
#1923 = VECTOR ( 'NONE', #1620, 1000.000000000000000 ) ;
#1924 = VERTEX_POINT ( 'NONE', #815 ) ;
#1925 = VECTOR ( 'NONE', #1433, 1000.000000000000000 ) ;
#1926 = CARTESIAN_POINT ( 'NONE',  ( -0.4530189984854444130, -2.444271786621180720, 2.500000000000000000 ) ) ;
#1927 = ORIENTED_EDGE ( 'NONE', *, *, #914, .T. ) ;
#1928 = ADVANCED_FACE ( 'NONE', ( #1052 ), #2151, .T. ) ;
#1929 = CARTESIAN_POINT ( 'NONE',  ( 0.000000000000000000, 0.000000000000000000, 2.500000000000000000 ) ) ;
#1930 = DIRECTION ( 'NONE',  ( -0.7604059656000341505, 0.6494480483301798834, 0.000000000000000000 ) ) ;
#1931 = ORIENTED_EDGE ( 'NONE', *, *, #2392, .F. ) ;
#1932 = ORIENTED_EDGE ( 'NONE', *, *, #1799, .T. ) ;
#1933 = EDGE_CURVE ( 'NONE', #1512, #1452, #486, .T. ) ;
#1934 = DIRECTION ( 'NONE',  ( -0.000000000000000000, -0.000000000000000000, -1.000000000000000000 ) ) ;
#1935 = CARTESIAN_POINT ( 'NONE',  ( 19.94999999999999574, -5.799999999999999822, 10.20000000000000107 ) ) ;
#1936 = EDGE_CURVE ( 'NONE', #2384, #524, #1937, .T. ) ;
#1937 =( BOUNDED_CURVE ( )  B_SPLINE_CURVE ( 3, ( #1194, #1950, #1009, #830 ),
 .UNSPECIFIED., .F., .T. ) 
 B_SPLINE_CURVE_WITH_KNOTS ( ( 4, 4 ),
 ( 1.428651466847524754, 1.511573657228716394 ),
 .UNSPECIFIED. ) 
 CURVE ( )  GEOMETRIC_REPRESENTATION_ITEM ( )  RATIONAL_B_SPLINE_CURVE ( ( 1.000000000000000000, 0.9994270746082192236, 0.9994270746082192236, 1.000000000000000000 ) ) 
 REPRESENTATION_ITEM ( '' )  );
#1938 = DIRECTION ( 'NONE',  ( -1.000000000000000000, 0.000000000000000000, 0.000000000000000000 ) ) ;
#1939 = AXIS2_PLACEMENT_3D ( 'NONE', #952, #1070, #1626 ) ;
#1940 = ORIENTED_EDGE ( 'NONE', *, *, #1312, .T. ) ;
#1941 = CARTESIAN_POINT ( 'NONE',  ( -12.50000000000000000, -15.00000000000000000, 2.500000000000000444 ) ) ;
#1942 = EDGE_CURVE ( 'NONE', #1141, #628, #847, .T. ) ;
#1943 = EDGE_LOOP ( 'NONE', ( #2074, #895, #2062, #2406 ) ) ;
#1944 = EDGE_CURVE ( 'NONE', #510, #1904, #1603, .T. ) ;
#1945 = DIRECTION ( 'NONE',  ( -0.000000000000000000, -0.000000000000000000, -1.000000000000000000 ) ) ;
#1946 = CYLINDRICAL_SURFACE ( 'NONE', #513, 41.99999999999999289 ) ;
#1947 = ORIENTED_EDGE ( 'NONE', *, *, #1791, .F. ) ;
#1948 = ORIENTED_EDGE ( 'NONE', *, *, #1067, .F. ) ;
#1949 = EDGE_CURVE ( 'NONE', #1573, #2404, #1223, .T. ) ;
#1950 = CARTESIAN_POINT ( 'NONE',  ( 30.75886063908565049, 28.62238596634800203, 1.163682366795370404 ) ) ;
#1951 = CARTESIAN_POINT ( 'NONE',  ( -17.50000000000000000, 0.000000000000000000, 6.499999999999999112 ) ) ;
#1952 = CARTESIAN_POINT ( 'NONE',  ( 44.94229256761045121, -2.278231499937161786, 8.975819329687391601 ) ) ;
#1953 = PRODUCT_DEFINITION_FORMATION_WITH_SPECIFIED_SOURCE ( 'ANY', '', #2267, .NOT_KNOWN. ) ;
#1954 = CARTESIAN_POINT ( 'NONE',  ( 20.00000000000000000, -2.499999999999998668, 9.000000000000001776 ) ) ;
#1955 = ORIENTED_EDGE ( 'NONE', *, *, #195, .F. ) ;
#1956 = DIRECTION ( 'NONE',  ( 0.000000000000000000, -1.000000000000000000, 0.000000000000000000 ) ) ;
#1957 = DIRECTION ( 'NONE',  ( 1.000000000000000000, 0.000000000000000000, 0.000000000000000000 ) ) ;
#1958 = ORIENTED_EDGE ( 'NONE', *, *, #1457, .F. ) ;
#1959 = VECTOR ( 'NONE', #2044, 1000.000000000000000 ) ;
#1960 = LINE ( 'NONE', #1803, #729 ) ;
#1961 = DIRECTION ( 'NONE',  ( -1.000000000000000000, 0.000000000000000000, 0.000000000000000000 ) ) ;
#1962 = ORIENTED_EDGE ( 'NONE', *, *, #997, .F. ) ;
#1963 = VERTEX_POINT ( 'NONE', #2333 ) ;
#1964 = AXIS2_PLACEMENT_3D ( 'NONE', #1035, #639, #1747 ) ;
#1965 = DIRECTION ( 'NONE',  ( -0.7071067811865474617, 0.000000000000000000, -0.7071067811865474617 ) ) ;
#1966 = CYLINDRICAL_SURFACE ( 'NONE', #2178, 2.499999999999998668 ) ;
#1967 = CARTESIAN_POINT ( 'NONE',  ( 0.000000000000000000, 0.000000000000000000, 4.000000000000000000 ) ) ;
#1968 = CARTESIAN_POINT ( 'NONE',  ( 19.94999999999999574, -6.999999999999999112, 10.20000000000000107 ) ) ;
#1969 = ADVANCED_FACE ( 'NONE', ( #861 ), #63, .T. ) ;
#1970 = ORIENTED_EDGE ( 'NONE', *, *, #136, .T. ) ;
#1971 = ADVANCED_FACE ( 'NONE', ( #1793 ), #687, .F. ) ;
#1972 = LINE ( 'NONE', #2187, #2207 ) ;
#1973 = VECTOR ( 'NONE', #1592, 1000.000000000000000 ) ;
#1974 = DIRECTION ( 'NONE',  ( -0.000000000000000000, -0.000000000000000000, -1.000000000000000000 ) ) ;
#1975 = ORIENTED_EDGE ( 'NONE', *, *, #129, .F. ) ;
#1976 = AXIS2_PLACEMENT_3D ( 'NONE', #408, #1366, #1145 ) ;
#1977 = EDGE_CURVE ( 'NONE', #709, #425, #630, .T. ) ;
#1978 = CARTESIAN_POINT ( 'NONE',  ( 15.00000000000000000, 37.61980861195335279, 2.500000000000000000 ) ) ;
#1979 = LINE ( 'NONE', #101, #821 ) ;
#1980 = ORIENTED_EDGE ( 'NONE', *, *, #378, .T. ) ;
#1981 = DIRECTION ( 'NONE',  ( -0.9832549075639570590, 0.1822355254921335377, 0.000000000000000000 ) ) ;
#1982 = CARTESIAN_POINT ( 'NONE',  ( 32.71800584815097324, 30.91728649952170827, 1.164070905011811430 ) ) ;
#1983 = CARTESIAN_POINT ( 'NONE',  ( 15.00000000000000000, 14.99999999999999289, 0.000000000000000000 ) ) ;
#1984 = CARTESIAN_POINT ( 'NONE',  ( -20.00000000000000000, 17.49999999999999645, 4.000000000000000000 ) ) ;
#1985 = ORIENTED_EDGE ( 'NONE', *, *, #1864, .F. ) ;
#1986 = EDGE_CURVE ( 'NONE', #1349, #1094, #1403, .T. ) ;
#1987 = EDGE_CURVE ( 'NONE', #530, #575, #320, .T. ) ;
#1988 = DIRECTION ( 'NONE',  ( 3.961864772704558515E-16, -1.000000000000000000, 0.000000000000000000 ) ) ;
#1989 = DIRECTION ( 'NONE',  ( 0.000000000000000000, 0.000000000000000000, 1.000000000000000000 ) ) ;
#1990 = CIRCLE ( 'NONE', #919, 40.49999999999999289 ) ;
#1991 = ORIENTED_EDGE ( 'NONE', *, *, #1942, .F. ) ;
#1992 = CIRCLE ( 'NONE', #922, 3.799999999999973621 ) ;
#1993 = CARTESIAN_POINT ( 'NONE',  ( -12.49999999999996625, -10.00000000000000000, 2.500000000000000444 ) ) ;
#1994 = PLANE ( 'NONE',  #584 ) ;
#1995 = ORIENTED_EDGE ( 'NONE', *, *, #1936, .T. ) ;
#1996 = LINE ( 'NONE', #77, #472 ) ;
#1997 = FACE_OUTER_BOUND ( 'NONE', #1907, .T. ) ;
#1998 = CARTESIAN_POINT ( 'NONE',  ( -33.49298362909330251, -30.05361954276536451, 2.500000000000000000 ) ) ;
#1999 = SURFACE_STYLE_USAGE ( .BOTH. , #679 ) ;
#2000 = DIRECTION ( 'NONE',  ( 0.000000000000000000, 0.000000000000000000, 1.000000000000000000 ) ) ;
#2001 = DIRECTION ( 'NONE',  ( 1.000000000000000000, -0.000000000000000000, -0.000000000000000000 ) ) ;
#2002 = ORIENTED_EDGE ( 'NONE', *, *, #2430, .T. ) ;
#2003 = ORIENTED_EDGE ( 'NONE', *, *, #841, .T. ) ;
#2004 = ORIENTED_EDGE ( 'NONE', *, *, #154, .F. ) ;
#2005 = EDGE_CURVE ( 'NONE', #543, #1591, #588, .T. ) ;
#2006 = CARTESIAN_POINT ( 'NONE',  ( -19.94999999999999929, -2.000000000000010658, 9.000000000000001776 ) ) ;
#2007 = LINE ( 'NONE', #1065, #1072 ) ;
#2008 = DIRECTION ( 'NONE',  ( -0.000000000000000000, -0.000000000000000000, -1.000000000000000000 ) ) ;
#2009 = VECTOR ( 'NONE', #374, 1000.000000000000000 ) ;
#2010 = AXIS2_PLACEMENT_3D ( 'NONE', #1400, #2345, #466 ) ;
#2011 = LINE ( 'NONE', #294, #1235 ) ;
#2012 = VERTEX_POINT ( 'NONE', #1265 ) ;
#2013 = DIRECTION ( 'NONE',  ( 0.000000000000000000, 0.000000000000000000, -1.000000000000000000 ) ) ;
#2014 = CYLINDRICAL_SURFACE ( 'NONE', #646, 45.00000000000000711 ) ;
#2015 =( BOUNDED_CURVE ( )  B_SPLINE_CURVE ( 3, ( #1954, #1055, #1394, #647 ),
 .UNSPECIFIED., .F., .T. ) 
 B_SPLINE_CURVE_WITH_KNOTS ( ( 4, 4 ),
 ( 1.570796326794896558, 3.141592653589794448 ),
 .UNSPECIFIED. ) 
 CURVE ( )  GEOMETRIC_REPRESENTATION_ITEM ( )  RATIONAL_B_SPLINE_CURVE ( ( 1.000000000000000000, 0.8047378541243646044, 0.8047378541243646044, 1.000000000000000000 ) ) 
 REPRESENTATION_ITEM ( '' )  );
#2016 = VERTEX_POINT ( 'NONE', #1091 ) ;
#2017 = VERTEX_POINT ( 'NONE', #2021 ) ;
#2018 = VECTOR ( 'NONE', #462, 1000.000000000000000 ) ;
#2019 = ORIENTED_EDGE ( 'NONE', *, *, #217, .F. ) ;
#2020 = VECTOR ( 'NONE', #783, 1000.000000000000000 ) ;
#2021 = CARTESIAN_POINT ( 'NONE',  ( 20.93774012611495294, -36.40894173704141679, 4.000000000000000000 ) ) ;
#2022 = DIRECTION ( 'NONE',  ( 0.9832549075639555047, -0.1822355254921424472, 0.000000000000000000 ) ) ;
#2023 = CIRCLE ( 'NONE', #2075, 41.99999999999999289 ) ;
#2024 = DIRECTION ( 'NONE',  ( 1.000000000000000000, 0.000000000000000000, 0.000000000000000000 ) ) ;
#2025 = ORIENTED_EDGE ( 'NONE', *, *, #665, .F. ) ;
#2026 = LINE ( 'NONE', #541, #2292 ) ;
#2027 = DIRECTION ( 'NONE',  ( -1.000000000000000000, -0.000000000000000000, -0.000000000000000000 ) ) ;
#2028 = ORIENTED_EDGE ( 'NONE', *, *, #1804, .T. ) ;
#2029 = EDGE_LOOP ( 'NONE', ( #423, #1880, #1217, #1841 ) ) ;
#2030 = ORIENTED_EDGE ( 'NONE', *, *, #592, .T. ) ;
#2031 = VECTOR ( 'NONE', #120, 1000.000000000000114 ) ;
#2032 = DIRECTION ( 'NONE',  ( 0.000000000000000000, 0.000000000000000000, -1.000000000000000000 ) ) ;
#2033 =( NAMED_UNIT ( * ) PLANE_ANGLE_UNIT ( ) SI_UNIT ( $, .RADIAN. ) );
#2034 = ORIENTED_EDGE ( 'NONE', *, *, #2073, .T. ) ;
#2035 = DIRECTION ( 'NONE',  ( 1.000000000000000000, 0.000000000000000000, -0.000000000000000000 ) ) ;
#2036 = ORIENTED_EDGE ( 'NONE', *, *, #1986, .T. ) ;
#2037 =( GEOMETRIC_REPRESENTATION_CONTEXT ( 3 ) GLOBAL_UNCERTAINTY_ASSIGNED_CONTEXT ( ( #6 ) ) GLOBAL_UNIT_ASSIGNED_CONTEXT ( ( #1658, #1464, #1453 ) ) REPRESENTATION_CONTEXT ( 'NONE', 'WORKASPACE' ) );
#2038 = CARTESIAN_POINT ( 'NONE',  ( 40.16714368332345231, -12.32676172173926687, 1.163682366795362633 ) ) ;
#2039 = ORIENTED_EDGE ( 'NONE', *, *, #1802, .F. ) ;
#2040 = ORIENTED_EDGE ( 'NONE', *, *, #1248, .T. ) ;
#2041 =( BOUNDED_CURVE ( )  B_SPLINE_CURVE ( 3, ( #269, #1011, #1767, #79 ),
 .UNSPECIFIED., .F., .T. ) 
 B_SPLINE_CURVE_WITH_KNOTS ( ( 4, 4 ),
 ( 4.712388980384689674, 6.283185307179586232 ),
 .UNSPECIFIED. ) 
 CURVE ( )  GEOMETRIC_REPRESENTATION_ITEM ( )  RATIONAL_B_SPLINE_CURVE ( ( 1.000000000000000000, 0.8047378541243649375, 0.8047378541243649375, 1.000000000000000000 ) ) 
 REPRESENTATION_ITEM ( '' )  );
#2042 = FACE_OUTER_BOUND ( 'NONE', #2231, .T. ) ;
#2043 = AXIS2_PLACEMENT_3D ( 'NONE', #163, #356, #1470 ) ;
#2044 = DIRECTION ( 'NONE',  ( 0.000000000000000000, 0.000000000000000000, -1.000000000000000000 ) ) ;
#2045 = DIRECTION ( 'NONE',  ( 0.000000000000000000, 0.000000000000000000, 1.000000000000000000 ) ) ;
#2046 = ORIENTED_EDGE ( 'NONE', *, *, #252, .T. ) ;
#2047 = ADVANCED_FACE ( 'NONE', ( #528 ), #333, .F. ) ;
#2048 = ORIENTED_EDGE ( 'NONE', *, *, #1281, .F. ) ;
#2049 = ORIENTED_EDGE ( 'NONE', *, *, #45, .T. ) ;
#2050 = EDGE_CURVE ( 'NONE', #809, #1445, #283, .T. ) ;
#2051 = LINE ( 'NONE', #2409, #125 ) ;
#2052 = VECTOR ( 'NONE', #1365, 1000.000000000000000 ) ;
#2053 = AXIS2_PLACEMENT_3D ( 'NONE', #305, #280, #659 ) ;
#2054 = CARTESIAN_POINT ( 'NONE',  ( 19.94999999999999574, -1.999999999999997335, 11.40000000000000036 ) ) ;
#2055 = ADVANCED_FACE ( 'NONE', ( #1644 ), #537, .T. ) ;
#2056 = EDGE_CURVE ( 'NONE', #793, #425, #516, .T. ) ;
#2057 = FACE_OUTER_BOUND ( 'NONE', #2195, .T. ) ;
#2058 = ORIENTED_EDGE ( 'NONE', *, *, #1110, .F. ) ;
#2059 = EDGE_CURVE ( 'NONE', #295, #981, #1834, .T. ) ;
#2060 = EDGE_CURVE ( 'NONE', #1220, #510, #2216, .T. ) ;
#2061 = PLANE ( 'NONE',  #1368 ) ;
#2062 = ORIENTED_EDGE ( 'NONE', *, *, #610, .T. ) ;
#2063 = CARTESIAN_POINT ( 'NONE',  ( -40.16714368332344520, 12.32676172173927931, 1.163682366795353751 ) ) ;
#2064 = VECTOR ( 'NONE', #864, 1000.000000000000000 ) ;
#2065 = DIRECTION ( 'NONE',  ( -1.000000000000000000, 0.000000000000000000, 0.000000000000000000 ) ) ;
#2066 = DIRECTION ( 'NONE',  ( 0.000000000000000000, 1.000000000000000000, 0.000000000000000000 ) ) ;
#2067 = CARTESIAN_POINT ( 'NONE',  ( 15.00000000000000000, 17.49999999999999645, 9.000000000000001776 ) ) ;
#2068 = ORIENTED_EDGE ( 'NONE', *, *, #317, .F. ) ;
#2069 = CARTESIAN_POINT ( 'NONE',  ( 17.50000000000000000, -23.75710593621603195, 2.500000000000000444 ) ) ;
#2070 = ORIENTED_EDGE ( 'NONE', *, *, #2303, .T. ) ;
#2071 = FACE_OUTER_BOUND ( 'NONE', #1292, .T. ) ;
#2072 = VECTOR ( 'NONE', #1427, 1000.000000000000000 ) ;
#2073 = EDGE_CURVE ( 'NONE', #146, #717, #169, .T. ) ;
#2074 = ORIENTED_EDGE ( 'NONE', *, *, #33, .F. ) ;
#2075 = AXIS2_PLACEMENT_3D ( 'NONE', #748, #945, #1697 ) ;
#2076 = CLOSED_SHELL ( 'NONE', ( #2296, #819, #2382, #579, #1969, #1787, #2047, #1351, #1108, #1677, #1493, #1867, #2305, #2055, #788, #1529, #2377, #1078, #50, #2308, #814, #410, #842, #2188, #2228, #1097, #1263, #1507, #2128, #728, #1738, #2329, #1019, #1709, #2159, #490, #1928, #1902, #923, #858, #1100, #515, #991, #1557, #806, #2309, #1502, #1525, #989, #1718, #808, #1229, #738, #966, #928, #132, #1524, #1607, #440, #1971, #1824, #302, #98, #2203, #2234, #1356, #489, #1422, #855, #982, #308, #1176, #1439, #191 ) ) ;
#2077 = CARTESIAN_POINT ( 'NONE',  ( -39.79590343746135517, 13.42706481686340148, 2.500000000000000000 ) ) ;
#2078 = PRODUCT_DEFINITION_SHAPE ( 'NONE', 'NONE',  #570 ) ;
#2079 = CARTESIAN_POINT ( 'NONE',  ( 0.000000000000000000, 0.000000000000000000, 2.500000000000000000 ) ) ;
#2080 = CARTESIAN_POINT ( 'NONE',  ( -40.49999999999999289, 0.000000000000000000, 2.500000000000000000 ) ) ;
#2081 = CARTESIAN_POINT ( 'NONE',  ( -15.00000000000000000, 22.00000000000000355, 11.40000000000000036 ) ) ;
#2082 = EDGE_LOOP ( 'NONE', ( #1743, #1940, #1894, #655, #2424, #1378, #108 ) ) ;
#2083 = AXIS2_PLACEMENT_3D ( 'NONE', #692, #2364, #461 ) ;
#2084 = CARTESIAN_POINT ( 'NONE',  ( -23.74999999999999645, -2.000000000000008882, 9.000000000000001776 ) ) ;
#2085 = VERTEX_POINT ( 'NONE', #1446 ) ;
#2086 = CARTESIAN_POINT ( 'NONE',  ( 9.999999999999998224, 9.999999999999991118, 11.40000000000000036 ) ) ;
#2087 = EDGE_LOOP ( 'NONE', ( #1905, #956, #127, #1234 ) ) ;
#2088 = LINE ( 'NONE', #1144, #1377 ) ;
#2089 = CYLINDRICAL_SURFACE ( 'NONE', #128, 41.99999999999999289 ) ;
#2090 = CARTESIAN_POINT ( 'NONE',  ( 17.50000000000000000, -15.00000000000003553, 4.000000000000000000 ) ) ;
#2091 = AXIS2_PLACEMENT_3D ( 'NONE', #13, #2256, #571 ) ;
#2092 = FACE_OUTER_BOUND ( 'NONE', #2347, .T. ) ;
#2093 = DIRECTION ( 'NONE',  ( 0.000000000000000000, 0.000000000000000000, 1.000000000000000000 ) ) ;
#2094 = VERTEX_POINT ( 'NONE', #1861 ) ;
#2095 = DIRECTION ( 'NONE',  ( -1.000000000000000000, 0.000000000000000000, 0.000000000000000000 ) ) ;
#2096 = VERTEX_POINT ( 'NONE', #2399 ) ;
#2097 = DIRECTION ( 'NONE',  ( -0.000000000000000000, -0.000000000000000000, -1.000000000000000000 ) ) ;
#2098 =( BOUNDED_CURVE ( )  B_SPLINE_CURVE ( 3, ( #1594, #471, #1634, #1026 ),
 .UNSPECIFIED., .F., .T. ) 
 B_SPLINE_CURVE_WITH_KNOTS ( ( 4, 4 ),
 ( 1.428651466847527418, 1.511573657228719947 ),
 .UNSPECIFIED. ) 
 CURVE ( )  GEOMETRIC_REPRESENTATION_ITEM ( )  RATIONAL_B_SPLINE_CURVE ( ( 1.000000000000000000, 0.9994270746082192236, 0.9994270746082192236, 1.000000000000000000 ) ) 
 REPRESENTATION_ITEM ( '' )  );
#2099 = FACE_OUTER_BOUND ( 'NONE', #2087, .T. ) ;
#2100 = CARTESIAN_POINT ( 'NONE',  ( 39.79590343746135517, -13.42706481686342634, 0.4999999999999982792 ) ) ;
#2101 = CIRCLE ( 'NONE', #1083, 2.499999999999998668 ) ;
#2102 = PLANE ( 'NONE',  #794 ) ;
#2103 = EDGE_CURVE ( 'NONE', #2434, #2326, #2051, .T. ) ;
#2104 = CARTESIAN_POINT ( 'NONE',  ( -17.49999999999999645, -23.75710593621603550, 4.000000000000000000 ) ) ;
#2105 = ORIENTED_EDGE ( 'NONE', *, *, #2117, .F. ) ;
#2106 = FACE_OUTER_BOUND ( 'NONE', #396, .T. ) ;
#2107 = ORIENTED_EDGE ( 'NONE', *, *, #457, .T. ) ;
#2108 = FACE_OUTER_BOUND ( 'NONE', #2371, .T. ) ;
#2109 = DIRECTION ( 'NONE',  ( 1.000000000000000000, 0.000000000000000000, 0.000000000000000000 ) ) ;
#2110 = LINE ( 'NONE', #25, #533 ) ;
#2111 = DIRECTION ( 'NONE',  ( -0.000000000000000000, -0.000000000000000000, -1.000000000000000000 ) ) ;
#2112 = APPLICATION_CONTEXT ( 'automotive_design' ) ;
#2113 = EDGE_CURVE ( 'NONE', #894, #295, #1489, .T. ) ;
#2114 = ORIENTED_EDGE ( 'NONE', *, *, #996, .T. ) ;
#2115 = DIRECTION ( 'NONE',  ( 0.000000000000000000, 0.000000000000000000, 1.000000000000000000 ) ) ;
#2116 = AXIS2_PLACEMENT_3D ( 'NONE', #557, #1646, #174 ) ;
#2117 = EDGE_CURVE ( 'NONE', #913, #186, #354, .T. ) ;
#2118 = ORIENTED_EDGE ( 'NONE', *, *, #560, .F. ) ;
#2119 = VECTOR ( 'NONE', #1988, 1000.000000000000000 ) ;
#2120 = DIRECTION ( 'NONE',  ( 0.000000000000000000, 0.000000000000000000, -1.000000000000000000 ) ) ;
#2121 = VERTEX_POINT ( 'NONE', #556 ) ;
#2122 = FACE_OUTER_BOUND ( 'NONE', #2318, .T. ) ;
#2123 = FACE_OUTER_BOUND ( 'NONE', #854, .T. ) ;
#2124 = CARTESIAN_POINT ( 'NONE',  ( 41.99993853224285800, 0.07185602146822919756, 0.000000000000000000 ) ) ;
#2125 = EDGE_CURVE ( 'NONE', #2326, #1349, #522, .T. ) ;
#2126 = CARTESIAN_POINT ( 'NONE',  ( 22.43329299226602913, 39.00958043254436802, 4.000000000000000000 ) ) ;
#2127 = AXIS2_PLACEMENT_3D ( 'NONE', #1744, #1974, #1757 ) ;
#2128 = ADVANCED_FACE ( 'NONE', ( #2042 ), #2205, .T. ) ;
#2129 = VECTOR ( 'NONE', #1633, 1000.000000000000000 ) ;
#2130 = EDGE_LOOP ( 'NONE', ( #1679, #1814, #2339, #1829 ) ) ;
#2131 = CARTESIAN_POINT ( 'NONE',  ( 20.00000000000000000, -2.499999999999998668, 4.000000000000000000 ) ) ;
#2132 = EDGE_CURVE ( 'NONE', #2260, #1579, #173, .T. ) ;
#2133 = ORIENTED_EDGE ( 'NONE', *, *, #657, .F. ) ;
#2134 = EDGE_CURVE ( 'NONE', #1859, #543, #243, .T. ) ;
#2135 = CARTESIAN_POINT ( 'NONE',  ( -24.94999999999999929, 22.00000000000000355, 11.40000000000000036 ) ) ;
#2136 = CARTESIAN_POINT ( 'NONE',  ( -44.94229256761045832, 2.278231499937180438, 4.000000000000000000 ) ) ;
#2137 = VERTEX_POINT ( 'NONE', #2233 ) ;
#2138 = DIRECTION ( 'NONE',  ( 0.000000000000000000, 0.000000000000000000, -1.000000000000000000 ) ) ;
#2139 = CARTESIAN_POINT ( 'NONE',  ( -0.000000000000000000, -2.499999999999998668, 9.000000000000001776 ) ) ;
#2140 = DIRECTION ( 'NONE',  ( 0.000000000000000000, 0.000000000000000000, 1.000000000000000000 ) ) ;
#2141 = CARTESIAN_POINT ( 'NONE',  ( -41.99993853224285800, -0.07185602146822406278, 8.975819329687391601 ) ) ;
#2142 = AXIS2_PLACEMENT_3D ( 'NONE', #496, #1240, #2000 ) ;
#2143 = ORIENTED_EDGE ( 'NONE', *, *, #1258, .T. ) ;
#2144 = VECTOR ( 'NONE', #2198, 1000.000000000000000 ) ;
#2145 = FACE_OUTER_BOUND ( 'NONE', #2395, .T. ) ;
#2146 = VERTEX_POINT ( 'NONE', #1485 ) ;
#2147 = CARTESIAN_POINT ( 'NONE',  ( 18.53553390593273775, 16.03553390593273775, 9.000000000000001776 ) ) ;
#2148 = FACE_OUTER_BOUND ( 'NONE', #1461, .T. ) ;
#2149 = ORIENTED_EDGE ( 'NONE', *, *, #400, .T. ) ;
#2150 = EDGE_CURVE ( 'NONE', #1452, #186, #373, .T. ) ;
#2151 = PLANE ( 'NONE',  #1024 ) ;
#2152 = EDGE_CURVE ( 'NONE', #416, #705, #957, .T. ) ;
#2153 = CARTESIAN_POINT ( 'NONE',  ( -18.53553390593274131, -1.035533905932735532, 9.000000000000000000 ) ) ;
#2154 = LINE ( 'NONE', #1225, #1705 ) ;
#2155 = EDGE_CURVE ( 'NONE', #622, #1924, #782, .T. ) ;
#2156 = VECTOR ( 'NONE', #1945, 1000.000000000000000 ) ;
#2157 = DIRECTION ( 'NONE',  ( -0.000000000000000000, -0.000000000000000000, -1.000000000000000000 ) ) ;
#2158 = EDGE_LOOP ( 'NONE', ( #130, #2143, #1152, #587 ) ) ;
#2159 = ADVANCED_FACE ( 'NONE', ( #405 ), #1711, .T. ) ;
#2160 = LINE ( 'NONE', #837, #621 ) ;
#2161 = CARTESIAN_POINT ( 'NONE',  ( 15.00000000000000000, 14.99999999999999289, 11.40000000000000036 ) ) ;
#2162 = VERTEX_POINT ( 'NONE', #30 ) ;
#2163 = CIRCLE ( 'NONE', #1322, 41.99999999999999289 ) ;
#2164 = LINE ( 'NONE', #1005, #2156 ) ;
#2165 = DIRECTION ( 'NONE',  ( -0.000000000000000000, -0.000000000000000000, -1.000000000000000000 ) ) ;
#2166 = ORIENTED_EDGE ( 'NONE', *, *, #657, .T. ) ;
#2167 = ORIENTED_EDGE ( 'NONE', *, *, #2388, .T. ) ;
#2168 = CARTESIAN_POINT ( 'NONE',  ( 41.96450619081783628, -1.726331416852328271, 4.000000000000000000 ) ) ;
#2169 = LINE ( 'NONE', #2139, #878 ) ;
#2170 = DIRECTION ( 'NONE',  ( 0.000000000000000000, 0.000000000000000000, -1.000000000000000000 ) ) ;
#2171 = EDGE_CURVE ( 'NONE', #1075, #1260, #2435, .T. ) ;
#2172 = EDGE_CURVE ( 'NONE', #2287, #1849, #1511, .T. ) ;
#2173 = LINE ( 'NONE', #458, #1742 ) ;
#2174 = EDGE_LOOP ( 'NONE', ( #796, #2166, #2342, #1182 ) ) ;
#2175 = DIRECTION ( 'NONE',  ( 0.000000000000000000, 0.000000000000000000, 1.000000000000000000 ) ) ;
#2176 = LINE ( 'NONE', #69, #2018 ) ;
#2177 = ORIENTED_EDGE ( 'NONE', *, *, #924, .F. ) ;
#2178 = AXIS2_PLACEMENT_3D ( 'NONE', #1250, #321, #504 ) ;
#2179 = CARTESIAN_POINT ( 'NONE',  ( 44.99993414168877592, 0.07698859443024366755, 4.000000000000000000 ) ) ;
#2180 = CARTESIAN_POINT ( 'NONE',  ( 15.00000000000000000, 39.23009049186605779, 0.000000000000000000 ) ) ;
#2181 = ORIENTED_EDGE ( 'NONE', *, *, #160, .F. ) ;
#2182 = DIRECTION ( 'NONE',  ( 1.000000000000000000, 0.000000000000000000, 0.000000000000000000 ) ) ;
#2183 = CARTESIAN_POINT ( 'NONE',  ( -15.00000000000000000, 14.99999999999999289, 0.000000000000000000 ) ) ;
#2184 = DIRECTION ( 'NONE',  ( 1.000000000000000000, 0.000000000000000000, 0.000000000000000000 ) ) ;
#2185 = DIRECTION ( 'NONE',  ( 0.1822355254921395329, 0.9832549075639560598, -0.000000000000000000 ) ) ;
#2186 = VECTOR ( 'NONE', #780, 1000.000000000000000 ) ;
#2187 = CARTESIAN_POINT ( 'NONE',  ( 17.50000000000000000, 15.00000000000000000, 6.500000000000002665 ) ) ;
#2188 = ADVANCED_FACE ( 'NONE', ( #2071 ), #751, .T. ) ;
#2189 = LINE ( 'NONE', #1612, #211 ) ;
#2190 = AXIS2_PLACEMENT_3D ( 'NONE', #1462, #1865, #2412 ) ;
#2191 = ORIENTED_EDGE ( 'NONE', *, *, #758, .F. ) ;
#2192 = AXIS2_PLACEMENT_3D ( 'NONE', #91, #875, #505 ) ;
#2193 = LINE ( 'NONE', #2422, #769 ) ;
#2194 = DIRECTION ( 'NONE',  ( -1.000000000000000000, 0.000000000000000000, 0.000000000000000000 ) ) ;
#2195 = EDGE_LOOP ( 'NONE', ( #210, #329, #2421, #902 ) ) ;
#2196 = CARTESIAN_POINT ( 'NONE',  ( -9.999999999999998224, 14.99999999999999289, 0.000000000000000000 ) ) ;
#2197 = DIRECTION ( 'NONE',  ( -1.000000000000000000, 0.000000000000000000, 0.000000000000000000 ) ) ;
#2198 = DIRECTION ( 'NONE',  ( -0.000000000000000000, -0.000000000000000000, -1.000000000000000000 ) ) ;
#2199 = CARTESIAN_POINT ( 'NONE',  ( 22.47729995775435796, 35.47916271009133737, 8.975819329687391601 ) ) ;
#2200 = DIRECTION ( 'NONE',  ( 0.000000000000000000, 0.000000000000000000, 1.000000000000000000 ) ) ;
#2201 = ORIENTED_EDGE ( 'NONE', *, *, #661, .T. ) ;
#2202 = ORIENTED_EDGE ( 'NONE', *, *, #1624, .F. ) ;
#2203 = ADVANCED_FACE ( 'NONE', ( #2106 ), #1105, .T. ) ;
#2204 = ORIENTED_EDGE ( 'NONE', *, *, #1687, .F. ) ;
#2205 = CYLINDRICAL_SURFACE ( 'NONE', #2407, 41.99999999999999289 ) ;
#2206 = EDGE_CURVE ( 'NONE', #1725, #884, #602, .T. ) ;
#2207 = VECTOR ( 'NONE', #1956, 1000.000000000000000 ) ;
#2208 =( NAMED_UNIT ( * ) SI_UNIT ( $, .STERADIAN. ) SOLID_ANGLE_UNIT ( ) );
#2209 = VERTEX_POINT ( 'NONE', #21 ) ;
#2210 = CARTESIAN_POINT ( 'NONE',  ( 12.49999999999996625, -10.00000000000000000, 11.40000000000000036 ) ) ;
#2211 = CARTESIAN_POINT ( 'NONE',  ( 23.74999999999999645, 22.00000000000000355, 10.20000000000000107 ) ) ;
#2212 = ORIENTED_EDGE ( 'NONE', *, *, #559, .F. ) ;
#2213 = ORIENTED_EDGE ( 'NONE', *, *, #1477, .T. ) ;
#2214 = EDGE_LOOP ( 'NONE', ( #250, #1958, #164, #1846 ) ) ;
#2215 = AXIS2_PLACEMENT_3D ( 'NONE', #1661, #345, #2386 ) ;
#2216 = LINE ( 'NONE', #1114, #908 ) ;
#2217 = PLANE ( 'NONE',  #619 ) ;
#2218 = ORIENTED_EDGE ( 'NONE', *, *, #540, .T. ) ;
#2219 = CARTESIAN_POINT ( 'NONE',  ( -19.94999999999999929, -2.000000000000010658, 11.40000000000000036 ) ) ;
#2220 = VERTEX_POINT ( 'NONE', #947 ) ;
#2221 = DIRECTION ( 'NONE',  ( 0.000000000000000000, 0.000000000000000000, 1.000000000000000000 ) ) ;
#2222 = ORIENTED_EDGE ( 'NONE', *, *, #166, .F. ) ;
#2223 = ORIENTED_EDGE ( 'NONE', *, *, #33, .T. ) ;
#2224 = AXIS2_PLACEMENT_3D ( 'NONE', #205, #1728, #39 ) ;
#2225 = DIRECTION ( 'NONE',  ( 1.000000000000000000, 0.000000000000000000, 0.000000000000000000 ) ) ;
#2226 = EDGE_CURVE ( 'NONE', #697, #1736, #1069, .T. ) ;
#2227 = CARTESIAN_POINT ( 'NONE',  ( -41.96450619081783628, 1.726331416852333822, 8.975819329687391601 ) ) ;
#2228 = ADVANCED_FACE ( 'NONE', ( #978 ), #1361, .F. ) ;
#2229 = CARTESIAN_POINT ( 'NONE',  ( -17.50000000000000000, -15.00000000000003553, 11.40000000000000036 ) ) ;
#2230 = ORIENTED_EDGE ( 'NONE', *, *, #2388, .F. ) ;
#2231 = EDGE_LOOP ( 'NONE', ( #786, #1523, #2003, #145, #1564, #1207, #514 ) ) ;
#2232 = ORIENTED_EDGE ( 'NONE', *, *, #426, .F. ) ;
#2233 = CARTESIAN_POINT ( 'NONE',  ( -43.72588679671902412, 10.63234799282424348, 2.500000000000000000 ) ) ;
#2234 = ADVANCED_FACE ( 'NONE', ( #1906 ), #1699, .T. ) ;
#2235 = EDGE_CURVE ( 'NONE', #2121, #1466, #614, .T. ) ;
#2236 = CARTESIAN_POINT ( 'NONE',  ( 42.77368981425397720, -13.97896489994826119, 2.500000000000000000 ) ) ;
#2237 = AXIS2_PLACEMENT_3D ( 'NONE', #667, #273, #1409 ) ;
#2238 = CARTESIAN_POINT ( 'NONE',  ( 12.49999999999996625, -9.999999999999998224, 4.000000000000000000 ) ) ;
#2239 = EDGE_LOOP ( 'NONE', ( #501, #648, #480, #1962 ) ) ;
#2240 = ORIENTED_EDGE ( 'NONE', *, *, #2375, .T. ) ;
#2241 = ORIENTED_EDGE ( 'NONE', *, *, #1625, .F. ) ;
#2242 = DIRECTION ( 'NONE',  ( -1.000000000000000000, 0.000000000000000000, 0.000000000000000000 ) ) ;
#2243 = AXIS2_PLACEMENT_3D ( 'NONE', #454, #2138, #279 ) ;
#2244 = CIRCLE ( 'NONE', #979, 45.00000000000000711 ) ;
#2245 = CARTESIAN_POINT ( 'NONE',  ( 17.50000000000000000, -23.75710593621603195, 11.40000000000000036 ) ) ;
#2246 = FACE_OUTER_BOUND ( 'NONE', #2397, .T. ) ;
#2247 = CARTESIAN_POINT ( 'NONE',  ( -23.74999999999999289, 22.00000000000000355, 11.40000000000000036 ) ) ;
#2248 = ORIENTED_EDGE ( 'NONE', *, *, #2226, .F. ) ;
#2249 = EDGE_CURVE ( 'NONE', #1472, #2096, #2436, .T. ) ;
#2250 = DIRECTION ( 'NONE',  ( 0.000000000000000000, -0.000000000000000000, -1.000000000000000000 ) ) ;
#2251 = ORIENTED_EDGE ( 'NONE', *, *, #168, .F. ) ;
#2252 = DIRECTION ( 'NONE',  ( 0.000000000000000000, -1.000000000000000000, 0.000000000000000000 ) ) ;
#2253 = ORIENTED_EDGE ( 'NONE', *, *, #2418, .T. ) ;
#2254 = CIRCLE ( 'NONE', #52, 45.00000000000001421 ) ;
#2255 = AXIS2_PLACEMENT_3D ( 'NONE', #961, #65, #973 ) ;
#2256 = DIRECTION ( 'NONE',  ( 1.000000000000000000, -0.000000000000000000, 0.000000000000000000 ) ) ;
#2257 = CARTESIAN_POINT ( 'NONE',  ( -0.4530189984854441354, -2.444271786621178943, 2.500000000000000000 ) ) ;
#2258 = DIRECTION ( 'NONE',  ( 0.000000000000000000, -1.000000000000000000, 0.000000000000000000 ) ) ;
#2259 = CARTESIAN_POINT ( 'NONE',  ( -45.00000000000000711, 0.000000000000000000, 4.000000000000000000 ) ) ;
#2260 = VERTEX_POINT ( 'NONE', #1122 ) ;
#2261 = CARTESIAN_POINT ( 'NONE',  ( 0.000000000000000000, 0.000000000000000000, 2.500000000000000000 ) ) ;
#2262 = ORIENTED_EDGE ( 'NONE', *, *, #1618, .F. ) ;
#2263 = AXIS2_PLACEMENT_3D ( 'NONE', #1929, #2369, #1576 ) ;
#2264 = DIRECTION ( 'NONE',  ( -0.001710857654005384226, 0.9999985364819730105, 0.000000000000000000 ) ) ;
#2265 = ORIENTED_EDGE ( 'NONE', *, *, #346, .T. ) ;
#2266 = CARTESIAN_POINT ( 'NONE',  ( 0.000000000000000000, 0.000000000000000000, 2.500000000000000000 ) ) ;
#2267 = PRODUCT ( 'UniFi', 'UniFi', '', ( #2383 ) ) ;
#2268 = FACE_OUTER_BOUND ( 'NONE', #1360, .T. ) ;
#2269 = LINE ( 'NONE', #818, #12 ) ;
#2270 = PRODUCT_RELATED_PRODUCT_CATEGORY ( 'part', '', ( #2267 ) ) ;
#2271 = AXIS2_PLACEMENT_3D ( 'NONE', #1212, #444, #633 ) ;
#2272 = DIRECTION ( 'NONE',  ( -1.000000000000000000, 0.000000000000000000, 0.000000000000000000 ) ) ;
#2273 = AXIS2_PLACEMENT_3D ( 'NONE', #517, #833, #2335 ) ;
#2274 = LINE ( 'NONE', #2433, #1756 ) ;
#2275 = ORIENTED_EDGE ( 'NONE', *, *, #581, .T. ) ;
#2276 = DIRECTION ( 'NONE',  ( -0.000000000000000000, -0.000000000000000000, -1.000000000000000000 ) ) ;
#2277 = VERTEX_POINT ( 'NONE', #2086 ) ;
#2278 = EDGE_CURVE ( 'NONE', #500, #186, #590, .T. ) ;
#2279 = CARTESIAN_POINT ( 'NONE',  ( -43.72588679671902412, 10.63234799282424348, 2.500000000000000000 ) ) ;
#2280 = AXIS2_PLACEMENT_3D ( 'NONE', #1038, #2372, #1765 ) ;
#2281 = DIRECTION ( 'NONE',  ( -0.000000000000000000, 0.000000000000000000, 1.000000000000000000 ) ) ;
#2282 = CARTESIAN_POINT ( 'NONE',  ( -17.50000000000000711, -6.933263352232980803E-15, 4.000000000000000000 ) ) ;
#2283 = VECTOR ( 'NONE', #1392, 1000.000000000000114 ) ;
#2284 =( BOUNDED_CURVE ( )  B_SPLINE_CURVE ( 3, ( #487, #78, #1982, #255 ),
 .UNSPECIFIED., .F., .F. ) 
 B_SPLINE_CURVE_WITH_KNOTS ( ( 4, 4 ),
 ( 4.767659302458786996, 4.844999532772896522 ),
 .UNSPECIFIED. ) 
 CURVE ( )  GEOMETRIC_REPRESENTATION_ITEM ( )  RATIONAL_B_SPLINE_CURVE ( ( 1.000000000000000000, 0.9995016028435612654, 0.9995016028435612654, 1.000000000000000000 ) ) 
 REPRESENTATION_ITEM ( '' )  );
#2285 = CARTESIAN_POINT ( 'NONE',  ( 0.000000000000000000, 0.000000000000000000, 0.000000000000000000 ) ) ;
#2286 = CARTESIAN_POINT ( 'NONE',  ( 42.50000000000000000, -23.75710593621603550, 2.500000000000000444 ) ) ;
#2287 = VERTEX_POINT ( 'NONE', #384 ) ;
#2288 = CARTESIAN_POINT ( 'NONE',  ( 15.00000000000000000, 0.000000000000000000, 9.000000000000001776 ) ) ;
#2289 = VERTEX_POINT ( 'NONE', #209 ) ;
#2290 = ORIENTED_EDGE ( 'NONE', *, *, #103, .T. ) ;
#2291 = DIRECTION ( 'NONE',  ( -1.000000000000000000, 0.000000000000000000, 0.000000000000000000 ) ) ;
#2292 = VECTOR ( 'NONE', #1838, 1000.000000000000114 ) ;
#2293 = CARTESIAN_POINT ( 'NONE',  ( 0.000000000000000000, 0.000000000000000000, 9.000000000000001776 ) ) ;
#2294 = CARTESIAN_POINT ( 'NONE',  ( 20.93774012611495294, -36.40894173704141679, 0.000000000000000000 ) ) ;
#2295 = VECTOR ( 'NONE', #2066, 1000.000000000000000 ) ;
#2296 = ADVANCED_FACE ( 'NONE', ( #1131 ), #9, .T. ) ;
#2297 = LINE ( 'NONE', #1555, #1704 ) ;
#2298 = ORIENTED_EDGE ( 'NONE', *, *, #218, .F. ) ;
#2299 = LINE ( 'NONE', #84, #1886 ) ;
#2300 = VERTEX_POINT ( 'NONE', #1589 ) ;
#2301 = CARTESIAN_POINT ( 'NONE',  ( 22.47729995775435796, 35.47916271009133737, 4.000000000000000000 ) ) ;
#2302 = ORIENTED_EDGE ( 'NONE', *, *, #770, .F. ) ;
#2303 = EDGE_CURVE ( 'NONE', #29, #1548, #2164, .T. ) ;
#2304 = LINE ( 'NONE', #616, #2052 ) ;
#2305 = ADVANCED_FACE ( 'NONE', ( #1232 ), #1375, .F. ) ;
#2306 = FACE_OUTER_BOUND ( 'NONE', #507, .T. ) ;
#2307 = CARTESIAN_POINT ( 'NONE',  ( 15.00000000000000000, 17.49999999999999645, 6.500000000000002665 ) ) ;
#2308 = ADVANCED_FACE ( 'NONE', ( #1388 ), #113, .F. ) ;
#2309 = ADVANCED_FACE ( 'NONE', ( #73 ), #811, .F. ) ;
#2310 = CARTESIAN_POINT ( 'NONE',  ( 41.96450619081783628, -1.726331416852328271, 4.000000000000000000 ) ) ;
#2311 = EDGE_LOOP ( 'NONE', ( #1991, #1008, #1629, #351 ) ) ;
#2312 = DIRECTION ( 'NONE',  ( 0.000000000000000000, 0.000000000000000000, -1.000000000000000000 ) ) ;
#2313 = MECHANICAL_DESIGN_GEOMETRIC_PRESENTATION_REPRESENTATION (  '', ( #1645 ), #1844 ) ;
#2314 = ORIENTED_EDGE ( 'NONE', *, *, #335, .T. ) ;
#2315 = AXIS2_PLACEMENT_3D ( 'NONE', #289, #139, #879 ) ;
#2316 = DIRECTION ( 'NONE',  ( 0.000000000000000000, 0.000000000000000000, -1.000000000000000000 ) ) ;
#2317 = FACE_OUTER_BOUND ( 'NONE', #883, .T. ) ;
#2318 = EDGE_LOOP ( 'NONE', ( #312, #340, #1877, #332, #1455, #1264, #1425, #1955, #2275, #1295, #1309, #1551 ) ) ;
#2319 = CIRCLE ( 'NONE', #323, 25.00000000000000000 ) ;
#2320 = DIRECTION ( 'NONE',  ( 0.8668795651676520775, -0.4985176220503568789, 0.000000000000000000 ) ) ;
#2321 = DIRECTION ( 'NONE',  ( 1.000000000000000000, 0.000000000000000000, 0.000000000000000000 ) ) ;
#2322 = FACE_OUTER_BOUND ( 'NONE', #881, .T. ) ;
#2323 = CARTESIAN_POINT ( 'NONE',  ( 42.77368981425397720, -13.97896489994826119, 2.500000000000000000 ) ) ;
#2324 = CIRCLE ( 'NONE', #1267, 1.199999999999999734 ) ;
#2325 = AXIS2_PLACEMENT_3D ( 'NONE', #1895, #2264, #1881 ) ;
#2326 = VERTEX_POINT ( 'NONE', #2179 ) ;
#2327 = CARTESIAN_POINT ( 'NONE',  ( 20.93774012611495650, 36.40894173704140258, 0.000000000000000000 ) ) ;
#2328 = ORIENTED_EDGE ( 'NONE', *, *, #676, .T. ) ;
#2329 = ADVANCED_FACE ( 'NONE', ( #100 ), #1556, .F. ) ;
#2330 = FACE_OUTER_BOUND ( 'NONE', #2239, .T. ) ;
#2331 = CARTESIAN_POINT ( 'NONE',  ( 0.000000000000000000, 0.000000000000000000, 2.500000000000000000 ) ) ;
#2332 = ORIENTED_EDGE ( 'NONE', *, *, #1160, .T. ) ;
#2333 = CARTESIAN_POINT ( 'NONE',  ( -44.94229256761045832, 2.278231499937180438, 2.500000000000000444 ) ) ;
#2334 = LINE ( 'NONE', #1053, #2283 ) ;
#2335 = DIRECTION ( 'NONE',  ( 1.000000000000000000, 0.000000000000000000, 0.000000000000000000 ) ) ;
#2336 = EDGE_CURVE ( 'NONE', #2404, #705, #1513, .T. ) ;
#2337 = LINE ( 'NONE', #1226, #565 ) ;
#2338 = AXIS2_PLACEMENT_3D ( 'NONE', #779, #1912, #1938 ) ;
#2339 = ORIENTED_EDGE ( 'NONE', *, *, #1051, .F. ) ;
#2340 = PLANE ( 'NONE',  #1132 ) ;
#2341 = LINE ( 'NONE', #1926, #943 ) ;
#2342 = ORIENTED_EDGE ( 'NONE', *, *, #403, .T. ) ;
#2343 = EDGE_CURVE ( 'NONE', #613, #358, #1396, .T. ) ;
#2344 = DIRECTION ( 'NONE',  ( -0.000000000000000000, 0.000000000000000000, -1.000000000000000000 ) ) ;
#2345 = DIRECTION ( 'NONE',  ( -1.000000000000000000, 0.000000000000000000, 0.000000000000000000 ) ) ;
#2346 = ORIENTED_EDGE ( 'NONE', *, *, #1456, .F. ) ;
#2347 = EDGE_LOOP ( 'NONE', ( #176, #290, #236, #2118 ) ) ;
#2348 = DIRECTION ( 'NONE',  ( 0.000000000000000000, 1.000000000000000000, -0.000000000000000000 ) ) ;
#2349 = DIRECTION ( 'NONE',  ( 1.000000000000000000, -0.000000000000000000, 0.000000000000000000 ) ) ;
#2350 = DIRECTION ( 'NONE',  ( -0.000000000000000000, -0.000000000000000000, -1.000000000000000000 ) ) ;
#2351 = LINE ( 'NONE', #1811, #2064 ) ;
#2352 = EDGE_LOOP ( 'NONE', ( #194, #2028, #1311, #1286 ) ) ;
#2353 = CYLINDRICAL_SURFACE ( 'NONE', #2237, 5.000000000000000000 ) ;
#2354 = DIRECTION ( 'NONE',  ( -1.000000000000000000, 0.000000000000000000, 0.000000000000000000 ) ) ;
#2355 = VERTEX_POINT ( 'NONE', #1993 ) ;
#2356 = VECTOR ( 'NONE', #2157, 1000.000000000000000 ) ;
#2357 = DIRECTION ( 'NONE',  ( 0.000000000000000000, 0.000000000000000000, -1.000000000000000000 ) ) ;
#2358 = ORIENTED_EDGE ( 'NONE', *, *, #494, .T. ) ;
#2359 = CARTESIAN_POINT ( 'NONE',  ( -43.13415844874297989, 12.87598097590554502, 1.164070905011808543 ) ) ;
#2360 = DIRECTION ( 'NONE',  ( 0.000000000000000000, 0.000000000000000000, 1.000000000000000000 ) ) ;
#2361 = LINE ( 'NONE', #1998, #389 ) ;
#2362 = EDGE_CURVE ( 'NONE', #2220, #2289, #355, .T. ) ;
#2363 = CARTESIAN_POINT ( 'NONE',  ( 33.49298362909330962, 30.05361954276536807, 2.500000000000000000 ) ) ;
#2364 = DIRECTION ( 'NONE',  ( 0.000000000000000000, 0.000000000000000000, 1.000000000000000000 ) ) ;
#2365 = VECTOR ( 'NONE', #414, 1000.000000000000000 ) ;
#2366 = CARTESIAN_POINT ( 'NONE',  ( -44.99993414168879013, -0.07698859443024742844, 8.975819329687391601 ) ) ;
#2367 = ORIENTED_EDGE ( 'NONE', *, *, #359, .F. ) ;
#2368 = AXIS2_PLACEMENT_3D ( 'NONE', #1919, #1338, #1726 ) ;
#2369 = DIRECTION ( 'NONE',  ( -0.000000000000000000, -0.000000000000000000, -1.000000000000000000 ) ) ;
#2370 = DIRECTION ( 'NONE',  ( 0.6494480483301798834, 0.7604059656000341505, 0.000000000000000000 ) ) ;
#2371 = EDGE_LOOP ( 'NONE', ( #1642, #1497, #1896, #1980, #1036, #519, #171, #1866 ) ) ;
#2372 = DIRECTION ( 'NONE',  ( -0.000000000000000000, 0.000000000000000000, -1.000000000000000000 ) ) ;
#2373 = CARTESIAN_POINT ( 'NONE',  ( 22.43329299226602913, 39.00958043254436802, 4.000000000000000000 ) ) ;
#2374 = DIRECTION ( 'NONE',  ( 0.9999985364819728995, 0.001710857654005384226, -0.000000000000000000 ) ) ;
#2375 = EDGE_CURVE ( 'NONE', #1002, #599, #451, .T. ) ;
#2376 = CARTESIAN_POINT ( 'NONE',  ( 15.00000000000000000, 22.00000000000000355, 9.000000000000001776 ) ) ;
#2377 = ADVANCED_FACE ( 'NONE', ( #1179 ), #300, .T. ) ;
#2378 = CARTESIAN_POINT ( 'NONE',  ( -12.49999999999996625, -10.00000000000000000, 4.000000000000000000 ) ) ;
#2379 = CARTESIAN_POINT ( 'NONE',  ( 41.96450619081783628, -1.726331416852328271, 2.500000000000000444 ) ) ;
#2380 = CIRCLE ( 'NONE', #11, 45.00000000000000711 ) ;
#2381 = ORIENTED_EDGE ( 'NONE', *, *, #368, .F. ) ;
#2382 = ADVANCED_FACE ( 'NONE', ( #2330 ), #1200, .F. ) ;
#2383 = PRODUCT_CONTEXT ( 'NONE', #2112, 'mechanical' ) ;
#2384 = VERTEX_POINT ( 'NONE', #638 ) ;
#2385 = ORIENTED_EDGE ( 'NONE', *, *, #735, .F. ) ;
#2386 = DIRECTION ( 'NONE',  ( -1.000000000000000000, 0.000000000000000000, 0.000000000000000000 ) ) ;
#2387 = CYLINDRICAL_SURFACE ( 'NONE', #2192, 40.49999999999999289 ) ;
#2388 = EDGE_CURVE ( 'NONE', #510, #527, #1789, .T. ) ;
#2389 = EDGE_CURVE ( 'NONE', #116, #599, #1204, .T. ) ;
#2390 = CARTESIAN_POINT ( 'NONE',  ( -31.52613094839475849, -27.75073093496216359, 0.5000000000000000000 ) ) ;
#2391 = ORIENTED_EDGE ( 'NONE', *, *, #1871, .F. ) ;
#2392 = EDGE_CURVE ( 'NONE', #717, #2277, #1960, .T. ) ;
#2393 = CARTESIAN_POINT ( 'NONE',  ( 0.000000000000000000, 0.000000000000000000, 4.000000000000000000 ) ) ;
#2394 = DIRECTION ( 'NONE',  ( -0.000000000000000000, 1.000000000000000000, -0.000000000000000000 ) ) ;
#2395 = EDGE_LOOP ( 'NONE', ( #611, #1077, #1773, #2230, #1755 ) ) ;
#2396 = CARTESIAN_POINT ( 'NONE',  ( 42.77368981425397720, -13.97896489994826119, 0.4999999999999982792 ) ) ;
#2397 = EDGE_LOOP ( 'NONE', ( #62, #1538, #2019, #1806 ) ) ;
#2398 = ORIENTED_EDGE ( 'NONE', *, *, #876, .F. ) ;
#2399 = CARTESIAN_POINT ( 'NONE',  ( -40.49999999999999289, 0.000000000000000000, 0.9999999999999731326 ) ) ;
#2400 = CIRCLE ( 'NONE', #72, 1.199999999999999734 ) ;
#2401 = CARTESIAN_POINT ( 'NONE',  ( -44.94229256761045832, 2.278231499937180438, 8.975819329687391601 ) ) ;
#2402 = VERTEX_POINT ( 'NONE', #1218 ) ;
#2403 = FACE_OUTER_BOUND ( 'NONE', #1327, .T. ) ;
#2404 = VERTEX_POINT ( 'NONE', #1978 ) ;
#2405 = ORIENTED_EDGE ( 'NONE', *, *, #1281, .T. ) ;
#2406 = ORIENTED_EDGE ( 'NONE', *, *, #2249, .T. ) ;
#2407 = AXIS2_PLACEMENT_3D ( 'NONE', #1820, #1304, #2242 ) ;
#2408 = EDGE_CURVE ( 'NONE', #2012, #2289, #684, .T. ) ;
#2409 = CARTESIAN_POINT ( 'NONE',  ( 44.99993414168877592, 0.07698859443024366755, 4.000000000000000000 ) ) ;
#2410 = EDGE_CURVE ( 'NONE', #530, #219, #502, .T. ) ;
#2411 = DIRECTION ( 'NONE',  ( 0.000000000000000000, 0.000000000000000000, -1.000000000000000000 ) ) ;
#2412 = DIRECTION ( 'NONE',  ( 0.000000000000000000, 0.000000000000000000, -1.000000000000000000 ) ) ;
#2413 = VERTEX_POINT ( 'NONE', #2396 ) ;
#2414 = VECTOR ( 'NONE', #1001, 1000.000000000000000 ) ;
#2415 = VERTEX_POINT ( 'NONE', #1061 ) ;
#2416 = ORIENTED_EDGE ( 'NONE', *, *, #2172, .F. ) ;
#2417 = EDGE_CURVE ( 'NONE', #5, #500, #2193, .T. ) ;
#2418 = EDGE_CURVE ( 'NONE', #1924, #2355, #534, .T. ) ;
#2419 = CARTESIAN_POINT ( 'NONE',  ( -15.00000000000000000, 39.23009049186605779, 2.500000000000000000 ) ) ;
#2420 = CARTESIAN_POINT ( 'NONE',  ( -1.890291961724710923, 1.614461854395915275, 2.500000000000000000 ) ) ;
#2421 = ORIENTED_EDGE ( 'NONE', *, *, #168, .T. ) ;
#2422 = CARTESIAN_POINT ( 'NONE',  ( -33.49298362909330251, -30.05361954276536451, 0.000000000000000000 ) ) ;
#2423 = VERTEX_POINT ( 'NONE', #1815 ) ;
#2424 = ORIENTED_EDGE ( 'NONE', *, *, #559, .T. ) ;
#2425 = CARTESIAN_POINT ( 'NONE',  ( -40.77128780713184852, 10.08474543793849598, 2.500000000000000000 ) ) ;
#2426 =( BOUNDED_CURVE ( )  B_SPLINE_CURVE ( 3, ( #268, #2153, #688, #1951 ),
 .UNSPECIFIED., .F., .T. ) 
 B_SPLINE_CURVE_WITH_KNOTS ( ( 4, 4 ),
 ( 1.570796326794897224, 3.141592653589794448 ),
 .UNSPECIFIED. ) 
 CURVE ( )  GEOMETRIC_REPRESENTATION_ITEM ( )  RATIONAL_B_SPLINE_CURVE ( ( 1.000000000000000000, 0.8047378541243649375, 0.8047378541243649375, 1.000000000000000000 ) ) 
 REPRESENTATION_ITEM ( '' )  );
#2427 = DIRECTION ( 'NONE',  ( -0.000000000000000000, -0.000000000000000000, -1.000000000000000000 ) ) ;
#2428 = FACE_OUTER_BOUND ( 'NONE', #34, .T. ) ;
#2429 = VECTOR ( 'NONE', #2008, 1000.000000000000000 ) ;
#2430 = EDGE_CURVE ( 'NONE', #2434, #1466, #264, .T. ) ;
#2431 = DIRECTION ( 'NONE',  ( 1.000000000000000000, 1.776356839400250465E-14, 0.000000000000000000 ) ) ;
#2432 = VERTEX_POINT ( 'NONE', #499 ) ;
#2433 = CARTESIAN_POINT ( 'NONE',  ( -40.49999999999999289, 0.000000000000000000, 2.500000000000000000 ) ) ;
#2434 = VERTEX_POINT ( 'NONE', #342 ) ;
#2435 = LINE ( 'NONE', #2288, #81 ) ;
#2436 = CIRCLE ( 'NONE', #714, 40.49999999999999289 ) ;
#2437 = ORIENTED_EDGE ( 'NONE', *, *, #1889, .F. ) ;
ENDSEC;
END-ISO-10303-21;
