ISO-10303-21;
HEADER;
FILE_DESCRIPTION (( 'STEP AP214' ),
    '1' );
FILE_NAME ('Zyxel.STEP',
    '2026-07-10T12:31:36',
    ( 'xxx' ),
    ( '' ),
    'SwSTEP 2.0',
    'SolidWorks 2025',
    '' );
FILE_SCHEMA (( 'AUTOMOTIVE_DESIGN' ));
ENDSEC;

DATA;
#1 = ADVANCED_FACE ( 'NONE', ( #963 ), #839, .T. ) ;
#2 = DIRECTION ( 'NONE',  ( 0.000000000000000000, -1.000000000000000000, 0.000000000000000000 ) ) ;
#3 = ORIENTED_EDGE ( 'NONE', *, *, #945, .T. ) ;
#4 = ORIENTED_EDGE ( 'NONE', *, *, #982, .F. ) ;
#5 = VECTOR ( 'NONE', #1161, 1000.000000000000000 ) ;
#6 = DIRECTION ( 'NONE',  ( 1.000000000000000000, 0.000000000000000000, 0.000000000000000000 ) ) ;
#7 = LINE ( 'NONE', #494, #132 ) ;
#8 = LINE ( 'NONE', #799, #1241 ) ;
#9 = LINE ( 'NONE', #1010, #689 ) ;
#10 = VERTEX_POINT ( 'NONE', #1472 ) ;
#11 = ADVANCED_FACE ( 'NONE', ( #477 ), #253, .F. ) ;
#12 = ORIENTED_EDGE ( 'NONE', *, *, #1158, .T. ) ;
#13 = VERTEX_POINT ( 'NONE', #1250 ) ;
#14 = DIRECTION ( 'NONE',  ( -0.000000000000000000, -0.000000000000000000, -1.000000000000000000 ) ) ;
#15 = CARTESIAN_POINT ( 'NONE',  ( 61.48430639287527555, 55.45999871096499589, 2.722745138722156432E-12 ) ) ;
#16 = CARTESIAN_POINT ( 'NONE',  ( 30.12138056741934378, 54.41500772777072825, 1.026310567005905048E-12 ) ) ;
#17 = CARTESIAN_POINT ( 'NONE',  ( 91.40000000000000568, 45.59999999999999432, 2.399999999999999911 ) ) ;
#18 = VERTEX_POINT ( 'NONE', #1228 ) ;
#19 = ADVANCED_FACE ( 'NONE', ( #105 ), #113, .T. ) ;
#20 = AXIS2_PLACEMENT_3D ( 'NONE', #365, #1482, #212 ) ;
#21 = ORIENTED_EDGE ( 'NONE', *, *, #1149, .T. ) ;
#22 = ORIENTED_EDGE ( 'NONE', *, *, #394, .F. ) ;
#23 = CARTESIAN_POINT ( 'NONE',  ( 30.69999999999999929, 3.999999999999994671, 9.799999999999998934 ) ) ;
#24 = DIRECTION ( 'NONE',  ( -1.000000000000000000, 1.390559900582610438E-16, 0.000000000000000000 ) ) ;
#25 = FACE_OUTER_BOUND ( 'NONE', #1535, .T. ) ;
#26 = CARTESIAN_POINT ( 'NONE',  ( 61.16152236891501559, 54.10031210998428719, -0.000000000000000000 ) ) ;
#27 = ORIENTED_EDGE ( 'NONE', *, *, #270, .T. ) ;
#28 = VERTEX_POINT ( 'NONE', #617 ) ;
#29 = AXIS2_PLACEMENT_3D ( 'NONE', #965, #452, #1060 ) ;
#30 = VECTOR ( 'NONE', #392, 1000.000000000000000 ) ;
#31 = DIRECTION ( 'NONE',  ( -6.308085367188390241E-16, -1.000000000000000000, 0.000000000000000000 ) ) ;
#32 = CARTESIAN_POINT ( 'NONE',  ( 30.24733970226263580, 54.76642387187835936, -0.008321193593918009557 ) ) ;
#33 = CARTESIAN_POINT ( 'NONE',  ( 60.70000000000000284, 11.00000000000000000, 4.899999999999999467 ) ) ;
#34 = CARTESIAN_POINT ( 'NONE',  ( 0.000000000000000000, 0.000000000000000000, 0.000000000000000000 ) ) ;
#35 = ORIENTED_EDGE ( 'NONE', *, *, #1520, .F. ) ;
#36 = ORIENTED_EDGE ( 'NONE', *, *, #1284, .F. ) ;
#37 = FACE_OUTER_BOUND ( 'NONE', #1066, .T. ) ;
#38 = SURFACE_STYLE_USAGE ( .BOTH. , #1427 ) ;
#39 = CARTESIAN_POINT ( 'NONE',  ( 60.70000000000000284, 11.00000000000000000, 0.000000000000000000 ) ) ;
#40 = CARTESIAN_POINT ( 'NONE',  ( 61.24214279105635228, 54.76740524816184319, -0.008295384250345214441 ) ) ;
#41 = VECTOR ( 'NONE', #718, 1000.000000000000000 ) ;
#42 = ORIENTED_EDGE ( 'NONE', *, *, #693, .F. ) ;
#43 = VERTEX_POINT ( 'NONE', #485 ) ;
#44 = VECTOR ( 'NONE', #795, 1000.000000000000000 ) ;
#45 = CARTESIAN_POINT ( 'NONE',  ( 61.48873775369293782, 55.05300163831828542, -1.299999999999999600 ) ) ;
#46 = DIRECTION ( 'NONE',  ( 0.000000000000000000, -1.000000000000000000, 0.000000000000000000 ) ) ;
#47 = ADVANCED_FACE ( 'NONE', ( #457 ), #1465, .T. ) ;
#48 = DIRECTION ( 'NONE',  ( 1.390559900582610438E-16, 1.000000000000000000, -0.000000000000000000 ) ) ;
#49 = AXIS2_PLACEMENT_3D ( 'NONE', #291, #251, #1147 ) ;
#50 = CARTESIAN_POINT ( 'NONE',  ( 65.65000000000000568, 31.80000000000000782, 8.599999999999999645 ) ) ;
#51 = DIRECTION ( 'NONE',  ( -0.2993120684113944607, 0.9541552733718410284, 0.000000000000000000 ) ) ;
#52 = VERTEX_POINT ( 'NONE', #924 ) ;
#53 = APPLICATION_PROTOCOL_DEFINITION ( 'draft international standard', 'automotive_design', 1998, #228 ) ;
#54 = ORIENTED_EDGE ( 'NONE', *, *, #174, .F. ) ;
#55 = ADVANCED_FACE ( 'NONE', ( #133 ), #150, .F. ) ;
#56 = CARTESIAN_POINT ( 'NONE',  ( 62.23847763108503983, -3.926056300207294439E-14, 0.000000000000000000 ) ) ;
#57 = DIRECTION ( 'NONE',  ( -0.000000000000000000, -0.000000000000000000, 1.000000000000000000 ) ) ;
#58 = CARTESIAN_POINT ( 'NONE',  ( 61.48873775369293071, 55.05300163831827831, 0.000000000000000000 ) ) ;
#59 = MECHANICAL_DESIGN_GEOMETRIC_PRESENTATION_REPRESENTATION (  '', ( #1486 ), #950 ) ;
#60 = EDGE_CURVE ( 'NONE', #28, #846, #1291, .T. ) ;
#61 = DIRECTION ( 'NONE',  ( -1.000000000000000000, 0.000000000000000000, 0.000000000000000000 ) ) ;
#62 = CARTESIAN_POINT ( 'NONE',  ( 61.31289323219873921, 55.10855214883581965, -0.01314526815516345835 ) ) ;
#63 = VERTEX_POINT ( 'NONE', #507 ) ;
#64 = DIRECTION ( 'NONE',  ( 1.000000000000000000, 0.000000000000000000, 0.000000000000000000 ) ) ;
#65 = VERTEX_POINT ( 'NONE', #1418 ) ;
#66 = PLANE ( 'NONE',  #999 ) ;
#67 = DIRECTION ( 'NONE',  ( 6.308085367188390241E-16, 1.000000000000000000, 0.000000000000000000 ) ) ;
#68 = CARTESIAN_POINT ( 'NONE',  ( 0.000000000000000000, 0.000000000000000000, 0.000000000000000000 ) ) ;
#69 = DIRECTION ( 'NONE',  ( 0.000000000000000000, 1.000000000000000000, 0.000000000000000000 ) ) ;
#70 = CIRCLE ( 'NONE', #842, 1.299999999999996714 ) ;
#71 = EDGE_LOOP ( 'NONE', ( #1034, #413, #449, #654 ) ) ;
#72 = LINE ( 'NONE', #172, #44 ) ;
#73 = ORIENTED_EDGE ( 'NONE', *, *, #693, .T. ) ;
#74 = ADVANCED_FACE ( 'NONE', ( #1389 ), #1521, .F. ) ;
#75 = CARTESIAN_POINT ( 'NONE',  ( 27.16446609406726154, 27.03553390593273420, 7.399999999999999467 ) ) ;
#76 = AXIS2_PLACEMENT_3D ( 'NONE', #705, #927, #807 ) ;
#77 = VECTOR ( 'NONE', #164, 1000.000000000000000 ) ;
#78 = CARTESIAN_POINT ( 'NONE',  ( 30.69999999999999929, 3.999999999999989786, 9.799999999999998934 ) ) ;
#79 = DIRECTION ( 'NONE',  ( 1.000000000000000000, -1.390559900582610684E-16, 0.000000000000000000 ) ) ;
#80 = ORIENTED_EDGE ( 'NONE', *, *, #1012, .T. ) ;
#81 = ORIENTED_EDGE ( 'NONE', *, *, #419, .T. ) ;
#82 = CARTESIAN_POINT ( 'NONE',  ( 30.23847763108498654, 54.10031210992116968, -4.336808689942017736E-16 ) ) ;
#83 = CARTESIAN_POINT ( 'NONE',  ( 29.88107135028694117, 56.65694573827163794, -0.05159640626104030486 ) ) ;
#84 = FACE_OUTER_BOUND ( 'NONE', #986, .T. ) ;
#85 = DIRECTION ( 'NONE',  ( -0.7071067811865441310, -0.000000000000000000, -0.7071067811865510144 ) ) ;
#86 = VECTOR ( 'NONE', #85, 1000.000000000000000 ) ;
#87 = ORIENTED_EDGE ( 'NONE', *, *, #281, .T. ) ;
#88 = VERTEX_POINT ( 'NONE', #898 ) ;
#89 = EDGE_LOOP ( 'NONE', ( #384, #42, #216, #217, #387 ) ) ;
#90 = CARTESIAN_POINT ( 'NONE',  ( 29.69999999999997442, 6.440160904563888449E-15, 0.000000000000000000 ) ) ;
#91 = DIRECTION ( 'NONE',  ( -1.000000000000000000, 0.000000000000000000, 0.000000000000000000 ) ) ;
#92 = CARTESIAN_POINT ( 'NONE',  ( 61.48873775369293071, 55.05300163831827831, 0.000000000000000000 ) ) ;
#93 = EDGE_CURVE ( 'NONE', #1623, #503, #1190, .T. ) ;
#94 = CARTESIAN_POINT ( 'NONE',  ( 66.39999999999999147, 70.59999999999999432, 2.399999999999999911 ) ) ;
#95 = ADVANCED_FACE ( 'NONE', ( #262 ), #1137, .T. ) ;
#96 = VERTEX_POINT ( 'NONE', #915 ) ;
#97 = ORIENTED_EDGE ( 'NONE', *, *, #956, .F. ) ;
#98 = CARTESIAN_POINT ( 'NONE',  ( 30.26505281298689098, 55.09906444886211574, -0.02495322244310742288 ) ) ;
#99 = EDGE_CURVE ( 'NONE', #52, #1179, #293, .T. ) ;
#100 = CARTESIAN_POINT ( 'NONE',  ( 25.70000000000000284, 26.00000000000000000, 2.399999999999999911 ) ) ;
#101 = FACE_OUTER_BOUND ( 'NONE', #707, .T. ) ;
#102 = AXIS2_PLACEMENT_3D ( 'NONE', #691, #421, #1067 ) ;
#103 = LINE ( 'NONE', #1113, #962 ) ;
#104 = ORIENTED_EDGE ( 'NONE', *, *, #1239, .F. ) ;
#105 = FACE_OUTER_BOUND ( 'NONE', #809, .T. ) ;
#106 = CARTESIAN_POINT ( 'NONE',  ( 69.45000000000001705, 3.999999999999989786, 8.600000000000001421 ) ) ;
#107 = EDGE_CURVE ( 'NONE', #342, #1280, #1479, .T. ) ;
#108 = CARTESIAN_POINT ( 'NONE',  ( 21.94999999999999574, 2.999999999999996003, 9.799999999999998934 ) ) ;
#109 = CARTESIAN_POINT ( 'NONE',  ( 61.46727511165083513, 58.81442163780414489, -0.1053961217394697863 ) ) ;
#110 = AXIS2_PLACEMENT_3D ( 'NONE', #1383, #1302, #774 ) ;
#111 = AXIS2_PLACEMENT_3D ( 'NONE', #624, #990, #493 ) ;
#112 = EDGE_CURVE ( 'NONE', #1135, #1289, #260, .T. ) ;
#113 = CYLINDRICAL_SURFACE ( 'NONE', #1322, 1.300000000000000044 ) ;
#114 = CARTESIAN_POINT ( 'NONE',  ( 25.70000000000000284, 8.499999999999998224, 7.400000000000000355 ) ) ;
#115 = CARTESIAN_POINT ( 'NONE',  ( 61.76393996755476934, 66.11865148086877753, -2.164599049454346091E-12 ) ) ;
#116 = LINE ( 'NONE', #1253, #1459 ) ;
#117 = ORIENTED_EDGE ( 'NONE', *, *, #563, .T. ) ;
#118 = AXIS2_PLACEMENT_3D ( 'NONE', #721, #1251, #1356 ) ;
#119 = LINE ( 'NONE', #1625, #341 ) ;
#120 = CARTESIAN_POINT ( 'NONE',  ( 25.74999999999999645, 31.80000000000001492, 9.799999999999998934 ) ) ;
#121 = CARTESIAN_POINT ( 'NONE',  ( 63.20000000000000284, 11.00000000000000000, 4.899999999999999467 ) ) ;
#122 = ORIENTED_EDGE ( 'NONE', *, *, #358, .T. ) ;
#123 = ORIENTED_EDGE ( 'NONE', *, *, #1530, .F. ) ;
#124 = DIRECTION ( 'NONE',  ( -1.390559900582610438E-16, -1.000000000000000000, 0.000000000000000000 ) ) ;
#125 = DIRECTION ( 'NONE',  ( -0.04987546680538049865, 0.9975093361076329268, -0.04987546680538160887 ) ) ;
#126 = EDGE_CURVE ( 'NONE', #513, #888, #142, .T. ) ;
#127 = PLANE ( 'NONE',  #238 ) ;
#128 = DIRECTION ( 'NONE',  ( -1.000000000000000000, 0.000000000000000000, 0.000000000000000000 ) ) ;
#129 = EDGE_LOOP ( 'NONE', ( #672, #838, #777 ) ) ;
#130 = VERTEX_POINT ( 'NONE', #525 ) ;
#131 = VERTEX_POINT ( 'NONE', #1043 ) ;
#132 = VECTOR ( 'NONE', #125, 1000.000000000000114 ) ;
#133 = FACE_OUTER_BOUND ( 'NONE', #1422, .T. ) ;
#134 = CARTESIAN_POINT ( 'NONE',  ( 61.39983576847903635, 55.08088959096376414, -4.553649124439117834E-15 ) ) ;
#135 =( BOUNDED_CURVE ( )  B_SPLINE_CURVE ( 3, ( #987, #863, #211, #1362 ),
 .UNSPECIFIED., .F., .T. ) 
 B_SPLINE_CURVE_WITH_KNOTS ( ( 4, 4 ),
 ( 4.712388980384689674, 6.283185307179586232 ),
 .UNSPECIFIED. ) 
 CURVE ( )  GEOMETRIC_REPRESENTATION_ITEM ( )  RATIONAL_B_SPLINE_CURVE ( ( 1.000000000000000000, 0.8047378541243649375, 0.8047378541243649375, 1.000000000000000000 ) ) 
 REPRESENTATION_ITEM ( '' )  );
#136 = DIRECTION ( 'NONE',  ( -1.000000000000000000, 0.000000000000000000, 0.000000000000000000 ) ) ;
#137 = CARTESIAN_POINT ( 'NONE',  ( 35.69999999999999574, 15.99999999999999645, 9.799999999999998934 ) ) ;
#138 = ORIENTED_EDGE ( 'NONE', *, *, #782, .T. ) ;
#139 = ORIENTED_EDGE ( 'NONE', *, *, #299, .T. ) ;
#140 = ORIENTED_EDGE ( 'NONE', *, *, #1598, .T. ) ;
#141 = EDGE_CURVE ( 'NONE', #905, #647, #682, .T. ) ;
#142 = LINE ( 'NONE', #1299, #1391 ) ;
#143 = DIRECTION ( 'NONE',  ( -1.000000000000000000, 0.000000000000000000, 0.000000000000000000 ) ) ;
#144 = DIRECTION ( 'NONE',  ( 0.000000000000000000, 0.000000000000000000, 1.000000000000000000 ) ) ;
#145 = CARTESIAN_POINT ( 'NONE',  ( 0.000000000000000000, 45.59999999999999432, 2.399999999999999911 ) ) ;
#146 = CIRCLE ( 'NONE', #518, 3.800000000000004707 ) ;
#147 = ORIENTED_EDGE ( 'NONE', *, *, #60, .F. ) ;
#148 = VECTOR ( 'NONE', #327, 1000.000000000000000 ) ;
#149 = ORIENTED_EDGE ( 'NONE', *, *, #349, .T. ) ;
#150 = PLANE ( 'NONE',  #1523 ) ;
#151 = CARTESIAN_POINT ( 'NONE',  ( 30.14910977213109788, 54.43485643310349076, -8.385009456088555561E-14 ) ) ;
#152 = CARTESIAN_POINT ( 'NONE',  ( 30.08076118445746161, 6.522725325241280447E-15, -0.3807611844574843030 ) ) ;
#153 = LINE ( 'NONE', #285, #215 ) ;
#154 = VERTEX_POINT ( 'NONE', #1174 ) ;
#155 = CARTESIAN_POINT ( 'NONE',  ( 55.70000000000000284, 11.00000000000000000, 0.000000000000000000 ) ) ;
#156 = ORIENTED_EDGE ( 'NONE', *, *, #1263, .T. ) ;
#157 = VECTOR ( 'NONE', #1381, 1000.000000000000000 ) ;
#158 = AXIS2_PLACEMENT_3D ( 'NONE', #761, #237, #517 ) ;
#159 = DIRECTION ( 'NONE',  ( 1.000000000000000000, -0.000000000000000000, 0.000000000000000000 ) ) ;
#160 = CARTESIAN_POINT ( 'NONE',  ( 61.38819718582734453, 54.73249564274114931, 0.000000000000000000 ) ) ;
#161 = CARTESIAN_POINT ( 'NONE',  ( 62.23847763108506825, 70.59999999999999432, 0.000000000000000000 ) ) ;
#162 = DIRECTION ( 'NONE',  ( 0.000000000000000000, -0.9987523388778446476, 0.04993761694389219769 ) ) ;
#163 = ORIENTED_EDGE ( 'NONE', *, *, #270, .F. ) ;
#164 = DIRECTION ( 'NONE',  ( -0.000000000000000000, -1.000000000000000000, -0.000000000000000000 ) ) ;
#165 = ORIENTED_EDGE ( 'NONE', *, *, #1140, .F. ) ;
#166 = B_SPLINE_CURVE_WITH_KNOTS ( 'NONE', 3,
 ( #528, #1561, #688, #26 ),
 .UNSPECIFIED., .F., .F.,
 ( 4, 4 ),
 ( 1.355252715606880543E-20, 0.001019422457150360832 ),
 .UNSPECIFIED. ) ;
#167 = CARTESIAN_POINT ( 'NONE',  ( 63.20000000000000284, 26.00000000000000355, 6.364466094067260826 ) ) ;
#168 = CARTESIAN_POINT ( 'NONE',  ( 69.45000000000001705, 28.00000000000001776, 9.800000000000000711 ) ) ;
#169 = DIRECTION ( 'NONE',  ( 0.000000000000000000, -1.000000000000000000, 0.000000000000000000 ) ) ;
#170 = CARTESIAN_POINT ( 'NONE',  ( 61.25099612443789709, 54.43084183343844273, 0.0001004236868974085788 ) ) ;
#171 = ORIENTED_EDGE ( 'NONE', *, *, #329, .F. ) ;
#172 = CARTESIAN_POINT ( 'NONE',  ( 69.45000000000001705, 28.00000000000001776, 7.400000000000001243 ) ) ;
#173 = ORIENTED_EDGE ( 'NONE', *, *, #218, .T. ) ;
#174 = EDGE_CURVE ( 'NONE', #514, #10, #906, .T. ) ;
#175 = DIRECTION ( 'NONE',  ( -1.000000000000000000, -2.168404344971011333E-16, 0.000000000000000000 ) ) ;
#176 = CARTESIAN_POINT ( 'NONE',  ( 35.69999999999999574, 15.99999999999999645, 0.000000000000000000 ) ) ;
#177 = CARTESIAN_POINT ( 'NONE',  ( 30.23847763108498654, 54.43336820735336090, -8.796000454908580748E-16 ) ) ;
#178 = AXIS2_PLACEMENT_3D ( 'NONE', #759, #414, #407 ) ;
#179 = FACE_OUTER_BOUND ( 'NONE', #768, .T. ) ;
#180 = DIRECTION ( 'NONE',  ( 0.000000000000000000, 0.000000000000000000, 1.000000000000000000 ) ) ;
#181 = ADVANCED_FACE ( 'NONE', ( #37 ), #1531, .F. ) ;
#182 = VERTEX_POINT ( 'NONE', #423 ) ;
#183 = DIRECTION ( 'NONE',  ( 0.000000000000000000, -1.000000000000000000, 0.000000000000000000 ) ) ;
#184 = EDGE_LOOP ( 'NONE', ( #1575, #22, #259, #1320 ) ) ;
#185 = CARTESIAN_POINT ( 'NONE',  ( 25.00000000000000000, 70.59999999999999432, 2.399999999999999911 ) ) ;
#186 = CARTESIAN_POINT ( 'NONE',  ( 0.000000000000000000, 70.59999999999999432, 0.000000000000000000 ) ) ;
#187 = AXIS2_PLACEMENT_3D ( 'NONE', #1439, #426, #825 ) ;
#188 = CARTESIAN_POINT ( 'NONE',  ( 30.36570166519169689, 70.59999999999999432, -0.6657016651917382344 ) ) ;
#189 = DIRECTION ( 'NONE',  ( -1.000000000000000000, -0.000000000000000000, -0.000000000000000000 ) ) ;
#190 = ORIENTED_EDGE ( 'NONE', *, *, #1187, .F. ) ;
#191 = LINE ( 'NONE', #439, #77 ) ;
#192 = ORIENTED_EDGE ( 'NONE', *, *, #141, .T. ) ;
#193 = DIRECTION ( 'NONE',  ( 0.000000000000000000, 0.000000000000000000, -1.000000000000000000 ) ) ;
#194 = DIRECTION ( 'NONE',  ( -0.000000000000000000, -0.000000000000000000, -1.000000000000000000 ) ) ;
#195 = AXIS2_PLACEMENT_3D ( 'NONE', #45, #812, #683 ) ;
#196 = CARTESIAN_POINT ( 'NONE',  ( 62.23847763108508246, 69.86292709115078026, 0.000000000000000000 ) ) ;
#197 = LINE ( 'NONE', #851, #86 ) ;
#198 = AXIS2_PLACEMENT_3D ( 'NONE', #1457, #559, #451 ) ;
#199 = VECTOR ( 'NONE', #338, 1000.000000000000000 ) ;
#200 = ORIENTED_EDGE ( 'NONE', *, *, #1232, .T. ) ;
#201 = VERTEX_POINT ( 'NONE', #1409 ) ;
#202 = DIRECTION ( 'NONE',  ( 0.000000000000000000, 0.000000000000000000, -1.000000000000000000 ) ) ;
#203 = LINE ( 'NONE', #479, #415 ) ;
#204 = FACE_OUTER_BOUND ( 'NONE', #1242, .T. ) ;
#205 = CARTESIAN_POINT ( 'NONE',  ( 61.52148324606916674, 61.75292542703347465, -0.1785167539308782914 ) ) ;
#206 = PRODUCT ( 'Zyxel', 'Zyxel', '', ( #1359 ) ) ;
#207 = ORIENTED_EDGE ( 'NONE', *, *, #126, .F. ) ;
#208 = ORIENTED_EDGE ( 'NONE', *, *, #1232, .F. ) ;
#209 = CARTESIAN_POINT ( 'NONE',  ( 30.23847763108498654, 54.10031210992328710, -4.336808689942017736E-16 ) ) ;
#210 = ADVANCED_FACE ( 'NONE', ( #630 ), #515, .F. ) ;
#211 = CARTESIAN_POINT ( 'NONE',  ( 28.19999999999999929, 10.99999999999999645, 3.435533905932738108 ) ) ;
#212 = DIRECTION ( 'NONE',  ( 0.000000000000000000, -1.000000000000000000, 0.000000000000000000 ) ) ;
#213 = EDGE_CURVE ( 'NONE', #245, #1591, #656, .T. ) ;
#214 = LINE ( 'NONE', #1603, #694 ) ;
#215 = VECTOR ( 'NONE', #1551, 1000.000000000000000 ) ;
#216 = ORIENTED_EDGE ( 'NONE', *, *, #533, .T. ) ;
#217 = ORIENTED_EDGE ( 'NONE', *, *, #93, .F. ) ;
#218 = EDGE_CURVE ( 'NONE', #905, #846, #534, .T. ) ;
#219 = CYLINDRICAL_SURFACE ( 'NONE', #1207, 1.199999999999999734 ) ;
#220 = CARTESIAN_POINT ( 'NONE',  ( 29.91126224630705366, 55.05300163831827120, 0.000000000000000000 ) ) ;
#221 = DIRECTION ( 'NONE',  ( 0.000000000000000000, 1.000000000000000000, 0.000000000000000000 ) ) ;
#222 = FACE_OUTER_BOUND ( 'NONE', #941, .T. ) ;
#223 = ORIENTED_EDGE ( 'NONE', *, *, #1556, .F. ) ;
#224 = EDGE_CURVE ( 'NONE', #13, #1152, #1325, .T. ) ;
#225 = CARTESIAN_POINT ( 'NONE',  ( 30.01180281417542872, 54.73249564269998757, 0.000000000000000000 ) ) ;
#226 = LINE ( 'NONE', #1354, #621 ) ;
#227 = LINE ( 'NONE', #775, #1328 ) ;
#228 = APPLICATION_CONTEXT ( 'automotive_design' ) ;
#229 = EDGE_CURVE ( 'NONE', #1179, #245, #70, .T. ) ;
#230 = DIRECTION ( 'NONE',  ( -0.000000000000000000, -0.000000000000000000, 1.000000000000000000 ) ) ;
#231 = CIRCLE ( 'NONE', #1497, 25.00000000000000000 ) ;
#232 = VECTOR ( 'NONE', #443, 1000.000000000000000 ) ;
#233 = CARTESIAN_POINT ( 'NONE',  ( 25.74999999999999645, 31.80000000000001492, 8.599999999999999645 ) ) ;
#234 = ORIENTED_EDGE ( 'NONE', *, *, #1158, .F. ) ;
#235 = CARTESIAN_POINT ( 'NONE',  ( 30.00016423152094802, 55.08088959096377835, 2.602085213965210247E-15 ) ) ;
#236 = CARTESIAN_POINT ( 'NONE',  ( 60.35990040945623036, 70.59999999999999432, -0.7999999999999999334 ) ) ;
#237 = DIRECTION ( 'NONE',  ( -0.000000000000000000, 1.000000000000000000, 0.000000000000000000 ) ) ;
#238 = AXIS2_PLACEMENT_3D ( 'NONE', #1169, #1053, #632 ) ;
#239 = AXIS2_PLACEMENT_3D ( 'NONE', #1548, #1213, #67 ) ;
#240 = ADVANCED_FACE ( 'NONE', ( #943 ), #66, .F. ) ;
#241 = LINE ( 'NONE', #255, #1428 ) ;
#242 = AXIS2_PLACEMENT_3D ( 'NONE', #1278, #874, #1628 ) ;
#243 = ORIENTED_EDGE ( 'NONE', *, *, #1298, .F. ) ;
#244 = ADVANCED_FACE ( 'NONE', ( #1070 ), #954, .F. ) ;
#245 = VERTEX_POINT ( 'NONE', #1222 ) ;
#246 = CARTESIAN_POINT ( 'NONE',  ( 30.69999999999999929, 11.00000000000000000, 0.000000000000000000 ) ) ;
#247 = CARTESIAN_POINT ( 'NONE',  ( 61.36761215588381901, 67.92315614415335290, -0.3323878441162270714 ) ) ;
#248 = CARTESIAN_POINT ( 'NONE',  ( 91.40000000000000568, 0.000000000000000000, 0.000000000000000000 ) ) ;
#249 = ORIENTED_EDGE ( 'NONE', *, *, #126, .T. ) ;
#250 = VERTEX_POINT ( 'NONE', #1080 ) ;
#251 = DIRECTION ( 'NONE',  ( 0.000000000000000000, 0.000000000000000000, 1.000000000000000000 ) ) ;
#252 = CARTESIAN_POINT ( 'NONE',  ( 61.45538214571188007, 62.81996136719833146, -0.2051753092297947390 ) ) ;
#253 =( BOUNDED_SURFACE ( )  B_SPLINE_SURFACE ( 3, 2, ( 
 ( #1361, #868, #1348 ),
 ( #225, #743, #345 ),
 ( #733, #1243, #1353 ),
 ( #209, #82, #1104 ) ),
 .UNSPECIFIED., .F., .F., .F. ) 
 B_SPLINE_SURFACE_WITH_KNOTS ( ( 4, 4 ),
 ( 3, 3 ),
 ( 0.000000000000000000, 0.001007325909476876726 ),
 ( 0.000000000000000000, 1.000000000000000000 ),
 .UNSPECIFIED. ) 
 GEOMETRIC_REPRESENTATION_ITEM ( )  RATIONAL_B_SPLINE_SURFACE ( (
 ( 1.000000000000000000, 0.9974414208843478402, 1.000000000000000000),
 ( 1.000000000000000000, 0.9991300681682016016, 1.000000000000000000),
 ( 1.000000000000000000, 0.9999999388857040428, 1.000000000000000000),
 ( 1.000000000000000000, 1.000000000000000000, 1.000000000000000000) ) ) 
 REPRESENTATION_ITEM ( '' )  SURFACE ( )  );
#254 = DIRECTION ( 'NONE',  ( -1.000000000000000000, 0.000000000000000000, 0.000000000000000000 ) ) ;
#255 = CARTESIAN_POINT ( 'NONE',  ( 28.20000000000000284, 11.00000000000000000, 4.899999999999999467 ) ) ;
#256 = ORIENTED_EDGE ( 'NONE', *, *, #836, .T. ) ;
#257 = CIRCLE ( 'NONE', #760, 2.500000000000000444 ) ;
#258 = ORIENTED_EDGE ( 'NONE', *, *, #1221, .T. ) ;
#259 = ORIENTED_EDGE ( 'NONE', *, *, #1598, .F. ) ;
#260 = CIRCLE ( 'NONE', #178, 5.000000000000004441 ) ;
#261 = EDGE_CURVE ( 'NONE', #1179, #1255, #431, .T. ) ;
#262 = FACE_OUTER_BOUND ( 'NONE', #607, .T. ) ;
#263 = CARTESIAN_POINT ( 'NONE',  ( 61.40513713352884650, 66.10841475690546076, -0.2871420748631309250 ) ) ;
#264 = EDGE_CURVE ( 'NONE', #201, #372, #831, .T. ) ;
#265 = DIRECTION ( 'NONE',  ( 0.000000000000000000, 0.000000000000000000, -1.000000000000000000 ) ) ;
#266 = DIRECTION ( 'NONE',  ( 0.000000000000000000, 1.000000000000000000, 0.000000000000000000 ) ) ;
#267 = VECTOR ( 'NONE', #1028, 1000.000000000000000 ) ;
#268 = EDGE_LOOP ( 'NONE', ( #1323, #1225, #1583 ) ) ;
#269 = ORIENTED_EDGE ( 'NONE', *, *, #623, .F. ) ;
#270 = EDGE_CURVE ( 'NONE', #1208, #1135, #549, .T. ) ;
#271 = EDGE_LOOP ( 'NONE', ( #1407, #497, #149, #1173, #977, #786, #794, #12, #1047, #1013, #1279, #73, #208, #464, #1630, #847, #1088, #1297, #1442, #122 ) ) ;
#272 = VECTOR ( 'NONE', #1074, 1000.000000000000000 ) ;
#273 = ADVANCED_FACE ( 'NONE', ( #587 ), #300, .F. ) ;
#274 = CARTESIAN_POINT ( 'NONE',  ( 30.69999999999999574, 8.499999999999998224, 4.899999999999999467 ) ) ;
#275 = FILL_AREA_STYLE_COLOUR ( '', #558 ) ;
#276 = PLANE ( 'NONE',  #110 ) ;
#277 = FACE_OUTER_BOUND ( 'NONE', #1198, .T. ) ;
#278 = ORIENTED_EDGE ( 'NONE', *, *, #1263, .F. ) ;
#279 = CIRCLE ( 'NONE', #1342, 5.000000000000004441 ) ;
#280 = ORIENTED_EDGE ( 'NONE', *, *, #1562, .F. ) ;
#281 = EDGE_CURVE ( 'NONE', #503, #130, #580, .T. ) ;
#282 = DIRECTION ( 'NONE',  ( 0.000000000000000000, 0.000000000000000000, -1.000000000000000000 ) ) ;
#283 = CARTESIAN_POINT ( 'NONE',  ( 30.06058261081908611, 54.43653431078614346, 0.01222930541627771997 ) ) ;
#284 = LINE ( 'NONE', #1514, #481 ) ;
#285 = CARTESIAN_POINT ( 'NONE',  ( 25.70000000000000284, 11.00000000000000000, 7.400000000000000355 ) ) ;
#286 = ORIENTED_EDGE ( 'NONE', *, *, #1204, .T. ) ;
#287 = DIRECTION ( 'NONE',  ( -0.000000000000000000, -0.000000000000000000, -1.000000000000000000 ) ) ;
#288 = AXIS2_PLACEMENT_3D ( 'NONE', #701, #1564, #1415 ) ;
#289 = ORIENTED_EDGE ( 'NONE', *, *, #1363, .T. ) ;
#290 =( BOUNDED_CURVE ( )  B_SPLINE_CURVE ( 3, ( #973, #714, #583, #958 ),
 .UNSPECIFIED., .F., .F. ) 
 B_SPLINE_CURVE_WITH_KNOTS ( ( 4, 4 ),
 ( 3.141592653589793116, 4.712388980384689674 ),
 .UNSPECIFIED. ) 
 CURVE ( )  GEOMETRIC_REPRESENTATION_ITEM ( )  RATIONAL_B_SPLINE_CURVE ( ( 1.000000000000000000, 0.8047378541243649375, 0.8047378541243649375, 1.000000000000000000 ) ) 
 REPRESENTATION_ITEM ( '' )  );
#291 = CARTESIAN_POINT ( 'NONE',  ( 0.000000000000000000, 0.000000000000000000, 9.799999999999998934 ) ) ;
#292 =( NAMED_UNIT ( * ) PLANE_ANGLE_UNIT ( ) SI_UNIT ( $, .RADIAN. ) );
#293 = B_SPLINE_CURVE_WITH_KNOTS ( 'NONE', 3,
 ( #780, #891, #1511, #1400 ),
 .UNSPECIFIED., .F., .F.,
 ( 4, 4 ),
 ( -2.836991834171650982E-05, 0.0009910525388736684226 ),
 .UNSPECIFIED. ) ;
#294 = DIRECTION ( 'NONE',  ( 0.000000000000000000, -1.000000000000000000, 0.000000000000000000 ) ) ;
#295 = CARTESIAN_POINT ( 'NONE',  ( 25.74999999999999645, 31.80000000000000071, 7.400000000000000355 ) ) ;
#296 = ORIENTED_EDGE ( 'NONE', *, *, #1273, .F. ) ;
#297 = DIRECTION ( 'NONE',  ( -0.000000000000000000, -0.000000000000000000, 1.000000000000000000 ) ) ;
#298 = ORIENTED_EDGE ( 'NONE', *, *, #1433, .F. ) ;
#299 = EDGE_CURVE ( 'NONE', #1260, #88, #1621, .T. ) ;
#300 = CYLINDRICAL_SURFACE ( 'NONE', #506, 1.299999999999999156 ) ;
#301 = CARTESIAN_POINT ( 'NONE',  ( 28.19999999999999929, 26.00000000000000355, 3.435533905932738108 ) ) ;
#302 = CARTESIAN_POINT ( 'NONE',  ( 61.27033336930848151, 54.77306579375160567, -0.004528562451989937530 ) ) ;
#303 = CYLINDRICAL_SURFACE ( 'NONE', #650, 1.199999999999999734 ) ;
#304 = ORIENTED_EDGE ( 'NONE', *, *, #881, .F. ) ;
#305 = ORIENTED_EDGE ( 'NONE', *, *, #476, .F. ) ;
#306 = CARTESIAN_POINT ( 'NONE',  ( 65.65000000000000568, 31.80000000000000782, 9.799999999999998934 ) ) ;
#307 = CARTESIAN_POINT ( 'NONE',  ( 65.70000000000000284, 28.49999999999999645, 7.400000000000000355 ) ) ;
#308 = EDGE_CURVE ( 'NONE', #969, #1295, #908, .T. ) ;
#309 = CARTESIAN_POINT ( 'NONE',  ( 61.16152236891500849, 54.10031210998590012, -1.301042606982605321E-15 ) ) ;
#310 = DIRECTION ( 'NONE',  ( 1.000000000000000000, -4.514628715424351939E-16, 0.000000000000000000 ) ) ;
#311 = LINE ( 'NONE', #34, #272 ) ;
#312 = ORIENTED_EDGE ( 'NONE', *, *, #557, .F. ) ;
#313 =( LENGTH_UNIT ( ) NAMED_UNIT ( * ) SI_UNIT ( .MILLI., .METRE. ) );
#314 = EDGE_LOOP ( 'NONE', ( #296, #545, #1143, #585, #138, #584, #4, #938, #751, #256, #1581, #156, #1096, #1006 ) ) ;
#315 =( BOUNDED_CURVE ( )  B_SPLINE_CURVE ( 3, ( #997, #367, #872, #236 ),
 .UNSPECIFIED., .F., .T. ) 
 B_SPLINE_CURVE_WITH_KNOTS ( ( 4, 4 ),
 ( 4.712388980384693227, 5.499034027867534924 ),
 .UNSPECIFIED. ) 
 CURVE ( )  GEOMETRIC_REPRESENTATION_ITEM ( )  RATIONAL_B_SPLINE_CURVE ( ( 1.000000000000000000, 0.9490938480261523758, 0.9490938480261523758, 1.000000000000000000 ) ) 
 REPRESENTATION_ITEM ( '' )  );
#316 = AXIS2_PLACEMENT_3D ( 'NONE', #416, #48, #24 ) ;
#317 = UNCERTAINTY_MEASURE_WITH_UNIT (LENGTH_MEASURE( 1.000000000000000082E-05 ), #313, 'distance_accuracy_value', 'NONE');
#318 = CARTESIAN_POINT ( 'NONE',  ( 30.69999999999999929, 11.00000000000000000, 0.000000000000000000 ) ) ;
#319 = CARTESIAN_POINT ( 'NONE',  ( 0.000000000000000000, 70.59999999999999432, 0.000000000000000000 ) ) ;
#320 = EDGE_CURVE ( 'NONE', #960, #1397, #596, .T. ) ;
#321 = CARTESIAN_POINT ( 'NONE',  ( 66.40000000000001990, 70.59999999999999432, 2.399999999999999911 ) ) ;
#322 = APPLICATION_CONTEXT ( 'automotive_design' ) ;
#323 = AXIS2_PLACEMENT_3D ( 'NONE', #861, #970, #853 ) ;
#324 = CARTESIAN_POINT ( 'NONE',  ( 62.23847763108507536, 61.73270098398086247, 0.000000000000000000 ) ) ;
#325 = CARTESIAN_POINT ( 'NONE',  ( 60.69999999999999574, 3.999999999999989786, 9.799999999999998934 ) ) ;
#326 = ORIENTED_EDGE ( 'NONE', *, *, #1114, .T. ) ;
#327 = DIRECTION ( 'NONE',  ( 0.000000000000000000, 0.000000000000000000, -1.000000000000000000 ) ) ;
#328 = EDGE_LOOP ( 'NONE', ( #35, #1387, #1030, #1145 ) ) ;
#329 = EDGE_CURVE ( 'NONE', #636, #1076, #766, .T. ) ;
#330 = AXIS2_PLACEMENT_3D ( 'NONE', #1019, #490, #615 ) ;
#331 = VECTOR ( 'NONE', #1567, 1000.000000000000000 ) ;
#332 = CYLINDRICAL_SURFACE ( 'NONE', #29, 2.500000000000000444 ) ;
#333 = CARTESIAN_POINT ( 'NONE',  ( 63.20000000000000284, 11.00000000000000178, 6.364466094067260826 ) ) ;
#334 = LINE ( 'NONE', #1476, #800 ) ;
#335 = ORIENTED_EDGE ( 'NONE', *, *, #758, .T. ) ;
#336 = ORIENTED_EDGE ( 'NONE', *, *, #366, .F. ) ;
#337 = ORIENTED_EDGE ( 'NONE', *, *, #598, .T. ) ;
#338 = DIRECTION ( 'NONE',  ( 6.308085367188389255E-16, 1.000000000000000000, -0.000000000000000000 ) ) ;
#339 = LINE ( 'NONE', #186, #746 ) ;
#340 = DIRECTION ( 'NONE',  ( 0.000000000000000000, 1.000000000000000000, 0.000000000000000000 ) ) ;
#341 = VECTOR ( 'NONE', #883, 1000.000000000000000 ) ;
#342 = VERTEX_POINT ( 'NONE', #306 ) ;
#343 = EDGE_CURVE ( 'NONE', #65, #1219, #756, .T. ) ;
#344 = ORIENTED_EDGE ( 'NONE', *, *, #867, .F. ) ;
#345 = CARTESIAN_POINT ( 'NONE',  ( 30.12966663069333251, 54.77306579372436346, -0.004528562451064825981 ) ) ;
#346 = CARTESIAN_POINT ( 'NONE',  ( 29.99486286647418609, 66.10841475689268520, -0.2871420748651469235 ) ) ;
#347 =( BOUNDED_SURFACE ( )  B_SPLINE_SURFACE ( 3, 2, ( 
 ( #526, #1532, #907 ),
 ( #283, #151, #177 ),
 ( #657, #1072, #32 ),
 ( #536, #1044, #916 ) ),
 .UNSPECIFIED., .F., .F., .F. ) 
 B_SPLINE_SURFACE_WITH_KNOTS ( ( 4, 4 ),
 ( 3, 3 ),
 ( 0.000000000000000000, 0.04995839572194273742 ),
 ( 0.8227852053403184041, 1.000000000000000000 ),
 .UNSPECIFIED. ) 
 GEOMETRIC_REPRESENTATION_ITEM ( )  RATIONAL_B_SPLINE_SURFACE ( (
 ( 0.9778017932360824060, 0.9865103269845888478, 1.000000000000000000),
 ( 0.9778017936281786504, 0.9865103272228625819, 1.000000000000000000),
 ( 0.9777785809080814516, 0.9864962210381946761, 1.000000000000000000),
 ( 0.9777321660451228080, 0.9864680150965604577, 1.000000000000000000) ) ) 
 REPRESENTATION_ITEM ( '' )  SURFACE ( )  );
#348 = DIRECTION ( 'NONE',  ( 3.154042683594195121E-16, -1.000000000000000000, 0.000000000000000000 ) ) ;
#349 = EDGE_CURVE ( 'NONE', #1444, #969, #1192, .T. ) ;
#350 = ORIENTED_EDGE ( 'NONE', *, *, #1569, .T. ) ;
#351 = VERTEX_POINT ( 'NONE', #823 ) ;
#352 = FACE_OUTER_BOUND ( 'NONE', #1537, .T. ) ;
#353 = CARTESIAN_POINT ( 'NONE',  ( 29.63606003244239062, 66.11865148085695409, -2.697346244999913794E-13 ) ) ;
#354 = CARTESIAN_POINT ( 'NONE',  ( 63.20000000000000284, 8.499999999999998224, 7.400000000000000355 ) ) ;
#355 = CARTESIAN_POINT ( 'NONE',  ( 63.20000000000000284, 26.00000000000000000, 4.899999999999999467 ) ) ;
#356 = EDGE_CURVE ( 'NONE', #923, #913, #203, .T. ) ;
#357 = AXIS2_PLACEMENT_3D ( 'NONE', #885, #1384, #266 ) ;
#358 = EDGE_CURVE ( 'NONE', #52, #379, #226, .T. ) ;
#359 = VERTEX_POINT ( 'NONE', #1244 ) ;
#360 = DIRECTION ( 'NONE',  ( 1.000000000000000000, 0.000000000000000000, 0.000000000000000000 ) ) ;
#361 = CARTESIAN_POINT ( 'NONE',  ( 29.69999999999994600, 69.86292709115045341, 1.409462824231155764E-15 ) ) ;
#362 = CARTESIAN_POINT ( 'NONE',  ( 61.27861943282365331, 54.41500772772205607, 0.000000000000000000 ) ) ;
#363 = EDGE_CURVE ( 'NONE', #52, #245, #1440, .T. ) ;
#364 = ORIENTED_EDGE ( 'NONE', *, *, #606, .F. ) ;
#365 = CARTESIAN_POINT ( 'NONE',  ( 25.74999999999999645, 31.80000000000002203, 8.599999999999999645 ) ) ;
#366 = EDGE_CURVE ( 'NONE', #359, #716, #1105, .T. ) ;
#367 = CARTESIAN_POINT ( 'NONE',  ( 61.03429833480832656, 70.59999999999999432, -0.6657016651917333494 ) ) ;
#368 = VECTOR ( 'NONE', #1141, 1000.000000000000000 ) ;
#369 = CIRCLE ( 'NONE', #1184, 3.799999999999983835 ) ;
#370 = CARTESIAN_POINT ( 'NONE',  ( 26.60309933323373244, 0.3096900666766293497, 3.096900666766203347 ) ) ;
#371 = DIRECTION ( 'NONE',  ( -1.000000000000000000, 0.000000000000000000, 0.000000000000000000 ) ) ;
#372 = VERTEX_POINT ( 'NONE', #601 ) ;
#373 = ORIENTED_EDGE ( 'NONE', *, *, #363, .T. ) ;
#374 = CARTESIAN_POINT ( 'NONE',  ( 28.20000000000000284, 8.499999999999998224, 2.399999999999999911 ) ) ;
#375 = DIRECTION ( 'NONE',  ( 1.000000000000000000, 0.000000000000000000, -0.000000000000000000 ) ) ;
#376 = VECTOR ( 'NONE', #194, 1000.000000000000000 ) ;
#377 = CARTESIAN_POINT ( 'NONE',  ( 63.20000000000000284, 10.99999999999999645, 3.435533905932738108 ) ) ;
#378 = AXIS2_PLACEMENT_3D ( 'NONE', #1345, #1331, #1238 ) ;
#379 = VERTEX_POINT ( 'NONE', #735 ) ;
#380 = VECTOR ( 'NONE', #695, 1000.000000000000000 ) ;
#381 = DIRECTION ( 'NONE',  ( 0.000000000000000000, 0.000000000000000000, 1.000000000000000000 ) ) ;
#382 = CARTESIAN_POINT ( 'NONE',  ( 61.45376682752741715, 57.75527843598860045, -0.07903328768432046902 ) ) ;
#383 = LINE ( 'NONE', #1259, #1008 ) ;
#384 = ORIENTED_EDGE ( 'NONE', *, *, #862, .F. ) ;
#385 = EDGE_LOOP ( 'NONE', ( #456, #1254, #1388, #555, #779 ) ) ;
#386 = EDGE_CURVE ( 'NONE', #923, #1334, #279, .T. ) ;
#387 = ORIENTED_EDGE ( 'NONE', *, *, #1114, .F. ) ;
#388 = DIRECTION ( 'NONE',  ( 0.000000000000000000, 1.000000000000000000, 0.000000000000000000 ) ) ;
#389 = DIRECTION ( 'NONE',  ( 0.000000000000000000, 1.000000000000000000, 0.000000000000000000 ) ) ;
#390 = EDGE_CURVE ( 'NONE', #837, #1307, #135, .T. ) ;
#391 = CARTESIAN_POINT ( 'NONE',  ( 20.74999999999999645, 3.999999999999996447, 7.400000000000000355 ) ) ;
#392 = DIRECTION ( 'NONE',  ( -0.000000000000000000, -0.000000000000000000, -1.000000000000000000 ) ) ;
#393 = ORIENTED_EDGE ( 'NONE', *, *, #1149, .F. ) ;
#394 = EDGE_CURVE ( 'NONE', #1200, #182, #1607, .T. ) ;
#395 = EDGE_LOOP ( 'NONE', ( #1424, #931, #1470, #1414 ) ) ;
#396 = ORIENTED_EDGE ( 'NONE', *, *, #224, .T. ) ;
#397 = DIRECTION ( 'NONE',  ( 0.000000000000000000, 0.000000000000000000, 1.000000000000000000 ) ) ;
#398 = FACE_OUTER_BOUND ( 'NONE', #637, .T. ) ;
#399 = CARTESIAN_POINT ( 'NONE',  ( 29.91126224630705366, 55.05300163831827120, 0.000000000000000000 ) ) ;
#400 = CARTESIAN_POINT ( 'NONE',  ( 64.23553390593274059, 9.964466094067258695, 2.400000000000000355 ) ) ;
#401 = AXIS2_PLACEMENT_3D ( 'NONE', #511, #1502, #128 ) ;
#402 = ADVANCED_FACE ( 'NONE', ( #1600 ), #1229, .T. ) ;
#403 = VECTOR ( 'NONE', #1458, 1000.000000000000000 ) ;
#404 = ORIENTED_EDGE ( 'NONE', *, *, #860, .T. ) ;
#405 = ORIENTED_EDGE ( 'NONE', *, *, #213, .T. ) ;
#406 = ADVANCED_FACE ( 'NONE', ( #352 ), #219, .T. ) ;
#407 = DIRECTION ( 'NONE',  ( -1.000000000000000000, 0.000000000000000000, 0.000000000000000000 ) ) ;
#408 = FACE_OUTER_BOUND ( 'NONE', #268, .T. ) ;
#409 = DIRECTION ( 'NONE',  ( -1.000000000000000000, 0.000000000000000000, 0.000000000000000000 ) ) ;
#410 = DIRECTION ( 'NONE',  ( -1.000000000000000000, -0.000000000000000000, -0.000000000000000000 ) ) ;
#411 = ORIENTED_EDGE ( 'NONE', *, *, #1394, .T. ) ;
#412 = DIRECTION ( 'NONE',  ( -0.000000000000000000, -0.000000000000000000, 1.000000000000000000 ) ) ;
#413 = ORIENTED_EDGE ( 'NONE', *, *, #736, .F. ) ;
#414 = DIRECTION ( 'NONE',  ( 0.000000000000000000, 0.000000000000000000, 1.000000000000000000 ) ) ;
#415 = VECTOR ( 'NONE', #1488, 1000.000000000000000 ) ;
#416 = CARTESIAN_POINT ( 'NONE',  ( 20.74999999999999645, 3.999999999999996447, 9.799999999999998934 ) ) ;
#417 = CARTESIAN_POINT ( 'NONE',  ( 61.31923881554251921, -3.906211311118862016E-16, -0.3807611844574881887 ) ) ;
#418 = CARTESIAN_POINT ( 'NONE',  ( 29.42047225696683554, 56.61755551325072844, -4.336808689942017736E-16 ) ) ;
#419 = EDGE_CURVE ( 'NONE', #1152, #130, #843, .T. ) ;
#420 = ORIENTED_EDGE ( 'NONE', *, *, #1294, .F. ) ;
#421 = DIRECTION ( 'NONE',  ( 0.000000000000000000, -1.000000000000000000, 0.000000000000000000 ) ) ;
#422 = ORIENTED_EDGE ( 'NONE', *, *, #533, .F. ) ;
#423 = CARTESIAN_POINT ( 'NONE',  ( 29.16152236891493743, 69.86292709115043920, 0.000000000000000000 ) ) ;
#424 = CARTESIAN_POINT ( 'NONE',  ( 21.94999999999999574, 27.99999999999999289, 9.799999999999998934 ) ) ;
#425 = DIRECTION ( 'NONE',  ( 1.000000000000000000, -0.000000000000000000, -0.000000000000000000 ) ) ;
#426 = DIRECTION ( 'NONE',  ( 0.04987546680538218480, -0.9975093361076329268, 0.04987546680538271909 ) ) ;
#427 = ORIENTED_EDGE ( 'NONE', *, *, #1282, .F. ) ;
#428 = CARTESIAN_POINT ( 'NONE',  ( 65.65000000000000568, 31.80000000000000782, 7.400000000000000355 ) ) ;
#429 = ORIENTED_EDGE ( 'NONE', *, *, #1586, .F. ) ;
#430 = ADVANCED_FACE ( 'NONE', ( #612 ), #1007, .F. ) ;
#431 =( BOUNDED_CURVE ( )  B_SPLINE_CURVE ( 3, ( #1089, #83, #466, #570 ),
 .UNSPECIFIED., .F., .F. ) 
 B_SPLINE_CURVE_WITH_KNOTS ( ( 4, 4 ),
 ( 0.1341741412340467787, 0.7841512793120531954 ),
 .UNSPECIFIED. ) 
 CURVE ( )  GEOMETRIC_REPRESENTATION_ITEM ( )  RATIONAL_B_SPLINE_CURVE ( ( 1.000000000000000000, 0.9651029175727862119, 0.9651029175727862119, 1.000000000000000000 ) ) 
 REPRESENTATION_ITEM ( '' )  );
#432 = VECTOR ( 'NONE', #348, 1000.000000000000000 ) ;
#433 = CARTESIAN_POINT ( 'NONE',  ( 28.19999999999999929, 26.00000000000000355, 6.364466094067260826 ) ) ;
#434 = DIRECTION ( 'NONE',  ( 0.000000000000000000, 0.000000000000000000, -1.000000000000000000 ) ) ;
#435 = CARTESIAN_POINT ( 'NONE',  ( 61.16152236891500849, 54.10031210998511142, -1.301042606982605321E-15 ) ) ;
#436 = DIRECTION ( 'NONE',  ( 0.000000000000000000, 1.000000000000000000, 0.000000000000000000 ) ) ;
#437 = CARTESIAN_POINT ( 'NONE',  ( 30.08815752964696344, 55.10849249460373045, -0.01328759095095381759 ) ) ;
#438 = ORIENTED_EDGE ( 'NONE', *, *, #112, .T. ) ;
#439 = CARTESIAN_POINT ( 'NONE',  ( 0.000000000000000000, 0.000000000000000000, 2.399999999999999911 ) ) ;
#440 = ORIENTED_EDGE ( 'NONE', *, *, #1162, .T. ) ;
#441 = DIRECTION ( 'NONE',  ( -0.04987546680538321175, -0.9975093361076329268, 0.04987546680538271215 ) ) ;
#442 = LINE ( 'NONE', #925, #1116 ) ;
#443 = DIRECTION ( 'NONE',  ( 0.000000000000000000, 0.000000000000000000, -1.000000000000000000 ) ) ;
#444 = EDGE_CURVE ( 'NONE', #63, #245, #119, .T. ) ;
#445 = DIRECTION ( 'NONE',  ( 0.000000000000000000, 0.000000000000000000, -1.000000000000000000 ) ) ;
#446 = CARTESIAN_POINT ( 'NONE',  ( 29.16152236891493033, 61.73270098398065642, -4.336808689942017736E-16 ) ) ;
#447 = ADVANCED_FACE ( 'NONE', ( #101 ), #1499, .F. ) ;
#448 = ORIENTED_EDGE ( 'NONE', *, *, #1239, .T. ) ;
#449 = ORIENTED_EDGE ( 'NONE', *, *, #343, .F. ) ;
#450 = AXIS2_PLACEMENT_3D ( 'NONE', #50, #310, #169 ) ;
#451 = DIRECTION ( 'NONE',  ( 0.000000000000000000, 0.000000000000000000, 1.000000000000000000 ) ) ;
#452 = DIRECTION ( 'NONE',  ( -1.000000000000000000, 0.000000000000000000, 0.000000000000000000 ) ) ;
#453 = DIRECTION ( 'NONE',  ( 0.000000000000000000, 0.000000000000000000, -1.000000000000000000 ) ) ;
#454 = CARTESIAN_POINT ( 'NONE',  ( 20.74999999999999645, 3.999999999999996447, 7.400000000000000355 ) ) ;
#455 = ORIENTED_EDGE ( 'NONE', *, *, #1146, .F. ) ;
#456 = ORIENTED_EDGE ( 'NONE', *, *, #1614, .T. ) ;
#457 = FACE_OUTER_BOUND ( 'NONE', #271, .T. ) ;
#458 = AXIS2_PLACEMENT_3D ( 'NONE', #1446, #1558, #1585 ) ;
#459 = DIRECTION ( 'NONE',  ( 0.000000000000000000, -1.000000000000000000, 0.000000000000000000 ) ) ;
#460 = LINE ( 'NONE', #176, #403 ) ;
#461 = VECTOR ( 'NONE', #410, 1000.000000000000000 ) ;
#462 =( BOUNDED_CURVE ( )  B_SPLINE_CURVE ( 3, ( #1438, #1073, #188, #900 ),
 .UNSPECIFIED., .F., .T. ) 
 B_SPLINE_CURVE_WITH_KNOTS ( ( 4, 4 ),
 ( 3.925743932901854194, 4.712388980384692339 ),
 .UNSPECIFIED. ) 
 CURVE ( )  GEOMETRIC_REPRESENTATION_ITEM ( )  RATIONAL_B_SPLINE_CURVE ( ( 1.000000000000000000, 0.9490938480261528198, 0.9490938480261528198, 1.000000000000000000 ) ) 
 REPRESENTATION_ITEM ( '' )  );
#463 = CARTESIAN_POINT ( 'NONE',  ( 61.31923881554256184, 69.86292709115068078, -0.3807611844574890769 ) ) ;
#464 = ORIENTED_EDGE ( 'NONE', *, *, #1236, .F. ) ;
#465 = ORIENTED_EDGE ( 'NONE', *, *, #261, .F. ) ;
#466 = CARTESIAN_POINT ( 'NONE',  ( 29.87851675393082118, 61.75292542703328280, -0.1785167539308740170 ) ) ;
#467 = CARTESIAN_POINT ( 'NONE',  ( 29.68472290309949102, 58.80628601575475045, 7.546854456656897984E-13 ) ) ;
#468 = LINE ( 'NONE', #454, #748 ) ;
#469 = ADVANCED_FACE ( 'NONE', ( #1112 ), #753, .F. ) ;
#470 = ORIENTED_EDGE ( 'NONE', *, *, #1187, .T. ) ;
#471 = ORIENTED_EDGE ( 'NONE', *, *, #112, .F. ) ;
#472 = DIRECTION ( 'NONE',  ( -1.000000000000000000, 0.000000000000000000, 0.000000000000000000 ) ) ;
#473 = CARTESIAN_POINT ( 'NONE',  ( 29.94623317247232563, 57.75527843598109712, -0.07903328768398690252 ) ) ;
#474 = LINE ( 'NONE', #981, #1373 ) ;
#475 = CARTESIAN_POINT ( 'NONE',  ( 60.40059714355110998, 69.85098422012933383, 0.5390747746360835535 ) ) ;
#476 = EDGE_CURVE ( 'NONE', #18, #513, #1107, .T. ) ;
#477 = FACE_OUTER_BOUND ( 'NONE', #1553, .T. ) ;
#478 = ADVANCED_FACE ( 'NONE', ( #1132 ), #1231, .F. ) ;
#479 = CARTESIAN_POINT ( 'NONE',  ( 60.70000000000000284, 11.00000000000000000, 0.000000000000000000 ) ) ;
#480 = CARTESIAN_POINT ( 'NONE',  ( 29.16152236889131544, 67.91832017936189914, 0.000000000000000000 ) ) ;
#481 = VECTOR ( 'NONE', #136, 1000.000000000000000 ) ;
#482 = DIRECTION ( 'NONE',  ( -1.000000000000000000, -0.000000000000000000, -0.000000000000000000 ) ) ;
#483 = LINE ( 'NONE', #706, #1352 ) ;
#484 = ORIENTED_EDGE ( 'NONE', *, *, #811, .T. ) ;
#485 = CARTESIAN_POINT ( 'NONE',  ( 60.69999999999999574, 0.000000000000000000, 0.000000000000000000 ) ) ;
#486 = DIRECTION ( 'NONE',  ( -1.390559900582610438E-16, -1.000000000000000000, 0.000000000000000000 ) ) ;
#487 = LINE ( 'NONE', #1577, #1249 ) ;
#488 = AXIS2_PLACEMENT_3D ( 'NONE', #1127, #498, #1609 ) ;
#489 = CARTESIAN_POINT ( 'NONE',  ( 62.23847763111206177, 67.91832017935283261, 0.000000000000000000 ) ) ;
#490 = DIRECTION ( 'NONE',  ( 1.000000000000000000, 0.000000000000000000, 0.000000000000000000 ) ) ;
#491 = ORIENTED_EDGE ( 'NONE', *, *, #1124, .F. ) ;
#492 = ORIENTED_EDGE ( 'NONE', *, *, #554, .F. ) ;
#493 = DIRECTION ( 'NONE',  ( -1.000000000000000000, 0.000000000000000000, 0.000000000000000000 ) ) ;
#494 = CARTESIAN_POINT ( 'NONE',  ( 64.79192554238808555, 0.4091925542388049064, 3.091925542388101356 ) ) ;
#495 = DIRECTION ( 'NONE',  ( 0.000000000000000000, -1.000000000000000000, 0.000000000000000000 ) ) ;
#496 = ORIENTED_EDGE ( 'NONE', *, *, #563, .F. ) ;
#497 = ORIENTED_EDGE ( 'NONE', *, *, #736, .T. ) ;
#498 = DIRECTION ( 'NONE',  ( 1.390559900582610438E-16, 1.000000000000000000, -0.000000000000000000 ) ) ;
#499 = CARTESIAN_POINT ( 'NONE',  ( 61.70000000000005969, 69.86292709115080868, 3.035766082959412415E-15 ) ) ;
#500 = EDGE_CURVE ( 'NONE', #628, #1280, #1529, .T. ) ;
#501 = CARTESIAN_POINT ( 'NONE',  ( 21.94999999999999574, 27.99999999999999289, 7.400000000000000355 ) ) ;
#502 = AXIS2_PLACEMENT_3D ( 'NONE', #1186, #51, #844 ) ;
#503 = VERTEX_POINT ( 'NONE', #595 ) ;
#504 =( BOUNDED_CURVE ( )  B_SPLINE_CURVE ( 3, ( #463, #205, #1108, #1462 ),
 .UNSPECIFIED., .F., .F. ) 
 B_SPLINE_CURVE_WITH_KNOTS ( ( 4, 4 ),
 ( 2.357441374277728041, 3.007418512355746198 ),
 .UNSPECIFIED. ) 
 CURVE ( )  GEOMETRIC_REPRESENTATION_ITEM ( )  RATIONAL_B_SPLINE_CURVE ( ( 1.000000000000000000, 0.9651029175727849907, 0.9651029175727849907, 1.000000000000000000 ) ) 
 REPRESENTATION_ITEM ( '' )  );
#505 = EDGE_LOOP ( 'NONE', ( #767, #1281, #298, #726 ) ) ;
#506 = AXIS2_PLACEMENT_3D ( 'NONE', #1202, #1316, #175 ) ;
#507 = CARTESIAN_POINT ( 'NONE',  ( 61.13494718701309694, 55.09906444886212995, -0.02495322244310774554 ) ) ;
#508 = CARTESIAN_POINT ( 'NONE',  ( 0.000000000000000000, 0.000000000000000000, 7.400000000000000355 ) ) ;
#509 = EDGE_CURVE ( 'NONE', #379, #1219, #932, .T. ) ;
#510 = CARTESIAN_POINT ( 'NONE',  ( 91.40000000000000568, 0.000000000000000000, 2.399999999999999911 ) ) ;
#511 = CARTESIAN_POINT ( 'NONE',  ( 35.69999999999999574, 11.00000000000000000, 0.000000000000000000 ) ) ;
#512 = ORIENTED_EDGE ( 'NONE', *, *, #1023, .F. ) ;
#513 = VERTEX_POINT ( 'NONE', #739 ) ;
#514 = VERTEX_POINT ( 'NONE', #114 ) ;
#515 = CYLINDRICAL_SURFACE ( 'NONE', #1542, 2.500000000000000000 ) ;
#516 = EDGE_CURVE ( 'NONE', #905, #593, #1494, .T. ) ;
#517 = DIRECTION ( 'NONE',  ( 0.000000000000000000, 0.000000000000000000, 1.000000000000000000 ) ) ;
#518 = AXIS2_PLACEMENT_3D ( 'NONE', #1579, #1195, #698 ) ;
#519 = CARTESIAN_POINT ( 'NONE',  ( 21.94999999999999574, 3.999999999999996447, 9.799999999999998934 ) ) ;
#520 = LINE ( 'NONE', #1029, #5 ) ;
#521 = EDGE_LOOP ( 'NONE', ( #1042, #967, #104 ) ) ;
#522 = EDGE_CURVE ( 'NONE', #647, #1020, #1364, .T. ) ;
#523 = ORIENTED_EDGE ( 'NONE', *, *, #229, .F. ) ;
#524 = ORIENTED_EDGE ( 'NONE', *, *, #386, .F. ) ;
#525 = CARTESIAN_POINT ( 'NONE',  ( 30.69999999999999929, 11.00000000000000000, 9.799999999999998934 ) ) ;
#526 = CARTESIAN_POINT ( 'NONE',  ( 30.06058261096266548, 54.10031210998428008, 0.01222930542130952307 ) ) ;
#527 = CARTESIAN_POINT ( 'NONE',  ( 63.20000000000000284, 28.49999999999999645, 2.399999999999999911 ) ) ;
#528 = CARTESIAN_POINT ( 'NONE',  ( 61.31184247035302093, 55.10849249460373755, -0.01328759095095425127 ) ) ;
#529 = AXIS2_PLACEMENT_3D ( 'NONE', #1496, #750, #2 ) ;
#530 = VECTOR ( 'NONE', #1602, 1000.000000000000000 ) ;
#531 = ORIENTED_EDGE ( 'NONE', *, *, #349, .F. ) ;
#532 = ORIENTED_EDGE ( 'NONE', *, *, #99, .F. ) ;
#533 = EDGE_CURVE ( 'NONE', #1315, #503, #1002, .T. ) ;
#534 = LINE ( 'NONE', #1445, #914 ) ;
#535 = EDGE_CURVE ( 'NONE', #1022, #1092, #474, .T. ) ;
#536 = CARTESIAN_POINT ( 'NONE',  ( 30.08710676794287409, 55.10855214882776920, -0.01314526817440445777 ) ) ;
#537 = CARTESIAN_POINT ( 'NONE',  ( 65.70000000000000284, 28.49999999999999645, 2.399999999999999911 ) ) ;
#538 = LINE ( 'NONE', #1040, #1504 ) ;
#539 = VERTEX_POINT ( 'NONE', #1483 ) ;
#540 = EDGE_LOOP ( 'NONE', ( #1248, #1374, #644, #887, #1565 ) ) ;
#541 = CARTESIAN_POINT ( 'NONE',  ( 65.70000000000000284, 26.00000000000000000, 4.899999999999999467 ) ) ;
#542 = DIRECTION ( 'NONE',  ( 6.308085367188390241E-16, 1.000000000000000000, 0.000000000000000000 ) ) ;
#543 = DIRECTION ( 'NONE',  ( 1.000000000000000000, -1.390559900582610684E-16, 0.000000000000000000 ) ) ;
#544 = CARTESIAN_POINT ( 'NONE',  ( 61.16162837282705311, 54.42937152467156636, 9.953418858248597092E-05 ) ) ;
#545 = ORIENTED_EDGE ( 'NONE', *, *, #522, .T. ) ;
#546 = DIRECTION ( 'NONE',  ( -1.000000000000000000, -2.465133360598630954E-14, 0.000000000000000000 ) ) ;
#547 = CIRCLE ( 'NONE', #1477, 25.00000000000000000 ) ;
#548 = ORIENTED_EDGE ( 'NONE', *, *, #1520, .T. ) ;
#549 = LINE ( 'NONE', #1335, #380 ) ;
#550 = LINE ( 'NONE', #1203, #331 ) ;
#551 = DIRECTION ( 'NONE',  ( 1.000000000000000000, -6.308085367188390241E-16, 0.000000000000000000 ) ) ;
#552 = CARTESIAN_POINT ( 'NONE',  ( 66.40000000000001990, 45.59999999999999432, 2.399999999999999911 ) ) ;
#553 = DIRECTION ( 'NONE',  ( -1.575053753580127397E-17, 0.04993761694389220462, 0.9987523388778447586 ) ) ;
#554 = EDGE_CURVE ( 'NONE', #993, #250, #1119, .T. ) ;
#555 = ORIENTED_EDGE ( 'NONE', *, *, #500, .F. ) ;
#556 = ORIENTED_EDGE ( 'NONE', *, *, #1124, .T. ) ;
#557 = EDGE_CURVE ( 'NONE', #96, #1431, #315, .T. ) ;
#558 = COLOUR_RGB ( '',0.7921568627450980005, 0.8196078431372548767, 0.9333333333333333481 ) ;
#559 = DIRECTION ( 'NONE',  ( -1.000000000000000000, 0.000000000000000000, 0.000000000000000000 ) ) ;
#560 = LINE ( 'NONE', #1071, #1578 ) ;
#561 =( BOUNDED_CURVE ( )  B_SPLINE_CURVE ( 3, ( #1082, #333, #833, #1205 ),
 .UNSPECIFIED., .F., .F. ) 
 B_SPLINE_CURVE_WITH_KNOTS ( ( 4, 4 ),
 ( 3.141592653589793116, 4.712388980384689674 ),
 .UNSPECIFIED. ) 
 CURVE ( )  GEOMETRIC_REPRESENTATION_ITEM ( )  RATIONAL_B_SPLINE_CURVE ( ( 1.000000000000000000, 0.8047378541243649375, 0.8047378541243649375, 1.000000000000000000 ) ) 
 REPRESENTATION_ITEM ( '' )  );
#562 = CARTESIAN_POINT ( 'NONE',  ( 66.40000000000001990, 45.59999999999999432, 2.399999999999999911 ) ) ;
#563 = EDGE_CURVE ( 'NONE', #913, #1340, #487, .T. ) ;
#564 = CARTESIAN_POINT ( 'NONE',  ( 25.70000000000000284, 8.499999999999998224, 2.399999999999999911 ) ) ;
#565 = CARTESIAN_POINT ( 'NONE',  ( 29.16152236891493033, 70.59999999999999432, 0.000000000000000000 ) ) ;
#566 = EDGE_CURVE ( 'NONE', #1397, #539, #1626, .T. ) ;
#567 = ORIENTED_EDGE ( 'NONE', *, *, #356, .F. ) ;
#568 = CARTESIAN_POINT ( 'NONE',  ( 30.69999999999999574, 8.499999999999998224, 2.399999999999999911 ) ) ;
#569 = ORIENTED_EDGE ( 'NONE', *, *, #940, .T. ) ;
#570 = CARTESIAN_POINT ( 'NONE',  ( 30.08076118445744740, 69.86292709115043920, -0.3807611844574845250 ) ) ;
#571 = CARTESIAN_POINT ( 'NONE',  ( 27.16446609406726154, 27.03553390593273420, 2.400000000000000355 ) ) ;
#572 = VECTOR ( 'NONE', #1566, 1000.000000000000000 ) ;
#573 = EDGE_CURVE ( 'NONE', #182, #1255, #1460, .T. ) ;
#574 = CARTESIAN_POINT ( 'NONE',  ( 25.00000000000000000, 45.59999999999999432, 0.000000000000000000 ) ) ;
#575 = CARTESIAN_POINT ( 'NONE',  ( 64.23553390593274059, 27.03553390593273420, 2.400000000000000799 ) ) ;
#576 = ORIENTED_EDGE ( 'NONE', *, *, #1357, .T. ) ;
#577 = FACE_OUTER_BOUND ( 'NONE', #1346, .T. ) ;
#578 = ORIENTED_EDGE ( 'NONE', *, *, #1469, .F. ) ;
#579 = CIRCLE ( 'NONE', #949, 1.200000000000006617 ) ;
#580 = LINE ( 'NONE', #318, #804 ) ;
#581 = LINE ( 'NONE', #319, #660 ) ;
#582 = CARTESIAN_POINT ( 'NONE',  ( 13.64999999999981917, 70.59999999999999432, 16.04999999999996874 ) ) ;
#583 = CARTESIAN_POINT ( 'NONE',  ( 27.16446609406726154, 9.964466094067258695, 7.399999999999999467 ) ) ;
#584 = ORIENTED_EDGE ( 'NONE', *, *, #1587, .T. ) ;
#585 = ORIENTED_EDGE ( 'NONE', *, *, #1298, .T. ) ;
#586 = EDGE_LOOP ( 'NONE', ( #27, #700, #491, #165, #820 ) ) ;
#587 = FACE_OUTER_BOUND ( 'NONE', #184, .T. ) ;
#588 = PLANE ( 'NONE',  #1329 ) ;
#589 = VECTOR ( 'NONE', #1393, 1000.000000000000000 ) ;
#590 = EDGE_CURVE ( 'NONE', #921, #692, #1426, .T. ) ;
#591 = CYLINDRICAL_SURFACE ( 'NONE', #1168, 1.300000000000000044 ) ;
#592 = ORIENTED_EDGE ( 'NONE', *, *, #881, .T. ) ;
#593 = VERTEX_POINT ( 'NONE', #424 ) ;
#594 = DIRECTION ( 'NONE',  ( -0.7071067811865436870, -1.533293416683365263E-16, -0.7071067811865514585 ) ) ;
#595 = CARTESIAN_POINT ( 'NONE',  ( 30.69999999999999929, 11.00000000000000000, 4.899999999999999467 ) ) ;
#596 =( BOUNDED_CURVE ( )  B_SPLINE_CURVE ( 3, ( #712, #75, #433, #964 ),
 .UNSPECIFIED., .F., .F. ) 
 B_SPLINE_CURVE_WITH_KNOTS ( ( 4, 4 ),
 ( 4.712388980384689674, 6.283185307179586232 ),
 .UNSPECIFIED. ) 
 CURVE ( )  GEOMETRIC_REPRESENTATION_ITEM ( )  RATIONAL_B_SPLINE_CURVE ( ( 1.000000000000000000, 0.8047378541243649375, 0.8047378541243649375, 1.000000000000000000 ) ) 
 REPRESENTATION_ITEM ( '' )  );
#597 = DIRECTION ( 'NONE',  ( 0.000000000000000000, -0.000000000000000000, 1.000000000000000000 ) ) ;
#598 = EDGE_CURVE ( 'NONE', #913, #1135, #550, .T. ) ;
#599 = ORIENTED_EDGE ( 'NONE', *, *, #711, .T. ) ;
#600 = ORIENTED_EDGE ( 'NONE', *, *, #817, .T. ) ;
#601 = CARTESIAN_POINT ( 'NONE',  ( 24.99999999999999289, 70.59999999999999432, 2.399999999999999911 ) ) ;
#602 = CARTESIAN_POINT ( 'NONE',  ( 29.99875078062118661, 56.09075176985605538, -0.03764098914493983761 ) ) ;
#603 = DIRECTION ( 'NONE',  ( 1.000000000000000000, -6.308085367188376436E-16, 0.000000000000000000 ) ) ;
#604 = CARTESIAN_POINT ( 'NONE',  ( 28.20000000000000284, 11.00000000000000000, 4.899999999999999467 ) ) ;
#605 = AXIS2_PLACEMENT_3D ( 'NONE', #1341, #202, #709 ) ;
#606 = EDGE_CURVE ( 'NONE', #1431, #1591, #442, .T. ) ;
#607 = EDGE_LOOP ( 'NONE', ( #635, #173, #1339, #1000, #1164, #471, #163, #818, #875, #1086, #578, #280 ) ) ;
#608 = CARTESIAN_POINT ( 'NONE',  ( 31.15373115254640979, 72.93755014207965814, 0.3847464785385676378 ) ) ;
#609 = CARTESIAN_POINT ( 'NONE',  ( 29.24040745904190786, 62.80043065244055356, 0.000000000000000000 ) ) ;
#610 = AXIS2_PLACEMENT_3D ( 'NONE', #1142, #1525, #784 ) ;
#611 = VECTOR ( 'NONE', #704, 1000.000000000000000 ) ;
#612 = FACE_OUTER_BOUND ( 'NONE', #1508, .T. ) ;
#613 = ADVANCED_FACE ( 'NONE', ( #713 ), #1090, .F. ) ;
#614 = CARTESIAN_POINT ( 'NONE',  ( 61.90407786149068414, 57.71674565206537721, 2.168404344971008868E-16 ) ) ;
#615 = DIRECTION ( 'NONE',  ( 0.000000000000000000, 0.000000000000000000, -1.000000000000000000 ) ) ;
#616 = ORIENTED_EDGE ( 'NONE', *, *, #366, .T. ) ;
#617 = CARTESIAN_POINT ( 'NONE',  ( 30.69999999999999929, 3.999999999999989786, 7.400000000000000355 ) ) ;
#618 = CARTESIAN_POINT ( 'NONE',  ( 62.23847763108503983, -3.926056300207294439E-14, -1.300000000000000044 ) ) ;
#619 = CARTESIAN_POINT ( 'NONE',  ( 61.67239672067906042, 57.74004499829589321, -8.259871623032519563E-13 ) ) ;
#620 = LINE ( 'NONE', #248, #902 ) ;
#621 = VECTOR ( 'NONE', #1234, 1000.000000000000000 ) ;
#622 = ORIENTED_EDGE ( 'NONE', *, *, #1324, .T. ) ;
#623 = EDGE_CURVE ( 'NONE', #1334, #13, #460, .T. ) ;
#624 = CARTESIAN_POINT ( 'NONE',  ( 69.45000000000001705, 28.00000000000001066, 8.599999999999999645 ) ) ;
#625 = CARTESIAN_POINT ( 'NONE',  ( 61.16152236891501559, 54.10031210998428719, -0.000000000000000000 ) ) ;
#626 = CYLINDRICAL_SURFACE ( 'NONE', #529, 20.00000000000000355 ) ;
#627 = ORIENTED_EDGE ( 'NONE', *, *, #320, .F. ) ;
#628 = VERTEX_POINT ( 'NONE', #1081 ) ;
#629 = ADVANCED_FACE ( 'NONE', ( #84 ), #332, .F. ) ;
#630 = FACE_OUTER_BOUND ( 'NONE', #1471, .T. ) ;
#631 = PLANE ( 'NONE',  #1065 ) ;
#632 = DIRECTION ( 'NONE',  ( 6.308085367188390241E-16, 1.000000000000000000, 0.000000000000000000 ) ) ;
#633 = CARTESIAN_POINT ( 'NONE',  ( 91.40000000000000568, 45.59999999999999432, 0.000000000000000000 ) ) ;
#634 = AXIS2_PLACEMENT_3D ( 'NONE', #233, #740, #389 ) ;
#635 = ORIENTED_EDGE ( 'NONE', *, *, #516, .F. ) ;
#636 = VERTEX_POINT ( 'NONE', #307 ) ;
#637 = EDGE_LOOP ( 'NONE', ( #764, #192, #1056, #742 ) ) ;
#638 = ADVANCED_FACE ( 'NONE', ( #805 ), #588, .F. ) ;
#639 = CARTESIAN_POINT ( 'NONE',  ( 28.20000000000000284, 28.49999999999999645, 4.899999999999999467 ) ) ;
#640 = EDGE_CURVE ( 'NONE', #1289, #1152, #674, .T. ) ;
#641 = DIRECTION ( 'NONE',  ( -0.04987546680538193500, -0.9975093361076328158, 0.04987546680538159499 ) ) ;
#642 = CARTESIAN_POINT ( 'NONE',  ( 0.000000000000000000, 8.499999999999998224, 4.899999999999999467 ) ) ;
#643 = DIRECTION ( 'NONE',  ( 0.000000000000000000, 1.000000000000000000, 0.000000000000000000 ) ) ;
#644 = ORIENTED_EDGE ( 'NONE', *, *, #711, .F. ) ;
#645 = ADVANCED_FACE ( 'NONE', ( #204 ), #1344, .F. ) ;
#646 = ORIENTED_EDGE ( 'NONE', *, *, #308, .F. ) ;
#647 = VERTEX_POINT ( 'NONE', #824 ) ;
#648 = DIRECTION ( 'NONE',  ( 1.000000000000000000, 0.000000000000000000, -0.000000000000000000 ) ) ;
#649 = SURFACE_STYLE_FILL_AREA ( #806 ) ;
#650 = AXIS2_PLACEMENT_3D ( 'NONE', #1185, #436, #1063 ) ;
#651 = LINE ( 'NONE', #391, #959 ) ;
#652 = CARTESIAN_POINT ( 'NONE',  ( 0.000000000000000000, 0.000000000000000000, 0.000000000000000000 ) ) ;
#653 = EDGE_CURVE ( 'NONE', #131, #969, #339, .T. ) ;
#654 = ORIENTED_EDGE ( 'NONE', *, *, #1327, .F. ) ;
#655 = ORIENTED_EDGE ( 'NONE', *, *, #1363, .F. ) ;
#656 = LINE ( 'NONE', #1157, #1287 ) ;
#657 = CARTESIAN_POINT ( 'NONE',  ( 30.06942851927778193, 54.77277201295960651, 0.003766730009835517635 ) ) ;
#658 = DIRECTION ( 'NONE',  ( -2.168404344971008128E-16, 1.000000000000000000, 8.715763992105389794E-33 ) ) ;
#659 = CARTESIAN_POINT ( 'NONE',  ( 76.71998751560066410, 70.59999999999999432, -0.7999999999999999334 ) ) ;
#660 = VECTOR ( 'NONE', #1193, 1000.000000000000000 ) ;
#661 = CIRCLE ( 'NONE', #187, 1.300000000000000044 ) ;
#662 = ORIENTED_EDGE ( 'NONE', *, *, #1055, .F. ) ;
#663 = FACE_OUTER_BOUND ( 'NONE', #1487, .T. ) ;
#664 = ORIENTED_EDGE ( 'NONE', *, *, #1247, .F. ) ;
#665 =( BOUNDED_CURVE ( )  B_SPLINE_CURVE ( 3, ( #1133, #1619, #1371, #625 ),
 .UNSPECIFIED., .F., .F. ) 
 B_SPLINE_CURVE_WITH_KNOTS ( ( 4, 4 ),
 ( 3.091634257867851510, 3.141592653589794004 ),
 .UNSPECIFIED. ) 
 CURVE ( )  GEOMETRIC_REPRESENTATION_ITEM ( )  RATIONAL_B_SPLINE_CURVE ( ( 1.000000000000000000, 0.9997920240391404700, 0.9997920240391404700, 1.000000000000000000 ) ) 
 REPRESENTATION_ITEM ( '' )  );
#666 = DIRECTION ( 'NONE',  ( -1.000000000000000000, 0.000000000000000000, 0.000000000000000000 ) ) ;
#667 = PLANE ( 'NONE',  #1262 ) ;
#668 = FACE_OUTER_BOUND ( 'NONE', #897, .T. ) ;
#669 = CARTESIAN_POINT ( 'NONE',  ( 61.33952318975900653, 54.43249953761363713, 0.01233052071433031471 ) ) ;
#670 = ORIENTED_EDGE ( 'NONE', *, *, #566, .F. ) ;
#671 = CARTESIAN_POINT ( 'NONE',  ( 65.65000000000000568, 33.00000000000000711, 8.599999999999999645 ) ) ;
#672 = ORIENTED_EDGE ( 'NONE', *, *, #920, .T. ) ;
#673 = DIRECTION ( 'NONE',  ( -0.000000000000000000, -0.000000000000000000, 1.000000000000000000 ) ) ;
#674 = LINE ( 'NONE', #684, #611 ) ;
#675 =( NAMED_UNIT ( * ) SI_UNIT ( $, .STERADIAN. ) SOLID_ANGLE_UNIT ( ) );
#676 = EDGE_CURVE ( 'NONE', #1200, #201, #581, .T. ) ;
#677 = FACE_OUTER_BOUND ( 'NONE', #328, .T. ) ;
#678 = CARTESIAN_POINT ( 'NONE',  ( 28.20000000000000284, 8.499999999999998224, 2.399999999999999911 ) ) ;
#679 = EDGE_LOOP ( 'NONE', ( #664, #1136, #465, #1492 ) ) ;
#680 = ORIENTED_EDGE ( 'NONE', *, *, #1469, .T. ) ;
#681 = EDGE_CURVE ( 'NONE', #1280, #154, #1309, .T. ) ;
#682 = CIRCLE ( 'NONE', #1605, 1.199999999999999734 ) ;
#683 = DIRECTION ( 'NONE',  ( -0.9541552733718409174, 0.2993120684113948493, 0.000000000000000000 ) ) ;
#684 = CARTESIAN_POINT ( 'NONE',  ( 35.69999999999999574, 15.99999999999999645, 9.799999999999998934 ) ) ;
#685 = EDGE_CURVE ( 'NONE', #43, #888, #933, .T. ) ;
#686 = PRESENTATION_STYLE_ASSIGNMENT (( #38 ) ) ;
#687 = LINE ( 'NONE', #1449, #790 ) ;
#688 = CARTESIAN_POINT ( 'NONE',  ( 61.21965151215802337, 54.43511077420034638, -2.049403696136565502E-13 ) ) ;
#689 = VECTOR ( 'NONE', #1286, 1000.000000000000000 ) ;
#690 = EDGE_LOOP ( 'NONE', ( #429, #350, #1191, #455 ) ) ;
#691 = CARTESIAN_POINT ( 'NONE',  ( 29.16152236891493743, 70.59999999999999432, -1.300000000000000044 ) ) ;
#692 = VERTEX_POINT ( 'NONE', #813 ) ;
#693 = EDGE_CURVE ( 'NONE', #1315, #1546, #560, .T. ) ;
#694 = VECTOR ( 'NONE', #69, 1000.000000000000000 ) ;
#695 = DIRECTION ( 'NONE',  ( 6.308085367188390241E-16, 1.000000000000000000, 0.000000000000000000 ) ) ;
#696 = DIRECTION ( 'NONE',  ( 0.000000000000000000, 0.000000000000000000, 1.000000000000000000 ) ) ;
#697 = EDGE_CURVE ( 'NONE', #837, #539, #1350, .T. ) ;
#698 = DIRECTION ( 'NONE',  ( 0.000000000000000000, 1.000000000000000000, 0.000000000000000000 ) ) ;
#699 = CARTESIAN_POINT ( 'NONE',  ( 69.45000000000001705, 28.00000000000001066, 9.799999999999998934 ) ) ;
#700 = ORIENTED_EDGE ( 'NONE', *, *, #598, .F. ) ;
#701 = CARTESIAN_POINT ( 'NONE',  ( 25.74999999999999645, 28.00000000000001776, 8.599999999999999645 ) ) ;
#702 = ORIENTED_EDGE ( 'NONE', *, *, #1055, .T. ) ;
#703 = CARTESIAN_POINT ( 'NONE',  ( 35.69999999999999574, 15.99999999999999645, 0.000000000000000000 ) ) ;
#704 = DIRECTION ( 'NONE',  ( -1.000000000000000000, -0.000000000000000000, -0.000000000000000000 ) ) ;
#705 = CARTESIAN_POINT ( 'NONE',  ( 25.00000000000000000, 45.59999999999999432, 2.399999999999999911 ) ) ;
#706 = CARTESIAN_POINT ( 'NONE',  ( 0.000000000000000000, 0.000000000000000000, 2.399999999999999911 ) ) ;
#707 = EDGE_LOOP ( 'NONE', ( #646, #531, #427, #1233 ) ) ;
#708 = ORIENTED_EDGE ( 'NONE', *, *, #1586, .T. ) ;
#709 = DIRECTION ( 'NONE',  ( -1.000000000000000000, 0.000000000000000000, -0.000000000000000000 ) ) ;
#710 = AXIS2_PLACEMENT_3D ( 'NONE', #1172, #1321, #183 ) ;
#711 = EDGE_CURVE ( 'NONE', #88, #715, #734, .T. ) ;
#712 = CARTESIAN_POINT ( 'NONE',  ( 25.70000000000000284, 28.49999999999999645, 7.400000000000000355 ) ) ;
#713 = FACE_OUTER_BOUND ( 'NONE', #1347, .T. ) ;
#714 = CARTESIAN_POINT ( 'NONE',  ( 28.19999999999999929, 11.00000000000000178, 6.364466094067260826 ) ) ;
#715 = VERTEX_POINT ( 'NONE', #719 ) ;
#716 = VERTEX_POINT ( 'NONE', #1230 ) ;
#717 = ORIENTED_EDGE ( 'NONE', *, *, #444, .T. ) ;
#718 = DIRECTION ( 'NONE',  ( 2.168404344971008128E-16, -1.000000000000000000, -0.000000000000000000 ) ) ;
#719 = CARTESIAN_POINT ( 'NONE',  ( 25.74999999999999645, 31.80000000000000071, 9.799999999999998934 ) ) ;
#720 = VECTOR ( 'NONE', #1571, 1000.000000000000000 ) ;
#721 = CARTESIAN_POINT ( 'NONE',  ( 0.000000000000000000, 70.59999999999999432, 2.399999999999999911 ) ) ;
#722 = EDGE_CURVE ( 'NONE', #1033, #154, #579, .T. ) ;
#723 = LINE ( 'NONE', #859, #432 ) ;
#724 =( BOUNDED_CURVE ( )  B_SPLINE_CURVE ( 3, ( #355, #1083, #575, #1580 ),
 .UNSPECIFIED., .F., .F. ) 
 B_SPLINE_CURVE_WITH_KNOTS ( ( 4, 4 ),
 ( 3.141592653589793116, 4.712388980384689674 ),
 .UNSPECIFIED. ) 
 CURVE ( )  GEOMETRIC_REPRESENTATION_ITEM ( )  RATIONAL_B_SPLINE_CURVE ( ( 1.000000000000000000, 0.8047378541243649375, 0.8047378541243649375, 1.000000000000000000 ) ) 
 REPRESENTATION_ITEM ( '' )  );
#725 = VERTEX_POINT ( 'NONE', #220 ) ;
#726 = ORIENTED_EDGE ( 'NONE', *, *, #590, .T. ) ;
#727 = CARTESIAN_POINT ( 'NONE',  ( 30.23847763108498654, 54.43340272176573791, 1.917062343696659821E-17 ) ) ;
#728 = CARTESIAN_POINT ( 'NONE',  ( 29.91126224630705366, 55.05300163831826410, 0.000000000000000000 ) ) ;
#729 = CARTESIAN_POINT ( 'NONE',  ( 35.69999999999999574, 11.00000000000000000, 9.799999999999998934 ) ) ;
#730 = FACE_OUTER_BOUND ( 'NONE', #1102, .T. ) ;
#731 =( BOUNDED_CURVE ( )  B_SPLINE_CURVE ( 3, ( #1121, #400, #377, #121 ),
 .UNSPECIFIED., .F., .F. ) 
 B_SPLINE_CURVE_WITH_KNOTS ( ( 4, 4 ),
 ( 1.570796326794896558, 3.141592653589793116 ),
 .UNSPECIFIED. ) 
 CURVE ( )  GEOMETRIC_REPRESENTATION_ITEM ( )  RATIONAL_B_SPLINE_CURVE ( ( 1.000000000000000000, 0.8047378541243649375, 0.8047378541243649375, 1.000000000000000000 ) ) 
 REPRESENTATION_ITEM ( '' )  );
#732 = ADVANCED_FACE ( 'NONE', ( #1489 ), #1304, .F. ) ;
#733 = CARTESIAN_POINT ( 'NONE',  ( 30.12134041750654490, 54.41511562971508909, -4.336808689942017736E-16 ) ) ;
#734 = CIRCLE ( 'NONE', #20, 1.199999999999999734 ) ;
#735 = CARTESIAN_POINT ( 'NONE',  ( 61.16152236891501559, 54.10031210998428719, -0.000000000000000000 ) ) ;
#736 = EDGE_CURVE ( 'NONE', #1219, #1444, #1062, .T. ) ;
#737 = AXIS2_PLACEMENT_3D ( 'NONE', #1545, #1573, #1189 ) ;
#738 = CARTESIAN_POINT ( 'NONE',  ( 29.41617990214022171, 58.78051869320446343, -4.336808689942017736E-16 ) ) ;
#739 = CARTESIAN_POINT ( 'NONE',  ( 60.70000000000000284, 8.499999999999998224, 2.399999999999999911 ) ) ;
#740 = DIRECTION ( 'NONE',  ( 1.000000000000000000, -1.739071153861460588E-16, 0.000000000000000000 ) ) ;
#741 = AXIS2_PLACEMENT_3D ( 'NONE', #639, #6, #1016 ) ;
#742 = ORIENTED_EDGE ( 'NONE', *, *, #60, .T. ) ;
#743 = CARTESIAN_POINT ( 'NONE',  ( 30.07061701457944380, 54.75334245137733546, -6.850560886389579044E-12 ) ) ;
#744 = CARTESIAN_POINT ( 'NONE',  ( 29.17696395212081484, 66.09866680634728198, 0.000000000000000000 ) ) ;
#745 = AXIS2_PLACEMENT_3D ( 'NONE', #642, #918, #144 ) ;
#746 = VECTOR ( 'NONE', #1317, 1000.000000000000000 ) ;
#747 = DIRECTION ( 'NONE',  ( 1.000000000000000000, -1.739071153861460588E-16, 0.000000000000000000 ) ) ;
#748 = VECTOR ( 'NONE', #79, 1000.000000000000000 ) ;
#749 = CARTESIAN_POINT ( 'NONE',  ( 61.76819438316834976, 61.34374928904618685, -6.943198443063818039E-14 ) ) ;
#750 = DIRECTION ( 'NONE',  ( -1.000000000000000000, -3.154042683594195614E-16, 0.000000000000000000 ) ) ;
#751 = ORIENTED_EDGE ( 'NONE', *, *, #554, .T. ) ;
#752 = ORIENTED_EDGE ( 'NONE', *, *, #356, .T. ) ;
#753 = PLANE ( 'NONE',  #488 ) ;
#754 = CARTESIAN_POINT ( 'NONE',  ( 61.98382009785535729, 58.78051869320891853, 0.000000000000000000 ) ) ;
#755 = CARTESIAN_POINT ( 'NONE',  ( 69.45000000000001705, 3.999999999999989786, 7.400000000000002132 ) ) ;
#756 = CIRCLE ( 'NONE', #195, 1.299999999999997824 ) ;
#757 = ORIENTED_EDGE ( 'NONE', *, *, #93, .T. ) ;
#758 = EDGE_CURVE ( 'NONE', #1340, #250, #561, .T. ) ;
#759 = CARTESIAN_POINT ( 'NONE',  ( 55.70000000000000284, 11.00000000000000000, 9.799999999999998934 ) ) ;
#760 = AXIS2_PLACEMENT_3D ( 'NONE', #1568, #912, #1453 ) ;
#761 = CARTESIAN_POINT ( 'NONE',  ( 25.70000000000000284, 0.000000000000000000, 4.899999999999999467 ) ) ;
#762 = FACE_OUTER_BOUND ( 'NONE', #129, .T. ) ;
#763 = CARTESIAN_POINT ( 'NONE',  ( 60.69999999999999574, -3.829007817883352903E-14, 7.400000000000000355 ) ) ;
#764 = ORIENTED_EDGE ( 'NONE', *, *, #218, .F. ) ;
#765 = AXIS2_PLACEMENT_3D ( 'NONE', #1283, #14, #388 ) ;
#766 =( BOUNDED_CURVE ( )  B_SPLINE_CURVE ( 3, ( #1308, #1584, #167, #1466 ),
 .UNSPECIFIED., .F., .T. ) 
 B_SPLINE_CURVE_WITH_KNOTS ( ( 4, 4 ),
 ( 4.712388980384689674, 6.283185307179586232 ),
 .UNSPECIFIED. ) 
 CURVE ( )  GEOMETRIC_REPRESENTATION_ITEM ( )  RATIONAL_B_SPLINE_CURVE ( ( 1.000000000000000000, 0.8047378541243649375, 0.8047378541243649375, 1.000000000000000000 ) ) 
 REPRESENTATION_ITEM ( '' )  );
#767 = ORIENTED_EDGE ( 'NONE', *, *, #1111, .T. ) ;
#768 = EDGE_LOOP ( 'NONE', ( #1014, #1582, #97, #123 ) ) ;
#769 = EDGE_CURVE ( 'NONE', #1332, #201, #231, .T. ) ;
#770 = CARTESIAN_POINT ( 'NONE',  ( 63.20000000000000284, 8.499999999999998224, 7.400000000000000355 ) ) ;
#771 = CARTESIAN_POINT ( 'NONE',  ( 62.22303604787897768, 66.09866680636001490, 0.000000000000000000 ) ) ;
#772 = EDGE_CURVE ( 'NONE', #1622, #342, #869, .T. ) ;
#773 = PRODUCT_RELATED_PRODUCT_CATEGORY ( 'part', '', ( #206 ) ) ;
#774 = DIRECTION ( 'NONE',  ( 0.000000000000000000, -0.000000000000000000, 1.000000000000000000 ) ) ;
#775 = CARTESIAN_POINT ( 'NONE',  ( 55.70000000000000284, 16.00000000000000000, 0.000000000000000000 ) ) ;
#776 = PRESENTATION_LAYER_ASSIGNMENT (  '', '', ( #1486 ) ) ;
#777 = ORIENTED_EDGE ( 'NONE', *, *, #1357, .F. ) ;
#778 = EDGE_LOOP ( 'NONE', ( #1109, #1163, #1154, #951 ) ) ;
#779 = ORIENTED_EDGE ( 'NONE', *, *, #782, .F. ) ;
#780 = CARTESIAN_POINT ( 'NONE',  ( 30.23847763108497944, 54.10031210998427298, -0.000000000000000000 ) ) ;
#781 = DIRECTION ( 'NONE',  ( -0.000000000000000000, -0.000000000000000000, 1.000000000000000000 ) ) ;
#782 = EDGE_CURVE ( 'NONE', #1563, #628, #146, .T. ) ;
#783 = CARTESIAN_POINT ( 'NONE',  ( 60.69999999999999574, 3.999999999999991562, 9.799999999999998934 ) ) ;
#784 = DIRECTION ( 'NONE',  ( -1.000000000000000000, -2.465133360598630954E-14, 0.000000000000000000 ) ) ;
#785 = VERTEX_POINT ( 'NONE', #68 ) ;
#786 = ORIENTED_EDGE ( 'NONE', *, *, #1111, .F. ) ;
#787 = B_SPLINE_CURVE_WITH_KNOTS ( 'NONE', 3,
 ( #399, #1524, #16, #1420 ),
 .UNSPECIFIED., .F., .F.,
 ( 4, 4 ),
 ( 0.000000000000000000, 0.001007325909476890604 ),
 .UNSPECIFIED. ) ;
#788 = DIRECTION ( 'NONE',  ( 0.04987546680538194888, 0.9975093361076328158, -0.04987546680538160193 ) ) ;
#789 = FACE_OUTER_BOUND ( 'NONE', #521, .T. ) ;
#790 = VECTOR ( 'NONE', #947, 1000.000000000000000 ) ;
#791 = TOROIDAL_SURFACE ( 'NONE', #737, 3.800000000000004707, 1.199999999999999734 ) ;
#792 = LINE ( 'NONE', #152, #1115 ) ;
#793 = CARTESIAN_POINT ( 'NONE',  ( 25.70000000000000284, 26.00000000000000000, 4.899999999999999467 ) ) ;
#794 = ORIENTED_EDGE ( 'NONE', *, *, #1204, .F. ) ;
#795 = DIRECTION ( 'NONE',  ( 0.000000000000000000, -1.000000000000000000, 0.000000000000000000 ) ) ;
#796 = ORIENTED_EDGE ( 'NONE', *, *, #516, .T. ) ;
#797 = CARTESIAN_POINT ( 'NONE',  ( 0.000000000000000000, 0.000000000000000000, 2.399999999999999911 ) ) ;
#798 = FACE_OUTER_BOUND ( 'NONE', #586, .T. ) ;
#799 = CARTESIAN_POINT ( 'NONE',  ( 63.20000000000000284, 11.00000000000000000, 4.899999999999999467 ) ) ;
#800 = VECTOR ( 'NONE', #1589, 1000.000000000000000 ) ;
#801 = VERTEX_POINT ( 'NONE', #1312 ) ;
#802 = LINE ( 'NONE', #1199, #917 ) ;
#803 = ORIENTED_EDGE ( 'NONE', *, *, #1077, .F. ) ;
#804 = VECTOR ( 'NONE', #673, 1000.000000000000000 ) ;
#805 = FACE_OUTER_BOUND ( 'NONE', #1272, .T. ) ;
#806 = FILL_AREA_STYLE ('',( #275 ) ) ;
#807 = DIRECTION ( 'NONE',  ( -1.000000000000000000, 0.000000000000000000, 0.000000000000000000 ) ) ;
#808 = CARTESIAN_POINT ( 'NONE',  ( 61.15276657658599646, 54.76442802498912243, -0.008221401249456326832 ) ) ;
#809 = EDGE_LOOP ( 'NONE', ( #895, #1188, #523, #1464, #845 ) ) ;
#810 = ORIENTED_EDGE ( 'NONE', *, *, #1271, .T. ) ;
#811 = EDGE_CURVE ( 'NONE', #903, #18, #687, .T. ) ;
#812 = DIRECTION ( 'NONE',  ( 0.2993120684113940722, 0.9541552733718413615, 6.690520689728072126E-15 ) ) ;
#813 = CARTESIAN_POINT ( 'NONE',  ( 91.40000000000000568, 0.000000000000000000, 0.000000000000000000 ) ) ;
#814 = CYLINDRICAL_SURFACE ( 'NONE', #76, 25.00000000000000000 ) ;
#815 = CARTESIAN_POINT ( 'NONE',  ( 61.48873775369293071, 55.05300163831827831, 0.000000000000000000 ) ) ;
#816 = VECTOR ( 'NONE', #1461, 1000.000000000000114 ) ;
#817 = EDGE_CURVE ( 'NONE', #801, #1599, #957, .T. ) ;
#818 = ORIENTED_EDGE ( 'NONE', *, *, #1574, .T. ) ;
#819 = CARTESIAN_POINT ( 'NONE',  ( 25.74999999999999645, 28.00000000000001776, 9.799999999999998934 ) ) ;
#820 = ORIENTED_EDGE ( 'NONE', *, *, #904, .F. ) ;
#821 = ADVANCED_FACE ( 'NONE', ( #677 ), #814, .T. ) ;
#822 = VECTOR ( 'NONE', #397, 1000.000000000000000 ) ;
#823 = CARTESIAN_POINT ( 'NONE',  ( 60.69999999999999574, 3.999999999999989786, 7.400000000000000355 ) ) ;
#824 = CARTESIAN_POINT ( 'NONE',  ( 21.94999999999999574, 3.999999999999996447, 7.400000000000000355 ) ) ;
#825 = DIRECTION ( 'NONE',  ( 0.000000000000000000, -0.04993761694389330791, -0.9987523388778445366 ) ) ;
#826 = AXIS2_PLACEMENT_3D ( 'NONE', #1285, #1550, #254 ) ;
#827 = ORIENTED_EDGE ( 'NONE', *, *, #758, .F. ) ;
#828 = CARTESIAN_POINT ( 'NONE',  ( 35.69999999999999574, 11.00000000000000000, 0.000000000000000000 ) ) ;
#829 = VECTOR ( 'NONE', #865, 1000.000000000000000 ) ;
#830 = ORIENTED_EDGE ( 'NONE', *, *, #1284, .T. ) ;
#831 = LINE ( 'NONE', #185, #1624 ) ;
#832 = CARTESIAN_POINT ( 'NONE',  ( 29.16152236891493743, 69.86292709115043920, -1.300000000000000044 ) ) ;
#833 = CARTESIAN_POINT ( 'NONE',  ( 64.23553390593274059, 9.964466094067258695, 7.399999999999999467 ) ) ;
#834 = CARTESIAN_POINT ( 'NONE',  ( 21.94999999999999574, 27.99999999999999289, 8.599999999999999645 ) ) ;
#835 = ADVANCED_FACE ( 'NONE', ( #179 ), #1560, .T. ) ;
#836 = EDGE_CURVE ( 'NONE', #250, #636, #1429, .T. ) ;
#837 = VERTEX_POINT ( 'NONE', #564 ) ;
#838 = ORIENTED_EDGE ( 'NONE', *, *, #1451, .T. ) ;
#839 = CYLINDRICAL_SURFACE ( 'NONE', #323, 1.199999999999999734 ) ;
#840 = DIRECTION ( 'NONE',  ( 1.000000000000000000, -1.390559900582610684E-16, 0.000000000000000000 ) ) ;
#841 = CARTESIAN_POINT ( 'NONE',  ( 91.40000000000000568, 0.000000000000000000, 2.399999999999999911 ) ) ;
#842 = AXIS2_PLACEMENT_3D ( 'NONE', #1576, #441, #1212 ) ;
#843 = CIRCLE ( 'NONE', #1408, 4.999999999999997335 ) ;
#844 = DIRECTION ( 'NONE',  ( -0.9541552733718411394, -0.2993120684113941277, 0.000000000000000000 ) ) ;
#845 = ORIENTED_EDGE ( 'NONE', *, *, #1437, .F. ) ;
#846 = VERTEX_POINT ( 'NONE', #78 ) ;
#847 = ORIENTED_EDGE ( 'NONE', *, *, #676, .F. ) ;
#848 = PRODUCT_DEFINITION ( 'UNKNOWN', '', #1024, #1079 ) ;
#849 = CARTESIAN_POINT ( 'NONE',  ( 0.000000000000000000, 0.000000000000000000, 2.399999999999999911 ) ) ;
#850 = CARTESIAN_POINT ( 'NONE',  ( 29.16152236891493033, 69.86292709115045341, 0.000000000000000000 ) ) ;
#851 = CARTESIAN_POINT ( 'NONE',  ( 32.05000000000033822, 70.59999999999999432, -29.65000000000002345 ) ) ;
#852 = ORIENTED_EDGE ( 'NONE', *, *, #444, .F. ) ;
#853 = DIRECTION ( 'NONE',  ( 0.000000000000000000, 0.000000000000000000, -1.000000000000000000 ) ) ;
#854 = ADVANCED_FACE ( 'NONE', ( #936 ), #303, .T. ) ;
#855 = CARTESIAN_POINT ( 'NONE',  ( 55.70000000000000284, 11.00000000000000000, 0.000000000000000000 ) ) ;
#856 = DIRECTION ( 'NONE',  ( -0.000000000000000000, 1.000000000000000000, -0.000000000000000000 ) ) ;
#857 = AXIS2_PLACEMENT_3D ( 'NONE', #834, #1091, #1215 ) ;
#858 = DIRECTION ( 'NONE',  ( -1.000000000000000000, 0.000000000000000000, 0.000000000000000000 ) ) ;
#859 = CARTESIAN_POINT ( 'NONE',  ( 30.69999999999999929, 9.682911038634178068E-15, 7.400000000000000355 ) ) ;
#860 = EDGE_CURVE ( 'NONE', #1591, #801, #462, .T. ) ;
#861 = CARTESIAN_POINT ( 'NONE',  ( 69.45000000000001705, 28.00000000000001776, 8.600000000000001421 ) ) ;
#862 = EDGE_CURVE ( 'NONE', #1546, #716, #1330, .T. ) ;
#863 = CARTESIAN_POINT ( 'NONE',  ( 27.16446609406726154, 9.964466094067258695, 2.399999999999999911 ) ) ;
#864 = CARTESIAN_POINT ( 'NONE',  ( 29.93272488834993084, 58.81442163780414489, -0.1053961217398475120 ) ) ;
#865 = DIRECTION ( 'NONE',  ( 0.000000000000000000, 1.000000000000000000, 0.000000000000000000 ) ) ;
#866 = CARTESIAN_POINT ( 'NONE',  ( 61.31923881554255473, 69.86292709115079447, -0.3807611844574946280 ) ) ;
#867 = EDGE_CURVE ( 'NONE', #539, #903, #893, .T. ) ;
#868 = CARTESIAN_POINT ( 'NONE',  ( 30.00016423152095868, 55.08088959096378545, 2.710505431213761085E-15 ) ) ;
#869 = CIRCLE ( 'NONE', #450, 1.199999999999999734 ) ;
#870 = CIRCLE ( 'NONE', #710, 1.199999999999999734 ) ;
#871 = CARTESIAN_POINT ( 'NONE',  ( 29.93191874660341867, 61.34690027292155889, -0.1684705508295899490 ) ) ;
#872 = CARTESIAN_POINT ( 'NONE',  ( 60.71031043745325917, 70.59999999999999432, -0.7999999999999999334 ) ) ;
#873 = CARTESIAN_POINT ( 'NONE',  ( 61.71625804815006688, 56.04338426075001678, 2.168404344971008868E-16 ) ) ;
#874 = DIRECTION ( 'NONE',  ( 0.000000000000000000, -1.000000000000000000, 0.000000000000000000 ) ) ;
#875 = ORIENTED_EDGE ( 'NONE', *, *, #681, .F. ) ;
#876 = EDGE_LOOP ( 'NONE', ( #1463, #1395, #269, #1269 ) ) ;
#877 = VECTOR ( 'NONE', #57, 1000.000000000000000 ) ;
#878 = CARTESIAN_POINT ( 'NONE',  ( 61.38820175134065238, 54.73251019499865322, 0.000000000000000000 ) ) ;
#879 = LINE ( 'NONE', #120, #1275 ) ;
#880 = DIRECTION ( 'NONE',  ( -0.000000000000000000, -0.000000000000000000, 1.000000000000000000 ) ) ;
#881 = EDGE_CURVE ( 'NONE', #1307, #503, #8, .T. ) ;
#882 = EDGE_LOOP ( 'NONE', ( #1218, #796, #420, #1452 ) ) ;
#883 = DIRECTION ( 'NONE',  ( -1.000000000000000000, -3.154042683594195121E-16, -3.069968337510828610E-33 ) ) ;
#884 = CARTESIAN_POINT ( 'NONE',  ( 61.48873775369293071, 55.05300163831825699, 0.000000000000000000 ) ) ;
#885 = CARTESIAN_POINT ( 'NONE',  ( 60.70000000000000284, 8.499999999999998224, 4.899999999999999467 ) ) ;
#886 = ORIENTED_EDGE ( 'NONE', *, *, #1380, .T. ) ;
#887 = ORIENTED_EDGE ( 'NONE', *, *, #299, .F. ) ;
#888 = VERTEX_POINT ( 'NONE', #1267 ) ;
#889 =( BOUNDED_SURFACE ( )  B_SPLINE_SURFACE ( 3, 2, ( 
 ( #1436, #1300, #58 ),
 ( #302, #1419, #160 ),
 ( #1159, #1038, #1183 ),
 ( #435, #1311, #309 ) ),
 .UNSPECIFIED., .F., .F., .F. ) 
 B_SPLINE_SURFACE_WITH_KNOTS ( ( 4, 4 ),
 ( 3, 3 ),
 ( -7.372574772901430151E-18, 0.001007325909418221388 ),
 ( 0.000000000000000000, 1.000000000000000000 ),
 .UNSPECIFIED. ) 
 GEOMETRIC_REPRESENTATION_ITEM ( )  RATIONAL_B_SPLINE_SURFACE ( (
 ( 1.000000000000000000, 0.9974414208843477292, 1.000000000000000000),
 ( 1.000000000000000000, 0.9991300681681029028, 1.000000000000000000),
 ( 1.000000000000000000, 0.9999999388856031235, 1.000000000000000000),
 ( 1.000000000000000000, 1.000000000000000000, 1.000000000000000000) ) ) 
 REPRESENTATION_ITEM ( '' )  SURFACE ( )  );
#890 = EDGE_CURVE ( 'NONE', #725, #52, #787, .T. ) ;
#891 = CARTESIAN_POINT ( 'NONE',  ( 30.18034848796969527, 54.43511077417846877, 1.091004871181013421E-12 ) ) ;
#892 = CARTESIAN_POINT ( 'NONE',  ( 61.46808125339579476, 61.34690027292167258, -0.1684705508299723931 ) ) ;
#893 = LINE ( 'NONE', #527, #1290 ) ;
#894 = LINE ( 'NONE', #901, #589 ) ;
#895 = ORIENTED_EDGE ( 'NONE', *, *, #860, .F. ) ;
#896 = EDGE_LOOP ( 'NONE', ( #496, #985, #305, #702 ) ) ;
#897 = EDGE_LOOP ( 'NONE', ( #592, #3, #54, #36 ) ) ;
#898 = CARTESIAN_POINT ( 'NONE',  ( 25.74999999999999645, 33.00000000000002132, 8.599999999999999645 ) ) ;
#899 = CIRCLE ( 'NONE', #610, 3.799999999999983835 ) ;
#900 = CARTESIAN_POINT ( 'NONE',  ( 30.11761482989992089, 70.60000000000000853, -0.4176148298999572961 ) ) ;
#901 = CARTESIAN_POINT ( 'NONE',  ( 25.74999999999999645, 33.00000000000001421, 8.599999999999999645 ) ) ;
#902 = VECTOR ( 'NONE', #643, 1000.000000000000000 ) ;
#903 = VERTEX_POINT ( 'NONE', #537 ) ;
#904 = EDGE_CURVE ( 'NONE', #1208, #351, #1540, .T. ) ;
#905 = VERTEX_POINT ( 'NONE', #519 ) ;
#906 = LINE ( 'NONE', #770, #1211 ) ;
#907 = CARTESIAN_POINT ( 'NONE',  ( 30.23847763108498654, 54.10031210998428008, -8.673617379884035472E-16 ) ) ;
#908 = CIRCLE ( 'NONE', #1473, 1.300000000000000044 ) ;
#909 = DIRECTION ( 'NONE',  ( 0.000000000000000000, 0.000000000000000000, 1.000000000000000000 ) ) ;
#910 = CARTESIAN_POINT ( 'NONE',  ( 61.22434198164231844, 55.10352304211047425, -0.02517615210552354849 ) ) ;
#911 = VERTEX_POINT ( 'NONE', #1277 ) ;
#912 = DIRECTION ( 'NONE',  ( -1.000000000000000000, 6.308085367188390241E-16, -0.000000000000000000 ) ) ;
#913 = VERTEX_POINT ( 'NONE', #33 ) ;
#914 = VECTOR ( 'NONE', #840, 1000.000000000000000 ) ;
#915 = CARTESIAN_POINT ( 'NONE',  ( 61.28238517010010611, 70.59999999999999432, -0.4176148298999683428 ) ) ;
#916 = CARTESIAN_POINT ( 'NONE',  ( 30.26505281298689454, 55.09906444886212284, -0.02495322244310655552 ) ) ;
#917 = VECTOR ( 'NONE', #952, 1000.000000000000000 ) ;
#918 = DIRECTION ( 'NONE',  ( -1.000000000000000000, 0.000000000000000000, 0.000000000000000000 ) ) ;
#919 = CARTESIAN_POINT ( 'NONE',  ( 61.16152141200945636, 54.09431710258746762, -8.985028660760813191E-07 ) ) ;
#920 = EDGE_CURVE ( 'NONE', #1295, #911, #1404, .T. ) ;
#921 = VERTEX_POINT ( 'NONE', #510 ) ;
#922 = LINE ( 'NONE', #1209, #148 ) ;
#923 = VERTEX_POINT ( 'NONE', #39 ) ;
#924 = CARTESIAN_POINT ( 'NONE',  ( 30.23847763108497944, 54.10031210998427298, -0.000000000000000000 ) ) ;
#925 = CARTESIAN_POINT ( 'NONE',  ( 76.71998751560066410, 70.59999999999999432, -0.7999999999999999334 ) ) ;
#926 = DIRECTION ( 'NONE',  ( -1.000000000000000000, -8.326672684688674053E-16, 0.000000000000000000 ) ) ;
#927 = DIRECTION ( 'NONE',  ( 0.000000000000000000, 0.000000000000000000, -1.000000000000000000 ) ) ;
#928 = CYLINDRICAL_SURFACE ( 'NONE', #929, 2.500000000000000444 ) ;
#929 = AXIS2_PLACEMENT_3D ( 'NONE', #793, #948, #180 ) ;
#930 = ORIENTED_EDGE ( 'NONE', *, *, #1380, .F. ) ;
#931 = ORIENTED_EDGE ( 'NONE', *, *, #722, .T. ) ;
#932 = B_SPLINE_CURVE_WITH_KNOTS ( 'NONE', 3,
 ( #1370, #362, #878, #92 ),
 .UNSPECIFIED., .F., .F.,
 ( 4, 4 ),
 ( -2.734959519452086172E-05, 0.0009799763142237228036 ),
 .UNSPECIFIED. ) ;
#933 = LINE ( 'NONE', #1435, #877 ) ;
#934 = DIRECTION ( 'NONE',  ( 1.000000000000000000, -1.739071153861460588E-16, 0.000000000000000000 ) ) ;
#935 = ADVANCED_FACE ( 'NONE', ( #1160 ), #276, .F. ) ;
#936 = FACE_OUTER_BOUND ( 'NONE', #882, .T. ) ;
#937 = PLANE ( 'NONE',  #1138 ) ;
#938 = ORIENTED_EDGE ( 'NONE', *, *, #1140, .T. ) ;
#939 = CYLINDRICAL_SURFACE ( 'NONE', #1001, 5.000000000000004441 ) ;
#940 = EDGE_CURVE ( 'NONE', #1076, #1397, #284, .T. ) ;
#941 = EDGE_LOOP ( 'NONE', ( #393, #599, #680, #1048 ) ) ;
#942 = UNCERTAINTY_MEASURE_WITH_UNIT (LENGTH_MEASURE( 1.000000000000000082E-05 ), #1539, 'distance_accuracy_value', 'NONE');
#943 = FACE_OUTER_BOUND ( 'NONE', #89, .T. ) ;
#944 = DIRECTION ( 'NONE',  ( -1.000000000000000000, -3.154042683594194627E-16, -0.000000000000000000 ) ) ;
#945 = EDGE_CURVE ( 'NONE', #503, #10, #1194, .T. ) ;
#946 = CARTESIAN_POINT ( 'NONE',  ( 30.69999999999999929, 0.000000000000000000, 0.000000000000000000 ) ) ;
#947 = DIRECTION ( 'NONE',  ( 0.000000000000000000, -1.000000000000000000, -0.000000000000000000 ) ) ;
#948 = DIRECTION ( 'NONE',  ( 0.000000000000000000, 1.000000000000000000, 0.000000000000000000 ) ) ;
#949 = AXIS2_PLACEMENT_3D ( 'NONE', #106, #486, #91 ) ;
#950 =( GEOMETRIC_REPRESENTATION_CONTEXT ( 3 ) GLOBAL_UNCERTAINTY_ASSIGNED_CONTEXT ( ( #942 ) ) GLOBAL_UNIT_ASSIGNED_CONTEXT ( ( #1539, #292, #675 ) ) REPRESENTATION_CONTEXT ( 'NONE', 'WORKASPACE' ) );
#951 = ORIENTED_EDGE ( 'NONE', *, *, #566, .T. ) ;
#952 = DIRECTION ( 'NONE',  ( 1.000000000000000000, -1.390559900582610684E-16, 0.000000000000000000 ) ) ;
#953 = EDGE_LOOP ( 'NONE', ( #1478, #1518, #1379, #1075 ) ) ;
#954 = PLANE ( 'NONE',  #198 ) ;
#955 = CARTESIAN_POINT ( 'NONE',  ( 0.000000000000000000, 0.000000000000000000, 2.399999999999999911 ) ) ;
#956 = EDGE_CURVE ( 'NONE', #131, #1022, #1612, .T. ) ;
#957 = LINE ( 'NONE', #582, #816 ) ;
#958 = CARTESIAN_POINT ( 'NONE',  ( 25.70000000000000284, 8.499999999999998224, 7.400000000000000355 ) ) ;
#959 = VECTOR ( 'NONE', #543, 1000.000000000000000 ) ;
#960 = VERTEX_POINT ( 'NONE', #1045 ) ;
#961 = ORIENTED_EDGE ( 'NONE', *, *, #476, .T. ) ;
#962 = VECTOR ( 'NONE', #189, 1000.000000000000000 ) ;
#963 = FACE_OUTER_BOUND ( 'NONE', #953, .T. ) ;
#964 = CARTESIAN_POINT ( 'NONE',  ( 28.20000000000000284, 26.00000000000000000, 4.899999999999999467 ) ) ;
#965 = CARTESIAN_POINT ( 'NONE',  ( 28.20000000000000284, 8.499999999999998224, 4.899999999999999467 ) ) ;
#966 = PLANE ( 'NONE',  #1301 ) ;
#967 = ORIENTED_EDGE ( 'NONE', *, *, #509, .F. ) ;
#968 =( BOUNDED_SURFACE ( )  B_SPLINE_SURFACE ( 3, 2, ( 
 ( #866, #499, #1513 ),
 ( #247, #1252, #489 ),
 ( #263, #115, #771 ),
 ( #252, #1009, #1377 ),
 ( #892, #749, #1506 ),
 ( #109, #998, #754 ),
 ( #382, #619, #614 ),
 ( #1265, #1120, #873 ),
 ( #1495, #15, #1390 ),
 ( #1139, #134, #884 ) ),
 .UNSPECIFIED., .F., .F., .F. ) 
 B_SPLINE_SURFACE_WITH_KNOTS ( ( 4, 2, 2, 2, 4 ),
 ( 3, 3 ),
 ( 0.6482190106637397697, 0.6917698122013937745, 0.7353206137390478903, 0.7788714152767020060, 0.8224222168143560108 ),
 ( 0.000000000000000000, 1.000000000000000000 ),
 .UNSPECIFIED. ) 
 GEOMETRIC_REPRESENTATION_ITEM ( )  RATIONAL_B_SPLINE_SURFACE ( (
 ( 1.000000000000000000, 0.9238795325112850731, 1.000000000000000000),
 ( 1.000000000000000000, 0.9339486479275130870, 1.000000000000000000),
 ( 1.000000000000000000, 0.9432016503515654460, 1.000000000000000000),
 ( 1.000000000000000000, 0.9597682180195865609, 1.000000000000000000),
 ( 1.000000000000000000, 0.9670793460670039643, 1.000000000000000000),
 ( 1.000000000000000000, 0.9795416567973789235, 1.000000000000000000),
 ( 1.000000000000000000, 0.9846922290069046735, 1.000000000000000000),
 ( 1.000000000000000000, 0.9927431191866684657, 1.000000000000000000),
 ( 1.000000000000000000, 0.9956455991832857677, 1.000000000000000000),
 ( 1.000000000000000000, 0.9974414208843478402, 1.000000000000000000) ) ) 
 REPRESENTATION_ITEM ( '' )  SURFACE ( )  );
#969 = VERTEX_POINT ( 'NONE', #161 ) ;
#970 = DIRECTION ( 'NONE',  ( 0.000000000000000000, -1.000000000000000000, 0.000000000000000000 ) ) ;
#971 = CARTESIAN_POINT ( 'NONE',  ( 30.23847763108497944, 54.10031210998427298, -0.000000000000000000 ) ) ;
#972 = CARTESIAN_POINT ( 'NONE',  ( 29.72760327931791480, 57.74004499829118231, 1.373754064714058568E-13 ) ) ;
#973 = CARTESIAN_POINT ( 'NONE',  ( 28.20000000000000284, 11.00000000000000000, 4.899999999999999467 ) ) ;
#974 = APPLICATION_PROTOCOL_DEFINITION ( 'draft international standard', 'automotive_design', 1998, #322 ) ;
#975 = ADVANCED_FACE ( 'NONE', ( #668 ), #1177, .F. ) ;
#976 = ORIENTED_EDGE ( 'NONE', *, *, #1221, .F. ) ;
#977 = ORIENTED_EDGE ( 'NONE', *, *, #956, .T. ) ;
#978 = AXIS2_PLACEMENT_3D ( 'NONE', #562, #781, #143 ) ;
#979 = DIRECTION ( 'NONE',  ( 0.000000000000000000, 0.000000000000000000, 1.000000000000000000 ) ) ;
#980 = CARTESIAN_POINT ( 'NONE',  ( 29.62207691104280727, 62.82528709414226853, 2.667984847068290943E-13 ) ) ;
#981 = CARTESIAN_POINT ( 'NONE',  ( 91.40000000000000568, 45.59999999999999432, 2.399999999999999911 ) ) ;
#982 = EDGE_CURVE ( 'NONE', #351, #1033, #651, .T. ) ;
#983 = DIRECTION ( 'NONE',  ( 0.000000000000000000, 0.04993761694389330791, 0.9987523388778447586 ) ) ;
#984 = ADVANCED_FACE ( 'NONE', ( #762 ), #127, .T. ) ;
#985 = ORIENTED_EDGE ( 'NONE', *, *, #1556, .T. ) ;
#986 = EDGE_LOOP ( 'NONE', ( #1528, #757, #304, #1516 ) ) ;
#987 = CARTESIAN_POINT ( 'NONE',  ( 25.70000000000000284, 8.499999999999998224, 2.399999999999999911 ) ) ;
#988 = CARTESIAN_POINT ( 'NONE',  ( 30.08076118445743674, 69.86292709115045341, -0.3807611844574850801 ) ) ;
#989 = CIRCLE ( 'NONE', #357, 2.500000000000000444 ) ;
#990 = DIRECTION ( 'NONE',  ( 1.110223024625155357E-15, -1.000000000000000000, 0.000000000000000000 ) ) ;
#991 = DIRECTION ( 'NONE',  ( 1.000000000000000000, 0.000000000000000000, 0.000000000000000000 ) ) ;
#992 = ADVANCED_FACE ( 'NONE', ( #25 ), #1039, .F. ) ;
#993 = VERTEX_POINT ( 'NONE', #1292 ) ;
#994 = EDGE_CURVE ( 'NONE', #1255, #1599, #792, .T. ) ;
#995 = ORIENTED_EDGE ( 'NONE', *, *, #945, .F. ) ;
#996 = CARTESIAN_POINT ( 'NONE',  ( 29.66035826463846803, 67.94208752033040355, -3.961263891953221186E-12 ) ) ;
#997 = CARTESIAN_POINT ( 'NONE',  ( 61.28238517010010611, 70.59999999999999432, -0.4176148298999683428 ) ) ;
#998 = CARTESIAN_POINT ( 'NONE',  ( 61.71527709688953678, 58.80628601575542547, 6.854862948743934592E-14 ) ) ;
#999 = AXIS2_PLACEMENT_3D ( 'NONE', #1343, #1434, #1594 ) ;
#1000 = ORIENTED_EDGE ( 'NONE', *, *, #419, .F. ) ;
#1001 = AXIS2_PLACEMENT_3D ( 'NONE', #155, #297, #64 ) ;
#1002 = LINE ( 'NONE', #246, #157 ) ;
#1003 = FACE_OUTER_BOUND ( 'NONE', #314, .T. ) ;
#1004 = EDGE_CURVE ( 'NONE', #1334, #1289, #227, .T. ) ;
#1005 = CARTESIAN_POINT ( 'NONE',  ( 60.70000000000000284, 11.00000000000000000, 9.799999999999998934 ) ) ;
#1006 = ORIENTED_EDGE ( 'NONE', *, *, #1319, .T. ) ;
#1007 = PLANE ( 'NONE',  #118 ) ;
#1008 = VECTOR ( 'NONE', #1372, 1000.000000000000000 ) ;
#1009 = CARTESIAN_POINT ( 'NONE',  ( 61.77792308895998730, 62.82528709412905954, 2.127665824173178829E-12 ) ) ;
#1010 = CARTESIAN_POINT ( 'NONE',  ( 30.69999999999999929, 0.000000000000000000, 9.799999999999998934 ) ) ;
#1011 = ORIENTED_EDGE ( 'NONE', *, *, #685, .T. ) ;
#1012 = EDGE_CURVE ( 'NONE', #130, #846, #9, .T. ) ;
#1013 = ORIENTED_EDGE ( 'NONE', *, *, #623, .T. ) ;
#1014 = ORIENTED_EDGE ( 'NONE', *, *, #1501, .F. ) ;
#1015 =( BOUNDED_CURVE ( )  B_SPLINE_CURVE ( 3, ( #1196, #446, #418, #1318 ),
 .UNSPECIFIED., .F., .T. ) 
 B_SPLINE_CURVE_WITH_KNOTS ( ( 4, 4 ),
 ( 5.499034027867531371, 6.149011165945538870 ),
 .UNSPECIFIED. ) 
 CURVE ( )  GEOMETRIC_REPRESENTATION_ITEM ( )  RATIONAL_B_SPLINE_CURVE ( ( 1.000000000000000000, 0.9651029175727862119, 0.9651029175727862119, 1.000000000000000000 ) ) 
 REPRESENTATION_ITEM ( '' )  );
#1016 = DIRECTION ( 'NONE',  ( 0.000000000000000000, 0.000000000000000000, -1.000000000000000000 ) ) ;
#1017 = FACE_OUTER_BOUND ( 'NONE', #71, .T. ) ;
#1018 = CARTESIAN_POINT ( 'NONE',  ( 30.69999999999999929, 0.000000000000000000, 0.000000000000000000 ) ) ;
#1019 = CARTESIAN_POINT ( 'NONE',  ( 0.000000000000000000, 0.000000000000000000, 2.399999999999999911 ) ) ;
#1020 = VERTEX_POINT ( 'NONE', #501 ) ;
#1021 = ORIENTED_EDGE ( 'NONE', *, *, #994, .T. ) ;
#1022 = VERTEX_POINT ( 'NONE', #633 ) ;
#1023 = EDGE_CURVE ( 'NONE', #13, #1315, #1166, .T. ) ;
#1024 = PRODUCT_DEFINITION_FORMATION_WITH_SPECIFIED_SOURCE ( 'ANY', '', #206, .NOT_KNOWN. ) ;
#1025 = CARTESIAN_POINT ( 'NONE',  ( 0.000000000000000000, 28.49999999999999645, 4.899999999999999467 ) ) ;
#1026 = CYLINDRICAL_SURFACE ( 'NONE', #634, 1.199999999999999734 ) ;
#1027 = EDGE_CURVE ( 'NONE', #1020, #1260, #899, .T. ) ;
#1028 = DIRECTION ( 'NONE',  ( -6.308085367188390241E-16, -1.000000000000000000, 2.253710432434355078E-32 ) ) ;
#1029 = CARTESIAN_POINT ( 'NONE',  ( 60.69999999999999574, 0.000000000000000000, 0.000000000000000000 ) ) ;
#1030 = ORIENTED_EDGE ( 'NONE', *, *, #769, .F. ) ;
#1031 = CLOSED_SHELL ( 'NONE', ( #406, #95, #1310, #1491, #629, #975, #638, #1032, #55, #244, #430, #47, #1456, #469, #181, #74, #1099, #478, #1201, #210, #992, #1441, #835, #821, #613, #240, #1517, #645, #1610, #935, #1606, #854, #1559, #1399, #1552, #1, #1175, #1069, #402, #984, #273, #732, #19, #11, #1512, #447, #1413, #1480, #1386, #1266 ) ) ;
#1032 = ADVANCED_FACE ( 'NONE', ( #1620 ), #1130, .F. ) ;
#1033 = VERTEX_POINT ( 'NONE', #755 ) ;
#1034 = ORIENTED_EDGE ( 'NONE', *, *, #1282, .T. ) ;
#1035 = CARTESIAN_POINT ( 'NONE',  ( 21.94999999999999574, 3.999999999999996447, 8.599999999999999645 ) ) ;
#1036 = AXIS2_PLACEMENT_3D ( 'NONE', #1533, #409, #909 ) ;
#1037 = VECTOR ( 'NONE', #1246, 1000.000000000000000 ) ;
#1038 = CARTESIAN_POINT ( 'NONE',  ( 61.24936441858430669, 54.42601772936004778, 4.356779912645325394E-10 ) ) ;
#1039 = CYLINDRICAL_SURFACE ( 'NONE', #1036, 2.500000000000000444 ) ;
#1040 = CARTESIAN_POINT ( 'NONE',  ( 60.40059714355110287, 69.78606531810227409, -0.7593032659051144329 ) ) ;
#1041 = ORIENTED_EDGE ( 'NONE', *, *, #1004, .F. ) ;
#1042 = ORIENTED_EDGE ( 'NONE', *, *, #343, .T. ) ;
#1043 = CARTESIAN_POINT ( 'NONE',  ( 66.39999999999999147, 70.59999999999999432, 0.000000000000000000 ) ) ;
#1044 = CARTESIAN_POINT ( 'NONE',  ( 30.17565801842950179, 55.10352304210688601, -0.02517615210534424053 ) ) ;
#1045 = CARTESIAN_POINT ( 'NONE',  ( 25.70000000000000284, 28.49999999999999645, 7.400000000000000355 ) ) ;
#1046 = LINE ( 'NONE', #1430, #720 ) ;
#1047 = ORIENTED_EDGE ( 'NONE', *, *, #386, .T. ) ;
#1048 = ORIENTED_EDGE ( 'NONE', *, *, #772, .F. ) ;
#1049 = VECTOR ( 'NONE', #360, 1000.000000000000000 ) ;
#1050 = DIRECTION ( 'NONE',  ( 0.000000000000000000, -0.000000000000000000, 1.000000000000000000 ) ) ;
#1051 = CARTESIAN_POINT ( 'NONE',  ( 25.00000000000000000, 45.59999999999999432, 2.399999999999999911 ) ) ;
#1052 = CIRCLE ( 'NONE', #978, 25.00000000000000000 ) ;
#1053 = DIRECTION ( 'NONE',  ( 0.7071067811865510144, -4.460489939442565089E-16, -0.7071067811865441310 ) ) ;
#1054 = CARTESIAN_POINT ( 'NONE',  ( 61.33941643410991418, 54.09426011275196089, 0.01222839176240975850 ) ) ;
#1055 = EDGE_CURVE ( 'NONE', #18, #1340, #731, .T. ) ;
#1056 = ORIENTED_EDGE ( 'NONE', *, *, #1273, .T. ) ;
#1057 = CARTESIAN_POINT ( 'NONE',  ( 31.04009959054378243, 70.59999999999998010, -0.7999999999999999334 ) ) ;
#1058 = ORIENTED_EDGE ( 'NONE', *, *, #862, .T. ) ;
#1059 = DIRECTION ( 'NONE',  ( 0.000000000000000000, -1.000000000000000000, 0.000000000000000000 ) ) ;
#1060 = DIRECTION ( 'NONE',  ( 0.000000000000000000, 0.000000000000000000, 1.000000000000000000 ) ) ;
#1061 = LINE ( 'NONE', #321, #232 ) ;
#1062 =( BOUNDED_CURVE ( )  B_SPLINE_CURVE ( 3, ( #1618, #1369, #324, #196 ),
 .UNSPECIFIED., .F., .F. ) 
 B_SPLINE_CURVE_WITH_KNOTS ( ( 4, 4 ),
 ( 3.275766794823839145, 3.925743932901862188 ),
 .UNSPECIFIED. ) 
 CURVE ( )  GEOMETRIC_REPRESENTATION_ITEM ( )  RATIONAL_B_SPLINE_CURVE ( ( 1.000000000000000000, 0.9651029175727844356, 0.9651029175727844356, 1.000000000000000000 ) ) 
 REPRESENTATION_ITEM ( '' )  );
#1063 = DIRECTION ( 'NONE',  ( 0.000000000000000000, 0.000000000000000000, 1.000000000000000000 ) ) ;
#1064 = CARTESIAN_POINT ( 'NONE',  ( 61.13494718701309694, 55.09906444886212995, -0.02495322244310655552 ) ) ;
#1065 = AXIS2_PLACEMENT_3D ( 'NONE', #508, #1500, #375 ) ;
#1066 = EDGE_LOOP ( 'NONE', ( #662, #1144, #1103, #655 ) ) ;
#1067 = DIRECTION ( 'NONE',  ( 0.000000000000000000, 0.000000000000000000, -1.000000000000000000 ) ) ;
#1068 = ORIENTED_EDGE ( 'NONE', *, *, #358, .F. ) ;
#1069 = ADVANCED_FACE ( 'NONE', ( #1507 ), #626, .F. ) ;
#1070 = FACE_OUTER_BOUND ( 'NONE', #505, .T. ) ;
#1071 = CARTESIAN_POINT ( 'NONE',  ( 30.69999999999999929, 0.000000000000000000, 0.000000000000000000 ) ) ;
#1072 = CARTESIAN_POINT ( 'NONE',  ( 30.15796337401434002, 54.76940987296047325, -0.008396062067811080679 ) ) ;
#1073 = CARTESIAN_POINT ( 'NONE',  ( 30.68968956254676073, 70.59999999999999432, -0.8000000000000018208 ) ) ;
#1074 = DIRECTION ( 'NONE',  ( 1.000000000000000000, 0.000000000000000000, 0.000000000000000000 ) ) ;
#1075 = ORIENTED_EDGE ( 'NONE', *, *, #1587, .F. ) ;
#1076 = VERTEX_POINT ( 'NONE', #1405 ) ;
#1077 = EDGE_CURVE ( 'NONE', #636, #960, #116, .T. ) ;
#1078 = AXIS2_PLACEMENT_3D ( 'NONE', #541, #1264, #1274 ) ;
#1079 = PRODUCT_DEFINITION_CONTEXT ( 'detailed design', #322, 'design' ) ;
#1080 = CARTESIAN_POINT ( 'NONE',  ( 65.70000000000000284, 8.499999999999998224, 7.400000000000000355 ) ) ;
#1081 = CARTESIAN_POINT ( 'NONE',  ( 69.45000000000001705, 28.00000000000001066, 7.400000000000000355 ) ) ;
#1082 = CARTESIAN_POINT ( 'NONE',  ( 63.20000000000000284, 11.00000000000000000, 4.899999999999999467 ) ) ;
#1083 = CARTESIAN_POINT ( 'NONE',  ( 63.20000000000000284, 26.00000000000000355, 3.435533905932738108 ) ) ;
#1084 = VECTOR ( 'NONE', #265, 1000.000000000000000 ) ;
#1085 =( GEOMETRIC_REPRESENTATION_CONTEXT ( 3 ) GLOBAL_UNCERTAINTY_ASSIGNED_CONTEXT ( ( #317 ) ) GLOBAL_UNIT_ASSIGNED_CONTEXT ( ( #313, #1306, #1554 ) ) REPRESENTATION_CONTEXT ( 'NONE', 'WORKASPACE' ) );
#1086 = ORIENTED_EDGE ( 'NONE', *, *, #107, .F. ) ;
#1087 = SHAPE_DEFINITION_REPRESENTATION ( #1101, #1220 ) ;
#1088 = ORIENTED_EDGE ( 'NONE', *, *, #394, .T. ) ;
#1089 = CARTESIAN_POINT ( 'NONE',  ( 30.08815752964696344, 55.10849249460373045, -0.01328759095095381759 ) ) ;
#1090 = PLANE ( 'NONE',  #458 ) ;
#1091 = DIRECTION ( 'NONE',  ( 2.775557561562890858E-16, 1.000000000000000000, 0.000000000000000000 ) ) ;
#1092 = VERTEX_POINT ( 'NONE', #17 ) ;
#1093 = AXIS2_PLACEMENT_3D ( 'NONE', #832, #1326, #696 ) ;
#1094 = EDGE_LOOP ( 'NONE', ( #470, #448, #1396 ) ) ;
#1095 = CIRCLE ( 'NONE', #378, 1.300000000000000044 ) ;
#1096 = ORIENTED_EDGE ( 'NONE', *, *, #174, .T. ) ;
#1097 = CARTESIAN_POINT ( 'NONE',  ( 62.23847763108508246, 70.59999999999999432, -1.300000000000000044 ) ) ;
#1098 = CARTESIAN_POINT ( 'NONE',  ( 29.91569360712341208, 55.45999871096180556, -7.335130368034652831E-12 ) ) ;
#1099 = ADVANCED_FACE ( 'NONE', ( #277 ), #1378, .F. ) ;
#1100 = CARTESIAN_POINT ( 'NONE',  ( 63.20000000000000284, 11.00000000000000000, 4.899999999999999467 ) ) ;
#1101 = PRODUCT_DEFINITION_SHAPE ( 'NONE', 'NONE',  #848 ) ;
#1102 = EDGE_LOOP ( 'NONE', ( #1270, #1261, #190, #976, #312 ) ) ;
#1103 = ORIENTED_EDGE ( 'NONE', *, *, #1394, .F. ) ;
#1104 = CARTESIAN_POINT ( 'NONE',  ( 30.23847763108498654, 54.10031210991905226, -4.336808689942017736E-16 ) ) ;
#1105 = LINE ( 'NONE', #849, #1049 ) ;
#1106 = CARTESIAN_POINT ( 'NONE',  ( 29.28841876045765602, 61.32249879976748730, -4.336808689942017736E-16 ) ) ;
#1107 = LINE ( 'NONE', #374, #1125 ) ;
#1108 = CARTESIAN_POINT ( 'NONE',  ( 61.51892864971305386, 56.65694573827168057, -0.05159640626104065875 ) ) ;
#1109 = ORIENTED_EDGE ( 'NONE', *, *, #697, .F. ) ;
#1110 = CARTESIAN_POINT ( 'NONE',  ( 29.68374195184714992, 56.04338426075447899, 0.000000000000000000 ) ) ;
#1111 = EDGE_CURVE ( 'NONE', #692, #1022, #620, .T. ) ;
#1112 = FACE_OUTER_BOUND ( 'NONE', #395, .T. ) ;
#1113 = CARTESIAN_POINT ( 'NONE',  ( 0.000000000000000000, 70.59999999999999432, 2.399999999999999911 ) ) ;
#1114 = EDGE_CURVE ( 'NONE', #716, #1623, #383, .T. ) ;
#1115 = VECTOR ( 'NONE', #658, 1000.000000000000000 ) ;
#1116 = VECTOR ( 'NONE', #944, 1000.000000000000000 ) ;
#1117 = DIRECTION ( 'NONE',  ( -0.04987546680538194888, -0.9975093361076329268, 0.04987546680538160193 ) ) ;
#1118 = CARTESIAN_POINT ( 'NONE',  ( 30.03238784413230533, 67.92315614416153835, -0.3323878441323567245 ) ) ;
#1119 = LINE ( 'NONE', #354, #1037 ) ;
#1120 = CARTESIAN_POINT ( 'NONE',  ( 61.55696627367357365, 56.07081692918686144, 8.171290080999105838E-13 ) ) ;
#1121 = CARTESIAN_POINT ( 'NONE',  ( 65.70000000000000284, 8.499999999999998224, 2.399999999999999911 ) ) ;
#1122 = ORIENTED_EDGE ( 'NONE', *, *, #1126, .T. ) ;
#1123 = ORIENTED_EDGE ( 'NONE', *, *, #836, .F. ) ;
#1124 = EDGE_CURVE ( 'NONE', #993, #913, #989, .T. ) ;
#1125 = VECTOR ( 'NONE', #482, 1000.000000000000000 ) ;
#1126 = EDGE_CURVE ( 'NONE', #1397, #1307, #241, .T. ) ;
#1127 = CARTESIAN_POINT ( 'NONE',  ( 20.74999999999999645, 3.999999999999996447, 9.799999999999998934 ) ) ;
#1128 = LINE ( 'NONE', #370, #1375 ) ;
#1129 = AXIS2_PLACEMENT_3D ( 'NONE', #1181, #1557, #459 ) ;
#1130 = PLANE ( 'NONE',  #330 ) ;
#1131 = ORIENTED_EDGE ( 'NONE', *, *, #697, .T. ) ;
#1132 = FACE_OUTER_BOUND ( 'NONE', #896, .T. ) ;
#1133 = CARTESIAN_POINT ( 'NONE',  ( 61.13494718701309694, 55.09906444886212995, -0.02495322244310774554 ) ) ;
#1134 = LINE ( 'NONE', #763, #1616 ) ;
#1135 = VERTEX_POINT ( 'NONE', #1005 ) ;
#1136 = ORIENTED_EDGE ( 'NONE', *, *, #573, .T. ) ;
#1137 = PLANE ( 'NONE',  #49 ) ;
#1138 = AXIS2_PLACEMENT_3D ( 'NONE', #659, #553, #162 ) ;
#1139 = CARTESIAN_POINT ( 'NONE',  ( 61.31184247035301382, 55.10849249460370913, -0.01328759095095468495 ) ) ;
#1140 = EDGE_CURVE ( 'NONE', #351, #993, #1134, .T. ) ;
#1141 = DIRECTION ( 'NONE',  ( -0.000000000000000000, -0.000000000000000000, 1.000000000000000000 ) ) ;
#1142 = CARTESIAN_POINT ( 'NONE',  ( 25.74999999999999645, 28.00000000000001776, 7.400000000000000355 ) ) ;
#1143 = ORIENTED_EDGE ( 'NONE', *, *, #1027, .T. ) ;
#1144 = ORIENTED_EDGE ( 'NONE', *, *, #811, .F. ) ;
#1145 = ORIENTED_EDGE ( 'NONE', *, *, #1569, .F. ) ;
#1146 = EDGE_CURVE ( 'NONE', #359, #785, #1151, .T. ) ;
#1147 = DIRECTION ( 'NONE',  ( 1.000000000000000000, 0.000000000000000000, -0.000000000000000000 ) ) ;
#1148 = CYLINDRICAL_SURFACE ( 'NONE', #158, 2.500000000000000444 ) ;
#1149 = EDGE_CURVE ( 'NONE', #88, #1622, #894, .T. ) ;
#1150 = DIRECTION ( 'NONE',  ( 1.000000000000000000, -0.000000000000000000, 0.000000000000000000 ) ) ;
#1151 = LINE ( 'NONE', #1515, #30 ) ;
#1152 = VERTEX_POINT ( 'NONE', #137 ) ;
#1153 = ORIENTED_EDGE ( 'NONE', *, *, #676, .T. ) ;
#1154 = ORIENTED_EDGE ( 'NONE', *, *, #1126, .F. ) ;
#1155 = AXIS2_PLACEMENT_3D ( 'NONE', #552, #445, #61 ) ;
#1156 = TOROIDAL_SURFACE ( 'NONE', #288, 3.799999999999983835, 1.199999999999999734 ) ;
#1157 = CARTESIAN_POINT ( 'NONE',  ( 31.15373115254640979, 72.87263124005259840, -0.9136315620026302931 ) ) ;
#1158 = EDGE_CURVE ( 'NONE', #43, #923, #520, .T. ) ;
#1159 = CARTESIAN_POINT ( 'NONE',  ( 61.22007892816682784, 54.43693111217314851, 2.044258232271884766E-13 ) ) ;
#1160 = FACE_OUTER_BOUND ( 'NONE', #876, .T. ) ;
#1161 = DIRECTION ( 'NONE',  ( 6.308085367188390241E-16, 1.000000000000000000, 0.000000000000000000 ) ) ;
#1162 = EDGE_CURVE ( 'NONE', #1623, #837, #1303, .T. ) ;
#1163 = ORIENTED_EDGE ( 'NONE', *, *, #390, .T. ) ;
#1164 = ORIENTED_EDGE ( 'NONE', *, *, #640, .F. ) ;
#1165 = DIRECTION ( 'NONE',  ( 1.000000000000000000, 3.154042683594195121E-16, 0.000000000000000000 ) ) ;
#1166 = CIRCLE ( 'NONE', #401, 4.999999999999997335 ) ;
#1167 = AXIS2_PLACEMENT_3D ( 'NONE', #1631, #858, #381 ) ;
#1168 = AXIS2_PLACEMENT_3D ( 'NONE', #475, #1596, #983 ) ;
#1169 = CARTESIAN_POINT ( 'NONE',  ( 60.69999999999999574, 0.000000000000000000, -1.000000000000017542 ) ) ;
#1170 = DIRECTION ( 'NONE',  ( 0.04987546680538050559, -0.9975093361076330378, 0.04987546680538160887 ) ) ;
#1171 = ORIENTED_EDGE ( 'NONE', *, *, #1530, .T. ) ;
#1172 = CARTESIAN_POINT ( 'NONE',  ( 65.65000000000000568, 31.80000000000000782, 8.599999999999999645 ) ) ;
#1173 = ORIENTED_EDGE ( 'NONE', *, *, #653, .F. ) ;
#1174 = CARTESIAN_POINT ( 'NONE',  ( 69.45000000000001705, 3.999999999999989786, 9.800000000000000711 ) ) ;
#1175 = ADVANCED_FACE ( 'NONE', ( #1450 ), #937, .F. ) ;
#1176 = CARTESIAN_POINT ( 'NONE',  ( 60.69999999999999574, 0.000000000000000000, 0.000000000000000000 ) ) ;
#1177 = CYLINDRICAL_SURFACE ( 'NONE', #745, 2.500000000000000444 ) ;
#1178 = LINE ( 'NONE', #652, #1590 ) ;
#1179 = VERTEX_POINT ( 'NONE', #437 ) ;
#1180 = ORIENTED_EDGE ( 'NONE', *, *, #606, .T. ) ;
#1181 = CARTESIAN_POINT ( 'NONE',  ( 25.74999999999999645, 31.80000000000002203, 8.599999999999999645 ) ) ;
#1182 = CARTESIAN_POINT ( 'NONE',  ( 25.70000000000000284, 28.49999999999999645, 2.399999999999999911 ) ) ;
#1183 = CARTESIAN_POINT ( 'NONE',  ( 61.27865958273519453, 54.41511562965105497, -1.301042606982605321E-15 ) ) ;
#1184 = AXIS2_PLACEMENT_3D ( 'NONE', #819, #287, #546 ) ;
#1185 = CARTESIAN_POINT ( 'NONE',  ( 21.94999999999999574, 2.999999999999996003, 8.599999999999999645 ) ) ;
#1186 = CARTESIAN_POINT ( 'NONE',  ( 29.91126224630705366, 55.05300163831827120, -1.300000000000000044 ) ) ;
#1187 = EDGE_CURVE ( 'NONE', #63, #65, #661, .T. ) ;
#1188 = ORIENTED_EDGE ( 'NONE', *, *, #213, .F. ) ;
#1189 = DIRECTION ( 'NONE',  ( -1.000000000000000000, 0.000000000000000000, 0.000000000000000000 ) ) ;
#1190 = CIRCLE ( 'NONE', #1454, 2.500000000000000444 ) ;
#1191 = ORIENTED_EDGE ( 'NONE', *, *, #1236, .T. ) ;
#1192 = LINE ( 'NONE', #56, #199 ) ;
#1193 = DIRECTION ( 'NONE',  ( -1.000000000000000000, -0.000000000000000000, -0.000000000000000000 ) ) ;
#1194 = CIRCLE ( 'NONE', #1398, 2.500000000000000444 ) ;
#1195 = DIRECTION ( 'NONE',  ( -0.000000000000000000, -0.000000000000000000, -1.000000000000000000 ) ) ;
#1196 = CARTESIAN_POINT ( 'NONE',  ( 29.16152236891493743, 69.86292709115043920, 0.000000000000000000 ) ) ;
#1197 = CIRCLE ( 'NONE', #502, 1.300000000000001155 ) ;
#1198 = EDGE_LOOP ( 'NONE', ( #827, #289, #171, #1123 ) ) ;
#1199 = CARTESIAN_POINT ( 'NONE',  ( 20.74999999999999645, 3.999999999999996447, 9.799999999999998934 ) ) ;
#1200 = VERTEX_POINT ( 'NONE', #565 ) ;
#1201 = ADVANCED_FACE ( 'NONE', ( #1313 ), #928, .F. ) ;
#1202 = CARTESIAN_POINT ( 'NONE',  ( 29.16152236891495164, 6.323397181072443658E-15, -1.300000000000000044 ) ) ;
#1203 = CARTESIAN_POINT ( 'NONE',  ( 60.70000000000000284, 11.00000000000000000, 0.000000000000000000 ) ) ;
#1204 = EDGE_CURVE ( 'NONE', #43, #692, #311, .T. ) ;
#1205 = CARTESIAN_POINT ( 'NONE',  ( 65.70000000000000284, 8.499999999999998224, 7.400000000000000355 ) ) ;
#1206 = CARTESIAN_POINT ( 'NONE',  ( 30.69999999999999929, 11.00000000000000000, 0.000000000000000000 ) ) ;
#1207 = AXIS2_PLACEMENT_3D ( 'NONE', #1256, #747, #221 ) ;
#1208 = VERTEX_POINT ( 'NONE', #325 ) ;
#1209 = CARTESIAN_POINT ( 'NONE',  ( 0.000000000000000000, 45.59999999999999432, 2.399999999999999911 ) ) ;
#1210 = VERTEX_POINT ( 'NONE', #145 ) ;
#1211 = VECTOR ( 'NONE', #159, 1000.000000000000000 ) ;
#1212 = DIRECTION ( 'NONE',  ( 0.9987523388778445366, -0.04993761694389343281, 0.000000000000000000 ) ) ;
#1213 = DIRECTION ( 'NONE',  ( 1.000000000000000000, -6.308085367188390241E-16, 0.000000000000000000 ) ) ;
#1214 = DIRECTION ( 'NONE',  ( 0.000000000000000000, 1.000000000000000000, -0.000000000000000000 ) ) ;
#1215 = DIRECTION ( 'NONE',  ( 1.000000000000000000, 0.000000000000000000, 0.000000000000000000 ) ) ;
#1216 = CIRCLE ( 'NONE', #102, 1.300000000000000044 ) ;
#1217 = EDGE_LOOP ( 'NONE', ( #717, #405, #364, #258 ) ) ;
#1218 = ORIENTED_EDGE ( 'NONE', *, *, #141, .F. ) ;
#1219 = VERTEX_POINT ( 'NONE', #815 ) ;
#1220 = ADVANCED_BREP_SHAPE_REPRESENTATION ( 'Zyxel', ( #1485, #1367 ), #1085 ) ;
#1221 = EDGE_CURVE ( 'NONE', #1431, #63, #538, .T. ) ;
#1222 = CARTESIAN_POINT ( 'NONE',  ( 30.26505281298689098, 55.09906444886211574, -0.02495322244310742288 ) ) ;
#1223 = DIRECTION ( 'NONE',  ( 1.000000000000000000, -0.000000000000000000, 0.000000000000000000 ) ) ;
#1224 = CARTESIAN_POINT ( 'NONE',  ( 55.70000000000000284, 16.00000000000000000, 0.000000000000000000 ) ) ;
#1225 = ORIENTED_EDGE ( 'NONE', *, *, #229, .T. ) ;
#1226 = ORIENTED_EDGE ( 'NONE', *, *, #1501, .T. ) ;
#1227 = VECTOR ( 'NONE', #1382, 1000.000000000000000 ) ;
#1228 = CARTESIAN_POINT ( 'NONE',  ( 65.70000000000000284, 8.499999999999998224, 2.399999999999999911 ) ) ;
#1229 = PLANE ( 'NONE',  #1543 ) ;
#1230 = CARTESIAN_POINT ( 'NONE',  ( 30.69999999999999929, 0.000000000000000000, 2.399999999999999911 ) ) ;
#1231 = CYLINDRICAL_SURFACE ( 'NONE', #1167, 2.500000000000000444 ) ;
#1232 = EDGE_CURVE ( 'NONE', #785, #1546, #1178, .T. ) ;
#1233 = ORIENTED_EDGE ( 'NONE', *, *, #920, .F. ) ;
#1234 = DIRECTION ( 'NONE',  ( 1.000000000000000000, 3.154042683594195614E-16, -0.000000000000000000 ) ) ;
#1235 = CARTESIAN_POINT ( 'NONE',  ( 29.63180561684274750, 61.34374928904544788, -7.631013074331237372E-13 ) ) ;
#1236 = EDGE_CURVE ( 'NONE', #1332, #785, #1046, .T. ) ;
#1237 = DIRECTION ( 'NONE',  ( 0.000000000000000000, 0.000000000000000000, 1.000000000000000000 ) ) ;
#1238 = DIRECTION ( 'NONE',  ( 0.000000000000000000, 0.000000000000000000, 1.000000000000000000 ) ) ;
#1239 = EDGE_CURVE ( 'NONE', #65, #379, #166, .T. ) ;
#1240 = DIRECTION ( 'NONE',  ( 0.000000000000000000, 0.000000000000000000, 1.000000000000000000 ) ) ;
#1241 = VECTOR ( 'NONE', #1150, 1000.000000000000000 ) ;
#1242 = EDGE_LOOP ( 'NONE', ( #223, #567, #234, #1011, #207 ) ) ;
#1243 = CARTESIAN_POINT ( 'NONE',  ( 30.15063558155168622, 54.42601772936765769, -1.975905250405541621E-09 ) ) ;
#1244 = CARTESIAN_POINT ( 'NONE',  ( 0.000000000000000000, 0.000000000000000000, 2.399999999999999911 ) ) ;
#1245 = CARTESIAN_POINT ( 'NONE',  ( 30.08815752964696699, 55.10849249460372334, -0.01328759095095446811 ) ) ;
#1246 = DIRECTION ( 'NONE',  ( 1.000000000000000000, -0.000000000000000000, 0.000000000000000000 ) ) ;
#1247 = EDGE_CURVE ( 'NONE', #182, #725, #1015, .T. ) ;
#1248 = ORIENTED_EDGE ( 'NONE', *, *, #1294, .T. ) ;
#1249 = VECTOR ( 'NONE', #1223, 1000.000000000000000 ) ;
#1250 = CARTESIAN_POINT ( 'NONE',  ( 35.69999999999999574, 15.99999999999999645, 0.000000000000000000 ) ) ;
#1251 = DIRECTION ( 'NONE',  ( 0.000000000000000000, -1.000000000000000000, 0.000000000000000000 ) ) ;
#1252 = CARTESIAN_POINT ( 'NONE',  ( 61.73964173536700173, 67.94208752032052701, -1.115501815455028986E-11 ) ) ;
#1253 = CARTESIAN_POINT ( 'NONE',  ( 28.20000000000000284, 28.49999999999999645, 7.400000000000000355 ) ) ;
#1254 = ORIENTED_EDGE ( 'NONE', *, *, #772, .T. ) ;
#1255 = VERTEX_POINT ( 'NONE', #1534 ) ;
#1256 = CARTESIAN_POINT ( 'NONE',  ( 25.74999999999999645, 31.80000000000001492, 8.599999999999999645 ) ) ;
#1257 = CARTESIAN_POINT ( 'NONE',  ( 60.35990040945623036, 70.59999999999999432, -0.7999999999999999334 ) ) ;
#1258 = AXIS2_PLACEMENT_3D ( 'NONE', #618, #1490, #603 ) ;
#1259 = CARTESIAN_POINT ( 'NONE',  ( 30.69999999999999929, 9.682911038634178068E-15, 2.399999999999999911 ) ) ;
#1260 = VERTEX_POINT ( 'NONE', #295 ) ;
#1261 = ORIENTED_EDGE ( 'NONE', *, *, #1327, .T. ) ;
#1262 = AXIS2_PLACEMENT_3D ( 'NONE', #1176, #551, #542 ) ;
#1263 = EDGE_CURVE ( 'NONE', #960, #514, #153, .T. ) ;
#1264 = DIRECTION ( 'NONE',  ( 0.000000000000000000, -1.000000000000000000, 0.000000000000000000 ) ) ;
#1265 = CARTESIAN_POINT ( 'NONE',  ( 61.40124921937903224, 56.09075176984863731, -0.03764098914461022627 ) ) ;
#1266 = ADVANCED_FACE ( 'NONE', ( #1293 ), #1403, .T. ) ;
#1267 = CARTESIAN_POINT ( 'NONE',  ( 60.69999999999999574, 0.000000000000000000, 2.399999999999999911 ) ) ;
#1268 = DIRECTION ( 'NONE',  ( 6.308085367188390241E-16, 1.000000000000000000, -0.000000000000000000 ) ) ;
#1269 = ORIENTED_EDGE ( 'NONE', *, *, #1004, .T. ) ;
#1270 = ORIENTED_EDGE ( 'NONE', *, *, #1451, .F. ) ;
#1271 = EDGE_CURVE ( 'NONE', #725, #1179, #1197, .T. ) ;
#1272 = EDGE_LOOP ( 'NONE', ( #616, #326, #440, #1131, #1526, #484, #961, #249, #886, #1368, #1226, #622, #548, #708 ) ) ;
#1273 = EDGE_CURVE ( 'NONE', #647, #28, #468, .T. ) ;
#1274 = DIRECTION ( 'NONE',  ( 0.000000000000000000, 0.000000000000000000, -1.000000000000000000 ) ) ;
#1275 = VECTOR ( 'NONE', #934, 1000.000000000000000 ) ;
#1276 = CARTESIAN_POINT ( 'NONE',  ( 91.40000000000000568, 0.000000000000000000, 2.399999999999999911 ) ) ;
#1277 = CARTESIAN_POINT ( 'NONE',  ( 61.31923881554256184, 69.86292709115068078, -0.3807611844574890769 ) ) ;
#1278 = CARTESIAN_POINT ( 'NONE',  ( 65.70000000000000284, 0.000000000000000000, 4.899999999999999467 ) ) ;
#1279 = ORIENTED_EDGE ( 'NONE', *, *, #1023, .T. ) ;
#1280 = VERTEX_POINT ( 'NONE', #699 ) ;
#1281 = ORIENTED_EDGE ( 'NONE', *, *, #535, .T. ) ;
#1282 = EDGE_CURVE ( 'NONE', #911, #1444, #1095, .T. ) ;
#1283 = CARTESIAN_POINT ( 'NONE',  ( 65.65000000000000568, 28.00000000000000355, 9.799999999999998934 ) ) ;
#1284 = EDGE_CURVE ( 'NONE', #1307, #514, #290, .T. ) ;
#1285 = CARTESIAN_POINT ( 'NONE',  ( 66.40000000000001990, 45.59999999999999432, 0.000000000000000000 ) ) ;
#1286 = DIRECTION ( 'NONE',  ( 3.154042683594195121E-16, -1.000000000000000000, -0.000000000000000000 ) ) ;
#1287 = VECTOR ( 'NONE', #788, 1000.000000000000227 ) ;
#1288 = ORIENTED_EDGE ( 'NONE', *, *, #590, .F. ) ;
#1289 = VERTEX_POINT ( 'NONE', #1358 ) ;
#1290 = VECTOR ( 'NONE', #425, 1000.000000000000000 ) ;
#1291 = LINE ( 'NONE', #23, #822 ) ;
#1292 = CARTESIAN_POINT ( 'NONE',  ( 60.70000000000000284, 8.499999999999998224, 7.400000000000000355 ) ) ;
#1293 = FACE_OUTER_BOUND ( 'NONE', #1094, .T. ) ;
#1294 = EDGE_CURVE ( 'NONE', #1020, #593, #1401, .T. ) ;
#1295 = VERTEX_POINT ( 'NONE', #1468 ) ;
#1296 = DIRECTION ( 'NONE',  ( 1.000000000000000000, 0.000000000000000000, 0.000000000000000000 ) ) ;
#1297 = ORIENTED_EDGE ( 'NONE', *, *, #1247, .T. ) ;
#1298 = EDGE_CURVE ( 'NONE', #1260, #1563, #334, .T. ) ;
#1299 = CARTESIAN_POINT ( 'NONE',  ( 60.69999999999999574, -3.829007817883352903E-14, 2.399999999999999911 ) ) ;
#1300 = CARTESIAN_POINT ( 'NONE',  ( 61.39983576847903635, 55.08088959096379256, 9.540979117872439019E-15 ) ) ;
#1301 = AXIS2_PLACEMENT_3D ( 'NONE', #1351, #340, #597 ) ;
#1302 = DIRECTION ( 'NONE',  ( -0.000000000000000000, 1.000000000000000000, 0.000000000000000000 ) ) ;
#1303 = LINE ( 'NONE', #678, #461 ) ;
#1304 =( BOUNDED_SURFACE ( )  B_SPLINE_SURFACE ( 3, 2, ( 
 ( #1245, #235, #728 ),
 ( #1355, #1098, #1493 ),
 ( #602, #1595, #1110 ),
 ( #473, #972, #1608 ),
 ( #864, #467, #738 ),
 ( #871, #1235, #1106 ),
 ( #1601, #980, #609 ),
 ( #346, #353, #744 ),
 ( #1118, #996, #480 ),
 ( #988, #361, #850 ) ),
 .UNSPECIFIED., .F., .F., .F. ) 
 B_SPLINE_SURFACE_WITH_KNOTS ( ( 4, 2, 2, 2, 4 ),
 ( 3, 3 ),
 ( 0.1775777831856454325, 0.2211285847232986879, 0.2646793862609519432, 0.3082301877986052263, 0.3517809893362584539 ),
 ( 0.000000000000000000, 1.000000000000000000 ),
 .UNSPECIFIED. ) 
 GEOMETRIC_REPRESENTATION_ITEM ( )  RATIONAL_B_SPLINE_SURFACE ( (
 ( 1.000000000000000000, 0.9974414208843478402, 1.000000000000000000),
 ( 1.000000000000000000, 0.9956455991834215480, 1.000000000000000000),
 ( 1.000000000000000000, 0.9927431191864882765, 1.000000000000000000),
 ( 1.000000000000000000, 0.9846922290070855288, 1.000000000000000000),
 ( 1.000000000000000000, 0.9795416567968849852, 1.000000000000000000),
 ( 1.000000000000000000, 0.9670793460674992348, 1.000000000000000000),
 ( 1.000000000000000000, 0.9597682180201885238, 1.000000000000000000),
 ( 1.000000000000000000, 0.9432016503509645933, 1.000000000000000000),
 ( 1.000000000000000000, 0.9339486479279677233, 1.000000000000000000),
 ( 1.000000000000000000, 0.9238795325112872936, 1.000000000000000000) ) ) 
 REPRESENTATION_ITEM ( '' )  SURFACE ( )  );
#1305 = ORIENTED_EDGE ( 'NONE', *, *, #557, .T. ) ;
#1306 =( NAMED_UNIT ( * ) PLANE_ANGLE_UNIT ( ) SI_UNIT ( $, .RADIAN. ) );
#1307 = VERTEX_POINT ( 'NONE', #604 ) ;
#1308 = CARTESIAN_POINT ( 'NONE',  ( 65.70000000000000284, 28.49999999999999645, 7.400000000000000355 ) ) ;
#1309 = LINE ( 'NONE', #168, #1588 ) ;
#1310 = ADVANCED_FACE ( 'NONE', ( #1338 ), #966, .F. ) ;
#1311 = CARTESIAN_POINT ( 'NONE',  ( 61.16152236891500849, 54.10031210998550222, -1.301042606982605321E-15 ) ) ;
#1312 = CARTESIAN_POINT ( 'NONE',  ( 30.11761482989992089, 70.60000000000000853, -0.4176148298999572961 ) ) ;
#1313 = FACE_OUTER_BOUND ( 'NONE', #778, .T. ) ;
#1314 = VERTEX_POINT ( 'NONE', #94 ) ;
#1315 = VERTEX_POINT ( 'NONE', #1206 ) ;
#1316 = DIRECTION ( 'NONE',  ( -2.168404344971008128E-16, 1.000000000000000000, 0.000000000000000000 ) ) ;
#1317 = DIRECTION ( 'NONE',  ( -1.000000000000000000, -0.000000000000000000, -0.000000000000000000 ) ) ;
#1318 = CARTESIAN_POINT ( 'NONE',  ( 29.91126224630705366, 55.05300163831827120, 0.000000000000000000 ) ) ;
#1319 = EDGE_CURVE ( 'NONE', #10, #28, #723, .T. ) ;
#1320 = ORIENTED_EDGE ( 'NONE', *, *, #994, .F. ) ;
#1321 = DIRECTION ( 'NONE',  ( 1.000000000000000000, -4.514628715424351939E-16, 0.000000000000000000 ) ) ;
#1322 = AXIS2_PLACEMENT_3D ( 'NONE', #608, #1117, #1617 ) ;
#1323 = ORIENTED_EDGE ( 'NONE', *, *, #99, .T. ) ;
#1324 = EDGE_CURVE ( 'NONE', #1314, #372, #103, .T. ) ;
#1325 = LINE ( 'NONE', #703, #572 ) ;
#1326 = DIRECTION ( 'NONE',  ( 0.000000000000000000, 1.000000000000000000, 0.000000000000000000 ) ) ;
#1327 = EDGE_CURVE ( 'NONE', #911, #65, #504, .T. ) ;
#1328 = VECTOR ( 'NONE', #880, 1000.000000000000000 ) ;
#1329 = AXIS2_PLACEMENT_3D ( 'NONE', #955, #434, #1467 ) ;
#1330 = LINE ( 'NONE', #1018, #368 ) ;
#1331 = DIRECTION ( 'NONE',  ( 0.000000000000000000, 1.000000000000000000, -0.000000000000000000 ) ) ;
#1332 = VERTEX_POINT ( 'NONE', #1611 ) ;
#1333 = CARTESIAN_POINT ( 'NONE',  ( 0.000000000000000000, 0.000000000000000000, 0.000000000000000000 ) ) ;
#1334 = VERTEX_POINT ( 'NONE', #1224 ) ;
#1335 = CARTESIAN_POINT ( 'NONE',  ( 60.69999999999999574, 0.000000000000000000, 9.799999999999998934 ) ) ;
#1336 = CARTESIAN_POINT ( 'NONE',  ( 28.20000000000000284, 26.00000000000000000, 4.899999999999999467 ) ) ;
#1337 = DIRECTION ( 'NONE',  ( -1.000000000000000000, 0.000000000000000000, 0.000000000000000000 ) ) ;
#1338 = FACE_OUTER_BOUND ( 'NONE', #1555, .T. ) ;
#1339 = ORIENTED_EDGE ( 'NONE', *, *, #1012, .F. ) ;
#1340 = VERTEX_POINT ( 'NONE', #1100 ) ;
#1341 = CARTESIAN_POINT ( 'NONE',  ( 0.000000000000000000, 0.000000000000000000, 0.000000000000000000 ) ) ;
#1342 = AXIS2_PLACEMENT_3D ( 'NONE', #855, #979, #472 ) ;
#1343 = CARTESIAN_POINT ( 'NONE',  ( 30.69999999999999929, 0.000000000000000000, 0.000000000000000000 ) ) ;
#1344 = PLANE ( 'NONE',  #239 ) ;
#1345 = CARTESIAN_POINT ( 'NONE',  ( 62.23847763108508246, 69.86292709115078026, -1.299999999999995604 ) ) ;
#1346 = EDGE_LOOP ( 'NONE', ( #81, #1544, #422, #512, #396 ) ) ;
#1347 = EDGE_LOOP ( 'NONE', ( #1509, #995, #87, #80, #147 ) ) ;
#1348 = CARTESIAN_POINT ( 'NONE',  ( 30.08815752964698120, 55.10849249460373755, -0.01328759095095446811 ) ) ;
#1349 = CARTESIAN_POINT ( 'NONE',  ( 29.16152236891495164, 6.323397181072443658E-15, 0.000000000000000000 ) ) ;
#1350 = LINE ( 'NONE', #100, #1447 ) ;
#1351 = CARTESIAN_POINT ( 'NONE',  ( 0.000000000000000000, 0.000000000000000000, 2.399999999999999911 ) ) ;
#1352 = VECTOR ( 'NONE', #991, 1000.000000000000000 ) ;
#1353 = CARTESIAN_POINT ( 'NONE',  ( 30.17992107189625628, 54.43693111215390701, 1.097375184127995773E-12 ) ) ;
#1354 = CARTESIAN_POINT ( 'NONE',  ( -1.706346935906583297E-14, 54.10031210998426587, -0.000000000000000000 ) ) ;
#1355 = CARTESIAN_POINT ( 'NONE',  ( 30.03782433822814468, 55.48485074228391767, -0.02259871377232215359 ) ) ;
#1356 = DIRECTION ( 'NONE',  ( 0.000000000000000000, -0.000000000000000000, -1.000000000000000000 ) ) ;
#1357 = EDGE_CURVE ( 'NONE', #1295, #96, #197, .T. ) ;
#1358 = CARTESIAN_POINT ( 'NONE',  ( 55.70000000000000284, 16.00000000000000000, 9.799999999999998934 ) ) ;
#1359 = PRODUCT_CONTEXT ( 'NONE', #228, 'mechanical' ) ;
#1360 = EDGE_LOOP ( 'NONE', ( #411, #344, #670, #1593 ) ) ;
#1361 = CARTESIAN_POINT ( 'NONE',  ( 29.91126224630706432, 55.05300163831827831, 0.000000000000000000 ) ) ;
#1362 = CARTESIAN_POINT ( 'NONE',  ( 28.20000000000000284, 11.00000000000000000, 4.899999999999999467 ) ) ;
#1363 = EDGE_CURVE ( 'NONE', #1340, #1076, #214, .T. ) ;
#1364 = LINE ( 'NONE', #1376, #530 ) ;
#1365 = FACE_OUTER_BOUND ( 'NONE', #1432, .T. ) ;
#1366 = VECTOR ( 'NONE', #1214, 1000.000000000000000 ) ;
#1367 = AXIS2_PLACEMENT_3D ( 'NONE', #1333, #1240, #1613 ) ;
#1368 = ORIENTED_EDGE ( 'NONE', *, *, #1433, .T. ) ;
#1369 = CARTESIAN_POINT ( 'NONE',  ( 61.97952774303315948, 56.61755551325073554, 0.000000000000000000 ) ) ;
#1370 = CARTESIAN_POINT ( 'NONE',  ( 61.16152236891501559, 54.10031210998428719, -0.000000000000000000 ) ) ;
#1371 = CARTESIAN_POINT ( 'NONE',  ( 61.16152236891500138, 54.43340272176575212, -7.661307213865199776E-17 ) ) ;
#1372 = DIRECTION ( 'NONE',  ( -3.154042683594195121E-16, 1.000000000000000000, 0.000000000000000000 ) ) ;
#1373 = VECTOR ( 'NONE', #230, 1000.000000000000000 ) ;
#1374 = ORIENTED_EDGE ( 'NONE', *, *, #1562, .T. ) ;
#1375 = VECTOR ( 'NONE', #641, 1000.000000000000227 ) ;
#1376 = CARTESIAN_POINT ( 'NONE',  ( 21.94999999999999574, 2.999999999999996003, 7.400000000000000355 ) ) ;
#1377 = CARTESIAN_POINT ( 'NONE',  ( 62.15959254095828612, 62.80043065242825406, 0.000000000000000000 ) ) ;
#1378 = CYLINDRICAL_SURFACE ( 'NONE', #242, 2.500000000000000000 ) ;
#1379 = ORIENTED_EDGE ( 'NONE', *, *, #722, .F. ) ;
#1380 = EDGE_CURVE ( 'NONE', #888, #921, #483, .T. ) ;
#1381 = DIRECTION ( 'NONE',  ( -0.000000000000000000, -0.000000000000000000, 1.000000000000000000 ) ) ;
#1382 = DIRECTION ( 'NONE',  ( 0.000000000000000000, 1.000000000000000000, 0.000000000000000000 ) ) ;
#1383 = CARTESIAN_POINT ( 'NONE',  ( 35.69999999999999574, 15.99999999999999645, 0.000000000000000000 ) ) ;
#1384 = DIRECTION ( 'NONE',  ( -1.000000000000000000, 6.308085367188390241E-16, -0.000000000000000000 ) ) ;
#1385 = ORIENTED_EDGE ( 'NONE', *, *, #329, .T. ) ;
#1386 = ADVANCED_FACE ( 'NONE', ( #730 ), #591, .T. ) ;
#1387 = ORIENTED_EDGE ( 'NONE', *, *, #264, .F. ) ;
#1388 = ORIENTED_EDGE ( 'NONE', *, *, #107, .T. ) ;
#1389 = FACE_OUTER_BOUND ( 'NONE', #1360, .T. ) ;
#1390 = CARTESIAN_POINT ( 'NONE',  ( 61.60804216521057697, 55.43332352638461913, 0.000000000000000000 ) ) ;
#1391 = VECTOR ( 'NONE', #31, 1000.000000000000000 ) ;
#1392 = DIRECTION ( 'NONE',  ( 1.000000000000000000, 3.154042683594195121E-16, 0.000000000000000000 ) ) ;
#1393 = DIRECTION ( 'NONE',  ( 1.000000000000000000, -1.739071153861460588E-16, 0.000000000000000000 ) ) ;
#1394 = EDGE_CURVE ( 'NONE', #1076, #903, #724, .T. ) ;
#1395 = ORIENTED_EDGE ( 'NONE', *, *, #224, .F. ) ;
#1396 = ORIENTED_EDGE ( 'NONE', *, *, #1410, .F. ) ;
#1397 = VERTEX_POINT ( 'NONE', #1484 ) ;
#1398 = AXIS2_PLACEMENT_3D ( 'NONE', #1411, #1392, #294 ) ;
#1399 = ADVANCED_FACE ( 'NONE', ( #222 ), #1026, .T. ) ;
#1400 = CARTESIAN_POINT ( 'NONE',  ( 30.08815752964696344, 55.10849249460373045, -0.01328759095095381759 ) ) ;
#1401 = CIRCLE ( 'NONE', #857, 1.199999999999999734 ) ;
#1402 = PLANE ( 'NONE',  #316 ) ;
#1403 =( BOUNDED_SURFACE ( )  B_SPLINE_SURFACE ( 3, 2, ( 
 ( #62, #910, #1064 ),
 ( #1421, #40, #808 ),
 ( #669, #170, #544 ),
 ( #1054, #1541, #919 ) ),
 .UNSPECIFIED., .F., .F., .F. ) 
 B_SPLINE_SURFACE_WITH_KNOTS ( ( 4, 4 ),
 ( 3, 3 ),
 ( 3.091634257867851510, 3.141892403964124725 ),
 ( 0.8227852051998634231, 1.000000000000000000 ),
 .UNSPECIFIED. ) 
 GEOMETRIC_REPRESENTATION_ITEM ( )  RATIONAL_B_SPLINE_SURFACE ( (
 ( 0.9777321660312745522, 0.9864680150858350371, 1.000000000000000000),
 ( 0.9777788593905827330, 0.9864963902674820373, 1.000000000000000000),
 ( 0.9778020713189773394, 0.9865104959710411237, 1.000000000000000000),
 ( 0.9778017907155012178, 0.9865103254505490638, 1.000000000000000000) ) ) 
 REPRESENTATION_ITEM ( '' )  SURFACE ( )  );
#1404 = LINE ( 'NONE', #417, #267 ) ;
#1405 = CARTESIAN_POINT ( 'NONE',  ( 63.20000000000000284, 26.00000000000000000, 4.899999999999999467 ) ) ;
#1406 = ORIENTED_EDGE ( 'NONE', *, *, #1437, .T. ) ;
#1407 = ORIENTED_EDGE ( 'NONE', *, *, #509, .T. ) ;
#1408 = AXIS2_PLACEMENT_3D ( 'NONE', #729, #1237, #1505 ) ;
#1409 = CARTESIAN_POINT ( 'NONE',  ( 24.99999999999999289, 70.59999999999999432, 0.000000000000000000 ) ) ;
#1410 = EDGE_CURVE ( 'NONE', #63, #379, #665, .T. ) ;
#1411 = CARTESIAN_POINT ( 'NONE',  ( 30.69999999999999574, 8.499999999999998224, 4.899999999999999467 ) ) ;
#1412 = DIRECTION ( 'NONE',  ( 1.000000000000000000, 0.000000000000000000, 0.000000000000000000 ) ) ;
#1413 = ADVANCED_FACE ( 'NONE', ( #1017 ), #968, .F. ) ;
#1414 = ORIENTED_EDGE ( 'NONE', *, *, #904, .T. ) ;
#1415 = DIRECTION ( 'NONE',  ( -1.000000000000000000, 0.000000000000000000, 0.000000000000000000 ) ) ;
#1416 = ORIENTED_EDGE ( 'NONE', *, *, #1614, .F. ) ;
#1417 = AXIS2_PLACEMENT_3D ( 'NONE', #828, #412, #1296 ) ;
#1418 = CARTESIAN_POINT ( 'NONE',  ( 61.31184247035302093, 55.10849249460373755, -0.01328759095095425127 ) ) ;
#1419 = CARTESIAN_POINT ( 'NONE',  ( 61.32938298541568400, 54.75334245141079492, 1.663778901177174115E-12 ) ) ;
#1420 = CARTESIAN_POINT ( 'NONE',  ( 30.23847763108497944, 54.10031210998427298, -0.000000000000000000 ) ) ;
#1421 = CARTESIAN_POINT ( 'NONE',  ( 61.33067754547683137, 54.77075742489876831, 0.003868197347033808242 ) ) ;
#1422 = EDGE_LOOP ( 'NONE', ( #930, #1615, #286, #1288 ) ) ;
#1423 = CARTESIAN_POINT ( 'NONE',  ( 30.08076118445745095, 70.59999999999999432, -0.3807611844574843030 ) ) ;
#1424 = ORIENTED_EDGE ( 'NONE', *, *, #982, .T. ) ;
#1425 = DIRECTION ( 'NONE',  ( -0.000000000000000000, -0.000000000000000000, 1.000000000000000000 ) ) ;
#1426 = LINE ( 'NONE', #841, #376 ) ;
#1427 = SURFACE_SIDE_STYLE ('',( #649 ) ) ;
#1428 = VECTOR ( 'NONE', #495, 1000.000000000000000 ) ;
#1429 = LINE ( 'NONE', #1570, #1366 ) ;
#1430 = CARTESIAN_POINT ( 'NONE',  ( 0.000000000000000000, 0.000000000000000000, 0.000000000000000000 ) ) ;
#1431 = VERTEX_POINT ( 'NONE', #1257 ) ;
#1432 = EDGE_LOOP ( 'NONE', ( #1592, #1122, #830, #278 ) ) ;
#1433 = EDGE_CURVE ( 'NONE', #921, #1092, #1522, .T. ) ;
#1434 = DIRECTION ( 'NONE',  ( -1.000000000000000000, -3.154042683594195121E-16, 0.000000000000000000 ) ) ;
#1435 = CARTESIAN_POINT ( 'NONE',  ( 60.69999999999999574, 0.000000000000000000, 0.000000000000000000 ) ) ;
#1436 = CARTESIAN_POINT ( 'NONE',  ( 61.31184247035301382, 55.10849249460373755, -0.01328759095095511863 ) ) ;
#1437 = EDGE_CURVE ( 'NONE', #801, #1255, #1128, .T. ) ;
#1438 = CARTESIAN_POINT ( 'NONE',  ( 31.04009959054378243, 70.59999999999998010, -0.7999999999999999334 ) ) ;
#1439 = CARTESIAN_POINT ( 'NONE',  ( 61.13494718701310404, 55.16398335088918969, 1.273424818098090716 ) ) ;
#1440 =( BOUNDED_CURVE ( )  B_SPLINE_CURVE ( 3, ( #971, #727, #1474, #98 ),
 .UNSPECIFIED., .F., .T. ) 
 B_SPLINE_CURVE_WITH_KNOTS ( ( 4, 4 ),
 ( 5.777789833161708654E-32, 0.04995839572194259864 ),
 .UNSPECIFIED. ) 
 CURVE ( )  GEOMETRIC_REPRESENTATION_ITEM ( )  RATIONAL_B_SPLINE_CURVE ( ( 1.000000000000000000, 0.9997920240391404700, 0.9997920240391404700, 1.000000000000000000 ) ) 
 REPRESENTATION_ITEM ( '' )  );
#1441 = ADVANCED_FACE ( 'NONE', ( #1365 ), #1148, .F. ) ;
#1442 = ORIENTED_EDGE ( 'NONE', *, *, #890, .T. ) ;
#1443 = CYLINDRICAL_SURFACE ( 'NONE', #1417, 4.999999999999997335 ) ;
#1444 = VERTEX_POINT ( 'NONE', #1627 ) ;
#1445 = CARTESIAN_POINT ( 'NONE',  ( 20.74999999999999645, 3.999999999999996447, 9.799999999999998934 ) ) ;
#1446 = CARTESIAN_POINT ( 'NONE',  ( 30.69999999999999929, 0.000000000000000000, 0.000000000000000000 ) ) ;
#1447 = VECTOR ( 'NONE', #856, 1000.000000000000000 ) ;
#1448 = FACE_OUTER_BOUND ( 'NONE', #385, .T. ) ;
#1449 = CARTESIAN_POINT ( 'NONE',  ( 65.70000000000000284, 11.00000000000000000, 2.399999999999999911 ) ) ;
#1450 = FACE_OUTER_BOUND ( 'NONE', #1217, .T. ) ;
#1451 = EDGE_CURVE ( 'NONE', #911, #96, #7, .T. ) ;
#1452 = ORIENTED_EDGE ( 'NONE', *, *, #522, .F. ) ;
#1453 = DIRECTION ( 'NONE',  ( 0.000000000000000000, 1.000000000000000000, 0.000000000000000000 ) ) ;
#1454 = AXIS2_PLACEMENT_3D ( 'NONE', #274, #1165, #1547 ) ;
#1455 = ORIENTED_EDGE ( 'NONE', *, *, #308, .T. ) ;
#1456 = ADVANCED_FACE ( 'NONE', ( #1003 ), #631, .F. ) ;
#1457 = CARTESIAN_POINT ( 'NONE',  ( 91.40000000000000568, 0.000000000000000000, 2.399999999999999911 ) ) ;
#1458 = DIRECTION ( 'NONE',  ( -1.000000000000000000, -0.000000000000000000, -0.000000000000000000 ) ) ;
#1459 = VECTOR ( 'NONE', #371, 1000.000000000000000 ) ;
#1460 = CIRCLE ( 'NONE', #1093, 1.300000000000000044 ) ;
#1461 = DIRECTION ( 'NONE',  ( -0.7071067811865513475, -0.000000000000000000, 0.7071067811865435759 ) ) ;
#1462 = CARTESIAN_POINT ( 'NONE',  ( 61.31184247035302093, 55.10849249460373755, -0.01328759095095425127 ) ) ;
#1463 = ORIENTED_EDGE ( 'NONE', *, *, #640, .T. ) ;
#1464 = ORIENTED_EDGE ( 'NONE', *, *, #261, .T. ) ;
#1465 = PLANE ( 'NONE',  #605 ) ;
#1466 = CARTESIAN_POINT ( 'NONE',  ( 63.20000000000000284, 26.00000000000000000, 4.899999999999999467 ) ) ;
#1467 = DIRECTION ( 'NONE',  ( -1.000000000000000000, 0.000000000000000000, -0.000000000000000000 ) ) ;
#1468 = CARTESIAN_POINT ( 'NONE',  ( 61.31923881554258315, 70.59999999999999432, -0.3807611844574912419 ) ) ;
#1469 = EDGE_CURVE ( 'NONE', #715, #342, #879, .T. ) ;
#1470 = ORIENTED_EDGE ( 'NONE', *, *, #1574, .F. ) ;
#1471 = EDGE_LOOP ( 'NONE', ( #1385, #569, #627, #803 ) ) ;
#1472 = CARTESIAN_POINT ( 'NONE',  ( 30.69999999999999574, 8.499999999999998224, 7.400000000000000355 ) ) ;
#1473 = AXIS2_PLACEMENT_3D ( 'NONE', #1097, #1059, #193 ) ;
#1474 = CARTESIAN_POINT ( 'NONE',  ( 30.24733786776853250, 54.76638942128713694, -0.008319471064357673862 ) ) ;
#1475 = DIRECTION ( 'NONE',  ( 3.154042683594195121E-16, -1.000000000000000000, -0.000000000000000000 ) ) ;
#1476 = CARTESIAN_POINT ( 'NONE',  ( 25.74999999999999645, 31.80000000000001492, 7.400000000000000355 ) ) ;
#1477 = AXIS2_PLACEMENT_3D ( 'NONE', #1051, #1549, #926 ) ;
#1478 = ORIENTED_EDGE ( 'NONE', *, *, #500, .T. ) ;
#1479 = CIRCLE ( 'NONE', #765, 3.800000000000004707 ) ;
#1480 = ADVANCED_FACE ( 'NONE', ( #789 ), #889, .F. ) ;
#1481 = DIRECTION ( 'NONE',  ( -2.168404344971008128E-16, 1.000000000000000000, 0.000000000000000000 ) ) ;
#1482 = DIRECTION ( 'NONE',  ( 1.000000000000000000, -9.714451465470123673E-16, 0.000000000000000000 ) ) ;
#1483 = CARTESIAN_POINT ( 'NONE',  ( 25.70000000000000284, 28.49999999999999645, 2.399999999999999911 ) ) ;
#1484 = CARTESIAN_POINT ( 'NONE',  ( 28.20000000000000284, 26.00000000000000000, 4.899999999999999467 ) ) ;
#1485 = MANIFOLD_SOLID_BREP ( 'Cong\X2\00e9\X0\6', #1031 ) ;
#1486 = STYLED_ITEM ( 'NONE', ( #686 ), #1485 ) ;
#1487 = EDGE_LOOP ( 'NONE', ( #438, #1041, #524, #752, #337 ) ) ;
#1488 = DIRECTION ( 'NONE',  ( -0.000000000000000000, -0.000000000000000000, 1.000000000000000000 ) ) ;
#1489 = FACE_OUTER_BOUND ( 'NONE', #679, .T. ) ;
#1490 = DIRECTION ( 'NONE',  ( -6.308085367188389255E-16, -1.000000000000000000, 0.000000000000000000 ) ) ;
#1491 = ADVANCED_FACE ( 'NONE', ( #398 ), #1402, .F. ) ;
#1492 = ORIENTED_EDGE ( 'NONE', *, *, #1271, .F. ) ;
#1493 = CARTESIAN_POINT ( 'NONE',  ( 29.79195783478952109, 55.43332352638063298, 0.000000000000000000 ) ) ;
#1494 = LINE ( 'NONE', #108, #829 ) ;
#1495 = CARTESIAN_POINT ( 'NONE',  ( 61.36217566177388250, 55.48485074228923963, -0.02259871377226864431 ) ) ;
#1496 = CARTESIAN_POINT ( 'NONE',  ( 76.71998751560066410, 54.10031210998429430, -20.00000000000000000 ) ) ;
#1497 = AXIS2_PLACEMENT_3D ( 'NONE', #574, #453, #1337 ) ;
#1498 = EDGE_LOOP ( 'NONE', ( #1406, #1021, #1527 ) ) ;
#1499 = CYLINDRICAL_SURFACE ( 'NONE', #1258, 1.300000000000002487 ) ;
#1500 = DIRECTION ( 'NONE',  ( 0.000000000000000000, 0.000000000000000000, 1.000000000000000000 ) ) ;
#1501 = EDGE_CURVE ( 'NONE', #1092, #1314, #1052, .T. ) ;
#1502 = DIRECTION ( 'NONE',  ( 0.000000000000000000, 0.000000000000000000, 1.000000000000000000 ) ) ;
#1503 = ORIENTED_EDGE ( 'NONE', *, *, #1324, .F. ) ;
#1504 = VECTOR ( 'NONE', #1170, 999.9999999999998863 ) ;
#1505 = DIRECTION ( 'NONE',  ( -1.000000000000000000, 0.000000000000000000, 0.000000000000000000 ) ) ;
#1506 = CARTESIAN_POINT ( 'NONE',  ( 62.11158123954675858, 61.32249879976315299, 0.000000000000000000 ) ) ;
#1507 = FACE_OUTER_BOUND ( 'NONE', #1629, .T. ) ;
#1508 = EDGE_LOOP ( 'NONE', ( #1180, #404, #600, #140, #1153, #1510, #1503, #1171, #1597, #1455, #576, #1305 ) ) ;
#1509 = ORIENTED_EDGE ( 'NONE', *, *, #1319, .F. ) ;
#1510 = ORIENTED_EDGE ( 'NONE', *, *, #264, .T. ) ;
#1511 = CARTESIAN_POINT ( 'NONE',  ( 30.12989189314579619, 54.77124549309904467, -0.004481028771734889282 ) ) ;
#1512 = ADVANCED_FACE ( 'NONE', ( #408 ), #347, .T. ) ;
#1513 = CARTESIAN_POINT ( 'NONE',  ( 62.23847763108507536, 69.86292709115079447, 0.000000000000000000 ) ) ;
#1514 = CARTESIAN_POINT ( 'NONE',  ( 28.20000000000000284, 26.00000000000000000, 4.899999999999999467 ) ) ;
#1515 = CARTESIAN_POINT ( 'NONE',  ( 0.000000000000000000, 0.000000000000000000, 2.399999999999999911 ) ) ;
#1516 = ORIENTED_EDGE ( 'NONE', *, *, #390, .F. ) ;
#1517 = ADVANCED_FACE ( 'NONE', ( #798 ), #667, .F. ) ;
#1518 = ORIENTED_EDGE ( 'NONE', *, *, #681, .T. ) ;
#1519 = ORIENTED_EDGE ( 'NONE', *, *, #890, .F. ) ;
#1520 = EDGE_CURVE ( 'NONE', #372, #1210, #547, .T. ) ;
#1521 = CYLINDRICAL_SURFACE ( 'NONE', #741, 2.500000000000000000 ) ;
#1522 = LINE ( 'NONE', #1276, #1227 ) ;
#1523 = AXIS2_PLACEMENT_3D ( 'NONE', #797, #1538, #1050 ) ;
#1524 = CARTESIAN_POINT ( 'NONE',  ( 30.01179824866520107, 54.73251019497997305, 0.000000000000000000 ) ) ;
#1525 = DIRECTION ( 'NONE',  ( -0.000000000000000000, -0.000000000000000000, -1.000000000000000000 ) ) ;
#1526 = ORIENTED_EDGE ( 'NONE', *, *, #867, .T. ) ;
#1527 = ORIENTED_EDGE ( 'NONE', *, *, #817, .F. ) ;
#1528 = ORIENTED_EDGE ( 'NONE', *, *, #1162, .F. ) ;
#1529 = CIRCLE ( 'NONE', #111, 1.200000000000006617 ) ;
#1530 = EDGE_CURVE ( 'NONE', #1314, #131, #1061, .T. ) ;
#1531 = CYLINDRICAL_SURFACE ( 'NONE', #1078, 2.500000000000000000 ) ;
#1532 = CARTESIAN_POINT ( 'NONE',  ( 30.14910977223895472, 54.10031210998428719, -8.673617379884035472E-16 ) ) ;
#1533 = CARTESIAN_POINT ( 'NONE',  ( 0.000000000000000000, 8.499999999999998224, 4.899999999999999467 ) ) ;
#1534 = CARTESIAN_POINT ( 'NONE',  ( 30.08076118445744740, 69.86292709115043920, -0.3807611844574845250 ) ) ;
#1535 = EDGE_LOOP ( 'NONE', ( #492, #556, #117, #335 ) ) ;
#1536 = FACE_OUTER_BOUND ( 'NONE', #540, .T. ) ;
#1537 = EDGE_LOOP ( 'NONE', ( #139, #21, #1416, #243 ) ) ;
#1538 = DIRECTION ( 'NONE',  ( 0.000000000000000000, 1.000000000000000000, 0.000000000000000000 ) ) ;
#1539 =( LENGTH_UNIT ( ) NAMED_UNIT ( * ) SI_UNIT ( .MILLI., .METRE. ) );
#1540 = LINE ( 'NONE', #783, #1084 ) ;
#1541 = CARTESIAN_POINT ( 'NONE',  ( 61.25088927189680277, 54.09429031453962011, -9.065325936829806528E-07 ) ) ;
#1542 = AXIS2_PLACEMENT_3D ( 'NONE', #1025, #648, #282 ) ;
#1543 = AXIS2_PLACEMENT_3D ( 'NONE', #90, #594, #1481 ) ;
#1544 = ORIENTED_EDGE ( 'NONE', *, *, #281, .F. ) ;
#1545 = CARTESIAN_POINT ( 'NONE',  ( 65.65000000000000568, 28.00000000000000355, 8.599999999999999645 ) ) ;
#1546 = VERTEX_POINT ( 'NONE', #946 ) ;
#1547 = DIRECTION ( 'NONE',  ( 0.000000000000000000, -1.000000000000000000, 0.000000000000000000 ) ) ;
#1548 = CARTESIAN_POINT ( 'NONE',  ( 60.69999999999999574, 0.000000000000000000, 0.000000000000000000 ) ) ;
#1549 = DIRECTION ( 'NONE',  ( -0.000000000000000000, -0.000000000000000000, 1.000000000000000000 ) ) ;
#1550 = DIRECTION ( 'NONE',  ( 0.000000000000000000, 0.000000000000000000, -1.000000000000000000 ) ) ;
#1551 = DIRECTION ( 'NONE',  ( 0.000000000000000000, -1.000000000000000000, 0.000000000000000000 ) ) ;
#1552 = ADVANCED_FACE ( 'NONE', ( #1448 ), #791, .T. ) ;
#1553 = EDGE_LOOP ( 'NONE', ( #1519, #810, #532 ) ) ;
#1554 =( NAMED_UNIT ( * ) SI_UNIT ( $, .STERADIAN. ) SOLID_ANGLE_UNIT ( ) );
#1555 = EDGE_LOOP ( 'NONE', ( #200, #1058, #336, #1572 ) ) ;
#1556 = EDGE_CURVE ( 'NONE', #913, #513, #257, .T. ) ;
#1557 = DIRECTION ( 'NONE',  ( 1.000000000000000000, -9.714451465470123673E-16, 0.000000000000000000 ) ) ;
#1558 = DIRECTION ( 'NONE',  ( -1.000000000000000000, -3.154042683594195121E-16, 0.000000000000000000 ) ) ;
#1559 = ADVANCED_FACE ( 'NONE', ( #1536 ), #1156, .T. ) ;
#1560 = CYLINDRICAL_SURFACE ( 'NONE', #1155, 25.00000000000000000 ) ;
#1561 = CARTESIAN_POINT ( 'NONE',  ( 61.27010810685685982, 54.77124549312059543, -0.004481028772297961441 ) ) ;
#1562 = EDGE_CURVE ( 'NONE', #593, #715, #369, .T. ) ;
#1563 = VERTEX_POINT ( 'NONE', #428 ) ;
#1564 = DIRECTION ( 'NONE',  ( -0.000000000000000000, -0.000000000000000000, -1.000000000000000000 ) ) ;
#1565 = ORIENTED_EDGE ( 'NONE', *, *, #1027, .F. ) ;
#1566 = DIRECTION ( 'NONE',  ( -0.000000000000000000, -0.000000000000000000, 1.000000000000000000 ) ) ;
#1567 = DIRECTION ( 'NONE',  ( -0.000000000000000000, -0.000000000000000000, 1.000000000000000000 ) ) ;
#1568 = CARTESIAN_POINT ( 'NONE',  ( 60.70000000000000284, 8.499999999999998224, 4.899999999999999467 ) ) ;
#1569 = EDGE_CURVE ( 'NONE', #1210, #1332, #922, .T. ) ;
#1570 = CARTESIAN_POINT ( 'NONE',  ( 65.70000000000000284, 26.00000000000000000, 7.400000000000000355 ) ) ;
#1571 = DIRECTION ( 'NONE',  ( -0.000000000000000000, -1.000000000000000000, -0.000000000000000000 ) ) ;
#1572 = ORIENTED_EDGE ( 'NONE', *, *, #1146, .T. ) ;
#1573 = DIRECTION ( 'NONE',  ( -0.000000000000000000, -0.000000000000000000, -1.000000000000000000 ) ) ;
#1574 = EDGE_CURVE ( 'NONE', #1208, #154, #802, .T. ) ;
#1575 = ORIENTED_EDGE ( 'NONE', *, *, #573, .F. ) ;
#1576 = CARTESIAN_POINT ( 'NONE',  ( 30.26505281298688388, 55.16398335088918259, 1.273424818098090494 ) ) ;
#1577 = CARTESIAN_POINT ( 'NONE',  ( 63.20000000000000284, 11.00000000000000000, 4.899999999999999467 ) ) ;
#1578 = VECTOR ( 'NONE', #1475, 1000.000000000000000 ) ;
#1579 = CARTESIAN_POINT ( 'NONE',  ( 65.65000000000000568, 28.00000000000000355, 7.400000000000000355 ) ) ;
#1580 = CARTESIAN_POINT ( 'NONE',  ( 65.70000000000000284, 28.49999999999999645, 2.399999999999999911 ) ) ;
#1581 = ORIENTED_EDGE ( 'NONE', *, *, #1077, .T. ) ;
#1582 = ORIENTED_EDGE ( 'NONE', *, *, #535, .F. ) ;
#1583 = ORIENTED_EDGE ( 'NONE', *, *, #363, .F. ) ;
#1584 = CARTESIAN_POINT ( 'NONE',  ( 64.23553390593274059, 27.03553390593273420, 7.399999999999999467 ) ) ;
#1585 = DIRECTION ( 'NONE',  ( 3.154042683594195121E-16, -1.000000000000000000, 0.000000000000000000 ) ) ;
#1586 = EDGE_CURVE ( 'NONE', #1210, #359, #191, .T. ) ;
#1587 = EDGE_CURVE ( 'NONE', #628, #1033, #72, .T. ) ;
#1588 = VECTOR ( 'NONE', #46, 1000.000000000000000 ) ;
#1589 = DIRECTION ( 'NONE',  ( 1.000000000000000000, -1.739071153861460588E-16, 0.000000000000000000 ) ) ;
#1590 = VECTOR ( 'NONE', #1412, 1000.000000000000000 ) ;
#1591 = VERTEX_POINT ( 'NONE', #1057 ) ;
#1592 = ORIENTED_EDGE ( 'NONE', *, *, #320, .T. ) ;
#1593 = ORIENTED_EDGE ( 'NONE', *, *, #940, .F. ) ;
#1594 = DIRECTION ( 'NONE',  ( 3.154042683594195121E-16, -1.000000000000000000, 0.000000000000000000 ) ) ;
#1595 = CARTESIAN_POINT ( 'NONE',  ( 29.84303372632942342, 56.07081692919113891, -1.364772885962231155E-13 ) ) ;
#1596 = DIRECTION ( 'NONE',  ( -0.04987546680538049865, 0.9975093361076330378, -0.04987546680538162275 ) ) ;
#1597 = ORIENTED_EDGE ( 'NONE', *, *, #653, .T. ) ;
#1598 = EDGE_CURVE ( 'NONE', #1599, #1200, #1216, .T. ) ;
#1599 = VERTEX_POINT ( 'NONE', #1423 ) ;
#1600 = FACE_OUTER_BOUND ( 'NONE', #1498, .T. ) ;
#1601 = CARTESIAN_POINT ( 'NONE',  ( 29.94461785428507028, 62.81996136721065938, -0.2051753092277714963 ) ) ;
#1602 = DIRECTION ( 'NONE',  ( 0.000000000000000000, 1.000000000000000000, 0.000000000000000000 ) ) ;
#1603 = CARTESIAN_POINT ( 'NONE',  ( 63.20000000000000284, 26.00000000000000000, 4.899999999999999467 ) ) ;
#1604 = ORIENTED_EDGE ( 'NONE', *, *, #1410, .T. ) ;
#1605 = AXIS2_PLACEMENT_3D ( 'NONE', #1035, #124, #666 ) ;
#1606 = ADVANCED_FACE ( 'NONE', ( #663 ), #939, .F. ) ;
#1607 = LINE ( 'NONE', #1349, #41 ) ;
#1608 = CARTESIAN_POINT ( 'NONE',  ( 29.49592213851207845, 57.71674565206082974, 0.000000000000000000 ) ) ;
#1609 = DIRECTION ( 'NONE',  ( -1.000000000000000000, 1.390559900582610438E-16, 0.000000000000000000 ) ) ;
#1610 = ADVANCED_FACE ( 'NONE', ( #577 ), #1443, .F. ) ;
#1611 = CARTESIAN_POINT ( 'NONE',  ( 0.000000000000000000, 45.59999999999999432, 0.000000000000000000 ) ) ;
#1612 = CIRCLE ( 'NONE', #826, 25.00000000000000000 ) ;
#1613 = DIRECTION ( 'NONE',  ( 1.000000000000000000, 0.000000000000000000, 0.000000000000000000 ) ) ;
#1614 = EDGE_CURVE ( 'NONE', #1563, #1622, #870, .T. ) ;
#1615 = ORIENTED_EDGE ( 'NONE', *, *, #685, .F. ) ;
#1616 = VECTOR ( 'NONE', #1268, 1000.000000000000000 ) ;
#1617 = DIRECTION ( 'NONE',  ( 0.9987523388778447586, -0.04993761694389330791, 0.000000000000000000 ) ) ;
#1618 = CARTESIAN_POINT ( 'NONE',  ( 61.48873775369293071, 55.05300163831827831, 0.000000000000000000 ) ) ;
#1619 = CARTESIAN_POINT ( 'NONE',  ( 61.15266213223145542, 54.76638942128715115, -0.008319471064357647841 ) ) ;
#1620 = FACE_OUTER_BOUND ( 'NONE', #690, .T. ) ;
#1621 = CIRCLE ( 'NONE', #1129, 1.199999999999999734 ) ;
#1622 = VERTEX_POINT ( 'NONE', #671 ) ;
#1623 = VERTEX_POINT ( 'NONE', #568 ) ;
#1624 = VECTOR ( 'NONE', #1425, 1000.000000000000000 ) ;
#1625 = CARTESIAN_POINT ( 'NONE',  ( 76.71998751560066410, 55.09906444886213706, -0.02495322244310763798 ) ) ;
#1626 =( BOUNDED_CURVE ( )  B_SPLINE_CURVE ( 3, ( #1336, #301, #571, #1182 ),
 .UNSPECIFIED., .F., .F. ) 
 B_SPLINE_CURVE_WITH_KNOTS ( ( 4, 4 ),
 ( 0.000000000000000000, 1.570796326794896558 ),
 .UNSPECIFIED. ) 
 CURVE ( )  GEOMETRIC_REPRESENTATION_ITEM ( )  RATIONAL_B_SPLINE_CURVE ( ( 1.000000000000000000, 0.8047378541243649375, 0.8047378541243649375, 1.000000000000000000 ) ) 
 REPRESENTATION_ITEM ( '' )  );
#1627 = CARTESIAN_POINT ( 'NONE',  ( 62.23847763108508246, 69.86292709115078026, 0.000000000000000000 ) ) ;
#1628 = DIRECTION ( 'NONE',  ( 0.000000000000000000, 0.000000000000000000, -1.000000000000000000 ) ) ;
#1629 = EDGE_LOOP ( 'NONE', ( #1068, #373, #852, #1604 ) ) ;
#1630 = ORIENTED_EDGE ( 'NONE', *, *, #769, .T. ) ;
#1631 = CARTESIAN_POINT ( 'NONE',  ( 28.20000000000000284, 8.499999999999998224, 4.899999999999999467 ) ) ;
ENDSEC;
END-ISO-10303-21;
