ISO-10303-21;
HEADER;
FILE_DESCRIPTION (( 'STEP AP214' ),
    '1' );
FILE_NAME ('Ubiquiti-24W-Black.STEP',
    '2026-07-10T12:37:47',
    ( 'xxx' ),
    ( '' ),
    'SwSTEP 2.0',
    'SolidWorks 2025',
    '' );
FILE_SCHEMA (( 'AUTOMOTIVE_DESIGN' ));
ENDSEC;

DATA;
#1 = ORIENTED_EDGE ( 'NONE', *, *, #1362, .F. ) ;
#2 = DIRECTION ( 'NONE',  ( -0.000000000000000000, -0.000000000000000000, 1.000000000000000000 ) ) ;
#3 = LINE ( 'NONE', #4630, #2726 ) ;
#4 = DIRECTION ( 'NONE',  ( 0.000000000000000000, -1.000000000000000000, 0.000000000000000000 ) ) ;
#5 = CIRCLE ( 'NONE', #1313, 1.899999999999999023 ) ;
#6 = ORIENTED_EDGE ( 'NONE', *, *, #1595, .T. ) ;
#7 = LINE ( 'NONE', #4224, #1755 ) ;
#8 = CARTESIAN_POINT ( 'NONE',  ( 74.76969600708471830, 0.000000000000000000, 1.500000000000000000 ) ) ;
#9 = CIRCLE ( 'NONE', #2879, 2.499999999999995115 ) ;
#10 = CARTESIAN_POINT ( 'NONE',  ( -0.1135253844867327028, 52.44685669470982248, 4.599999999999999645 ) ) ;
#11 = EDGE_CURVE ( 'NONE', #295, #367, #4909, .T. ) ;
#12 = EDGE_CURVE ( 'NONE', #4321, #3338, #3438, .T. ) ;
#13 = VERTEX_POINT ( 'NONE', #1861 ) ;
#14 = CARTESIAN_POINT ( 'NONE',  ( 47.18616342779203876, 52.54924062573876853, 4.599999999999999645 ) ) ;
#15 = DIRECTION ( 'NONE',  ( 0.000000000000000000, 0.000000000000000000, -1.000000000000000000 ) ) ;
#16 = DIRECTION ( 'NONE',  ( 0.000000000000000000, 1.000000000000000000, 0.000000000000000000 ) ) ;
#17 = ORIENTED_EDGE ( 'NONE', *, *, #100, .T. ) ;
#18 = CARTESIAN_POINT ( 'NONE',  ( 47.50000000000062528, 117.5000000000000000, -5.000000000000095035 ) ) ;
#19 = CARTESIAN_POINT ( 'NONE',  ( 73.69825262925022002, 45.74827394718952434, 0.4339157902498696484 ) ) ;
#20 = CARTESIAN_POINT ( 'NONE',  ( 14.03395320428463044, 59.88853312862018896, 5.000000000000000000 ) ) ;
#21 = CARTESIAN_POINT ( 'NONE',  ( 53.87637639000512024, 56.38741473562488693, 4.599999999999999645 ) ) ;
#22 = ORIENTED_EDGE ( 'NONE', *, *, #3695, .F. ) ;
#23 = ORIENTED_EDGE ( 'NONE', *, *, #460, .T. ) ;
#24 = VERTEX_POINT ( 'NONE', #4503 ) ;
#25 = CARTESIAN_POINT ( 'NONE',  ( 41.96291306052567904, 63.57867512623393935, 5.000000000000000000 ) ) ;
#26 = CARTESIAN_POINT ( 'NONE',  ( 74.50000000000000000, 74.37867965644035451, 1.500000000000000000 ) ) ;
#27 = LINE ( 'NONE', #1943, #1402 ) ;
#28 = B_SPLINE_CURVE_WITH_KNOTS ( 'NONE', 3,
 ( #1419, #1443, #1013, #251 ),
 .UNSPECIFIED., .F., .F.,
 ( 4, 4 ),
 ( 27.00000000000000000, 28.00000000000000000 ),
 .UNSPECIFIED. ) ;
#29 = ORIENTED_EDGE ( 'NONE', *, *, #4456, .T. ) ;
#30 = LINE ( 'NONE', #526, #3575 ) ;
#31 = AXIS2_PLACEMENT_3D ( 'NONE', #2413, #3997, #483 ) ;
#32 = LINE ( 'NONE', #4842, #2745 ) ;
#33 = DIRECTION ( 'NONE',  ( 0.000000000000000000, 0.000000000000000000, -1.000000000000000000 ) ) ;
#34 = B_SPLINE_SURFACE_WITH_KNOTS ( 'NONE', 3, 1, ( 
 ( #127, #2389 ),
 ( #2840, #153 ),
 ( #4851, #895 ),
 ( #3169, #3975 ) ),
 .UNSPECIFIED., .F., .F., .F.,
 ( 4, 4 ),
 ( 2, 2 ),
 ( 2.000000000000000000, 3.000000000000000000 ),
 ( 0.000000000000000000, 1.000000000000000000 ),
 .UNSPECIFIED. ) ;
#35 = CARTESIAN_POINT ( 'NONE',  ( 18.96159110272099824, 59.94858267635414251, 4.599999999999999645 ) ) ;
#36 = AXIS2_PLACEMENT_3D ( 'NONE', #3948, #2415, #1649 ) ;
#37 = VECTOR ( 'NONE', #5003, 1000.000000000000114 ) ;
#38 = VERTEX_POINT ( 'NONE', #2997 ) ;
#39 = CARTESIAN_POINT ( 'NONE',  ( 12.49999999999998757, 4.999999999999993783, -9.999999999999991118 ) ) ;
#40 = PLANE ( 'NONE',  #3030 ) ;
#41 = ADVANCED_FACE ( 'NONE', ( #4986, #2243 ), #667, .T. ) ;
#42 = CARTESIAN_POINT ( 'NONE',  ( 31.42165254070773628, -10.77726782925159732, 4.599999999999999645 ) ) ;
#43 = EDGE_CURVE ( 'NONE', #192, #4360, #5038, .T. ) ;
#44 = ORIENTED_EDGE ( 'NONE', *, *, #2450, .F. ) ;
#45 = CARTESIAN_POINT ( 'NONE',  ( 5.000000000000000888, 2.499999999999996003, -10.00000000000000178 ) ) ;
#46 = DIRECTION ( 'NONE',  ( -0.000000000000000000, -0.000000000000000000, 1.000000000000000000 ) ) ;
#47 = EDGE_CURVE ( 'NONE', #2846, #4406, #4597, .T. ) ;
#48 = DIRECTION ( 'NONE',  ( 0.000000000000000000, 0.000000000000000000, 1.000000000000000000 ) ) ;
#49 = VERTEX_POINT ( 'NONE', #4525 ) ;
#50 = ORIENTED_EDGE ( 'NONE', *, *, #1823, .T. ) ;
#51 = ORIENTED_EDGE ( 'NONE', *, *, #47, .F. ) ;
#52 = VECTOR ( 'NONE', #1033, 1000.000000000000000 ) ;
#53 = LINE ( 'NONE', #421, #2159 ) ;
#54 = EDGE_CURVE ( 'NONE', #1657, #1770, #4788, .T. ) ;
#55 = DIRECTION ( 'NONE',  ( -0.8597468848040501488, -0.5107203677843007439, 0.000000000000000000 ) ) ;
#56 = CARTESIAN_POINT ( 'NONE',  ( 23.52078599485841082, 52.59678160645988498, 4.599999999999999645 ) ) ;
#57 = ADVANCED_FACE ( 'NONE', ( #2945 ), #1405, .F. ) ;
#58 = ORIENTED_EDGE ( 'NONE', *, *, #3296, .F. ) ;
#59 = ORIENTED_EDGE ( 'NONE', *, *, #4279, .T. ) ;
#60 = AXIS2_PLACEMENT_3D ( 'NONE', #3490, #291, #691 ) ;
#61 = APPLICATION_CONTEXT ( 'automotive_design' ) ;
#62 = FACE_OUTER_BOUND ( 'NONE', #4892, .T. ) ;
#63 = CARTESIAN_POINT ( 'NONE',  ( 48.65312595226107106, 67.41684983397829001, 5.000000000000000000 ) ) ;
#64 = CARTESIAN_POINT ( 'NONE',  ( 43.08109070326097623, 63.58109551050128516, 4.599999999999999645 ) ) ;
#65 = CARTESIAN_POINT ( 'NONE',  ( 36.14294705659228413, 60.21152601110345159, 4.599999999999999645 ) ) ;
#66 = CARTESIAN_POINT ( 'NONE',  ( 74.99702524491128486, 45.00983278992073622, 0.1975481995049482575 ) ) ;
#67 = CARTESIAN_POINT ( 'NONE',  ( 28.48680579615640340, 67.79361627235329024, 5.000000000000000000 ) ) ;
#68 = PLANE ( 'NONE',  #4637 ) ;
#69 = ORIENTED_EDGE ( 'NONE', *, *, #872, .T. ) ;
#70 = LINE ( 'NONE', #2030, #3707 ) ;
#71 = CARTESIAN_POINT ( 'NONE',  ( 47.50000000000062528, 117.5000000000000000, -5.000000000000004441 ) ) ;
#72 = CARTESIAN_POINT ( 'NONE',  ( 0.2171445983499538379, 73.89706737904704426, 1.459587691556089695 ) ) ;
#73 = VECTOR ( 'NONE', #990, 1000.000000000000000 ) ;
#74 = ORIENTED_EDGE ( 'NONE', *, *, #1757, .T. ) ;
#75 = EDGE_LOOP ( 'NONE', ( #1940, #4891, #4866 ) ) ;
#76 = ORIENTED_EDGE ( 'NONE', *, *, #1709, .F. ) ;
#77 = EDGE_CURVE ( 'NONE', #4554, #2696, #638, .T. ) ;
#78 = CARTESIAN_POINT ( 'NONE',  ( 60.15309437322863317, 50.81361216108685142, 4.599999999999999645 ) ) ;
#79 = B_SPLINE_SURFACE_WITH_KNOTS ( 'NONE', 3, 1, ( 
 ( #1921, #2329 ),
 ( #3014, #1539 ),
 ( #4295, #3820 ),
 ( #4271, #4588 ) ),
 .UNSPECIFIED., .F., .F., .F.,
 ( 4, 4 ),
 ( 2, 2 ),
 ( 43.00000000000000000, 44.00000000000000000 ),
 ( 0.000000000000000000, 1.000000000000000000 ),
 .UNSPECIFIED. ) ;
#80 = CARTESIAN_POINT ( 'NONE',  ( 32.49297329594386241, 48.40096926034961911, 4.599999999999999645 ) ) ;
#81 = CARTESIAN_POINT ( 'NONE',  ( 73.50000000000000000, 46.49999999999999289, 0.000000000000000000 ) ) ;
#82 = DIRECTION ( 'NONE',  ( 1.000000000000000000, -0.000000000000000000, -0.000000000000000000 ) ) ;
#83 = ORIENTED_EDGE ( 'NONE', *, *, #1709, .T. ) ;
#84 = VERTEX_POINT ( 'NONE', #1932 ) ;
#85 = EDGE_LOOP ( 'NONE', ( #2634, #3022, #4400, #2070 ) ) ;
#86 = ADVANCED_FACE ( 'NONE', ( #1575 ), #3895, .F. ) ;
#87 = CARTESIAN_POINT ( 'NONE',  ( 47.50000000000062528, 117.5000000000000000, -5.000000000000004441 ) ) ;
#88 = CARTESIAN_POINT ( 'NONE',  ( -0.1495104866752860751, 69.07138085878806066, 4.599999999999999645 ) ) ;
#89 = CARTESIAN_POINT ( 'NONE',  ( 29.81318971088235159, 69.10801979596014633, 4.599999999999999645 ) ) ;
#90 = CARTESIAN_POINT ( 'NONE',  ( 37.41813806569387424, 69.15622655406406238, 4.599999999999999645 ) ) ;
#91 = B_SPLINE_CURVE_WITH_KNOTS ( 'NONE', 3,
 ( #681, #2626, #2601, #3475 ),
 .UNSPECIFIED., .F., .F.,
 ( 4, 4 ),
 ( 35.00000000000000000, 36.00000000000000000 ),
 .UNSPECIFIED. ) ;
#92 = CARTESIAN_POINT ( 'NONE',  ( 47.58123054275102248, 52.55009577986906777, 4.599999999999999645 ) ) ;
#93 = EDGE_CURVE ( 'NONE', #1768, #24, #741, .T. ) ;
#94 = DIRECTION ( 'NONE',  ( -1.000000000000000000, 0.000000000000000000, 0.000000000000000000 ) ) ;
#95 = CARTESIAN_POINT ( 'NONE',  ( 44.66710539870615548, 52.78012259853174726, 5.000000000000000000 ) ) ;
#96 = EDGE_LOOP ( 'NONE', ( #345, #799, #3578, #1887 ) ) ;
#97 = CARTESIAN_POINT ( 'NONE',  ( 22.50000000000000000, 117.5000000000000000, -9.999999999999374722 ) ) ;
#98 = DIRECTION ( 'NONE',  ( 0.000000000000000000, 0.000000000000000000, -1.000000000000000000 ) ) ;
#99 = CARTESIAN_POINT ( 'NONE',  ( 0.05629675538393313916, 74.80114148140457075, 0.7527245943439038189 ) ) ;
#100 = EDGE_CURVE ( 'NONE', #3094, #2354, #3144, .T. ) ;
#101 = ORIENTED_EDGE ( 'NONE', *, *, #3432, .F. ) ;
#102 = ORIENTED_EDGE ( 'NONE', *, *, #1777, .F. ) ;
#103 = ORIENTED_EDGE ( 'NONE', *, *, #1488, .F. ) ;
#104 = VECTOR ( 'NONE', #208, 1000.000000000000000 ) ;
#105 = CARTESIAN_POINT ( 'NONE',  ( 7.499999999999989342, -6.071532165918824830E-15, 2.168404344971008868E-14 ) ) ;
#106 = CARTESIAN_POINT ( 'NONE',  ( 36.14986462676659329, 57.01572259455750213, 5.000000000000000000 ) ) ;
#107 = DIRECTION ( 'NONE',  ( 0.000000000000000000, 0.000000000000000000, 1.000000000000000000 ) ) ;
#108 = PLANE ( 'NONE',  #1686 ) ;
#109 = EDGE_CURVE ( 'NONE', #3379, #266, #1109, .T. ) ;
#110 = ORIENTED_EDGE ( 'NONE', *, *, #4260, .F. ) ;
#111 = EDGE_CURVE ( 'NONE', #392, #686, #5012, .T. ) ;
#112 = VERTEX_POINT ( 'NONE', #720 ) ;
#113 = VECTOR ( 'NONE', #935, 1000.000000000000000 ) ;
#114 = DIRECTION ( 'NONE',  ( -0.000000000000000000, -0.000000000000000000, 1.000000000000000000 ) ) ;
#115 = LINE ( 'NONE', #4486, #3670 ) ;
#116 = CARTESIAN_POINT ( 'NONE',  ( 35.23217485934515736, 50.75966885260515227, 5.000000000000000000 ) ) ;
#117 = EDGE_CURVE ( 'NONE', #1218, #3860, #5064, .T. ) ;
#118 = LINE ( 'NONE', #2466, #5048 ) ;
#119 = ORIENTED_EDGE ( 'NONE', *, *, #1347, .F. ) ;
#120 = VECTOR ( 'NONE', #4254, 1000.000000000000000 ) ;
#121 = ORIENTED_EDGE ( 'NONE', *, *, #1854, .F. ) ;
#122 = CARTESIAN_POINT ( 'NONE',  ( 74.50000000000000000, 46.49999999999999289, 1.500000000000000000 ) ) ;
#123 = LINE ( 'NONE', #4125, #898 ) ;
#124 = DIRECTION ( 'NONE',  ( 0.000000000000000000, 1.000000000000000000, 0.000000000000000000 ) ) ;
#125 = CARTESIAN_POINT ( 'NONE',  ( 39.62958920622759962, 51.33356971989759643, 5.000000000000000000 ) ) ;
#126 = ADVANCED_FACE ( 'NONE', ( #2266 ), #2754, .T. ) ;
#127 = CARTESIAN_POINT ( 'NONE',  ( 27.10923559923350012, 48.83376798311071809, 4.599999999999999645 ) ) ;
#128 = DIRECTION ( 'NONE',  ( 0.000000000000000000, 0.000000000000000000, 1.000000000000000000 ) ) ;
#129 = LINE ( 'NONE', #204, #1714 ) ;
#130 = ORIENTED_EDGE ( 'NONE', *, *, #3418, .T. ) ;
#131 = ORIENTED_EDGE ( 'NONE', *, *, #718, .T. ) ;
#132 = ORIENTED_EDGE ( 'NONE', *, *, #4746, .T. ) ;
#133 = CARTESIAN_POINT ( 'NONE',  ( 16.97589199274863958, 59.84551655870923526, 4.599999999999999645 ) ) ;
#134 = EDGE_CURVE ( 'NONE', #1243, #2521, #3950, .T. ) ;
#135 = LINE ( 'NONE', #3258, #4689 ) ;
#136 = VECTOR ( 'NONE', #1111, 1000.000000000000000 ) ;
#137 = DIRECTION ( 'NONE',  ( 1.000000000000000000, 0.000000000000000000, 0.000000000000000000 ) ) ;
#138 = VERTEX_POINT ( 'NONE', #1980 ) ;
#139 = VERTEX_POINT ( 'NONE', #387 ) ;
#140 = AXIS2_PLACEMENT_3D ( 'NONE', #885, #3263, #2795 ) ;
#141 = ORIENTED_EDGE ( 'NONE', *, *, #4753, .T. ) ;
#142 = DIRECTION ( 'NONE',  ( 0.000000000000000000, 5.551115123125785858E-15, 1.000000000000000000 ) ) ;
#143 = CARTESIAN_POINT ( 'NONE',  ( 27.10923559923350012, 48.83376798311071809, 4.599999999999999645 ) ) ;
#144 = VECTOR ( 'NONE', #3016, 1000.000000000000000 ) ;
#145 = CARTESIAN_POINT ( 'NONE',  ( 32.46596180904801088, 71.73792631199650316, 4.599999999999999645 ) ) ;
#146 = ORIENTED_EDGE ( 'NONE', *, *, #2957, .F. ) ;
#147 = CARTESIAN_POINT ( 'NONE',  ( 74.50322304803994200, 46.30365282487669276, 1.490330855880394267 ) ) ;
#148 = DIRECTION ( 'NONE',  ( -1.000000000000000000, 0.000000000000000000, 0.000000000000000000 ) ) ;
#149 = CARTESIAN_POINT ( 'NONE',  ( 35.87667499726751430, 69.15288993489288316, 4.599999999999999645 ) ) ;
#150 = AXIS2_PLACEMENT_3D ( 'NONE', #1080, #2643, #370 ) ;
#151 = CARTESIAN_POINT ( 'NONE',  ( 51.17218398280328273, 67.18596718839175708, 4.599999999999999645 ) ) ;
#152 = VECTOR ( 'NONE', #4246, 1000.000000000000000 ) ;
#153 = CARTESIAN_POINT ( 'NONE',  ( 29.83130851283739915, 50.95962397155131640, 5.000000000000000000 ) ) ;
#154 = B_SPLINE_CURVE_WITH_KNOTS ( 'NONE', 3,
 ( #550, #2101, #622, #4556 ),
 .UNSPECIFIED., .F., .F.,
 ( 4, 4 ),
 ( 3.000000000000000000, 4.000000000000000000 ),
 .UNSPECIFIED. ) ;
#155 = CARTESIAN_POINT ( 'NONE',  ( 61.25000000000000711, 114.9999999999999858, -15.00000000000000000 ) ) ;
#156 = DIRECTION ( 'NONE',  ( 0.000000000000000000, 0.000000000000000000, -1.000000000000000000 ) ) ;
#157 = EDGE_LOOP ( 'NONE', ( #1530, #244, #2690 ) ) ;
#158 = ORIENTED_EDGE ( 'NONE', *, *, #1667, .F. ) ;
#159 = EDGE_LOOP ( 'NONE', ( #3360, #4680, #1149, #1433 ) ) ;
#160 = PLANE ( 'NONE',  #779 ) ;
#161 = CARTESIAN_POINT ( 'NONE',  ( 38.90000000000001279, 26.24999999999999289, 0.000000000000000000 ) ) ;
#162 = CARTESIAN_POINT ( 'NONE',  ( 56.98449280162159880, 69.20210790046715488, 5.000000000000000000 ) ) ;
#163 = CARTESIAN_POINT ( 'NONE',  ( 0.000000000000000000, 0.000000000000000000, 5.000000000000000000 ) ) ;
#164 = ORIENTED_EDGE ( 'NONE', *, *, #4874, .F. ) ;
#165 = VERTEX_POINT ( 'NONE', #3904 ) ;
#166 = CARTESIAN_POINT ( 'NONE',  ( 16.98661193500679900, 54.89307990385177050, 5.000000000000000000 ) ) ;
#167 = CYLINDRICAL_SURFACE ( 'NONE', #1363, 1.500000000000001332 ) ;
#168 = CARTESIAN_POINT ( 'NONE',  ( 75.00000000000000000, 75.00000000000000000, 0.000000000000000000 ) ) ;
#169 = AXIS2_PLACEMENT_3D ( 'NONE', #4693, #3619, #94 ) ;
#170 = ADVANCED_FACE ( 'NONE', ( #1882 ), #1475, .F. ) ;
#171 = B_SPLINE_SURFACE_WITH_KNOTS ( 'NONE', 3, 1, ( 
 ( #1717, #265 ),
 ( #4090, #569 ),
 ( #2613, #1386 ),
 ( #3334, #2121 ) ),
 .UNSPECIFIED., .F., .F., .F.,
 ( 4, 4 ),
 ( 2, 2 ),
 ( 19.00000000000000000, 20.00000000000000000 ),
 ( 0.000000000000000000, 1.000000000000000000 ),
 .UNSPECIFIED. ) ;
#172 = ORIENTED_EDGE ( 'NONE', *, *, #2079, .T. ) ;
#173 = DIRECTION ( 'NONE',  ( -0.9999976573062887564, -0.002164574307904475192, 0.000000000000000000 ) ) ;
#174 = CARTESIAN_POINT ( 'NONE',  ( 0.000000000000000000, 0.000000000000000000, 1.500000000000000000 ) ) ;
#175 = CARTESIAN_POINT ( 'NONE',  ( 38.25068550026831105, 54.45232843701710834, 5.000000000000000000 ) ) ;
#176 = CARTESIAN_POINT ( 'NONE',  ( 51.27523411172359147, 66.83697843894680091, 5.000000000000000000 ) ) ;
#177 = VECTOR ( 'NONE', #3622, 1000.000000000000000 ) ;
#178 = EDGE_CURVE ( 'NONE', #3300, #2956, #182, .T. ) ;
#179 = EDGE_CURVE ( 'NONE', #1663, #3194, #3874, .T. ) ;
#180 = CARTESIAN_POINT ( 'NONE',  ( 73.86991981316477052, 74.49124015672440180, 0.3766933956117309856 ) ) ;
#181 = APPLICATION_PROTOCOL_DEFINITION ( 'draft international standard', 'automotive_design', 1998, #61 ) ;
#182 =( BOUNDED_CURVE ( )  B_SPLINE_CURVE ( 3, ( #1954, #4623, #764, #2313 ),
 .UNSPECIFIED., .F., .T. ) 
 B_SPLINE_CURVE_WITH_KNOTS ( ( 4, 4 ),
 ( 0.000000000000000000, 1.570796326794902109 ),
 .UNSPECIFIED. ) 
 CURVE ( )  GEOMETRIC_REPRESENTATION_ITEM ( )  RATIONAL_B_SPLINE_CURVE ( ( 1.000000000000000000, 0.8047378541243637162, 0.8047378541243637162, 1.000000000000000000 ) ) 
 REPRESENTATION_ITEM ( '' )  );
#183 = CARTESIAN_POINT ( 'NONE',  ( 57.49999999999999289, 117.5000000000000000, -15.00000000000000000 ) ) ;
#184 = EDGE_CURVE ( 'NONE', #4508, #1663, #3514, .T. ) ;
#185 = EDGE_LOOP ( 'NONE', ( #564, #1226, #3908, #1395 ) ) ;
#186 = VERTEX_POINT ( 'NONE', #2728 ) ;
#187 = VERTEX_POINT ( 'NONE', #1499 ) ;
#188 = CARTESIAN_POINT ( 'NONE',  ( 26.87154115849022773, 65.75768277533703099, 4.599999999999999645 ) ) ;
#189 = DIRECTION ( 'NONE',  ( -0.7071067811865422437, 8.659560562354868763E-17, 0.7071067811865529018 ) ) ;
#190 = CARTESIAN_POINT ( 'NONE',  ( 22.50000000000000000, 117.5000000000000000, -9.999999999999378275 ) ) ;
#191 = EDGE_LOOP ( 'NONE', ( #1837, #1985, #797, #1410 ) ) ;
#192 = VERTEX_POINT ( 'NONE', #2339 ) ;
#193 = CARTESIAN_POINT ( 'NONE',  ( 47.85035056033056122, 66.73785271226965676, 4.599999999999999645 ) ) ;
#194 = DIRECTION ( 'NONE',  ( -0.000000000000000000, -0.000000000000000000, 1.000000000000000000 ) ) ;
#195 = DIRECTION ( 'NONE',  ( 0.000000000000000000, 0.000000000000000000, 1.000000000000000000 ) ) ;
#196 = ORIENTED_EDGE ( 'NONE', *, *, #4945, .T. ) ;
#197 = EDGE_LOOP ( 'NONE', ( #620, #411, #3422, #1893, #3956, #3494, #1108, #172 ) ) ;
#198 = DIRECTION ( 'NONE',  ( -0.000000000000000000, 0.000000000000000000, 1.000000000000000000 ) ) ;
#199 = DIRECTION ( 'NONE',  ( -0.2844023902313086438, 0.9587050017762077658, 0.000000000000000000 ) ) ;
#200 = DIRECTION ( 'NONE',  ( -0.000000000000000000, -0.000000000000000000, 1.000000000000000000 ) ) ;
#201 = CARTESIAN_POINT ( 'NONE',  ( 36.13642652309636105, 63.22390502553643188, 5.000000000000000000 ) ) ;
#202 = CARTESIAN_POINT ( 'NONE',  ( 74.02252790794233306, 74.69639340368198077, 0.9774720920581970729 ) ) ;
#203 = ADVANCED_FACE ( 'NONE', ( #3928 ), #1197, .F. ) ;
#204 = CARTESIAN_POINT ( 'NONE',  ( 0.000000000000000000, 73.50000000000000000, 1.500000000000000000 ) ) ;
#205 = AXIS2_PLACEMENT_3D ( 'NONE', #3617, #887, #1544 ) ;
#206 = VECTOR ( 'NONE', #2642, 1000.000000000000114 ) ;
#207 = VERTEX_POINT ( 'NONE', #18 ) ;
#208 = DIRECTION ( 'NONE',  ( 1.000000000000000000, -0.000000000000000000, 0.000000000000000000 ) ) ;
#209 = AXIS2_PLACEMENT_3D ( 'NONE', #836, #410, #2386 ) ;
#210 = AXIS2_PLACEMENT_3D ( 'NONE', #2355, #1641, #502 ) ;
#211 = CARTESIAN_POINT ( 'NONE',  ( 0.4999999999999975020, 45.62132034355963128, 1.500000000000000000 ) ) ;
#212 = B_SPLINE_SURFACE_WITH_KNOTS ( 'NONE', 3, 1, ( 
 ( #2819, #880 ),
 ( #1432, #954 ),
 ( #2925, #4482 ),
 ( #2898, #1815 ),
 ( #1791, #3359 ),
 ( #2560, #4507 ) ),
 .UNSPECIFIED., .F., .F., .F.,
 ( 4, 2, 4 ),
 ( 2, 2 ),
 ( 2.000000000000000000, 3.000000000000000000, 4.000000000000000000 ),
 ( 0.000000000000000000, 1.000000000000000000 ),
 .UNSPECIFIED. ) ;
#213 = CARTESIAN_POINT ( 'NONE',  ( 52.50000000000000000, 117.5000000000000000, -12.50000000000000000 ) ) ;
#214 = DIRECTION ( 'NONE',  ( -0.9999976573062887564, -0.002164574307904652568, 0.000000000000000000 ) ) ;
#215 = CARTESIAN_POINT ( 'NONE',  ( 47.91652405408409265, 67.12953676969294747, 4.599999999999999645 ) ) ;
#216 = ORIENTED_EDGE ( 'NONE', *, *, #843, .F. ) ;
#217 = EDGE_LOOP ( 'NONE', ( #1368, #4754, #267, #1267, #1279 ) ) ;
#218 = ORIENTED_EDGE ( 'NONE', *, *, #3897, .F. ) ;
#219 = EDGE_CURVE ( 'NONE', #4122, #3385, #4742, .T. ) ;
#220 = CARTESIAN_POINT ( 'NONE',  ( 35.23217485934515736, 50.75966885260515227, 4.599999999999999645 ) ) ;
#221 = ADVANCED_FACE ( 'NONE', ( #920 ), #2083, .F. ) ;
#222 = CARTESIAN_POINT ( 'NONE',  ( 21.45251452048412588, 58.04918181031906244, 5.000000000000000000 ) ) ;
#223 = CARTESIAN_POINT ( 'NONE',  ( 28.05446503742488318, 47.25554083441714681, 4.599999999999999645 ) ) ;
#224 = AXIS2_PLACEMENT_3D ( 'NONE', #2972, #4579, #1002 ) ;
#225 = B_SPLINE_CURVE_WITH_KNOTS ( 'NONE', 3,
 ( #1131, #423, #3178, #56, #5075, #1916 ),
 .UNSPECIFIED., .F., .F.,
 ( 4, 2, 4 ),
 ( 2.000000000000000000, 3.000000000000000000, 4.000000000000000000 ),
 .UNSPECIFIED. ) ;
#226 = ORIENTED_EDGE ( 'NONE', *, *, #3852, .T. ) ;
#227 = AXIS2_PLACEMENT_3D ( 'NONE', #4563, #1041, #3398 ) ;
#228 = FACE_BOUND ( 'NONE', #1735, .T. ) ;
#229 = DIRECTION ( 'NONE',  ( 0.000000000000000000, 0.000000000000000000, -1.000000000000000000 ) ) ;
#230 = B_SPLINE_CURVE_WITH_KNOTS ( 'NONE', 3,
 ( #4299, #4018, #782, #90 ),
 .UNSPECIFIED., .F., .F.,
 ( 4, 4 ),
 ( 16.00000000000000000, 17.00000000000000000 ),
 .UNSPECIFIED. ) ;
#231 = CARTESIAN_POINT ( 'NONE',  ( 33.01779607714239972, 60.15890489015593090, 5.000000000000000000 ) ) ;
#232 = CARTESIAN_POINT ( 'NONE',  ( 22.50000000000000000, 116.2500000000000000, -15.00000000000000000 ) ) ;
#233 = CARTESIAN_POINT ( 'NONE',  ( 74.31793184591964518, 74.88012564345399369, 0.6820681540805070275 ) ) ;
#234 = VECTOR ( 'NONE', #3460, 1000.000000000000000 ) ;
#235 = DIRECTION ( 'NONE',  ( 0.000000000000000000, 1.000000000000000000, 0.000000000000000000 ) ) ;
#236 = ORIENTED_EDGE ( 'NONE', *, *, #460, .F. ) ;
#237 = VERTEX_POINT ( 'NONE', #2472 ) ;
#238 = CARTESIAN_POINT ( 'NONE',  ( 0.2928932188134499293, 45.00000000000000000, 0.8786796564403571708 ) ) ;
#239 = CARTESIAN_POINT ( 'NONE',  ( -0.1495104866752860751, 69.07138085878806066, 4.599999999999999645 ) ) ;
#240 = LINE ( 'NONE', #1408, #1754 ) ;
#241 = CARTESIAN_POINT ( 'NONE',  ( 71.46446609406726225, 2.499999999999996003, -10.00000000000000178 ) ) ;
#242 = ORIENTED_EDGE ( 'NONE', *, *, #4642, .T. ) ;
#243 = EDGE_CURVE ( 'NONE', #1719, #4508, #703, .T. ) ;
#244 = ORIENTED_EDGE ( 'NONE', *, *, #3153, .F. ) ;
#245 = EDGE_LOOP ( 'NONE', ( #3688, #1999, #2451, #1733, #1333, #3369, #1931, #3415 ) ) ;
#246 = ADVANCED_FACE ( 'NONE', ( #3273 ), #34, .F. ) ;
#247 = DIRECTION ( 'NONE',  ( 1.000000000000000000, 0.000000000000000000, -1.255939796607217676E-13 ) ) ;
#248 = CARTESIAN_POINT ( 'NONE',  ( 22.08331893061677320, 59.95533990403678359, 5.000000000000000000 ) ) ;
#249 = VECTOR ( 'NONE', #199, 1000.000000000000000 ) ;
#250 = VERTEX_POINT ( 'NONE', #3249 ) ;
#251 = CARTESIAN_POINT ( 'NONE',  ( 45.34840069594080347, 52.54526264242620215, 5.000000000000000000 ) ) ;
#252 = AXIS2_PLACEMENT_3D ( 'NONE', #1597, #3925, #2362 ) ;
#253 = CARTESIAN_POINT ( 'NONE',  ( -0.1218020318880143754, 56.27053139211767530, 4.599999999999999645 ) ) ;
#254 = DIRECTION ( 'NONE',  ( -0.000000000000000000, -0.000000000000000000, -1.000000000000000000 ) ) ;
#255 = FACE_OUTER_BOUND ( 'NONE', #157, .T. ) ;
#256 = CARTESIAN_POINT ( 'NONE',  ( 73.80733853384228382, 74.41498464624854137, 0.3975538220526762534 ) ) ;
#257 = EDGE_CURVE ( 'NONE', #3577, #3300, #462, .T. ) ;
#258 = DIRECTION ( 'NONE',  ( 1.000000000000000000, 0.000000000000000000, -0.000000000000000000 ) ) ;
#259 = ORIENTED_EDGE ( 'NONE', *, *, #718, .F. ) ;
#260 = CARTESIAN_POINT ( 'NONE',  ( 0.000000000000000000, 5.000000000000000000, 5.000000000000000000 ) ) ;
#261 = CARTESIAN_POINT ( 'NONE',  ( 31.45523698125404621, 60.12377736324087607, 4.599999999999999645 ) ) ;
#262 = EDGE_CURVE ( 'NONE', #541, #882, #4438, .T. ) ;
#263 = AXIS2_PLACEMENT_3D ( 'NONE', #4751, #3581, #2694 ) ;
#264 = DIRECTION ( 'NONE',  ( -1.000000000000000000, 0.000000000000000000, 0.000000000000000000 ) ) ;
#265 = CARTESIAN_POINT ( 'NONE',  ( 35.09940047173320465, 68.10004456002852180, 5.000000000000000000 ) ) ;
#266 = VERTEX_POINT ( 'NONE', #2499 ) ;
#267 = ORIENTED_EDGE ( 'NONE', *, *, #2782, .T. ) ;
#268 = ORIENTED_EDGE ( 'NONE', *, *, #1172, .F. ) ;
#269 = CARTESIAN_POINT ( 'NONE',  ( 28.99618295937897017, 74.32974751677330971, 4.599999999999999645 ) ) ;
#270 = CARTESIAN_POINT ( 'NONE',  ( 74.50000000000000000, 46.49999999999999289, 0.5000000000000000000 ) ) ;
#271 = EDGE_CURVE ( 'NONE', #1719, #4241, #2445, .T. ) ;
#272 = DIRECTION ( 'NONE',  ( 1.000000000000000000, -1.228762462150238276E-16, 0.000000000000000000 ) ) ;
#273 = ADVANCED_FACE ( 'NONE', ( #945 ), #3570, .F. ) ;
#274 = ORIENTED_EDGE ( 'NONE', *, *, #513, .F. ) ;
#275 = DIRECTION ( 'NONE',  ( 0.000000000000000000, 1.000000000000000000, 0.000000000000000000 ) ) ;
#276 = EDGE_CURVE ( 'NONE', #2459, #541, #538, .T. ) ;
#277 = CARTESIAN_POINT ( 'NONE',  ( 51.97385331965853794, 56.96884372970191635, 5.000000000000000000 ) ) ;
#278 = CARTESIAN_POINT ( 'NONE',  ( 57.58860395026325563, 65.51376142484208742, 4.599999999999999645 ) ) ;
#279 = CARTESIAN_POINT ( 'NONE',  ( 15.43487065834723104, 69.41552549916616499, 5.000000000000000000 ) ) ;
#280 = CARTESIAN_POINT ( 'NONE',  ( 56.63175517114320456, 69.20134437186605680, 4.599999999999999645 ) ) ;
#281 = EDGE_LOOP ( 'NONE', ( #4143, #3549, #3331, #1091 ) ) ;
#282 = EDGE_CURVE ( 'NONE', #686, #295, #561, .T. ) ;
#283 = CARTESIAN_POINT ( 'NONE',  ( 58.98905642500519519, 50.81109250854794368, 4.599999999999999645 ) ) ;
#284 = ADVANCED_FACE ( 'NONE', ( #4795 ), #1601, .F. ) ;
#285 = CARTESIAN_POINT ( 'NONE',  ( 0.2650916781407549605, 45.01258334307127740, 0.2650916781407832712 ) ) ;
#286 = B_SPLINE_CURVE_WITH_KNOTS ( 'NONE', 3,
 ( #2935, #1801, #1396, #3722 ),
 .UNSPECIFIED., .F., .F.,
 ( 4, 4 ),
 ( 10.00000000000000000, 11.00000000000000000 ),
 .UNSPECIFIED. ) ;
#287 = VERTEX_POINT ( 'NONE', #3597 ) ;
#288 = ORIENTED_EDGE ( 'NONE', *, *, #4664, .F. ) ;
#289 = AXIS2_PLACEMENT_3D ( 'NONE', #1948, #1262, #3163 ) ;
#290 = CARTESIAN_POINT ( 'NONE',  ( 47.50000000000000000, -0.001000000000001000089, -5.000000000000002665 ) ) ;
#291 = DIRECTION ( 'NONE',  ( 0.000000000000000000, 0.000000000000000000, -1.000000000000000000 ) ) ;
#292 = VECTOR ( 'NONE', #1906, 1000.000000000000000 ) ;
#293 = FACE_OUTER_BOUND ( 'NONE', #2944, .T. ) ;
#294 = EDGE_CURVE ( 'NONE', #4336, #4748, #70, .T. ) ;
#295 = VERTEX_POINT ( 'NONE', #4827 ) ;
#296 = ORIENTED_EDGE ( 'NONE', *, *, #3968, .T. ) ;
#297 = VECTOR ( 'NONE', #2187, 1000.000000000000000 ) ;
#298 = ORIENTED_EDGE ( 'NONE', *, *, #2376, .F. ) ;
#299 = AXIS2_PLACEMENT_3D ( 'NONE', #2515, #4093, #247 ) ;
#300 = EDGE_CURVE ( 'NONE', #3942, #3158, #1300, .T. ) ;
#301 = CARTESIAN_POINT ( 'NONE',  ( 0.2303039929152719822, 46.49999999999999289, 1.500000000000000000 ) ) ;
#302 = DIRECTION ( 'NONE',  ( -0.000000000000000000, 0.000000000000000000, 1.000000000000000000 ) ) ;
#303 = CARTESIAN_POINT ( 'NONE',  ( 18.95884240092216899, 61.21843760784149424, 5.000000000000000000 ) ) ;
#304 = VERTEX_POINT ( 'NONE', #4768 ) ;
#305 = ORIENTED_EDGE ( 'NONE', *, *, #1853, .F. ) ;
#306 = FACE_BOUND ( 'NONE', #665, .T. ) ;
#307 = ADVANCED_FACE ( 'NONE', ( #2806 ), #4385, .T. ) ;
#308 = DIRECTION ( 'NONE',  ( 0.000000000000000000, 0.000000000000000000, -1.000000000000000000 ) ) ;
#309 = CARTESIAN_POINT ( 'NONE',  ( 27.11389941078662247, 71.12337289908460036, 4.599999999999999645 ) ) ;
#310 = CARTESIAN_POINT ( 'NONE',  ( 22.49999999999999289, 114.9999999999999858, -15.00000000000000000 ) ) ;
#311 = CIRCLE ( 'NONE', #958, 5.000000000000000888 ) ;
#312 = CARTESIAN_POINT ( 'NONE',  ( 28.05576097198110475, 72.73037325243288365, 5.000000000000000000 ) ) ;
#313 = CARTESIAN_POINT ( 'NONE',  ( 28.99618295937897372, 74.32974751677330971, 4.599999999999999645 ) ) ;
#314 = CARTESIAN_POINT ( 'NONE',  ( 0.4840083284431017097, 46.11107620907489490, 1.452024985329295914 ) ) ;
#315 = ORIENTED_EDGE ( 'NONE', *, *, #2991, .F. ) ;
#316 = CARTESIAN_POINT ( 'NONE',  ( 34.59541195506342603, 53.23804725903598722, 5.000000000000000000 ) ) ;
#317 = EDGE_CURVE ( 'NONE', #1965, #506, #2915, .T. ) ;
#318 = CARTESIAN_POINT ( 'NONE',  ( 37.41813806569387424, 69.15622655406406238, 4.599999999999999645 ) ) ;
#319 = CARTESIAN_POINT ( 'NONE',  ( 67.49999999999998579, -6.071532165918824830E-15, -10.00000000000000000 ) ) ;
#320 = ORIENTED_EDGE ( 'NONE', *, *, #4465, .T. ) ;
#321 = ORIENTED_EDGE ( 'NONE', *, *, #109, .F. ) ;
#322 = EDGE_LOOP ( 'NONE', ( #2594, #4747, #4855, #3180 ) ) ;
#323 = CARTESIAN_POINT ( 'NONE',  ( 13.74999999999998757, 116.2500000000000000, -15.00000000000000000 ) ) ;
#324 = ADVANCED_FACE ( 'NONE', ( #1829 ), #2771, .F. ) ;
#325 = DIRECTION ( 'NONE',  ( -4.625929269271485914E-16, -1.000000000000000000, -0.000000000000000000 ) ) ;
#326 = DIRECTION ( 'NONE',  ( -0.000000000000000000, -0.000000000000000000, 1.000000000000000000 ) ) ;
#327 = ORIENTED_EDGE ( 'NONE', *, *, #4079, .F. ) ;
#328 = CARTESIAN_POINT ( 'NONE',  ( 56.20969273636311669, 68.63604813294755047, 4.599999999999999645 ) ) ;
#329 = DIRECTION ( 'NONE',  ( -0.000000000000000000, -0.000000000000000000, 1.000000000000000000 ) ) ;
#330 = EDGE_CURVE ( 'NONE', #4174, #773, #4592, .T. ) ;
#331 = CARTESIAN_POINT ( 'NONE',  ( 52.50000000000000711, -0.001000000000001000089, -10.00000000000000711 ) ) ;
#332 = CARTESIAN_POINT ( 'NONE',  ( 0.4339157902498707586, 74.25172605281045435, 1.301747370749792632 ) ) ;
#333 = DIRECTION ( 'NONE',  ( 0.000000000000000000, 1.000000000000000000, 0.000000000000000000 ) ) ;
#334 = CARTESIAN_POINT ( 'NONE',  ( 0.1963848931341958259, 44.99999999999999289, 0.06546163104473279315 ) ) ;
#335 = ADVANCED_FACE ( 'NONE', ( #3400 ), #1806, .F. ) ;
#336 = CARTESIAN_POINT ( 'NONE',  ( 18.96159110272099824, 59.94858267635414251, 4.599999999999999645 ) ) ;
#337 = EDGE_CURVE ( 'NONE', #1663, #4241, #1064, .T. ) ;
#338 = VECTOR ( 'NONE', #1708, 999.9999999999998863 ) ;
#339 = ORIENTED_EDGE ( 'NONE', *, *, #4762, .T. ) ;
#340 = DIRECTION ( 'NONE',  ( -1.000000000000000000, 4.625929269271485914E-16, 0.000000000000000000 ) ) ;
#341 = CARTESIAN_POINT ( 'NONE',  ( 61.25000000000001421, 117.5000000000000000, -15.00000000000000000 ) ) ;
#342 = ADVANCED_FACE ( 'NONE', ( #1447 ), #3726, .F. ) ;
#343 = CARTESIAN_POINT ( 'NONE',  ( 26.89661543495349250, 54.17378028218959685, 5.000000000000000000 ) ) ;
#344 = ORIENTED_EDGE ( 'NONE', *, *, #4267, .F. ) ;
#345 = ORIENTED_EDGE ( 'NONE', *, *, #4032, .T. ) ;
#346 = ORIENTED_EDGE ( 'NONE', *, *, #1899, .F. ) ;
#347 = EDGE_CURVE ( 'NONE', #4553, #2354, #2479, .T. ) ;
#348 = DIRECTION ( 'NONE',  ( 1.000000000000000000, 0.000000000000000000, -0.000000000000000000 ) ) ;
#349 = CARTESIAN_POINT ( 'NONE',  ( 74.50000000000000000, 46.49999999999999289, 1.500000000000000000 ) ) ;
#350 = CARTESIAN_POINT ( 'NONE',  ( 29.81318971088235159, 69.10801979596014633, 4.599999999999999645 ) ) ;
#351 = ORIENTED_EDGE ( 'NONE', *, *, #3544, .F. ) ;
#352 = CARTESIAN_POINT ( 'NONE',  ( 56.31831518861017827, 68.97138550662481293, 4.599999999999999645 ) ) ;
#353 = CARTESIAN_POINT ( 'NONE',  ( 49.93795213272127143, 63.76172295399043577, 4.599999999999999645 ) ) ;
#354 = DIRECTION ( 'NONE',  ( 1.000000000000000000, 0.000000000000000000, 0.000000000000000000 ) ) ;
#355 = FACE_OUTER_BOUND ( 'NONE', #1759, .T. ) ;
#356 = VECTOR ( 'NONE', #1169, 1000.000000000000000 ) ;
#357 = EDGE_CURVE ( 'NONE', #1768, #3721, #5, .T. ) ;
#358 = FACE_OUTER_BOUND ( 'NONE', #1364, .T. ) ;
#359 = CARTESIAN_POINT ( 'NONE',  ( 1.452024985329293694, 46.11107620907489490, 0.4840083284431040966 ) ) ;
#360 = CARTESIAN_POINT ( 'NONE',  ( 5.000000000000000000, 5.000000000000000000, 0.000000000000000000 ) ) ;
#361 = ORIENTED_EDGE ( 'NONE', *, *, #3313, .T. ) ;
#362 = DIRECTION ( 'NONE',  ( 0.000000000000000000, -0.000000000000000000, 1.000000000000000000 ) ) ;
#363 = CARTESIAN_POINT ( 'NONE',  ( 74.09881687055320754, 45.24832144976078041, 0.9011831294467208542 ) ) ;
#364 = CARTESIAN_POINT ( 'NONE',  ( 52.50000000000000711, 114.9999999999999858, 0.000000000000000000 ) ) ;
#365 = CARTESIAN_POINT ( 'NONE',  ( 34.94305739570599201, 68.62528759425747182, 5.000000000000000000 ) ) ;
#366 = EDGE_LOOP ( 'NONE', ( #5033, #2020, #4684, #1961 ) ) ;
#367 = VERTEX_POINT ( 'NONE', #2960 ) ;
#368 = EDGE_LOOP ( 'NONE', ( #3046, #1953, #1302, #3882 ) ) ;
#369 = CARTESIAN_POINT ( 'NONE',  ( 52.39487941846498131, 56.38420791783046582, 4.599999999999999645 ) ) ;
#370 = DIRECTION ( 'NONE',  ( 2.602085213965207190E-16, 0.000000000000000000, 1.000000000000000000 ) ) ;
#371 = DIRECTION ( 'NONE',  ( -0.9725882268247872942, 0.2325341717722711754, 0.000000000000000000 ) ) ;
#372 = ORIENTED_EDGE ( 'NONE', *, *, #1231, .T. ) ;
#373 = ORIENTED_EDGE ( 'NONE', *, *, #837, .T. ) ;
#374 = AXIS2_PLACEMENT_3D ( 'NONE', #2788, #4775, #2038 ) ;
#375 = EDGE_CURVE ( 'NONE', #3440, #4626, #4822, .T. ) ;
#376 = DIRECTION ( 'NONE',  ( -0.000000000000000000, -1.000000000000000000, -0.000000000000000000 ) ) ;
#377 = AXIS2_PLACEMENT_3D ( 'NONE', #1113, #1471, #5058 ) ;
#378 = DIRECTION ( 'NONE',  ( 0.000000000000000000, 0.000000000000000000, 1.000000000000000000 ) ) ;
#379 = DIRECTION ( 'NONE',  ( 4.625929269271485914E-16, 1.000000000000000000, 0.000000000000000000 ) ) ;
#380 = PLANE ( 'NONE',  #377 ) ;
#381 = DIRECTION ( 'NONE',  ( 0.000000000000000000, 0.000000000000000000, 1.000000000000000000 ) ) ;
#382 = VECTOR ( 'NONE', #2647, 1000.000000000000000 ) ;
#383 = PLANE ( 'NONE',  #2201 ) ;
#384 = DIRECTION ( 'NONE',  ( -0.000000000000000000, -0.000000000000000000, 1.000000000000000000 ) ) ;
#385 = AXIS2_PLACEMENT_3D ( 'NONE', #4900, #2984, #4518 ) ;
#386 = EDGE_LOOP ( 'NONE', ( #58, #3540, #2049, #4964 ) ) ;
#387 = CARTESIAN_POINT ( 'NONE',  ( 17.50000000000000000, 120.0000000000000142, -9.999999999999998224 ) ) ;
#388 = CARTESIAN_POINT ( 'NONE',  ( 73.50966914411959863, 46.30365282487669276, 0.4967769519601262784 ) ) ;
#389 = VECTOR ( 'NONE', #4752, 1000.000000000000000 ) ;
#390 = CARTESIAN_POINT ( 'NONE',  ( 59.41939945595165540, 50.81202402019854958, 5.000000000000000000 ) ) ;
#391 = CARTESIAN_POINT ( 'NONE',  ( 35.78597283154926600, 50.76086759227583656, 5.000000000000000000 ) ) ;
#392 = VERTEX_POINT ( 'NONE', #3697 ) ;
#393 = ORIENTED_EDGE ( 'NONE', *, *, #3968, .F. ) ;
#394 = ORIENTED_EDGE ( 'NONE', *, *, #925, .F. ) ;
#395 = CARTESIAN_POINT ( 'NONE',  ( 14.03395320428463044, 59.88853312862018896, 5.000000000000000000 ) ) ;
#396 = VECTOR ( 'NONE', #3600, 1000.000000000000000 ) ;
#397 = LINE ( 'NONE', #3914, #2396 ) ;
#398 = DIRECTION ( 'NONE',  ( 0.000000000000000000, 0.000000000000000000, -1.000000000000000000 ) ) ;
#399 = ADVANCED_FACE ( 'NONE', ( #2496 ), #4462, .T. ) ;
#400 = EDGE_CURVE ( 'NONE', #1234, #1904, #1674, .T. ) ;
#401 = ORIENTED_EDGE ( 'NONE', *, *, #491, .T. ) ;
#402 = DIRECTION ( 'NONE',  ( 1.000000000000000000, -0.000000000000000000, -0.000000000000000000 ) ) ;
#403 = CARTESIAN_POINT ( 'NONE',  ( 31.45523698125404621, 60.12377736324087607, 4.599999999999999645 ) ) ;
#404 = CARTESIAN_POINT ( 'NONE',  ( 27.10923559923350012, 48.83376798311071809, 4.599999999999999645 ) ) ;
#405 = B_SPLINE_CURVE_WITH_KNOTS ( 'NONE', 3,
 ( #1142, #2284, #1879, #1809, #4955, #5030 ),
 .UNSPECIFIED., .F., .F.,
 ( 4, 2, 4 ),
 ( 2.000000000000000000, 3.000000000000000000, 4.000000000000000000 ),
 .UNSPECIFIED. ) ;
#406 = ADVANCED_FACE ( 'NONE', ( #3723 ), #2052, .F. ) ;
#407 = ORIENTED_EDGE ( 'NONE', *, *, #2623, .T. ) ;
#408 = CARTESIAN_POINT ( 'NONE',  ( 74.97721132201532157, 45.07734595220222928, 0.4854874579622684982 ) ) ;
#409 = LINE ( 'NONE', #835, #4844 ) ;
#410 = DIRECTION ( 'NONE',  ( 0.000000000000000000, 0.000000000000000000, -1.000000000000000000 ) ) ;
#411 = ORIENTED_EDGE ( 'NONE', *, *, #4832, .T. ) ;
#412 = DIRECTION ( 'NONE',  ( 0.000000000000000000, 1.000000000000000000, 0.000000000000000000 ) ) ;
#413 = CARTESIAN_POINT ( 'NONE',  ( 74.50000000006538414, 46.40182416234468121, 1.500000000000000000 ) ) ;
#414 = DIRECTION ( 'NONE',  ( 0.9579024303185127431, 0.2870939462787172602, 0.000000000000000000 ) ) ;
#415 = CARTESIAN_POINT ( 'NONE',  ( 0.000000000000000000, 75.00000000000000000, 0.000000000000000000 ) ) ;
#416 = VECTOR ( 'NONE', #3651, 1000.000000000000000 ) ;
#417 = B_SPLINE_CURVE_WITH_KNOTS ( 'NONE', 3,
 ( #2381, #2747, #4326, #808 ),
 .UNSPECIFIED., .F., .F.,
 ( 4, 4 ),
 ( 29.00000000000000000, 30.00000000000000000 ),
 .UNSPECIFIED. ) ;
#418 = VERTEX_POINT ( 'NONE', #2106 ) ;
#419 = VERTEX_POINT ( 'NONE', #2912 ) ;
#420 = VERTEX_POINT ( 'NONE', #4519 ) ;
#421 = CARTESIAN_POINT ( 'NONE',  ( 9.449999999999986855, 17.99999999999998934, 3.399999999999999911 ) ) ;
#422 = CARTESIAN_POINT ( 'NONE',  ( 37.50000000000000000, 91.55000000000001137, 3.399999999999999911 ) ) ;
#423 = CARTESIAN_POINT ( 'NONE',  ( 16.98661193500679900, 54.89307990385177050, 4.599999999999999645 ) ) ;
#424 = VECTOR ( 'NONE', #4204, 1000.000000000000000 ) ;
#425 = ORIENTED_EDGE ( 'NONE', *, *, #925, .T. ) ;
#426 = CARTESIAN_POINT ( 'NONE',  ( 47.91652405408409265, 67.12953676969294747, 5.000000000000000000 ) ) ;
#427 = EDGE_CURVE ( 'NONE', #430, #3361, #4493, .T. ) ;
#428 = CARTESIAN_POINT ( 'NONE',  ( 43.76239363741270694, 63.34270742456207870, 4.599999999999999645 ) ) ;
#429 = CARTESIAN_POINT ( 'NONE',  ( 35.09940047173320465, 68.10004456002852180, 4.599999999999999645 ) ) ;
#430 = VERTEX_POINT ( 'NONE', #581 ) ;
#431 = CARTESIAN_POINT ( 'NONE',  ( 17.51381357382892645, -6.007037960595728698, 4.599999999999999645 ) ) ;
#432 = FACE_OUTER_BOUND ( 'NONE', #2010, .T. ) ;
#433 = LINE ( 'NONE', #42, #536 ) ;
#434 = ORIENTED_EDGE ( 'NONE', *, *, #3557, .F. ) ;
#435 = EDGE_CURVE ( 'NONE', #516, #4622, #967, .T. ) ;
#436 = CARTESIAN_POINT ( 'NONE',  ( 35.60000000000000142, 26.24999999999999289, 3.399999999999999911 ) ) ;
#437 = EDGE_CURVE ( 'NONE', #4055, #3379, #1344, .T. ) ;
#438 = DIRECTION ( 'NONE',  ( 0.000000000000000000, 1.000000000000000000, 0.000000000000000000 ) ) ;
#439 = CARTESIAN_POINT ( 'NONE',  ( 57.49999999999999289, 117.5000000000000000, 0.000000000000000000 ) ) ;
#440 = ORIENTED_EDGE ( 'NONE', *, *, #4425, .F. ) ;
#441 = ORIENTED_EDGE ( 'NONE', *, *, #4840, .T. ) ;
#442 = ORIENTED_EDGE ( 'NONE', *, *, #4753, .F. ) ;
#443 = FACE_OUTER_BOUND ( 'NONE', #1817, .T. ) ;
#444 = CARTESIAN_POINT ( 'NONE',  ( 22.08331893061677320, 59.95533990403678359, 5.000000000000000000 ) ) ;
#445 = CARTESIAN_POINT ( 'NONE',  ( 18.96159110272099824, 59.94858267635414251, 4.599999999999999645 ) ) ;
#446 = ORIENTED_EDGE ( 'NONE', *, *, #3897, .T. ) ;
#447 = ORIENTED_EDGE ( 'NONE', *, *, #2018, .F. ) ;
#448 = CARTESIAN_POINT ( 'NONE',  ( 59.96680715955792351, 68.43253565528095805, 5.000000000000000000 ) ) ;
#449 = CIRCLE ( 'NONE', #3308, 5.000000000000000888 ) ;
#450 = DIRECTION ( 'NONE',  ( -0.8597468848040492606, -0.5107203677843022982, 0.000000000000000000 ) ) ;
#451 = CARTESIAN_POINT ( 'NONE',  ( 13.74999999999998401, 117.5000000000000000, -15.00000000000000000 ) ) ;
#452 = CARTESIAN_POINT ( 'NONE',  ( 35.77095332533829009, 65.84749438515547126, 4.599999999999999645 ) ) ;
#453 = VECTOR ( 'NONE', #3517, 1000.000000000000000 ) ;
#454 = AXIS2_PLACEMENT_3D ( 'NONE', #2305, #3064, #2233 ) ;
#455 = VECTOR ( 'NONE', #884, 1000.000000000000000 ) ;
#456 = VERTEX_POINT ( 'NONE', #1373 ) ;
#457 = CARTESIAN_POINT ( 'NONE',  ( 47.92276532451271720, 52.83655436281766526, 5.000000000000000000 ) ) ;
#458 = CARTESIAN_POINT ( 'NONE',  ( 52.50000000000000711, 114.9999999999999858, -15.00000000000000000 ) ) ;
#459 = CARTESIAN_POINT ( 'NONE',  ( 39.52096675179606677, 50.99823335541131542, 5.000000000000000000 ) ) ;
#460 = EDGE_CURVE ( 'NONE', #4307, #3890, #3613, .T. ) ;
#461 = ORIENTED_EDGE ( 'NONE', *, *, #400, .F. ) ;
#462 = LINE ( 'NONE', #97, #3880 ) ;
#463 = CARTESIAN_POINT ( 'NONE',  ( 25.84768651253223481, 69.43806486563988756, 5.000000000000000000 ) ) ;
#464 = CYLINDRICAL_SURFACE ( 'NONE', #1305, 1.500000000000000000 ) ;
#465 = B_SPLINE_CURVE_WITH_KNOTS ( 'NONE', 3,
 ( #1164, #1241, #2836, #1215 ),
 .UNSPECIFIED., .F., .F.,
 ( 4, 4 ),
 ( 39.00000000000000000, 40.00000000000000000 ),
 .UNSPECIFIED. ) ;
#466 = ORIENTED_EDGE ( 'NONE', *, *, #1910, .T. ) ;
#467 = ORIENTED_EDGE ( 'NONE', *, *, #1328, .F. ) ;
#468 = ORIENTED_EDGE ( 'NONE', *, *, #262, .T. ) ;
#469 = CIRCLE ( 'NONE', #2004, 1.400000000000012346 ) ;
#470 = DIRECTION ( 'NONE',  ( 0.1708417296058795942, 0.9852984844326472258, 0.000000000000000000 ) ) ;
#471 = DIRECTION ( 'NONE',  ( 0.000000000000000000, 1.000000000000000000, 0.000000000000000000 ) ) ;
#472 = CARTESIAN_POINT ( 'NONE',  ( 13.74999999999998401, 117.5000000000000000, 0.000000000000000000 ) ) ;
#473 = CARTESIAN_POINT ( 'NONE',  ( 27.11389941078662247, 71.12337289908460036, 4.599999999999999645 ) ) ;
#474 = EDGE_LOOP ( 'NONE', ( #923, #2742, #1513, #2387 ) ) ;
#475 = ORIENTED_EDGE ( 'NONE', *, *, #4156, .F. ) ;
#476 = EDGE_CURVE ( 'NONE', #2665, #3865, #3245, .T. ) ;
#477 = VECTOR ( 'NONE', #1863, 1000.000000000000000 ) ;
#478 = CARTESIAN_POINT ( 'NONE',  ( 48.25805883730210155, 67.41599467984798366, 5.000000000000000000 ) ) ;
#479 = PLANE ( 'NONE',  #3495 ) ;
#480 = DIRECTION ( 'NONE',  ( -0.000000000000000000, -0.000000000000000000, 1.000000000000000000 ) ) ;
#481 = LINE ( 'NONE', #3186, #1341 ) ;
#482 = EDGE_CURVE ( 'NONE', #1029, #4242, #123, .T. ) ;
#483 = DIRECTION ( 'NONE',  ( 0.000000000000000000, 0.000000000000000000, -1.000000000000000000 ) ) ;
#484 = DIRECTION ( 'NONE',  ( -0.000000000000000000, -0.000000000000000000, 1.000000000000000000 ) ) ;
#485 = DIRECTION ( 'NONE',  ( 0.9999976573062887564, 0.002164574307903472522, 0.000000000000000000 ) ) ;
#486 = VERTEX_POINT ( 'NONE', #558 ) ;
#487 = DIRECTION ( 'NONE',  ( -1.000000000000000000, 0.000000000000000000, 0.000000000000000000 ) ) ;
#488 = ADVANCED_FACE ( 'NONE', ( #1295 ), #1542, .T. ) ;
#489 = PLANE ( 'NONE',  #4223 ) ;
#490 = CARTESIAN_POINT ( 'NONE',  ( 67.49999999999998579, 4.999999999999993783, -10.00000000000000000 ) ) ;
#491 = EDGE_CURVE ( 'NONE', #2738, #908, #2863, .T. ) ;
#492 = VERTEX_POINT ( 'NONE', #3750 ) ;
#493 = ORIENTED_EDGE ( 'NONE', *, *, #4991, .T. ) ;
#494 = ORIENTED_EDGE ( 'NONE', *, *, #2604, .T. ) ;
#495 = LINE ( 'NONE', #2848, #858 ) ;
#496 = CARTESIAN_POINT ( 'NONE',  ( 51.27523411172361278, 66.83697843894681512, 5.000000000000000000 ) ) ;
#497 = CARTESIAN_POINT ( 'NONE',  ( 5.000000000000000000, 5.000000000000000000, 0.000000000000000000 ) ) ;
#498 = PLANE ( 'NONE',  #3675 ) ;
#499 = ORIENTED_EDGE ( 'NONE', *, *, #43, .F. ) ;
#500 = ORIENTED_EDGE ( 'NONE', *, *, #5069, .F. ) ;
#501 = EDGE_CURVE ( 'NONE', #3890, #1974, #3292, .T. ) ;
#502 = DIRECTION ( 'NONE',  ( -0.7071067811865493491, 0.7071067811865455743, 0.000000000000000000 ) ) ;
#503 = CARTESIAN_POINT ( 'NONE',  ( 26.88347510842798016, 60.24439457978235168, 4.599999999999999645 ) ) ;
#504 = CARTESIAN_POINT ( 'NONE',  ( 37.41813806569387424, 69.15622655406406238, 5.000000000000000000 ) ) ;
#505 = CARTESIAN_POINT ( 'NONE',  ( 69.99999999999998579, 120.0000000000000000, 5.000000000000000000 ) ) ;
#506 = VERTEX_POINT ( 'NONE', #4046 ) ;
#507 = CARTESIAN_POINT ( 'NONE',  ( 73.57661086496244707, 46.01667645971304665, 0.4744630450125235099 ) ) ;
#508 = VECTOR ( 'NONE', #4269, 1000.000000000000000 ) ;
#509 = CARTESIAN_POINT ( 'NONE',  ( 65.35148764806179145, 19.38669273430911844, 4.599999999999999645 ) ) ;
#510 = CARTESIAN_POINT ( 'NONE',  ( 0.8786796564403583920, 75.00000000000000000, 0.2928932188134524273 ) ) ;
#511 = CARTESIAN_POINT ( 'NONE',  ( 44.98508136713597594, 52.54447620889911974, 4.599999999999999645 ) ) ;
#512 = DIRECTION ( 'NONE',  ( -0.9459077980375683037, 0.3244355677352885881, 0.000000000000000000 ) ) ;
#513 = EDGE_CURVE ( 'NONE', #4212, #2156, #533, .T. ) ;
#514 = DIRECTION ( 'NONE',  ( -0.000000000000000000, -0.000000000000000000, 1.000000000000000000 ) ) ;
#515 = LINE ( 'NONE', #2057, #416 ) ;
#516 = VERTEX_POINT ( 'NONE', #2132 ) ;
#517 = EDGE_LOOP ( 'NONE', ( #2845, #601, #4344, #1082 ) ) ;
#518 = EDGE_LOOP ( 'NONE', ( #3548, #2951, #2810, #1537 ) ) ;
#519 = B_SPLINE_CURVE_WITH_KNOTS ( 'NONE', 3,
 ( #3123, #3196, #1220, #1199 ),
 .UNSPECIFIED., .F., .F.,
 ( 4, 4 ),
 ( 3.000000000000000000, 4.000000000000000000 ),
 .UNSPECIFIED. ) ;
#520 = CARTESIAN_POINT ( 'NONE',  ( 0.4999999999999976130, 46.49999999999999289, 1.500000000000000000 ) ) ;
#521 = CARTESIAN_POINT ( 'NONE',  ( 73.50000000000000000, 73.50000000000000000, 1.500000000000000000 ) ) ;
#522 = CARTESIAN_POINT ( 'NONE',  ( 73.50000000000000000, 75.00000000000000000, 0.000000000000000000 ) ) ;
#523 = FACE_OUTER_BOUND ( 'NONE', #4728, .T. ) ;
#524 = VERTEX_POINT ( 'NONE', #2885 ) ;
#525 = VERTEX_POINT ( 'NONE', #630 ) ;
#526 = CARTESIAN_POINT ( 'NONE',  ( 55.44276670398557627, 16.43885722650673742, 4.599999999999999645 ) ) ;
#527 = CARTESIAN_POINT ( 'NONE',  ( 35.87667499726751430, 69.15288993489288316, 4.599999999999999645 ) ) ;
#528 = CARTESIAN_POINT ( 'NONE',  ( 37.41813806569387424, 69.15622655406406238, 4.599999999999999645 ) ) ;
#529 = B_SPLINE_CURVE_WITH_KNOTS ( 'NONE', 3,
 ( #1478, #343, #3049, #1095, #4239, #1885 ),
 .UNSPECIFIED., .F., .F.,
 ( 4, 2, 4 ),
 ( 2.000000000000000000, 3.000000000000000000, 4.000000000000000000 ),
 .UNSPECIFIED. ) ;
#530 = ORIENTED_EDGE ( 'NONE', *, *, #2622, .T. ) ;
#531 = VECTOR ( 'NONE', #4404, 1000.000000000000000 ) ;
#532 = CARTESIAN_POINT ( 'NONE',  ( 74.31793184591964518, 45.11987435654705081, 0.6820681540805199061 ) ) ;
#533 = LINE ( 'NONE', #4870, #4258 ) ;
#534 = DIRECTION ( 'NONE',  ( 0.000000000000000000, 0.000000000000000000, -1.000000000000000000 ) ) ;
#535 = CARTESIAN_POINT ( 'NONE',  ( 1.500000000000000888, 73.59817583765506299, 0.4999999999345502988 ) ) ;
#536 = VECTOR ( 'NONE', #1573, 1000.000000000000000 ) ;
#537 = VECTOR ( 'NONE', #2, 1000.000000000000000 ) ;
#538 = LINE ( 'NONE', #4080, #1551 ) ;
#539 = DIRECTION ( 'NONE',  ( 0.000000000000000000, 0.000000000000000000, -1.000000000000000000 ) ) ;
#540 = ORIENTED_EDGE ( 'NONE', *, *, #4610, .F. ) ;
#541 = VERTEX_POINT ( 'NONE', #2257 ) ;
#542 = VERTEX_POINT ( 'NONE', #657 ) ;
#543 = DIRECTION ( 'NONE',  ( -0.05953976485936679497, 0.9982259345461282907, 0.000000000000000000 ) ) ;
#544 = DIRECTION ( 'NONE',  ( 0.000000000000000000, 0.000000000000000000, -1.000000000000000000 ) ) ;
#545 = PLANE ( 'NONE',  #3316 ) ;
#546 = DIRECTION ( 'NONE',  ( -0.000000000000000000, -0.000000000000000000, 1.000000000000000000 ) ) ;
#547 = ORIENTED_EDGE ( 'NONE', *, *, #4662, .T. ) ;
#548 = VECTOR ( 'NONE', #2512, 1000.000000000000000 ) ;
#549 = ORIENTED_EDGE ( 'NONE', *, *, #1139, .T. ) ;
#550 = CARTESIAN_POINT ( 'NONE',  ( 34.58037044103966906, 60.18697884857790115, 5.000000000000000000 ) ) ;
#551 = FACE_OUTER_BOUND ( 'NONE', #2334, .T. ) ;
#552 = ADVANCED_FACE ( 'NONE', ( #4562 ), #4201, .F. ) ;
#553 = VECTOR ( 'NONE', #2548, 1000.000000000000000 ) ;
#554 = CARTESIAN_POINT ( 'NONE',  ( 38.23827591779982527, 68.33259183104274825, 5.000000000000000000 ) ) ;
#555 = EDGE_CURVE ( 'NONE', #139, #1326, #2675, .T. ) ;
#556 = VERTEX_POINT ( 'NONE', #3474 ) ;
#557 = CARTESIAN_POINT ( 'NONE',  ( -0.1374238320307762662, 63.48754560515362755, 4.599999999999999645 ) ) ;
#558 = CARTESIAN_POINT ( 'NONE',  ( 47.85035056033056122, 66.73785271226965676, 4.599999999999999645 ) ) ;
#559 = DIRECTION ( 'NONE',  ( -1.000000000000000000, -0.000000000000000000, -0.000000000000000000 ) ) ;
#560 = CARTESIAN_POINT ( 'NONE',  ( 35.77095332533829009, 65.84749438515547126, 5.000000000000000000 ) ) ;
#561 = LINE ( 'NONE', #4356, #177 ) ;
#562 = DIRECTION ( 'NONE',  ( 1.000000000000000000, 0.000000000000000000, -3.614007241618347785E-16 ) ) ;
#563 = ORIENTED_EDGE ( 'NONE', *, *, #11, .T. ) ;
#564 = ORIENTED_EDGE ( 'NONE', *, *, #555, .F. ) ;
#565 = ORIENTED_EDGE ( 'NONE', *, *, #1899, .T. ) ;
#566 = CARTESIAN_POINT ( 'NONE',  ( 23.96329594661243689, 60.01231934864183160, 4.599999999999999645 ) ) ;
#567 = CYLINDRICAL_SURFACE ( 'NONE', #4244, 1.500000000000000000 ) ;
#568 = CARTESIAN_POINT ( 'NONE',  ( 46.02826944961941535, 56.22933325006388117, 4.599999999999999645 ) ) ;
#569 = CARTESIAN_POINT ( 'NONE',  ( 35.77095332533829009, 65.84749438515547126, 5.000000000000000000 ) ) ;
#570 = ORIENTED_EDGE ( 'NONE', *, *, #1730, .F. ) ;
#571 = EDGE_LOOP ( 'NONE', ( #3760, #5041, #2996, #1052, #4545 ) ) ;
#572 = ORIENTED_EDGE ( 'NONE', *, *, #3271, .T. ) ;
#573 = PLANE ( 'NONE',  #944 ) ;
#574 = DIRECTION ( 'NONE',  ( 0.000000000000000000, 1.000000000000000000, -0.000000000000000000 ) ) ;
#575 = CARTESIAN_POINT ( 'NONE',  ( 57.49999999999999289, 120.0000000000000000, 0.000000000000000000 ) ) ;
#576 = VECTOR ( 'NONE', #4358, 1000.000000000000000 ) ;
#577 = ORIENTED_EDGE ( 'NONE', *, *, #3522, .F. ) ;
#578 = ORIENTED_EDGE ( 'NONE', *, *, #3041, .T. ) ;
#579 = ADVANCED_FACE ( 'NONE', ( #4589 ), #4710, .F. ) ;
#580 = CARTESIAN_POINT ( 'NONE',  ( 60.62223606764680994, 50.81462765552436167, 5.000000000000000000 ) ) ;
#581 = CARTESIAN_POINT ( 'NONE',  ( 23.96329594661243689, 60.01231934864183160, 4.599999999999999645 ) ) ;
#582 = LINE ( 'NONE', #3246, #553 ) ;
#583 = CARTESIAN_POINT ( 'NONE',  ( 1.348249462496325268, 74.16472675680824977, 0.4494164874987636726 ) ) ;
#584 = EDGE_CURVE ( 'NONE', #49, #1243, #2691, .T. ) ;
#585 = DIRECTION ( 'NONE',  ( 0.000000000000000000, -0.000000000000000000, 1.000000000000000000 ) ) ;
#586 = DIRECTION ( 'NONE',  ( -0.000000000000000000, 0.000000000000000000, -1.000000000000000000 ) ) ;
#587 = EDGE_CURVE ( 'NONE', #882, #4992, #3404, .T. ) ;
#588 = ORIENTED_EDGE ( 'NONE', *, *, #3002, .T. ) ;
#589 = CARTESIAN_POINT ( 'NONE',  ( 29.90268027374996151, 55.46778468053395272, 4.599999999999999645 ) ) ;
#590 = EDGE_CURVE ( 'NONE', #524, #3720, #1802, .T. ) ;
#591 = DIRECTION ( 'NONE',  ( 0.000000000000000000, -1.000000000000000000, -0.000000000000000000 ) ) ;
#592 = CARTESIAN_POINT ( 'NONE',  ( 55.00000000000003553, 120.0000000000000142, -10.00000000000062350 ) ) ;
#593 = CARTESIAN_POINT ( 'NONE',  ( 22.08606763532822725, 58.68548362696230924, 5.000000000000000000 ) ) ;
#594 = CARTESIAN_POINT ( 'NONE',  ( -0.1218020318880143754, 56.27053139211767530, 5.000000000000000000 ) ) ;
#595 = VERTEX_POINT ( 'NONE', #2279 ) ;
#596 = ORIENTED_EDGE ( 'NONE', *, *, #957, .F. ) ;
#597 = ORIENTED_EDGE ( 'NONE', *, *, #1512, .F. ) ;
#598 = VECTOR ( 'NONE', #2365, 1000.000000000000114 ) ;
#599 = FACE_OUTER_BOUND ( 'NONE', #2563, .T. ) ;
#600 = CARTESIAN_POINT ( 'NONE',  ( 19.61719426927506049, 61.80541116459607309, 4.599999999999999645 ) ) ;
#601 = ORIENTED_EDGE ( 'NONE', *, *, #1481, .F. ) ;
#602 = ORIENTED_EDGE ( 'NONE', *, *, #2236, .F. ) ;
#603 = DIRECTION ( 'NONE',  ( 0.000000000000000000, 0.000000000000000000, -1.000000000000000000 ) ) ;
#604 = CARTESIAN_POINT ( 'NONE',  ( 9.449999999999986855, 102.0999999999999943, 3.399999999999999911 ) ) ;
#605 = DIRECTION ( 'NONE',  ( -0.000000000000000000, -0.000000000000000000, 1.000000000000000000 ) ) ;
#606 = DIRECTION ( 'NONE',  ( -0.05953976485936679497, 0.9982259345461282907, 0.000000000000000000 ) ) ;
#607 = CARTESIAN_POINT ( 'NONE',  ( 56.63175517114320456, 69.20134437186605680, 5.000000000000000000 ) ) ;
#608 = AXIS2_PLACEMENT_3D ( 'NONE', #2316, #3906, #1935 ) ;
#609 = CARTESIAN_POINT ( 'NONE',  ( 12.49999999999998757, -6.071532165918824830E-15, -9.999999999999991118 ) ) ;
#610 = EDGE_CURVE ( 'NONE', #4270, #3785, #1061, .T. ) ;
#611 = ORIENTED_EDGE ( 'NONE', *, *, #3388, .T. ) ;
#612 = ORIENTED_EDGE ( 'NONE', *, *, #4618, .T. ) ;
#613 = VECTOR ( 'NONE', #606, 1000.000000000000114 ) ;
#614 = VECTOR ( 'NONE', #755, 1000.000000000000000 ) ;
#615 = CARTESIAN_POINT ( 'NONE',  ( 23.95290432188574670, 64.81307871474692206, 4.599999999999999645 ) ) ;
#616 = CARTESIAN_POINT ( 'NONE',  ( 17.50000000000000000, 117.5000000000000000, -15.00000000000000000 ) ) ;
#617 = CARTESIAN_POINT ( 'NONE',  ( 47.50000000000000000, 117.5000000000000000, -10.00000000000000888 ) ) ;
#618 = DIRECTION ( 'NONE',  ( 0.000000000000000000, -0.000000000000000000, 1.000000000000000000 ) ) ;
#619 = VERTEX_POINT ( 'NONE', #277 ) ;
#620 = ORIENTED_EDGE ( 'NONE', *, *, #746, .T. ) ;
#621 = EDGE_LOOP ( 'NONE', ( #3706, #2632, #1557, #4240 ) ) ;
#622 = CARTESIAN_POINT ( 'NONE',  ( 32.46596180904801088, 71.73792631199650316, 5.000000000000000000 ) ) ;
#623 = CARTESIAN_POINT ( 'NONE',  ( 47.18616342779203876, 52.54924062573878274, 5.000000000000000000 ) ) ;
#624 = CARTESIAN_POINT ( 'NONE',  ( 21.44437530280051263, 61.80936624298266935, 4.599999999999999645 ) ) ;
#625 = AXIS2_PLACEMENT_3D ( 'NONE', #850, #4666, #2429 ) ;
#626 = VERTEX_POINT ( 'NONE', #1420 ) ;
#627 = EDGE_CURVE ( 'NONE', #541, #1944, #680, .T. ) ;
#628 = CIRCLE ( 'NONE', #4161, 1.500000000000000000 ) ;
#629 = CARTESIAN_POINT ( 'NONE',  ( 47.98893882117888410, 53.22823707465383336, 5.000000000000000000 ) ) ;
#630 = CARTESIAN_POINT ( 'NONE',  ( 56.98449280162159880, 69.20210790046715488, 4.599999999999999645 ) ) ;
#631 = CARTESIAN_POINT ( 'NONE',  ( 31.16037302392805231, 49.68205551682147814, 5.000000000000000000 ) ) ;
#632 = CARTESIAN_POINT ( 'NONE',  ( 35.00763628465025334, 51.82798241853258503, 4.599999999999999645 ) ) ;
#633 = CARTESIAN_POINT ( 'NONE',  ( 73.60576933443482517, 74.11837504407677102, 1.394230665565161509 ) ) ;
#634 = EDGE_CURVE ( 'NONE', #4965, #4605, #4153, .T. ) ;
#635 = AXIS2_PLACEMENT_3D ( 'NONE', #1000, #2094, #264 ) ;
#636 = PLANE ( 'NONE',  #3701 ) ;
#637 = ORIENTED_EDGE ( 'NONE', *, *, #2390, .F. ) ;
#638 = LINE ( 'NONE', #2608, #2141 ) ;
#639 = EDGE_CURVE ( 'NONE', #2247, #3785, #3799, .T. ) ;
#640 = EDGE_CURVE ( 'NONE', #1243, #1029, #2986, .T. ) ;
#641 = CARTESIAN_POINT ( 'NONE',  ( 52.50000000000000711, 117.5000000000000000, -10.00000000000062350 ) ) ;
#642 = CARTESIAN_POINT ( 'NONE',  ( 36.14294705659228413, 60.21152601110345159, 5.000000000000000000 ) ) ;
#643 = CARTESIAN_POINT ( 'NONE',  ( 63.55000000000001137, 104.0999999999999943, 0.000000000000000000 ) ) ;
#644 = VERTEX_POINT ( 'NONE', #1896 ) ;
#645 = VECTOR ( 'NONE', #1613, 1000.000000000000000 ) ;
#646 = ORIENTED_EDGE ( 'NONE', *, *, #2659, .F. ) ;
#647 = ORIENTED_EDGE ( 'NONE', *, *, #2128, .F. ) ;
#648 = EDGE_CURVE ( 'NONE', #4247, #186, #4108, .T. ) ;
#649 = ORIENTED_EDGE ( 'NONE', *, *, #1757, .F. ) ;
#650 = DIRECTION ( 'NONE',  ( 0.8955204777199192723, -0.4450203073841547119, 0.000000000000000000 ) ) ;
#651 = DIRECTION ( 'NONE',  ( -0.000000000000000000, -0.000000000000000000, 1.000000000000000000 ) ) ;
#652 = CARTESIAN_POINT ( 'NONE',  ( 19.61719426927506049, 61.80541116459607309, 5.000000000000000000 ) ) ;
#653 = VERTEX_POINT ( 'NONE', #1515 ) ;
#654 = EDGE_CURVE ( 'NONE', #1087, #2929, #4177, .T. ) ;
#655 = CARTESIAN_POINT ( 'NONE',  ( 60.96604679571536423, 51.67958202849354166, 4.599999999999999645 ) ) ;
#656 = VECTOR ( 'NONE', #1403, 1000.000000000000000 ) ;
#657 = CARTESIAN_POINT ( 'NONE',  ( 47.18616342779203876, 52.54924062573878274, 4.599999999999999645 ) ) ;
#658 = CARTESIAN_POINT ( 'NONE',  ( 36.14986462676659329, 57.01572259455750213, 4.599999999999999645 ) ) ;
#659 = CARTESIAN_POINT ( 'NONE',  ( 25.84768651253223481, 69.43806486563988756, 5.000000000000000000 ) ) ;
#660 = CARTESIAN_POINT ( 'NONE',  ( 74.50322304803994200, 73.69634717512361988, 1.490330855880327654 ) ) ;
#661 = EDGE_CURVE ( 'NONE', #2665, #525, #3449, .T. ) ;
#662 = CARTESIAN_POINT ( 'NONE',  ( 48.65312595226107106, 67.41684983397829001, 4.599999999999999645 ) ) ;
#663 = AXIS2_PLACEMENT_3D ( 'NONE', #1652, #512, #1245 ) ;
#664 = CARTESIAN_POINT ( 'NONE',  ( 1.499999999999997335, 46.40182416234465990, 0.4999999999345502988 ) ) ;
#665 = EDGE_LOOP ( 'NONE', ( #3447, #236 ) ) ;
#666 = EDGE_CURVE ( 'NONE', #4294, #2459, #4228, .T. ) ;
#667 = PLANE ( 'NONE',  #3214 ) ;
#668 = DIRECTION ( 'NONE',  ( -0.7071067811865493491, -0.7071067811865455743, -0.000000000000000000 ) ) ;
#669 = CIRCLE ( 'NONE', #3626, 1.250000000000001110 ) ;
#670 = CARTESIAN_POINT ( 'NONE',  ( 59.15031960174529502, 69.19974004816646129, 4.599999999999999645 ) ) ;
#671 = FACE_OUTER_BOUND ( 'NONE', #2430, .T. ) ;
#672 = ORIENTED_EDGE ( 'NONE', *, *, #2991, .T. ) ;
#673 = ORIENTED_EDGE ( 'NONE', *, *, #1223, .F. ) ;
#674 = ORIENTED_EDGE ( 'NONE', *, *, #109, .T. ) ;
#675 = LINE ( 'NONE', #4656, #4383 ) ;
#676 = CARTESIAN_POINT ( 'NONE',  ( 18.96433980743245939, 58.67872639927966816, 5.000000000000000000 ) ) ;
#677 = CARTESIAN_POINT ( 'NONE',  ( 22.08057022590531560, 61.22519618111125084, 4.599999999999999645 ) ) ;
#678 = ORIENTED_EDGE ( 'NONE', *, *, #2641, .F. ) ;
#679 = CARTESIAN_POINT ( 'NONE',  ( 23.56683206712730083, 67.17559582444506816, 5.000000000000000000 ) ) ;
#680 = LINE ( 'NONE', #353, #787 ) ;
#681 = CARTESIAN_POINT ( 'NONE',  ( 53.87637639000512024, 56.38741473562488693, 4.599999999999999645 ) ) ;
#682 = DIRECTION ( 'NONE',  ( -0.000000000000000000, -0.000000000000000000, 1.000000000000000000 ) ) ;
#683 = CARTESIAN_POINT ( 'NONE',  ( 74.50000000000000000, 73.50000000000000000, 1.500000000000000000 ) ) ;
#684 = DIRECTION ( 'NONE',  ( 1.000000000000000000, 0.000000000000000000, 0.000000000000000000 ) ) ;
#685 = CARTESIAN_POINT ( 'NONE',  ( -4.990457593806998435E-15, 44.99999999999999289, -8.575622497214412481E-16 ) ) ;
#686 = VERTEX_POINT ( 'NONE', #3212 ) ;
#687 = ADVANCED_FACE ( 'NONE', ( #2023 ), #3616, .F. ) ;
#688 = VERTEX_POINT ( 'NONE', #1968 ) ;
#689 = AXIS2_PLACEMENT_3D ( 'NONE', #4216, #5045, #1942 ) ;
#690 = CARTESIAN_POINT ( 'NONE',  ( 11.44999999999998863, 102.0999999999999943, 3.399999999999999911 ) ) ;
#691 = DIRECTION ( 'NONE',  ( -1.000000000000000000, 0.000000000000000000, 0.000000000000000000 ) ) ;
#692 = VECTOR ( 'NONE', #2686, 1000.000000000000000 ) ;
#693 = CARTESIAN_POINT ( 'NONE',  ( 74.50000000000000000, 0.000000000000000000, 1.500000000000000000 ) ) ;
#694 = ORIENTED_EDGE ( 'NONE', *, *, #666, .T. ) ;
#695 = ORIENTED_EDGE ( 'NONE', *, *, #2162, .T. ) ;
#696 = VECTOR ( 'NONE', #3282, 1000.000000000000114 ) ;
#697 = EDGE_LOOP ( 'NONE', ( #3628, #4007, #3627 ) ) ;
#698 = VECTOR ( 'NONE', #1462, 1000.000000000000000 ) ;
#699 = ADVANCED_FACE ( 'NONE', ( #2356 ), #4736, .F. ) ;
#700 = DIRECTION ( 'NONE',  ( 1.000000000000000000, 0.000000000000000000, 0.000000000000000000 ) ) ;
#701 = CARTESIAN_POINT ( 'NONE',  ( 43.08109070326097623, 63.58109551050129937, 5.000000000000000000 ) ) ;
#702 = CARTESIAN_POINT ( 'NONE',  ( 65.55000000000001137, 17.99999999999998934, 3.399999999999999911 ) ) ;
#703 =( BOUNDED_CURVE ( )  B_SPLINE_CURVE ( 3, ( #1273, #4002, #3676, #45 ),
 .UNSPECIFIED., .F., .F. ) 
 B_SPLINE_CURVE_WITH_KNOTS ( ( 4, 4 ),
 ( 4.712388980384692339, 6.283185307179586232 ),
 .UNSPECIFIED. ) 
 CURVE ( )  GEOMETRIC_REPRESENTATION_ITEM ( )  RATIONAL_B_SPLINE_CURVE ( ( 1.000000000000000000, 0.8047378541243654926, 0.8047378541243654926, 1.000000000000000000 ) ) 
 REPRESENTATION_ITEM ( '' )  );
#704 = ORIENTED_EDGE ( 'NONE', *, *, #276, .T. ) ;
#705 = VERTEX_POINT ( 'NONE', #4688 ) ;
#706 = EDGE_CURVE ( 'NONE', #1486, #3486, #1773, .T. ) ;
#707 = CARTESIAN_POINT ( 'NONE',  ( 57.49999999999999289, 117.5000000000000000, 0.000000000000000000 ) ) ;
#708 = B_SPLINE_CURVE_WITH_KNOTS ( 'NONE', 3,
 ( #1059, #3110, #352, #780 ),
 .UNSPECIFIED., .F., .F.,
 ( 4, 4 ),
 ( 0.000000000000000000, 1.000000000000000000 ),
 .UNSPECIFIED. ) ;
#709 = ADVANCED_FACE ( 'NONE', ( #3133 ), #3994, .F. ) ;
#710 = CARTESIAN_POINT ( 'NONE',  ( 37.62837630339784312, -6.524415688749411579, 4.599999999999999645 ) ) ;
#711 = CARTESIAN_POINT ( 'NONE',  ( 39.39999999999999858, 26.24999999999999289, 3.399999999999999911 ) ) ;
#712 = CARTESIAN_POINT ( 'NONE',  ( -6.927720163651781748E-16, 75.00000000000000000, -1.592659819528146559E-15 ) ) ;
#713 = AXIS2_PLACEMENT_3D ( 'NONE', #3964, #2408, #3992 ) ;
#714 = EDGE_CURVE ( 'NONE', #4174, #1234, #2699, .T. ) ;
#715 = CARTESIAN_POINT ( 'NONE',  ( 58.98905642500519519, 50.81109250854794368, 5.000000000000000000 ) ) ;
#716 = CARTESIAN_POINT ( 'NONE',  ( 0.3766933956117294313, 45.50875984327557688, 1.130080186835223044 ) ) ;
#717 = CARTESIAN_POINT ( 'NONE',  ( 18.96433980743245939, 58.67872639927966816, 4.599999999999999645 ) ) ;
#718 = EDGE_CURVE ( 'NONE', #2586, #456, #856, .T. ) ;
#719 = ORIENTED_EDGE ( 'NONE', *, *, #2082, .T. ) ;
#720 = CARTESIAN_POINT ( 'NONE',  ( 38.23827591779982527, 68.33259183104274825, 5.000000000000000000 ) ) ;
#721 = CARTESIAN_POINT ( 'NONE',  ( 74.77281964719448126, 73.69754504386276039, 1.490166592345996133 ) ) ;
#722 = DIRECTION ( 'NONE',  ( -0.000000000000000000, -0.000000000000000000, 1.000000000000000000 ) ) ;
#723 = ORIENTED_EDGE ( 'NONE', *, *, #2759, .T. ) ;
#724 = ORIENTED_EDGE ( 'NONE', *, *, #926, .T. ) ;
#725 = ORIENTED_EDGE ( 'NONE', *, *, #1628, .F. ) ;
#726 = LINE ( 'NONE', #3862, #4712 ) ;
#727 = DIRECTION ( 'NONE',  ( 0.000000000000000000, 0.000000000000000000, -1.000000000000000000 ) ) ;
#728 = CARTESIAN_POINT ( 'NONE',  ( 61.25000000000000711, 114.9999999999999858, -15.00000000000000000 ) ) ;
#729 = ORIENTED_EDGE ( 'NONE', *, *, #4512, .T. ) ;
#730 = EDGE_CURVE ( 'NONE', #13, #1248, #3559, .T. ) ;
#731 =( BOUNDED_SURFACE ( )  B_SPLINE_SURFACE ( 3, 2, ( 
 ( #2914, #1805, #2865 ),
 ( #535, #3373, #992 ),
 ( #4436, #3674, #4495 ),
 ( #919, #3325, #2471 ),
 ( #2498, #2526, #2134 ),
 ( #583, #4850, #2887 ),
 ( #4903, #4464, #332 ),
 ( #1446, #4591, #5027 ),
 ( #4976, #2282, #2677 ),
 ( #4276, #758, #736 ),
 ( #4179, #1063, #3869 ),
 ( #2627, #2602, #3017 ),
 ( #1852, #1877, #1493 ),
 ( #4203, #712, #1925 ) ),
 .UNSPECIFIED., .F., .F., .F. ) 
 B_SPLINE_SURFACE_WITH_KNOTS ( ( 4, 2, 2, 2, 2, 2, 4 ),
 ( 3, 3 ),
 ( 3.141592653589793116, 3.337942194439155408, 3.534291735288517255, 3.730641276137879103, 3.926990816987241395, 4.319689898685965090, 4.712388980384689674 ),
 ( 0.000000000000000000, 1.000000000000000000 ),
 .UNSPECIFIED. ) 
 GEOMETRIC_REPRESENTATION_ITEM ( )  RATIONAL_B_SPLINE_SURFACE ( (
 ( 1.000000000000000000, 0.7071067811865475727, 1.000000000000000000),
 ( 1.000000000000000000, 0.7070717008705199591, 1.000000000000000000),
 ( 1.000000000000000000, 0.7117460391535399555, 1.000000000000000000),
 ( 1.000000000000000000, 0.7291288573897736214, 1.000000000000000000),
 ( 1.000000000000000000, 0.7418334672881859992, 1.000000000000000000),
 ( 1.000000000000000000, 0.7723967724090149423, 1.000000000000000000),
 ( 1.000000000000000000, 0.7902180514826961932, 1.000000000000000000),
 ( 1.000000000000000000, 0.8275942267606491987, 1.000000000000000000),
 ( 1.000000000000000000, 0.8471316911967866625, 1.000000000000000000),
 ( 1.000000000000000000, 0.9038128289597403553, 1.000000000000000000),
 ( 1.000000000000000000, 0.9386556746367950010, 1.000000000000000000),
 ( 1.000000000000000000, 0.9867291651255160057, 1.000000000000000000),
 ( 1.000000000000000000, 1.000158598892048500, 1.000000000000000000),
 ( 1.000000000000000000, 1.000000000000000000, 1.000000000000000000) ) ) 
 REPRESENTATION_ITEM ( '' )  SURFACE ( )  );
#732 = LINE ( 'NONE', #5052, #2406 ) ;
#733 = DIRECTION ( 'NONE',  ( -0.9999976573062887564, -0.002164574307906533442, 0.000000000000000000 ) ) ;
#734 = LINE ( 'NONE', #2676, #144 ) ;
#735 = AXIS2_PLACEMENT_3D ( 'NONE', #1319, #1014, #4100 ) ;
#736 = CARTESIAN_POINT ( 'NONE',  ( 0.3072733805563561682, 74.69950020189062911, 0.9218201416690000594 ) ) ;
#737 = DIRECTION ( 'NONE',  ( 0.9725882268251367924, -0.2325341717708094280, 0.000000000000000000 ) ) ;
#738 = CARTESIAN_POINT ( 'NONE',  ( 0.4744630450125210674, 46.01667645971301113, 1.423389135037541386 ) ) ;
#739 = DIRECTION ( 'NONE',  ( -0.9516499064197303515, 0.3071847255501460316, 0.000000000000000000 ) ) ;
#740 = ORIENTED_EDGE ( 'NONE', *, *, #4845, .F. ) ;
#741 = LINE ( 'NONE', #436, #839 ) ;
#742 = CARTESIAN_POINT ( 'NONE',  ( 38.25068550026831105, 54.45232843701710834, 4.599999999999999645 ) ) ;
#743 = LINE ( 'NONE', #2291, #4054 ) ;
#744 = CARTESIAN_POINT ( 'NONE',  ( 59.94118143679965982, 68.86282220606143767, 4.599999999999999645 ) ) ;
#745 = ADVANCED_FACE ( 'NONE', ( #3944 ), #1541, .F. ) ;
#746 = EDGE_CURVE ( 'NONE', #3440, #2658, #2331, .T. ) ;
#747 = ORIENTED_EDGE ( 'NONE', *, *, #2509, .F. ) ;
#748 = EDGE_LOOP ( 'NONE', ( #1579, #2034, #103, #1684 ) ) ;
#749 = ORIENTED_EDGE ( 'NONE', *, *, #4411, .F. ) ;
#750 = CARTESIAN_POINT ( 'NONE',  ( 13.74999999999998757, 116.2500000000000000, -15.00000000000000000 ) ) ;
#751 = CARTESIAN_POINT ( 'NONE',  ( 0.2303039929152719822, 46.49999999999999289, 1.500000000000000000 ) ) ;
#752 = DIRECTION ( 'NONE',  ( 0.000000000000000000, 1.000000000000000000, 0.000000000000000000 ) ) ;
#753 = ORIENTED_EDGE ( 'NONE', *, *, #1027, .T. ) ;
#754 = ORIENTED_EDGE ( 'NONE', *, *, #1139, .F. ) ;
#755 = DIRECTION ( 'NONE',  ( -1.000000000000000000, 0.000000000000000000, 1.301042606982605321E-16 ) ) ;
#756 = DIRECTION ( 'NONE',  ( -0.000000000000000000, 1.000000000000000000, -0.000000000000000000 ) ) ;
#757 = CARTESIAN_POINT ( 'NONE',  ( 31.42165254070773628, -10.77726782925159732, 5.000000000000000000 ) ) ;
#758 = CARTESIAN_POINT ( 'NONE',  ( 0.6820681540804921505, 74.88012564345402211, 0.6820681540804992560 ) ) ;
#759 = AXIS2_PLACEMENT_3D ( 'NONE', #4259, #2289, #3457 ) ;
#760 = CARTESIAN_POINT ( 'NONE',  ( 32.49297329594386241, 48.40096926034961911, 4.599999999999999645 ) ) ;
#761 = CARTESIAN_POINT ( 'NONE',  ( 0.3926218917843692369, 45.03904101202306265, 0.1308739639280551703 ) ) ;
#762 = DIRECTION ( 'NONE',  ( 1.000000000000000000, 0.000000000000000000, -1.883909694910845069E-13 ) ) ;
#763 = ORIENTED_EDGE ( 'NONE', *, *, #2197, .T. ) ;
#764 = CARTESIAN_POINT ( 'NONE',  ( 21.46446609406724448, 118.5355339059327520, -9.999999999999996447 ) ) ;
#765 = VECTOR ( 'NONE', #4865, 1000.000000000000000 ) ;
#766 = CARTESIAN_POINT ( 'NONE',  ( 74.56608420974995965, 45.74827394718922591, 1.301747370749582799 ) ) ;
#767 = ADVANCED_FACE ( 'NONE', ( #1592 ), #3111, .F. ) ;
#768 = FACE_OUTER_BOUND ( 'NONE', #4198, .T. ) ;
#769 = CARTESIAN_POINT ( 'NONE',  ( 35.09940047173320465, 68.10004456002852180, 5.000000000000000000 ) ) ;
#770 = EDGE_CURVE ( 'NONE', #805, #1867, #1097, .T. ) ;
#771 = ORIENTED_EDGE ( 'NONE', *, *, #5028, .F. ) ;
#772 = EDGE_LOOP ( 'NONE', ( #2982, #1616, #3503, #1150, #2607, #2639, #3028, #101, #4529, #4488, #3234, #4921, #4685, #1631, #1816, #351, #4897, #2068, #4846, #1685, #3739, #4213, #4014, #4443, #725, #1, #1712, #447, #2852, #1594, #2012, #2346, #747, #3796, #22, #4773, #4829, #3320, #2059, #298, #1107, #1740, #2206, #119, #4452, #1640 ) ) ;
#773 = VERTEX_POINT ( 'NONE', #1159 ) ;
#774 = B_SPLINE_SURFACE_WITH_KNOTS ( 'NONE', 3, 1, ( 
 ( #1900, #2993 ),
 ( #4619, #2630 ),
 ( #1141, #5059 ),
 ( #313, #2702 ) ),
 .UNSPECIFIED., .F., .F., .F.,
 ( 4, 4 ),
 ( 2, 2 ),
 ( 3.000000000000000000, 4.000000000000000000 ),
 ( 0.000000000000000000, 1.000000000000000000 ),
 .UNSPECIFIED. ) ;
#775 = CARTESIAN_POINT ( 'NONE',  ( 0.01249546401159797038, 45.04040982399680360, 0.3970951604480395525 ) ) ;
#776 = DIRECTION ( 'NONE',  ( 1.000000000000000000, 0.000000000000000000, 0.000000000000000000 ) ) ;
#777 = CARTESIAN_POINT ( 'NONE',  ( 62.49999999999999289, -6.071532165918824830E-15, -5.000000000000000000 ) ) ;
#778 = ORIENTED_EDGE ( 'NONE', *, *, #3206, .T. ) ;
#779 = AXIS2_PLACEMENT_3D ( 'NONE', #3280, #1884, #3435 ) ;
#780 = CARTESIAN_POINT ( 'NONE',  ( 56.20969273636311669, 68.63604813294755047, 4.599999999999999645 ) ) ;
#781 = DIRECTION ( 'NONE',  ( -1.000000000000000000, 0.000000000000000000, 0.000000000000000000 ) ) ;
#782 = CARTESIAN_POINT ( 'NONE',  ( 37.87316993195197767, 69.15721150665848427, 4.599999999999999645 ) ) ;
#783 = EDGE_CURVE ( 'NONE', #1250, #1657, #4297, .T. ) ;
#784 = B_SPLINE_CURVE_WITH_KNOTS ( 'NONE', 3,
 ( #496, #2039, #2350, #2400 ),
 .UNSPECIFIED., .F., .F.,
 ( 4, 4 ),
 ( 4.000000000000000000, 5.000000000000000000 ),
 .UNSPECIFIED. ) ;
#785 = VERTEX_POINT ( 'NONE', #3533 ) ;
#786 = FACE_OUTER_BOUND ( 'NONE', #2196, .T. ) ;
#787 = VECTOR ( 'NONE', #3397, 1000.000000000000000 ) ;
#788 = CARTESIAN_POINT ( 'NONE',  ( 29.90268027374996151, 55.46778468053395272, 5.000000000000000000 ) ) ;
#789 = CARTESIAN_POINT ( 'NONE',  ( 35.00763628465025334, 51.82798241853258503, 4.599999999999999645 ) ) ;
#790 = AXIS2_PLACEMENT_3D ( 'NONE', #4759, #195, #2905 ) ;
#791 = CONICAL_SURFACE ( 'NONE', #713, 1.400000000000012346, 0.7853981633974407295 ) ;
#792 = ORIENTED_EDGE ( 'NONE', *, *, #2957, .T. ) ;
#793 = DIRECTION ( 'NONE',  ( -0.000000000000000000, -0.000000000000000000, -1.000000000000000000 ) ) ;
#794 = CARTESIAN_POINT ( 'NONE',  ( 74.86911433815184580, 45.00000000828689650, 0.1308856618479455614 ) ) ;
#795 = CARTESIAN_POINT ( 'NONE',  ( 60.15309437322863317, 50.81361216108685142, 5.000000000000000000 ) ) ;
#796 = DIRECTION ( 'NONE',  ( 0.000000000000000000, 0.000000000000000000, -1.000000000000000000 ) ) ;
#797 = ORIENTED_EDGE ( 'NONE', *, *, #435, .F. ) ;
#798 = EDGE_LOOP ( 'NONE', ( #1886, #5050, #749, #2562 ) ) ;
#799 = ORIENTED_EDGE ( 'NONE', *, *, #1453, .F. ) ;
#800 = ADVANCED_FACE ( 'NONE', ( #1568 ), #4339, .F. ) ;
#801 = CARTESIAN_POINT ( 'NONE',  ( 41.61370355988124459, 63.57791923454993110, 5.000000000000000000 ) ) ;
#802 = VECTOR ( 'NONE', #1228, 1000.000000000000000 ) ;
#803 = CARTESIAN_POINT ( 'NONE',  ( 33.01779607714239972, 60.15890489015593090, 5.000000000000000000 ) ) ;
#804 = DIRECTION ( 'NONE',  ( 0.9999976573062887564, 0.002164574307903472522, 0.000000000000000000 ) ) ;
#805 = VERTEX_POINT ( 'NONE', #3185 ) ;
#806 = FACE_OUTER_BOUND ( 'NONE', #965, .T. ) ;
#807 = CARTESIAN_POINT ( 'NONE',  ( 26.17347629967591871, 69.52399929548073487, 4.599999999999999645 ) ) ;
#808 = CARTESIAN_POINT ( 'NONE',  ( 47.98893882117888410, 53.22823707465383336, 4.599999999999999645 ) ) ;
#809 = EDGE_CURVE ( 'NONE', #1974, #2736, #2328, .T. ) ;
#810 = EDGE_CURVE ( 'NONE', #981, #287, #2254, .T. ) ;
#811 = CARTESIAN_POINT ( 'NONE',  ( 7.499999999999989342, 2.499999999999993783, 0.000000000000000000 ) ) ;
#812 = CARTESIAN_POINT ( 'NONE',  ( 52.49999999999997868, 117.5000000000000000, -19.99999999999515765 ) ) ;
#813 = CARTESIAN_POINT ( 'NONE',  ( 38.85478914024159991, 50.76751028877509953, 4.599999999999999645 ) ) ;
#814 = EDGE_LOOP ( 'NONE', ( #393, #2347, #1202, #2222 ) ) ;
#815 = CARTESIAN_POINT ( 'NONE',  ( 54.22558589064953338, 56.38817062730887386, 4.599999999999999645 ) ) ;
#816 = EDGE_CURVE ( 'NONE', #1786, #84, #1697, .T. ) ;
#817 = CARTESIAN_POINT ( 'NONE',  ( 28.05446503742488318, 47.25554083441714681, 5.000000000000000000 ) ) ;
#818 = FACE_OUTER_BOUND ( 'NONE', #2928, .T. ) ;
#819 = VECTOR ( 'NONE', #200, 1000.000000000000000 ) ;
#820 = ADVANCED_FACE ( 'NONE', ( #4428 ), #3476, .F. ) ;
#821 = B_SPLINE_CURVE_WITH_KNOTS ( 'NONE', 3,
 ( #4215, #2273, #1153, #3840, #1869, #5018, #1483, #2715, #4290, #4629, #1103, #775, #3792, #2667 ),
 .UNSPECIFIED., .F., .F.,
 ( 4, 2, 2, 2, 2, 2, 4 ),
 ( 0.000000000000000000, 0.0002946116245286736378, 0.0005892232490573472755, 0.0008838348735860208048, 0.001178446498114694551, 0.001767669747172042260, 0.002356892996229389969 ),
 .UNSPECIFIED. ) ;
#822 = EDGE_LOOP ( 'NONE', ( #2787, #4560, #1741, #2076, #4005, #4092 ) ) ;
#823 = ORIENTED_EDGE ( 'NONE', *, *, #2556, .F. ) ;
#824 = ORIENTED_EDGE ( 'NONE', *, *, #4226, .F. ) ;
#825 = CARTESIAN_POINT ( 'NONE',  ( 31.45523698125404621, 60.12377736324087607, 5.000000000000000000 ) ) ;
#826 = FACE_OUTER_BOUND ( 'NONE', #4006, .T. ) ;
#827 = CARTESIAN_POINT ( 'NONE',  ( 19.62533348695867375, 58.04522673193246618, 4.599999999999999645 ) ) ;
#828 = ORIENTED_EDGE ( 'NONE', *, *, #2501, .T. ) ;
#829 = ORIENTED_EDGE ( 'NONE', *, *, #3296, .T. ) ;
#830 = CARTESIAN_POINT ( 'NONE',  ( 48.65312595226107106, 67.41684983397829001, 4.599999999999999645 ) ) ;
#831 = CARTESIAN_POINT ( 'NONE',  ( 16.97589199274863958, 59.84551655870923526, 5.000000000000000000 ) ) ;
#832 = CARTESIAN_POINT ( 'NONE',  ( 43.44441003206581087, 63.58188194402834625, 5.000000000000000000 ) ) ;
#833 = CARTESIAN_POINT ( 'NONE',  ( 63.54999999999999716, 15.99999999999999289, 3.399999999999999911 ) ) ;
#834 = DIRECTION ( 'NONE',  ( 0.9999976573062887564, 0.002164574307900884748, 0.000000000000000000 ) ) ;
#835 = CARTESIAN_POINT ( 'NONE',  ( 12.49999999999998934, -6.071532165918824830E-15, -4.999999999999989342 ) ) ;
#836 = CARTESIAN_POINT ( 'NONE',  ( 37.50000000000000000, 91.55000000000001137, 0.000000000000000000 ) ) ;
#837 = EDGE_CURVE ( 'NONE', #3254, #1441, #3264, .T. ) ;
#838 = ORIENTED_EDGE ( 'NONE', *, *, #770, .F. ) ;
#839 = VECTOR ( 'NONE', #3854, 1000.000000000000000 ) ;
#840 = DIRECTION ( 'NONE',  ( 0.000000000000000000, -0.7071067811865474617, 0.7071067811865476838 ) ) ;
#841 = CARTESIAN_POINT ( 'NONE',  ( 26.87154115849022773, 65.75768277533703099, 5.000000000000000000 ) ) ;
#842 = CARTESIAN_POINT ( 'NONE',  ( 0.002974755088711726701, 74.99016721007923536, 0.1975481995049487294 ) ) ;
#843 = EDGE_CURVE ( 'NONE', #1030, #4122, #4314, .T. ) ;
#844 = VERTEX_POINT ( 'NONE', #2073 ) ;
#845 = ORIENTED_EDGE ( 'NONE', *, *, #271, .T. ) ;
#846 = VERTEX_POINT ( 'NONE', #985 ) ;
#847 = FACE_OUTER_BOUND ( 'NONE', #1692, .T. ) ;
#848 = CARTESIAN_POINT ( 'NONE',  ( 28.05576097198110119, 72.73037325243286944, 4.599999999999999645 ) ) ;
#849 = LINE ( 'NONE', #1156, #4833 ) ;
#850 = CARTESIAN_POINT ( 'NONE',  ( 37.50000000000000000, 26.24999999999999289, 3.399999999999999911 ) ) ;
#851 = VERTEX_POINT ( 'NONE', #4843 ) ;
#852 = ORIENTED_EDGE ( 'NONE', *, *, #1488, .T. ) ;
#853 = EDGE_CURVE ( 'NONE', #1993, #2664, #2518, .T. ) ;
#854 = CARTESIAN_POINT ( 'NONE',  ( 33.00451068268754540, 66.29653818033413870, 5.000000000000000000 ) ) ;
#855 = FACE_OUTER_BOUND ( 'NONE', #814, .T. ) ;
#856 = LINE ( 'NONE', #1237, #1920 ) ;
#857 = LINE ( 'NONE', #4737, #3566 ) ;
#858 = VECTOR ( 'NONE', #1611, 1000.000000000000000 ) ;
#859 = EDGE_CURVE ( 'NONE', #2909, #4263, #2542, .T. ) ;
#860 = AXIS2_PLACEMENT_3D ( 'NONE', #942, #2939, #1016 ) ;
#861 = ADVANCED_FACE ( 'NONE', ( #1776 ), #3638, .F. ) ;
#862 = CIRCLE ( 'NONE', #4390, 1.400000000000012346 ) ;
#863 = CARTESIAN_POINT ( 'NONE',  ( 74.82611657079711165, 45.74279602131743871, 1.309465871075917942 ) ) ;
#864 = CARTESIAN_POINT ( 'NONE',  ( 28.99618295937897017, 74.32974751677330971, 5.000000000000000000 ) ) ;
#865 = CARTESIAN_POINT ( 'NONE',  ( 7.499999999999985789, -6.071532165918824830E-15, -9.999999999999992895 ) ) ;
#866 = ADVANCED_FACE ( 'NONE', ( #1338 ), #3666, .F. ) ;
#867 = ORIENTED_EDGE ( 'NONE', *, *, #3425, .F. ) ;
#868 = CARTESIAN_POINT ( 'NONE',  ( 37.50000000000000000, 26.24999999999999289, 3.399999999999999911 ) ) ;
#869 = DIRECTION ( 'NONE',  ( 0.000000000000000000, -0.000000000000000000, 1.000000000000000000 ) ) ;
#870 = CARTESIAN_POINT ( 'NONE',  ( 57.49999999999999289, 120.0000000000000142, -9.999999999999998224 ) ) ;
#871 = VECTOR ( 'NONE', #3637, 1000.000000000000000 ) ;
#872 = EDGE_CURVE ( 'NONE', #3078, #4501, #4776, .T. ) ;
#873 = ORIENTED_EDGE ( 'NONE', *, *, #3062, .F. ) ;
#874 = ORIENTED_EDGE ( 'NONE', *, *, #1746, .F. ) ;
#875 = EDGE_LOOP ( 'NONE', ( #673, #4236, #4862, #44 ) ) ;
#876 = VECTOR ( 'NONE', #5005, 1000.000000000000000 ) ;
#877 = DIRECTION ( 'NONE',  ( 1.000000000000000000, 0.000000000000000000, 0.000000000000000000 ) ) ;
#878 = CARTESIAN_POINT ( 'NONE',  ( 18.96159110272099824, 59.94858267635414251, 5.000000000000000000 ) ) ;
#879 = LINE ( 'NONE', #905, #2461 ) ;
#880 = CARTESIAN_POINT ( 'NONE',  ( 26.88347510842798016, 60.24439457978235168, 5.000000000000000000 ) ) ;
#881 = ORIENTED_EDGE ( 'NONE', *, *, #3303, .T. ) ;
#882 = VERTEX_POINT ( 'NONE', #2103 ) ;
#883 = AXIS2_PLACEMENT_3D ( 'NONE', #1148, #5089, #4286 ) ;
#884 = DIRECTION ( 'NONE',  ( -0.000000000000000000, -0.000000000000000000, 1.000000000000000000 ) ) ;
#885 = CARTESIAN_POINT ( 'NONE',  ( 11.45000000000000107, 17.99999999999998934, 0.000000000000000000 ) ) ;
#886 = CARTESIAN_POINT ( 'NONE',  ( 22.49999999999999289, 114.9999999999999858, -15.00000000000000000 ) ) ;
#887 = DIRECTION ( 'NONE',  ( 0.000000000000000000, 1.000000000000000000, -0.000000000000000000 ) ) ;
#888 = EDGE_CURVE ( 'NONE', #1786, #4212, #2748, .T. ) ;
#889 = ORIENTED_EDGE ( 'NONE', *, *, #1771, .F. ) ;
#890 = B_SPLINE_CURVE_WITH_KNOTS ( 'NONE', 3,
 ( #566, #615, #903, #4910, #2946, #133 ),
 .UNSPECIFIED., .F., .F.,
 ( 4, 2, 4 ),
 ( 0.000000000000000000, 1.000000000000000000, 2.000000000000000000 ),
 .UNSPECIFIED. ) ;
#891 = CARTESIAN_POINT ( 'NONE',  ( 74.07817985833101204, 45.30049979810934957, 0.3072733805563603315 ) ) ;
#892 = DIRECTION ( 'NONE',  ( 0.002164574307900884748, -0.9999976573062887564, 0.000000000000000000 ) ) ;
#893 = CARTESIAN_POINT ( 'NONE',  ( 17.51381357382892645, -6.007037960595728698, 5.000000000000000000 ) ) ;
#894 = CARTESIAN_POINT ( 'NONE',  ( 38.85478914024159991, 50.76751028877510663, 5.000000000000000000 ) ) ;
#895 = CARTESIAN_POINT ( 'NONE',  ( 31.46693423918955190, 54.71983697195834395, 5.000000000000000000 ) ) ;
#896 =( BOUNDED_SURFACE ( )  B_SPLINE_SURFACE ( 3, 2, ( 
 ( #3068, #1426, #3021 ),
 ( #4255, #3871, #664 ),
 ( #4669, #2703, #2681 ),
 ( #314, #4570, #359 ),
 ( #738, #3454, #1089 ),
 ( #4983, #2263, #1119 ),
 ( #1046, #2215, #4206 ),
 ( #4234, #4594, #1496 ),
 ( #716, #3804, #4644 ),
 ( #1067, #3851, #4620 ),
 ( #1901, #3430, #2606 ),
 ( #4278, #285, #761 ),
 ( #1833, #3403, #334 ),
 ( #2631, #3043, #685 ) ),
 .UNSPECIFIED., .F., .F., .F. ) 
 B_SPLINE_SURFACE_WITH_KNOTS ( ( 4, 2, 2, 2, 2, 2, 4 ),
 ( 3, 3 ),
 ( 6.283185307179586232, 6.479534848028948524, 6.675884388878310816, 6.872233929727672219, 7.068583470577034511, 7.461282552275758206, 7.853981633974482790 ),
 ( 0.000000000000000000, 1.000000000000000000 ),
 .UNSPECIFIED. ) 
 GEOMETRIC_REPRESENTATION_ITEM ( )  RATIONAL_B_SPLINE_SURFACE ( (
 ( 1.000000000000000000, 0.7071067811865475727, 1.000000000000000000),
 ( 1.000000000000000000, 0.7070717008705410533, 1.000000000000000000),
 ( 1.000000000000000000, 0.7117460391535113118, 1.000000000000000000),
 ( 1.000000000000000000, 0.7291288573898078162, 1.000000000000000000),
 ( 1.000000000000000000, 0.7418334672881334857, 1.000000000000000000),
 ( 1.000000000000000000, 0.7723967724090673448, 1.000000000000000000),
 ( 1.000000000000000000, 0.7902180514827672475, 1.000000000000000000),
 ( 1.000000000000000000, 0.8275942267605663760, 1.000000000000000000),
 ( 1.000000000000000000, 0.8471316911967915475, 1.000000000000000000),
 ( 1.000000000000000000, 0.9038128289597299192, 1.000000000000000000),
 ( 1.000000000000000000, 0.9386556746368156512, 1.000000000000000000),
 ( 1.000000000000000000, 0.9867291651254971319, 1.000000000000000000),
 ( 1.000000000000000000, 1.000158598892062045, 1.000000000000000000),
 ( 1.000000000000000000, 1.000000000000000000, 1.000000000000000000) ) ) 
 REPRESENTATION_ITEM ( '' )  SURFACE ( )  );
#897 = CARTESIAN_POINT ( 'NONE',  ( 35.78597283154926600, 50.76086759227584366, 4.599999999999999645 ) ) ;
#898 = VECTOR ( 'NONE', #1702, 1000.000000000000000 ) ;
#899 = ORIENTED_EDGE ( 'NONE', *, *, #3902, .F. ) ;
#900 = ORIENTED_EDGE ( 'NONE', *, *, #2432, .T. ) ;
#901 = ORIENTED_EDGE ( 'NONE', *, *, #4084, .F. ) ;
#902 = VECTOR ( 'NONE', #4329, 1000.000000000000000 ) ;
#903 = CARTESIAN_POINT ( 'NONE',  ( 23.56683206712730083, 67.17559582444506816, 4.599999999999999645 ) ) ;
#904 = CARTESIAN_POINT ( 'NONE',  ( 34.59541195506342603, 53.23804725903598722, 5.000000000000000000 ) ) ;
#905 = CARTESIAN_POINT ( 'NONE',  ( 35.21975722808575426, -6.106783605428752537, 5.000000000000000000 ) ) ;
#906 = FACE_OUTER_BOUND ( 'NONE', #4351, .T. ) ;
#907 = B_SPLINE_CURVE_WITH_KNOTS ( 'NONE', 3,
 ( #1831, #760, #4232, #3899 ),
 .UNSPECIFIED., .F., .F.,
 ( 4, 4 ),
 ( 2.000000000000000000, 3.000000000000000000 ),
 .UNSPECIFIED. ) ;
#908 = VERTEX_POINT ( 'NONE', #3744 ) ;
#909 = ORIENTED_EDGE ( 'NONE', *, *, #3041, .F. ) ;
#910 = CARTESIAN_POINT ( 'NONE',  ( 47.85035056033056122, 66.73785271226967097, 4.599999999999999645 ) ) ;
#911 = DIRECTION ( 'NONE',  ( 0.000000000000000000, -1.000000000000000000, 0.000000000000000000 ) ) ;
#912 = CARTESIAN_POINT ( 'NONE',  ( 38.23827591779982527, 68.33259183104274825, 4.599999999999999645 ) ) ;
#913 = FACE_OUTER_BOUND ( 'NONE', #1911, .T. ) ;
#914 = VERTEX_POINT ( 'NONE', #168 ) ;
#915 = CARTESIAN_POINT ( 'NONE',  ( 74.62330660438824737, 45.50875984327557688, 1.130080186835223044 ) ) ;
#916 = AXIS2_PLACEMENT_3D ( 'NONE', #2401, #4, #398 ) ;
#917 = DIRECTION ( 'NONE',  ( -0.000000000000000000, 0.000000000000000000, -1.000000000000000000 ) ) ;
#918 = CARTESIAN_POINT ( 'NONE',  ( 43.86543613087226845, 62.99724613215688862, 4.599999999999999645 ) ) ;
#919 = CARTESIAN_POINT ( 'NONE',  ( 1.452024985329368745, 73.88892379092472140, 0.4840083284431023203 ) ) ;
#920 = FACE_OUTER_BOUND ( 'NONE', #2476, .T. ) ;
#921 = DIRECTION ( 'NONE',  ( -1.000000000000000000, 0.000000000000000000, 0.000000000000000000 ) ) ;
#922 = EDGE_LOOP ( 'NONE', ( #2321, #76, #2174, #1304 ) ) ;
#923 = ORIENTED_EDGE ( 'NONE', *, *, #3716, .F. ) ;
#924 = VERTEX_POINT ( 'NONE', #575 ) ;
#925 = EDGE_CURVE ( 'NONE', #3983, #5042, #2127, .T. ) ;
#926 = EDGE_CURVE ( 'NONE', #3078, #3338, #1723, .T. ) ;
#927 = FACE_OUTER_BOUND ( 'NONE', #4839, .T. ) ;
#928 = DIRECTION ( 'NONE',  ( 1.000000000000000000, -0.000000000000000000, -0.000000000000000000 ) ) ;
#929 = LINE ( 'NONE', #1359, #696 ) ;
#930 = LINE ( 'NONE', #3506, #4491 ) ;
#931 = ORIENTED_EDGE ( 'NONE', *, *, #3313, .F. ) ;
#932 = VERTEX_POINT ( 'NONE', #223 ) ;
#933 = CARTESIAN_POINT ( 'NONE',  ( 47.98893882117888410, 53.22823707465383336, 4.599999999999999645 ) ) ;
#934 = LINE ( 'NONE', #503, #4073 ) ;
#935 = DIRECTION ( 'NONE',  ( -1.000000000000000000, -0.000000000000000000, 1.908195823574487804E-16 ) ) ;
#936 = ORIENTED_EDGE ( 'NONE', *, *, #2376, .T. ) ;
#937 = VECTOR ( 'NONE', #2605, 1000.000000000000000 ) ;
#938 = FACE_BOUND ( 'NONE', #2645, .T. ) ;
#939 = VECTOR ( 'NONE', #668, 1000.000000000000114 ) ;
#940 = DIRECTION ( 'NONE',  ( -1.000000000000000000, 0.000000000000000000, 0.000000000000000000 ) ) ;
#941 = DIRECTION ( 'NONE',  ( -0.000000000000000000, -0.000000000000000000, -1.000000000000000000 ) ) ;
#942 = CARTESIAN_POINT ( 'NONE',  ( 5.000000000000000000, 120.0000000000000000, 0.000000000000000000 ) ) ;
#943 = CIRCLE ( 'NONE', #860, 5.000000000000000000 ) ;
#944 = AXIS2_PLACEMENT_3D ( 'NONE', #1390, #2977, #3312 ) ;
#945 = FACE_OUTER_BOUND ( 'NONE', #5039, .T. ) ;
#946 = B_SPLINE_SURFACE_WITH_KNOTS ( 'NONE', 3, 1, ( 
 ( #3907, #5068 ),
 ( #1125, #3000 ),
 ( #1529, #4625 ),
 ( #1072, #391 ) ),
 .UNSPECIFIED., .F., .F., .F.,
 ( 4, 4 ),
 ( 2, 2 ),
 ( 21.00000000000000000, 22.00000000000000000 ),
 ( 0.000000000000000000, 1.000000000000000000 ),
 .UNSPECIFIED. ) ;
#947 = CARTESIAN_POINT ( 'NONE',  ( 43.86543613087226845, 62.99724613215688862, 4.599999999999999645 ) ) ;
#948 = CARTESIAN_POINT ( 'NONE',  ( 73.50000000000000000, 75.00000000000000000, 1.500000000000000000 ) ) ;
#949 = ORIENTED_EDGE ( 'NONE', *, *, #2989, .T. ) ;
#950 = ORIENTED_EDGE ( 'NONE', *, *, #4573, .T. ) ;
#951 = VERTEX_POINT ( 'NONE', #1057 ) ;
#952 = LINE ( 'NONE', #2510, #2009 ) ;
#953 = CARTESIAN_POINT ( 'NONE',  ( 36.09999999999998721, 26.24999999999999289, 0.000000000000000000 ) ) ;
#954 = CARTESIAN_POINT ( 'NONE',  ( 26.89661543495349250, 54.17378028218959685, 5.000000000000000000 ) ) ;
#955 = EDGE_CURVE ( 'NONE', #914, #3260, #3321, .T. ) ;
#956 = ORIENTED_EDGE ( 'NONE', *, *, #1167, .T. ) ;
#957 = EDGE_CURVE ( 'NONE', #2354, #5011, #2437, .T. ) ;
#958 = AXIS2_PLACEMENT_3D ( 'NONE', #4889, #1331, #1360 ) ;
#959 = ORIENTED_EDGE ( 'NONE', *, *, #179, .T. ) ;
#960 = CARTESIAN_POINT ( 'NONE',  ( 23.97390899241983675, 55.10926709234449561, 5.000000000000000000 ) ) ;
#961 = CARTESIAN_POINT ( 'NONE',  ( 27.50000000000062528, 117.5000000000000000, -4.999999999999997335 ) ) ;
#962 = CARTESIAN_POINT ( 'NONE',  ( 22.08331893061677320, 59.95533990403678359, 4.599999999999999645 ) ) ;
#963 = EDGE_CURVE ( 'NONE', #4748, #492, #3366, .T. ) ;
#964 = EDGE_LOOP ( 'NONE', ( #288, #3157 ) ) ;
#965 = EDGE_LOOP ( 'NONE', ( #3289, #3634, #3783, #2150 ) ) ;
#966 = FACE_OUTER_BOUND ( 'NONE', #3556, .T. ) ;
#967 = LINE ( 'NONE', #4022, #3102 ) ;
#968 = ADVANCED_FACE ( 'NONE', ( #4559 ), #3057, .F. ) ;
#969 = DIRECTION ( 'NONE',  ( 0.3244355677353744083, 0.9459077980375387718, 0.000000000000000000 ) ) ;
#970 = LINE ( 'NONE', #1753, #297 ) ;
#971 = EDGE_CURVE ( 'NONE', #2521, #4242, #2181, .T. ) ;
#972 = CARTESIAN_POINT ( 'NONE',  ( 74.86911433815198791, 74.99999999171568277, 0.1308856618478415335 ) ) ;
#973 = CARTESIAN_POINT ( 'NONE',  ( 45.34840069594080347, 52.54526264242620215, 4.599999999999999645 ) ) ;
#974 = VERTEX_POINT ( 'NONE', #4631 ) ;
#975 = ORIENTED_EDGE ( 'NONE', *, *, #4611, .F. ) ;
#976 = CARTESIAN_POINT ( 'NONE',  ( 29.89265525571779136, 60.09923018964615693, 4.599999999999999645 ) ) ;
#977 = LINE ( 'NONE', #4033, #2985 ) ;
#978 = DIRECTION ( 'NONE',  ( -1.000000000000000000, 0.000000000000000000, 0.000000000000000000 ) ) ;
#979 = LINE ( 'NONE', #2535, #3368 ) ;
#980 = CARTESIAN_POINT ( 'NONE',  ( 72.50000000000000000, 4.999999999999993783, -12.50000000000000000 ) ) ;
#981 = VERTEX_POINT ( 'NONE', #4998 ) ;
#982 = ORIENTED_EDGE ( 'NONE', *, *, #2773, .T. ) ;
#983 = DIRECTION ( 'NONE',  ( -1.000000000000000000, 0.000000000000000000, 0.000000000000000000 ) ) ;
#984 = DIRECTION ( 'NONE',  ( 0.000000000000000000, 0.000000000000000000, 1.000000000000000000 ) ) ;
#985 = CARTESIAN_POINT ( 'NONE',  ( 54.64768155626245516, 56.93935805308352371, 5.000000000000000000 ) ) ;
#986 = EDGE_LOOP ( 'NONE', ( #1810, #3654, #771, #578, #1054 ) ) ;
#987 = ORIENTED_EDGE ( 'NONE', *, *, #2440, .T. ) ;
#988 = EDGE_CURVE ( 'NONE', #4745, #2182, #1106, .T. ) ;
#989 = CARTESIAN_POINT ( 'NONE',  ( 0.000000000000000000, 0.000000000000000000, 5.000000000000000000 ) ) ;
#990 = DIRECTION ( 'NONE',  ( -0.000000000000000000, -0.000000000000000000, 1.000000000000000000 ) ) ;
#991 = CARTESIAN_POINT ( 'NONE',  ( 7.499999999999989342, 2.499999999999993783, 0.000000000000000000 ) ) ;
#992 = CARTESIAN_POINT ( 'NONE',  ( 0.4999999999345511870, 73.59817583765506299, 1.500000000000000000 ) ) ;
#993 = EDGE_CURVE ( 'NONE', #2712, #2684, #2204, .T. ) ;
#994 = CARTESIAN_POINT ( 'NONE',  ( 74.55058351250134763, 74.16472675680824977, 1.348249462496324158 ) ) ;
#995 = ADVANCED_FACE ( 'NONE', ( #4535 ), #2620, .F. ) ;
#996 = CARTESIAN_POINT ( 'NONE',  ( 20.88358404535131641, -6.741047825046448949, 5.000000000000000000 ) ) ;
#997 = VERTEX_POINT ( 'NONE', #2593 ) ;
#998 = CARTESIAN_POINT ( 'NONE',  ( 22.49999999999999289, 114.9999999999999858, 0.000000000000000000 ) ) ;
#999 =( NAMED_UNIT ( * ) SI_UNIT ( $, .STERADIAN. ) SOLID_ANGLE_UNIT ( ) );
#1000 = CARTESIAN_POINT ( 'NONE',  ( 75.00000000000000000, 46.49999999999999289, 0.000000000000000000 ) ) ;
#1001 = CARTESIAN_POINT ( 'NONE',  ( 21.45251452048412588, 58.04918181031906244, 5.000000000000000000 ) ) ;
#1003 = ADVANCED_FACE ( 'NONE', ( #2644 ), #5085, .F. ) ;
#1002 = DIRECTION ( 'NONE',  ( 0.000000000000000000, 0.000000000000000000, -1.000000000000000000 ) ) ;
#1004 = EDGE_LOOP ( 'NONE', ( #2830, #867, #1232, #3465, #4767, #2277, #2394, #3859, #2104, #611, #3120, #1434, #3386, #461, #1734, #1633, #3261, #1945, #2129, #2877, #3910, #4375, #1325, #1168, #3173, #1132, #1196, #467, #3279, #540, #2910, #1389, #4057, #3301, #3084 ) ) ;
#1005 = ORIENTED_EDGE ( 'NONE', *, *, #134, .T. ) ;
#1006 = VERTEX_POINT ( 'NONE', #4197 ) ;
#1007 = VECTOR ( 'NONE', #3542, 1000.000000000000000 ) ;
#1008 = DIRECTION ( 'NONE',  ( 0.9852984844326472258, -0.1708417296058796220, 0.000000000000000000 ) ) ;
#1009 = LINE ( 'NONE', #4864, #2411 ) ;
#1010 = CARTESIAN_POINT ( 'NONE',  ( 18.95884240092216899, 61.21843760784149424, 4.599999999999999645 ) ) ;
#1011 = EDGE_CURVE ( 'NONE', #2713, #2638, #3342, .T. ) ;
#1012 = EDGE_LOOP ( 'NONE', ( #1121, #1607, #2393, #29 ) ) ;
#1013 = CARTESIAN_POINT ( 'NONE',  ( 44.98508136713597594, 52.54447620889911974, 5.000000000000000000 ) ) ;
#1014 = DIRECTION ( 'NONE',  ( -1.000000000000000000, 0.000000000000000000, -0.000000000000000000 ) ) ;
#1015 = CARTESIAN_POINT ( 'NONE',  ( 31.14016907216635133, 70.42308002101647446, 4.599999999999999645 ) ) ;
#1016 = DIRECTION ( 'NONE',  ( 0.000000000000000000, 0.000000000000000000, -1.000000000000000000 ) ) ;
#1017 = ADVANCED_FACE ( 'NONE', ( #1393 ), #3103, .T. ) ;
#1018 = EDGE_CURVE ( 'NONE', #4508, #1340, #1464, .T. ) ;
#1019 = CARTESIAN_POINT ( 'NONE',  ( 56.98449280162160591, 69.20210790046714067, 5.000000000000000000 ) ) ;
#1020 = DIRECTION ( 'NONE',  ( -1.000000000000000000, 0.000000000000000000, 0.000000000000000000 ) ) ;
#1021 = EDGE_CURVE ( 'NONE', #4940, #4957, #4365, .T. ) ;
#1022 = EDGE_LOOP ( 'NONE', ( #1725, #4098, #2300, #2130 ) ) ;
#1023 = ORIENTED_EDGE ( 'NONE', *, *, #971, .T. ) ;
#1024 = LINE ( 'NONE', #261, #3143 ) ;
#1025 = CARTESIAN_POINT ( 'NONE',  ( 38.85478914024159991, 50.76751028877510663, 4.599999999999999645 ) ) ;
#1026 = LINE ( 'NONE', #3809, #2504 ) ;
#1027 = EDGE_CURVE ( 'NONE', #1944, #619, #849, .T. ) ;
#1028 = B_SPLINE_CURVE_WITH_KNOTS ( 'NONE', 3,
 ( #404, #3213, #2332, #3560 ),
 .UNSPECIFIED., .F., .F.,
 ( 4, 4 ),
 ( 2.000000000000000000, 3.000000000000000000 ),
 .UNSPECIFIED. ) ;
#1029 = VERTEX_POINT ( 'NONE', #3083 ) ;
#1030 = VERTEX_POINT ( 'NONE', #1892 ) ;
#1031 = VERTEX_POINT ( 'NONE', #1206 ) ;
#1032 = PLANE ( 'NONE',  #1102 ) ;
#1033 = DIRECTION ( 'NONE',  ( 1.000000000000000000, -0.000000000000000000, -0.000000000000000000 ) ) ;
#1034 = CARTESIAN_POINT ( 'NONE',  ( 9.449999999999986855, 102.0999999999999943, 3.399999999999999911 ) ) ;
#1035 = EDGE_LOOP ( 'NONE', ( #1655, #829, #4453, #2325 ) ) ;
#1036 = VECTOR ( 'NONE', #3735, 1000.000000000000114 ) ;
#1037 = ORIENTED_EDGE ( 'NONE', *, *, #2178, .F. ) ;
#1038 = CONICAL_SURFACE ( 'NONE', #3916, 1.400000000000012346, 0.7853981633974407295 ) ;
#1039 = DIRECTION ( 'NONE',  ( -0.000000000000000000, -0.000000000000000000, 1.000000000000000000 ) ) ;
#1040 = CARTESIAN_POINT ( 'NONE',  ( 59.58065994151687761, 69.20067155399181047, 5.000000000000000000 ) ) ;
#1041 = DIRECTION ( 'NONE',  ( -0.8620252156715659808, 0.5068653939128120456, 0.000000000000000000 ) ) ;
#1042 = CARTESIAN_POINT ( 'NONE',  ( 25.84768651253223481, 69.43806486563988756, 4.599999999999999645 ) ) ;
#1043 = ADVANCED_FACE ( 'NONE', ( #3940 ), #1229, .T. ) ;
#1044 = VECTOR ( 'NONE', #605, 1000.000000000000000 ) ;
#1045 = LINE ( 'NONE', #3020, #2484 ) ;
#1046 = CARTESIAN_POINT ( 'NONE',  ( 0.4339157902498672059, 45.74827394718922591, 1.301747370749582799 ) ) ;
#1047 = EDGE_LOOP ( 'NONE', ( #4338, #3224, #2615 ) ) ;
#1048 = CARTESIAN_POINT ( 'NONE',  ( 28.99618295937896306, 45.67025248322667608, 5.000000000000000000 ) ) ;
#1049 = DIRECTION ( 'NONE',  ( -1.000000000000000000, 0.000000000000000000, 0.000000000000000000 ) ) ;
#1050 = CARTESIAN_POINT ( 'NONE',  ( 74.76969600708471830, 73.50000000000000000, 1.500000000000000000 ) ) ;
#1051 = FACE_OUTER_BOUND ( 'NONE', #2452, .T. ) ;
#1052 = ORIENTED_EDGE ( 'NONE', *, *, #2136, .T. ) ;
#1053 = EDGE_LOOP ( 'NONE', ( #1176, #1184, #1794, #4868 ) ) ;
#1054 = ORIENTED_EDGE ( 'NONE', *, *, #3356, .T. ) ;
#1055 = CARTESIAN_POINT ( 'NONE',  ( 52.07689581311743154, 56.62338243729705312, 5.000000000000000000 ) ) ;
#1056 = CARTESIAN_POINT ( 'NONE',  ( 47.50000000000000000, 120.0000000000000142, -10.00000000000000888 ) ) ;
#1057 = CARTESIAN_POINT ( 'NONE',  ( 59.96680715955792351, 68.43253565528095805, 4.599999999999999645 ) ) ;
#1058 = ORIENTED_EDGE ( 'NONE', *, *, #1853, .T. ) ;
#1059 = CARTESIAN_POINT ( 'NONE',  ( 56.98449280162159880, 69.20210790046715488, 4.599999999999999645 ) ) ;
#1060 = CIRCLE ( 'NONE', #4677, 5.000000000000000000 ) ;
#1061 = LINE ( 'NONE', #3038, #136 ) ;
#1062 = CARTESIAN_POINT ( 'NONE',  ( 22.50000000000000000, 114.9999999999999858, -15.00000000000000000 ) ) ;
#1063 = CARTESIAN_POINT ( 'NONE',  ( 0.5373072040764269586, 74.92874584100017898, 0.5373072040764261814 ) ) ;
#1064 = LINE ( 'NONE', #3754, #1066 ) ;
#1065 = CARTESIAN_POINT ( 'NONE',  ( 16.96517205049047661, 64.79795321356733950, 5.000000000000000000 ) ) ;
#1066 = VECTOR ( 'NONE', #4568, 1000.000000000000000 ) ;
#1067 = CARTESIAN_POINT ( 'NONE',  ( 0.3072733805563578890, 45.30049979810937799, 0.9218201416690275929 ) ) ;
#1068 = EDGE_CURVE ( 'NONE', #4628, #3817, #2717, .T. ) ;
#1069 = ORIENTED_EDGE ( 'NONE', *, *, #1646, .F. ) ;
#1070 = CARTESIAN_POINT ( 'NONE',  ( 34.58037044103966906, 60.18697884857790115, 5.000000000000000000 ) ) ;
#1071 = LINE ( 'NONE', #5013, #1185 ) ;
#1072 = CARTESIAN_POINT ( 'NONE',  ( 35.78597283154926600, 50.76086759227583656, 4.599999999999999645 ) ) ;
#1073 = CARTESIAN_POINT ( 'NONE',  ( -2.417770844642675282E-15, 46.49999999999999289, 0.000000000000000000 ) ) ;
#1074 = ORIENTED_EDGE ( 'NONE', *, *, #4504, .T. ) ;
#1075 = EDGE_CURVE ( 'NONE', #3860, #4605, #3155, .T. ) ;
#1076 = ORIENTED_EDGE ( 'NONE', *, *, #3062, .T. ) ;
#1077 = EDGE_LOOP ( 'NONE', ( #2785, #3201, #649, #2811 ) ) ;
#1078 = ADVANCED_FACE ( 'NONE', ( #2765 ), #2373, .F. ) ;
#1079 = LINE ( 'NONE', #3104, #1096 ) ;
#1080 = CARTESIAN_POINT ( 'NONE',  ( 7.499999999999989342, -6.071532165918824830E-15, 2.168404344971008868E-14 ) ) ;
#1081 = CARTESIAN_POINT ( 'NONE',  ( 18.96159110272099824, 59.94858267635414251, 5.000000000000000000 ) ) ;
#1082 = ORIENTED_EDGE ( 'NONE', *, *, #783, .T. ) ;
#1083 = CARTESIAN_POINT ( 'NONE',  ( -10.93025206120001513, 6.426919324222285290, 5.000000000000000000 ) ) ;
#1084 = DIRECTION ( 'NONE',  ( -0.000000000000000000, -0.000000000000000000, 1.000000000000000000 ) ) ;
#1085 = CARTESIAN_POINT ( 'NONE',  ( 36.14294705659228413, 60.21152601110345159, 4.599999999999999645 ) ) ;
#1086 = CARTESIAN_POINT ( 'NONE',  ( 26.88347510842798016, 60.24439457978235168, 5.000000000000000000 ) ) ;
#1087 = VERTEX_POINT ( 'NONE', #2299 ) ;
#1088 = CARTESIAN_POINT ( 'NONE',  ( 17.50000000000000000, 117.5000000000000000, 0.000000000000000000 ) ) ;
#1089 = CARTESIAN_POINT ( 'NONE',  ( 1.423389135037539610, 46.01667645971301113, 0.4744630450125235099 ) ) ;
#1090 = DIRECTION ( 'NONE',  ( 0.000000000000000000, 0.000000000000000000, 1.000000000000000000 ) ) ;
#1091 = ORIENTED_EDGE ( 'NONE', *, *, #1858, .T. ) ;
#1092 = DIRECTION ( 'NONE',  ( -0.000000000000000000, -0.000000000000000000, 1.000000000000000000 ) ) ;
#1093 = VECTOR ( 'NONE', #1291, 1000.000000000000114 ) ;
#1094 = CARTESIAN_POINT ( 'NONE',  ( 74.79348989583553475, 73.98542895927329255, 1.422671342195628519 ) ) ;
#1095 = CARTESIAN_POINT ( 'NONE',  ( 15.24677488885592602, 50.38836122693026454, 5.000000000000000000 ) ) ;
#1096 = VECTOR ( 'NONE', #4681, 1000.000000000000000 ) ;
#1097 = B_SPLINE_CURVE_WITH_KNOTS ( 'NONE', 3,
 ( #4272, #2720, #3893, #1187 ),
 .UNSPECIFIED., .F., .F.,
 ( 4, 4 ),
 ( 39.00000000000000000, 40.00000000000000000 ),
 .UNSPECIFIED. ) ;
#1098 = EDGE_LOOP ( 'NONE', ( #141, #4020, #4802, #3115, #2199, #4582, #3567, #4135, #674, #4715, #2722, #2786, #3791, #130, #1617, #672, #3421, #3252, #1822, #4474, #2919, #1565, #4175, #4530, #2269, #2805, #3199, #4346, #3693, #1285, #1532, #530, #1664, #2537, #694, #704, #468, #3810, #3521, #2099, #4652, #778, #2114, #4444, #3903, #729 ) ) ;
#1099 = EDGE_LOOP ( 'NONE', ( #3747, #3189, #3330, #446 ) ) ;
#1100 = VECTOR ( 'NONE', #2948, 1000.000000000000000 ) ;
#1101 = ORIENTED_EDGE ( 'NONE', *, *, #2135, .F. ) ;
#1102 = AXIS2_PLACEMENT_3D ( 'NONE', #4171, #1008, #1365 ) ;
#1103 = CARTESIAN_POINT ( 'NONE',  ( 0.05436644855881991867, 45.19061342204799558, 0.7573604411477009579 ) ) ;
#1104 = FACE_OUTER_BOUND ( 'NONE', #217, .T. ) ;
#1105 = EDGE_CURVE ( 'NONE', #3942, #516, #4659, .T. ) ;
#1106 = LINE ( 'NONE', #4943, #152 ) ;
#1107 = ORIENTED_EDGE ( 'NONE', *, *, #2197, .F. ) ;
#1108 = ORIENTED_EDGE ( 'NONE', *, *, #4610, .T. ) ;
#1109 = B_SPLINE_CURVE_WITH_KNOTS ( 'NONE', 3,
 ( #1525, #2707, #2685, #3095 ),
 .UNSPECIFIED., .F., .F.,
 ( 4, 4 ),
 ( 4.000000000000000000, 5.000000000000000000 ),
 .UNSPECIFIED. ) ;
#1110 = CARTESIAN_POINT ( 'NONE',  ( 38.90000000000001279, 91.55000000000001137, 0.000000000000000000 ) ) ;
#1111 = DIRECTION ( 'NONE',  ( 1.000000000000000000, 0.000000000000000000, -3.614007241618347785E-16 ) ) ;
#1112 = CARTESIAN_POINT ( 'NONE',  ( 39.39999999999999858, 26.24999999999999289, 0.4999999999999965583 ) ) ;
#1113 = CARTESIAN_POINT ( 'NONE',  ( 65.35148764806179145, 19.38669273430911844, 4.599999999999999645 ) ) ;
#1114 = AXIS2_PLACEMENT_3D ( 'NONE', #989, #4152, #4460 ) ;
#1115 = ORIENTED_EDGE ( 'NONE', *, *, #639, .F. ) ;
#1116 = EDGE_CURVE ( 'NONE', #1710, #3955, #2213, .T. ) ;
#1117 = PLANE ( 'NONE',  #4708 ) ;
#1118 = EDGE_CURVE ( 'NONE', #1965, #430, #225, .T. ) ;
#1119 = CARTESIAN_POINT ( 'NONE',  ( 1.348249462496321271, 45.83527324319172891, 0.4494164874987637281 ) ) ;
#1120 = DIRECTION ( 'NONE',  ( -0.000000000000000000, -0.000000000000000000, 1.000000000000000000 ) ) ;
#1121 = ORIENTED_EDGE ( 'NONE', *, *, #3601, .T. ) ;
#1122 = CARTESIAN_POINT ( 'NONE',  ( 54.64768155626244805, 56.93935805308353082, 4.599999999999999645 ) ) ;
#1123 = AXIS2_PLACEMENT_3D ( 'NONE', #4245, #1463, #727 ) ;
#1124 = CARTESIAN_POINT ( 'NONE',  ( 42.52799392477230356, 59.99606587957203629, 4.599999999999999645 ) ) ;
#1125 = CARTESIAN_POINT ( 'NONE',  ( 34.84299446063909045, 51.29851711344042542, 4.599999999999999645 ) ) ;
#1126 = ORIENTED_EDGE ( 'NONE', *, *, #1214, .T. ) ;
#1127 = ORIENTED_EDGE ( 'NONE', *, *, #2018, .T. ) ;
#1128 = ORIENTED_EDGE ( 'NONE', *, *, #2809, .T. ) ;
#1129 = DIRECTION ( 'NONE',  ( -0.000000000000000000, -0.000000000000000000, 1.000000000000000000 ) ) ;
#1130 = CARTESIAN_POINT ( 'NONE',  ( 0.000000000000000000, 0.000000000000000000, 0.000000000000000000 ) ) ;
#1131 = CARTESIAN_POINT ( 'NONE',  ( 16.97589199274863958, 59.84551655870923526, 4.599999999999999645 ) ) ;
#1132 = ORIENTED_EDGE ( 'NONE', *, *, #3182, .F. ) ;
#1133 = ORIENTED_EDGE ( 'NONE', *, *, #3612, .T. ) ;
#1134 = LINE ( 'NONE', #2698, #1508 ) ;
#1135 = CARTESIAN_POINT ( 'NONE',  ( 27.11389941078662247, 71.12337289908460036, 4.599999999999999645 ) ) ;
#1136 = LINE ( 'NONE', #3608, #1847 ) ;
#1137 = DIRECTION ( 'NONE',  ( -0.000000000000000000, -0.000000000000000000, 1.000000000000000000 ) ) ;
#1138 = EDGE_CURVE ( 'NONE', #2689, #2543, #3986, .T. ) ;
#1139 = EDGE_CURVE ( 'NONE', #1872, #2696, #27, .T. ) ;
#1140 = VECTOR ( 'NONE', #2801, 1000.000000000000000 ) ;
#1141 = CARTESIAN_POINT ( 'NONE',  ( 32.46596180904801088, 71.73792631199650316, 4.599999999999999645 ) ) ;
#1142 = CARTESIAN_POINT ( 'NONE',  ( 26.88347510842798016, 60.24439457978235168, 4.599999999999999645 ) ) ;
#1143 = CARTESIAN_POINT ( 'NONE',  ( 19.62533348695867375, 58.04522673193246618, 5.000000000000000000 ) ) ;
#1144 = ORIENTED_EDGE ( 'NONE', *, *, #1382, .F. ) ;
#1145 = CARTESIAN_POINT ( 'NONE',  ( 65.55000000000001137, 102.0999999999999943, 3.399999999999999911 ) ) ;
#1146 = CARTESIAN_POINT ( 'NONE',  ( 75.00000000000000000, 44.99999999999999289, -1.715124499442881905E-15 ) ) ;
#1147 = FACE_OUTER_BOUND ( 'NONE', #1292, .T. ) ;
#1148 = CARTESIAN_POINT ( 'NONE',  ( 0.000000000000000000, 0.000000000000000000, 4.599999999999999645 ) ) ;
#1149 = ORIENTED_EDGE ( 'NONE', *, *, #4881, .F. ) ;
#1150 = ORIENTED_EDGE ( 'NONE', *, *, #1021, .F. ) ;
#1151 = ORIENTED_EDGE ( 'NONE', *, *, #4598, .F. ) ;
#1152 = CIRCLE ( 'NONE', #4027, 2.499999999999995115 ) ;
#1153 = CARTESIAN_POINT ( 'NONE',  ( 0.2271803528055064414, 46.30245495613723961, 1.490166592345997465 ) ) ;
#1154 = EDGE_CURVE ( 'NONE', #2761, #3983, #3498, .T. ) ;
#1155 = CYLINDRICAL_SURFACE ( 'NONE', #4959, 1.500000000000001332 ) ;
#1156 = CARTESIAN_POINT ( 'NONE',  ( 63.35690349420030998, 18.98876614253688899, 5.000000000000000000 ) ) ;
#1157 = ORIENTED_EDGE ( 'NONE', *, *, #501, .F. ) ;
#1158 = LINE ( 'NONE', #707, #4638 ) ;
#1159 = CARTESIAN_POINT ( 'NONE',  ( 22.50000000000000000, 117.5000000000000000, -15.00000000000000000 ) ) ;
#1160 = EDGE_CURVE ( 'NONE', #3260, #2460, #5046, .T. ) ;
#1161 = CARTESIAN_POINT ( 'NONE',  ( 27.50000000000061462, 120.0000000000000142, -2.499999999999972022 ) ) ;
#1162 = ORIENTED_EDGE ( 'NONE', *, *, #2074, .T. ) ;
#1163 = LINE ( 'NONE', #2335, #2157 ) ;
#1164 = CARTESIAN_POINT ( 'NONE',  ( 58.60291684388124622, 51.57570027742514185, 5.000000000000000000 ) ) ;
#1165 = ADVANCED_FACE ( 'NONE', ( #4342 ), #2324, .F. ) ;
#1166 = DIRECTION ( 'NONE',  ( 0.5107203677843007439, -0.8597468848040501488, 0.000000000000000000 ) ) ;
#1167 = EDGE_CURVE ( 'NONE', #3380, #2664, #9, .T. ) ;
#1168 = ORIENTED_EDGE ( 'NONE', *, *, #4121, .F. ) ;
#1169 = DIRECTION ( 'NONE',  ( 1.000000000000000000, -0.000000000000000000, -0.000000000000000000 ) ) ;
#1170 = CARTESIAN_POINT ( 'NONE',  ( 73.65175053750370182, 45.83527324319167917, 0.4494164874987637281 ) ) ;
#1171 = DIRECTION ( 'NONE',  ( -0.000000000000000000, -0.000000000000000000, -1.000000000000000000 ) ) ;
#1172 = EDGE_CURVE ( 'NONE', #4212, #1786, #2600, .T. ) ;
#1173 = DIRECTION ( 'NONE',  ( 0.000000000000000000, -1.000000000000000000, 0.000000000000000000 ) ) ;
#1174 = ORIENTED_EDGE ( 'NONE', *, *, #2539, .F. ) ;
#1175 = ORIENTED_EDGE ( 'NONE', *, *, #4121, .T. ) ;
#1176 = ORIENTED_EDGE ( 'NONE', *, *, #3922, .T. ) ;
#1177 = AXIS2_PLACEMENT_3D ( 'NONE', #4816, #2048, #2859 ) ;
#1178 = VECTOR ( 'NONE', #4261, 1000.000000000000000 ) ;
#1179 = CARTESIAN_POINT ( 'NONE',  ( 5.000000000000000888, 2.499999999999996003, -10.00000000000000178 ) ) ;
#1180 = EDGE_CURVE ( 'NONE', #2460, #2920, #2456, .T. ) ;
#1181 = CARTESIAN_POINT ( 'NONE',  ( 12.49999999999998757, -6.071532165918824830E-15, -9.999999999999991118 ) ) ;
#1182 = DIRECTION ( 'NONE',  ( -1.000000000000000000, 0.000000000000000000, 0.000000000000000000 ) ) ;
#1183 = VECTOR ( 'NONE', #2482, 1000.000000000000000 ) ;
#1184 = ORIENTED_EDGE ( 'NONE', *, *, #4571, .F. ) ;
#1185 = VECTOR ( 'NONE', #1477, 1000.000000000000000 ) ;
#1186 = CARTESIAN_POINT ( 'NONE',  ( 0.000000000000000000, 0.000000000000000000, 0.000000000000000000 ) ) ;
#1187 = CARTESIAN_POINT ( 'NONE',  ( 59.41939945595165540, 50.81202402019854958, 4.599999999999999645 ) ) ;
#1188 = CARTESIAN_POINT ( 'NONE',  ( 29.89265525571779136, 60.09923018964615693, 5.000000000000000000 ) ) ;
#1189 = EDGE_CURVE ( 'NONE', #2846, #187, #2705, .T. ) ;
#1190 = EDGE_CURVE ( 'NONE', #187, #4398, #1559, .T. ) ;
#1191 = LINE ( 'NONE', #2441, #4220 ) ;
#1192 = VECTOR ( 'NONE', #2625, 1000.000000000000114 ) ;
#1193 = LINE ( 'NONE', #2751, #902 ) ;
#1194 = FACE_OUTER_BOUND ( 'NONE', #159, .T. ) ;
#1195 = AXIS2_PLACEMENT_3D ( 'NONE', #163, #1924, #2065 ) ;
#1196 = ORIENTED_EDGE ( 'NONE', *, *, #1451, .T. ) ;
#1197 = PLANE ( 'NONE',  #3461 ) ;
#1198 = VECTOR ( 'NONE', #2281, 1000.000000000000000 ) ;
#1199 = CARTESIAN_POINT ( 'NONE',  ( 27.11389941078662247, 71.12337289908460036, 5.000000000000000000 ) ) ;
#1200 = DIRECTION ( 'NONE',  ( -0.9587445370430260905, -0.2842690850060091701, 0.000000000000000000 ) ) ;
#1201 = ORIENTED_EDGE ( 'NONE', *, *, #437, .F. ) ;
#1202 = ORIENTED_EDGE ( 'NONE', *, *, #1937, .F. ) ;
#1203 = ORIENTED_EDGE ( 'NONE', *, *, #300, .F. ) ;
#1204 = CARTESIAN_POINT ( 'NONE',  ( 41.19160789426834413, 63.02673180877590653, 5.000000000000000000 ) ) ;
#1205 = DIRECTION ( 'NONE',  ( -1.000000000000000000, 0.000000000000000000, 0.000000000000000000 ) ) ;
#1206 = CARTESIAN_POINT ( 'NONE',  ( 50.49088868411231346, 67.42082781729087060, 5.000000000000000000 ) ) ;
#1207 = ORIENTED_EDGE ( 'NONE', *, *, #2610, .F. ) ;
#1208 = CARTESIAN_POINT ( 'NONE',  ( 28.05576097198110475, 72.73037325243288365, 5.000000000000000000 ) ) ;
#1209 = DIRECTION ( 'NONE',  ( 0.2325341717722711754, 0.9725882268247872942, 0.000000000000000000 ) ) ;
#1210 = DIRECTION ( 'NONE',  ( -1.000000000000000000, 0.000000000000000000, 0.000000000000000000 ) ) ;
#1211 = CARTESIAN_POINT ( 'NONE',  ( 39.20752677072000125, 50.76827381737618339, 4.599999999999999645 ) ) ;
#1212 = EDGE_LOOP ( 'NONE', ( #3853, #3010, #4702, #2364 ) ) ;
#1213 = DIRECTION ( 'NONE',  ( -0.3244355677352885325, -0.9459077980375681927, 0.000000000000000000 ) ) ;
#1214 = EDGE_CURVE ( 'NONE', #4122, #2712, #669, .T. ) ;
#1215 = CARTESIAN_POINT ( 'NONE',  ( 59.41939945595165540, 50.81202402019854958, 5.000000000000000000 ) ) ;
#1216 = PLANE ( 'NONE',  #2240 ) ;
#1217 =( BOUNDED_CURVE ( )  B_SPLINE_CURVE ( 3, ( #3631, #26, #3552, #2817 ),
 .UNSPECIFIED., .F., .F. ) 
 B_SPLINE_CURVE_WITH_KNOTS ( ( 4, 4 ),
 ( 0.000000000000000000, 1.570796326794896558 ),
 .UNSPECIFIED. ) 
 CURVE ( )  GEOMETRIC_REPRESENTATION_ITEM ( )  RATIONAL_B_SPLINE_CURVE ( ( 1.000000000000000000, 0.8047378541243649375, 0.8047378541243649375, 1.000000000000000000 ) ) 
 REPRESENTATION_ITEM ( '' )  );
#1218 = VERTEX_POINT ( 'NONE', #3204 ) ;
#1219 = CARTESIAN_POINT ( 'NONE',  ( 62.50000000000001421, 116.2499999999999858, -15.00000000000000000 ) ) ;
#1220 = CARTESIAN_POINT ( 'NONE',  ( 29.81318971088235159, 69.10801979596014633, 5.000000000000000000 ) ) ;
#1221 = CARTESIAN_POINT ( 'NONE',  ( 52.39487941846498131, 56.38420791783046582, 5.000000000000000000 ) ) ;
#1222 = VECTOR ( 'NONE', #4440, 1000.000000000000000 ) ;
#1223 = EDGE_CURVE ( 'NONE', #1523, #24, #3658, .T. ) ;
#1224 = ORIENTED_EDGE ( 'NONE', *, *, #4194, .F. ) ;
#1225 = ORIENTED_EDGE ( 'NONE', *, *, #347, .T. ) ;
#1226 = ORIENTED_EDGE ( 'NONE', *, *, #1239, .T. ) ;
#1227 = DIRECTION ( 'NONE',  ( -0.000000000000000000, 1.000000000000000000, -0.000000000000000000 ) ) ;
#1228 = DIRECTION ( 'NONE',  ( -0.000000000000000000, -0.000000000000000000, 1.000000000000000000 ) ) ;
#1229 = CYLINDRICAL_SURFACE ( 'NONE', #2855, 2.500000000000002220 ) ;
#1230 = DIRECTION ( 'NONE',  ( -1.000000000000000000, 0.000000000000000000, 0.000000000000000000 ) ) ;
#1231 = EDGE_CURVE ( 'NONE', #1710, #4628, #979, .T. ) ;
#1232 = ORIENTED_EDGE ( 'NONE', *, *, #2053, .F. ) ;
#1233 = EDGE_CURVE ( 'NONE', #3562, #112, #135, .T. ) ;
#1234 = VERTEX_POINT ( 'NONE', #472 ) ;
#1235 = CARTESIAN_POINT ( 'NONE',  ( 47.85035056033056122, 66.73785271226967097, 5.000000000000000000 ) ) ;
#1236 = DIRECTION ( 'NONE',  ( -0.05953976485936680885, 0.9982259345461282907, 0.000000000000000000 ) ) ;
#1237 = CARTESIAN_POINT ( 'NONE',  ( 57.69095163281237149, 65.48929132234873407, 4.599999999999999645 ) ) ;
#1238 = LINE ( 'NONE', #3534, #1500 ) ;
#1239 = EDGE_CURVE ( 'NONE', #139, #4972, #1152, .T. ) ;
#1240 = CARTESIAN_POINT ( 'NONE',  ( 74.91620153717042285, 45.30760537661343079, 0.9152915009332560636 ) ) ;
#1241 = CARTESIAN_POINT ( 'NONE',  ( 58.63206800602740287, 51.14542102133970758, 5.000000000000000000 ) ) ;
#1242 = DIRECTION ( 'NONE',  ( 0.9999976573062887564, 0.002164574307892184243, 0.000000000000000000 ) ) ;
#1243 = VERTEX_POINT ( 'NONE', #4420 ) ;
#1244 = VECTOR ( 'NONE', #1455, 1000.000000000000000 ) ;
#1245 = DIRECTION ( 'NONE',  ( -0.3244355677352885325, -0.9459077980375681927, 0.000000000000000000 ) ) ;
#1246 = DIRECTION ( 'NONE',  ( 0.000000000000000000, 0.000000000000000000, -1.000000000000000000 ) ) ;
#1247 = FACE_OUTER_BOUND ( 'NONE', #4604, .T. ) ;
#1248 = VERTEX_POINT ( 'NONE', #3607 ) ;
#1249 = ORIENTED_EDGE ( 'NONE', *, *, #1865, .F. ) ;
#1250 = VERTEX_POINT ( 'NONE', #4035 ) ;
#1251 = CARTESIAN_POINT ( 'NONE',  ( 22.50000000000000000, -0.001000000000001000089, -10.00000000000000178 ) ) ;
#1252 = DIRECTION ( 'NONE',  ( 0.000000000000000000, 0.000000000000000000, -1.000000000000000000 ) ) ;
#1253 = EDGE_CURVE ( 'NONE', #1218, #4965, #1738, .T. ) ;
#1254 = CARTESIAN_POINT ( 'NONE',  ( 28.50223509472851191, 52.24071647654527339, 5.000000000000000000 ) ) ;
#1255 = FACE_OUTER_BOUND ( 'NONE', #4302, .T. ) ;
#1256 = VERTEX_POINT ( 'NONE', #3231 ) ;
#1257 = ORIENTED_EDGE ( 'NONE', *, *, #3175, .T. ) ;
#1258 = CARTESIAN_POINT ( 'NONE',  ( 57.58860395026325563, 65.51376142484208742, 4.599999999999999645 ) ) ;
#1259 = AXIS2_PLACEMENT_3D ( 'NONE', #4132, #128, #1351 ) ;
#1260 = CARTESIAN_POINT ( 'NONE',  ( 0.000000000000000000, 75.00000000000000000, 0.000000000000000000 ) ) ;
#1261 = DIRECTION ( 'NONE',  ( -0.000000000000000000, -0.000000000000000000, 1.000000000000000000 ) ) ;
#1262 = DIRECTION ( 'NONE',  ( -0.000000000000000000, -0.000000000000000000, 1.000000000000000000 ) ) ;
#1263 = VECTOR ( 'NONE', #1281, 1000.000000000000000 ) ;
#1264 = EDGE_LOOP ( 'NONE', ( #3072, #5015, #5071, #4660 ) ) ;
#1265 = VECTOR ( 'NONE', #16, 1000.000000000000000 ) ;
#1266 = PRODUCT_RELATED_PRODUCT_CATEGORY ( 'part', '', ( #2399 ) ) ;
#1267 = ORIENTED_EDGE ( 'NONE', *, *, #1518, .T. ) ;
#1268 = CARTESIAN_POINT ( 'NONE',  ( 0.000000000000000000, 46.49999999999999289, 0.000000000000000000 ) ) ;
#1269 = CARTESIAN_POINT ( 'NONE',  ( 47.92276532451271720, 52.83655436281766526, 4.599999999999999645 ) ) ;
#1270 = DIRECTION ( 'NONE',  ( 1.000000000000000000, 0.000000000000000000, 0.000000000000000000 ) ) ;
#1271 = CARTESIAN_POINT ( 'NONE',  ( 17.50000000000000000, 117.5000000000000000, -15.00000000000000000 ) ) ;
#1272 = EDGE_CURVE ( 'NONE', #1770, #556, #1859, .T. ) ;
#1273 = CARTESIAN_POINT ( 'NONE',  ( 2.499999999999998668, 4.999999999999993783, -12.50000000000000000 ) ) ;
#1274 = VECTOR ( 'NONE', #3920, 1000.000000000000000 ) ;
#1275 = CARTESIAN_POINT ( 'NONE',  ( 52.07689581311743154, 56.62338243729705312, 5.000000000000000000 ) ) ;
#1276 = AXIS2_PLACEMENT_3D ( 'NONE', #1073, #2637, #1696 ) ;
#1277 = ORIENTED_EDGE ( 'NONE', *, *, #1299, .F. ) ;
#1278 = VERTEX_POINT ( 'NONE', #2428 ) ;
#1279 = ORIENTED_EDGE ( 'NONE', *, *, #4963, .T. ) ;
#1280 = AXIS2_PLACEMENT_3D ( 'NONE', #2913, #4494, #2442 ) ;
#1281 = DIRECTION ( 'NONE',  ( -0.000000000000000000, 1.000000000000000000, -0.000000000000000000 ) ) ;
#1282 = CARTESIAN_POINT ( 'NONE',  ( 32.49297329594386241, 48.40096926034961911, 5.000000000000000000 ) ) ;
#1283 = DIRECTION ( 'NONE',  ( 0.006490873785237705890, 0.9999789340568651097, 0.000000000000000000 ) ) ;
#1284 = DIRECTION ( 'NONE',  ( -0.2870939462787172047, 0.9579024303185126321, 0.000000000000000000 ) ) ;
#1285 = ORIENTED_EDGE ( 'NONE', *, *, #4156, .T. ) ;
#1286 = ORIENTED_EDGE ( 'NONE', *, *, #2734, .T. ) ;
#1287 = CIRCLE ( 'NONE', #1694, 1.899999999999999023 ) ;
#1288 = DIRECTION ( 'NONE',  ( -9.199760500100218944E-17, 0.7071067811865494601, -0.7071067811865456854 ) ) ;
#1289 = CARTESIAN_POINT ( 'NONE',  ( 17.47486356014925235, 52.58369472743159179, 5.000000000000000000 ) ) ;
#1290 = CARTESIAN_POINT ( 'NONE',  ( 18.96159110272099824, 59.94858267635414251, 4.599999999999999645 ) ) ;
#1291 = DIRECTION ( 'NONE',  ( 0.4450203073841546564, 0.8955204777199191613, 0.000000000000000000 ) ) ;
#1292 = EDGE_LOOP ( 'NONE', ( #2776, #1881, #549 ) ) ;
#1293 = ORIENTED_EDGE ( 'NONE', *, *, #4335, .T. ) ;
#1294 = CARTESIAN_POINT ( 'NONE',  ( 74.55058351250134763, 45.83527324319172891, 1.348249462496324158 ) ) ;
#1295 = FACE_OUTER_BOUND ( 'NONE', #875, .T. ) ;
#1296 = CARTESIAN_POINT ( 'NONE',  ( 33.01779607714239972, 60.15890489015593090, 4.599999999999999645 ) ) ;
#1297 = LINE ( 'NONE', #2108, #613 ) ;
#1298 = EDGE_CURVE ( 'NONE', #3052, #4965, #879, .T. ) ;
#1299 = EDGE_CURVE ( 'NONE', #4678, #1657, #929, .T. ) ;
#1300 = LINE ( 'NONE', #1627, #4437 ) ;
#1301 = FACE_OUTER_BOUND ( 'NONE', #2124, .T. ) ;
#1302 = ORIENTED_EDGE ( 'NONE', *, *, #2578, .F. ) ;
#1303 = ORIENTED_EDGE ( 'NONE', *, *, #1913, .T. ) ;
#1304 = ORIENTED_EDGE ( 'NONE', *, *, #2556, .T. ) ;
#1305 = AXIS2_PLACEMENT_3D ( 'NONE', #2392, #4798, #4334 ) ;
#1306 = FACE_OUTER_BOUND ( 'NONE', #4914, .T. ) ;
#1307 = CARTESIAN_POINT ( 'NONE',  ( 62.49999999999999289, -6.071532165918824830E-15, -9.999999999999998224 ) ) ;
#1308 = DIRECTION ( 'NONE',  ( 0.000000000000000000, 0.000000000000000000, -1.000000000000000000 ) ) ;
#1309 = CARTESIAN_POINT ( 'NONE',  ( 57.49999999999999289, 117.5000000000000142, -12.50000000000000000 ) ) ;
#1310 = ORIENTED_EDGE ( 'NONE', *, *, #4130, .T. ) ;
#1311 = ORIENTED_EDGE ( 'NONE', *, *, #584, .F. ) ;
#1312 = CARTESIAN_POINT ( 'NONE',  ( 63.55000000000001137, 104.0999999999999943, 3.399999999999999911 ) ) ;
#1313 = AXIS2_PLACEMENT_3D ( 'NONE', #3672, #229, #4538 ) ;
#1314 = FACE_OUTER_BOUND ( 'NONE', #748, .T. ) ;
#1315 = CARTESIAN_POINT ( 'NONE',  ( -6.938893903907228378E-15, 120.0000000000000142, -9.999999999999998224 ) ) ;
#1316 = ORIENTED_EDGE ( 'NONE', *, *, #1888, .T. ) ;
#1317 = CARTESIAN_POINT ( 'NONE',  ( 73.79777450375253522, 45.53443967518049362, 1.202225496247621761 ) ) ;
#1318 = AXIS2_PLACEMENT_3D ( 'NONE', #2120, #1660, #107 ) ;
#1319 = CARTESIAN_POINT ( 'NONE',  ( 0.000000000000000000, 73.50000000000000000, 0.000000000000000000 ) ) ;
#1320 = CARTESIAN_POINT ( 'NONE',  ( 51.27523411172361278, 66.83697843894681512, 5.000000000000000000 ) ) ;
#1321 = CARTESIAN_POINT ( 'NONE',  ( -6.938893903907228378E-15, 120.0000000000000000, -12.50000000000000000 ) ) ;
#1322 = DIRECTION ( 'NONE',  ( 0.000000000000000000, 0.7071067811865476838, 0.7071067811865474617 ) ) ;
#1323 = CARTESIAN_POINT ( 'NONE',  ( 52.49999999999999289, 117.5000000000000000, -15.00000000000000000 ) ) ;
#1324 = EDGE_CURVE ( 'NONE', #4241, #1256, #4859, .T. ) ;
#1325 = ORIENTED_EDGE ( 'NONE', *, *, #1011, .F. ) ;
#1326 = VERTEX_POINT ( 'NONE', #4011 ) ;
#1327 = ORIENTED_EDGE ( 'NONE', *, *, #1324, .T. ) ;
#1328 = EDGE_CURVE ( 'NONE', #2920, #644, #2040, .T. ) ;
#1329 = CARTESIAN_POINT ( 'NONE',  ( 37.50000000000000000, 26.24999999999999289, 0.4999999999999965583 ) ) ;
#1330 = CARTESIAN_POINT ( 'NONE',  ( 7.499999999999989342, 4.999999999999993783, -12.50000000000000000 ) ) ;
#1331 = DIRECTION ( 'NONE',  ( -4.625929269271485914E-16, -1.000000000000000000, -0.000000000000000000 ) ) ;
#1332 = ORIENTED_EDGE ( 'NONE', *, *, #2353, .F. ) ;
#1333 = ORIENTED_EDGE ( 'NONE', *, *, #2927, .F. ) ;
#1334 = ADVANCED_FACE ( 'NONE', ( #4805 ), #545, .F. ) ;
#1335 = CARTESIAN_POINT ( 'NONE',  ( 34.84299446063909045, 51.29851711344042542, 4.599999999999999645 ) ) ;
#1336 = EDGE_CURVE ( 'NONE', #1587, #4957, #1689, .T. ) ;
#1337 = DIRECTION ( 'NONE',  ( -0.000000000000000000, -0.000000000000000000, 1.000000000000000000 ) ) ;
#1338 = FACE_OUTER_BOUND ( 'NONE', #4552, .T. ) ;
#1339 = ORIENTED_EDGE ( 'NONE', *, *, #590, .F. ) ;
#1340 = VERTEX_POINT ( 'NONE', #4064 ) ;
#1341 = VECTOR ( 'NONE', #1593, 1000.000000000000000 ) ;
#1342 = FACE_OUTER_BOUND ( 'NONE', #2822, .T. ) ;
#1343 = VECTOR ( 'NONE', #4548, 1000.000000000000000 ) ;
#1344 = LINE ( 'NONE', #509, #249 ) ;
#1345 = FACE_OUTER_BOUND ( 'NONE', #1983, .T. ) ;
#1346 = DIRECTION ( 'NONE',  ( -0.000000000000000000, -0.000000000000000000, 1.000000000000000000 ) ) ;
#1347 = EDGE_CURVE ( 'NONE', #3151, #3759, #1678, .T. ) ;
#1348 = CIRCLE ( 'NONE', #2732, 4.999999999999913847 ) ;
#1349 = VECTOR ( 'NONE', #3663, 1000.000000000000114 ) ;
#1350 = CARTESIAN_POINT ( 'NONE',  ( 75.00000000000000000, 75.00000000000000000, -9.184850993605148438E-17 ) ) ;
#1351 = DIRECTION ( 'NONE',  ( 1.000000000000000000, 0.000000000000000000, 0.000000000000000000 ) ) ;
#1352 = CARTESIAN_POINT ( 'NONE',  ( 73.50000000000000000, 46.49999999999999289, 0.000000000000000000 ) ) ;
#1353 = ORIENTED_EDGE ( 'NONE', *, *, #134, .F. ) ;
#1354 = VERTEX_POINT ( 'NONE', #2096 ) ;
#1355 = ORIENTED_EDGE ( 'NONE', *, *, #3909, .T. ) ;
#1356 = ADVANCED_FACE ( 'NONE', ( #1790 ), #1497, .F. ) ;
#1357 =( LENGTH_UNIT ( ) NAMED_UNIT ( * ) SI_UNIT ( .MILLI., .METRE. ) );
#1358 = CARTESIAN_POINT ( 'NONE',  ( 43.86543613087226845, 62.99724613215688862, 5.000000000000000000 ) ) ;
#1359 = CARTESIAN_POINT ( 'NONE',  ( -10.92803065941448004, 6.425623486521693017, 5.000000000000000000 ) ) ;
#1360 = DIRECTION ( 'NONE',  ( -1.000000000000000000, 0.000000000000000000, 0.000000000000000000 ) ) ;
#1361 = ORIENTED_EDGE ( 'NONE', *, *, #2519, .T. ) ;
#1362 = EDGE_CURVE ( 'NONE', #4263, #1632, #4376, .T. ) ;
#1363 = AXIS2_PLACEMENT_3D ( 'NONE', #4511, #984, #4172 ) ;
#1364 = EDGE_LOOP ( 'NONE', ( #1293, #1224, #2727, #724 ) ) ;
#1365 = DIRECTION ( 'NONE',  ( 0.1708417296058795942, 0.9852984844326471148, 0.000000000000000000 ) ) ;
#1366 = LINE ( 'NONE', #3341, #3329 ) ;
#1367 = CARTESIAN_POINT ( 'NONE',  ( 38.24081909576754867, 68.78763099782081269, 4.599999999999999645 ) ) ;
#1368 = ORIENTED_EDGE ( 'NONE', *, *, #2058, .F. ) ;
#1369 = EDGE_LOOP ( 'NONE', ( #719, #3140, #5017, #4756 ) ) ;
#1370 = AXIS2_PLACEMENT_3D ( 'NONE', #616, #2558, #4139 ) ;
#1371 = ADVANCED_FACE ( 'NONE', ( #1548 ), #2704, .T. ) ;
#1372 = CARTESIAN_POINT ( 'NONE',  ( 41.30377374508643840, 63.35502291448069911, 4.599999999999999645 ) ) ;
#1373 = CARTESIAN_POINT ( 'NONE',  ( 57.69095163281237149, 65.48929132234873407, 5.000000000000000000 ) ) ;
#1374 = CARTESIAN_POINT ( 'NONE',  ( 41.48631741186515143, 24.64435482244645925, 4.599999999999999645 ) ) ;
#1375 = CARTESIAN_POINT ( 'NONE',  ( 50.49088868411232056, 67.42082781729087060, 4.599999999999999645 ) ) ;
#1376 = CARTESIAN_POINT ( 'NONE',  ( 74.24457159468852296, 74.81067960955668639, 0.2518094684370367209 ) ) ;
#1377 = EDGE_CURVE ( 'NONE', #1872, #3200, #4527, .T. ) ;
#1378 = DIRECTION ( 'NONE',  ( -1.000000000000000000, 0.000000000000000000, 0.000000000000000000 ) ) ;
#1379 = ORIENTED_EDGE ( 'NONE', *, *, #262, .F. ) ;
#1380 = DIRECTION ( 'NONE',  ( 0.000000000000000000, 0.000000000000000000, -1.000000000000000000 ) ) ;
#1381 = CARTESIAN_POINT ( 'NONE',  ( -3.980102097228902570E-15, 44.99999999999999289, 0.000000000000000000 ) ) ;
#1382 = EDGE_CURVE ( 'NONE', #5011, #4321, #3872, .T. ) ;
#1383 = CARTESIAN_POINT ( 'NONE',  ( 52.50000000000000000, 117.5000000000000000, -12.50000000000000000 ) ) ;
#1384 = VECTOR ( 'NONE', #2524, 1000.000000000000000 ) ;
#1385 = LINE ( 'NONE', #4280, #3977 ) ;
#1386 = CARTESIAN_POINT ( 'NONE',  ( 36.13642652309636105, 63.22390502553643188, 5.000000000000000000 ) ) ;
#1387 = ORIENTED_EDGE ( 'NONE', *, *, #2545, .F. ) ;
#1388 = ORIENTED_EDGE ( 'NONE', *, *, #357, .F. ) ;
#1389 = ORIENTED_EDGE ( 'NONE', *, *, #1971, .F. ) ;
#1390 = CARTESIAN_POINT ( 'NONE',  ( 20.88358404535131641, -6.741047825046448949, 4.599999999999999645 ) ) ;
#1391 = CYLINDRICAL_SURFACE ( 'NONE', #1599, 1.000000000000000000 ) ;
#1392 = EDGE_CURVE ( 'NONE', #1031, #997, #4113, .T. ) ;
#1393 = FACE_OUTER_BOUND ( 'NONE', #3660, .T. ) ;
#1394 = EDGE_CURVE ( 'NONE', #1006, #4617, #3901, .T. ) ;
#1395 = ORIENTED_EDGE ( 'NONE', *, *, #1724, .T. ) ;
#1396 = CARTESIAN_POINT ( 'NONE',  ( 43.44441003206581087, 63.58188194402834625, 5.000000000000000000 ) ) ;
#1397 = CARTESIAN_POINT ( 'NONE',  ( 23.96329594661243689, 60.01231934864183160, 4.599999999999999645 ) ) ;
#1398 = CARTESIAN_POINT ( 'NONE',  ( 0.000000000000000000, 120.0000000000000000, 0.000000000000000000 ) ) ;
#1399 = CARTESIAN_POINT ( 'NONE',  ( 36.14294705659228413, 60.21152601110345159, 5.000000000000000000 ) ) ;
#1400 = ADVANCED_FACE ( 'NONE', ( #3765 ), #4298, .T. ) ;
#1401 = CARTESIAN_POINT ( 'NONE',  ( 74.51599167155681869, 73.88892379092472140, 1.452024985329367857 ) ) ;
#1402 = VECTOR ( 'NONE', #3468, 1000.000000000000000 ) ;
#1403 = DIRECTION ( 'NONE',  ( -0.000000000000000000, -0.000000000000000000, 1.000000000000000000 ) ) ;
#1404 = ORIENTED_EDGE ( 'NONE', *, *, #4990, .T. ) ;
#1405 = PLANE ( 'NONE',  #2552 ) ;
#1406 = DIRECTION ( 'NONE',  ( -0.000000000000000000, -1.000000000000000000, -0.000000000000000000 ) ) ;
#1407 = LINE ( 'NONE', #2947, #3090 ) ;
#1408 = CARTESIAN_POINT ( 'NONE',  ( 41.48062131786240769, 24.64097113909109282, 4.599999999999999645 ) ) ;
#1409 = DIRECTION ( 'NONE',  ( 1.000000000000000000, 0.000000000000000000, -0.000000000000000000 ) ) ;
#1410 = ORIENTED_EDGE ( 'NONE', *, *, #4979, .T. ) ;
#1411 = ORIENTED_EDGE ( 'NONE', *, *, #3761, .F. ) ;
#1412 = ORIENTED_EDGE ( 'NONE', *, *, #809, .T. ) ;
#1413 = EDGE_CURVE ( 'NONE', #304, #705, #1929, .T. ) ;
#1414 = FACE_OUTER_BOUND ( 'NONE', #2861, .T. ) ;
#1415 = CARTESIAN_POINT ( 'NONE',  ( 35.60000000000000142, 91.55000000000001137, 3.399999999999999911 ) ) ;
#1416 = CARTESIAN_POINT ( 'NONE',  ( 29.81318971088235159, 69.10801979596014633, 5.000000000000000000 ) ) ;
#1417 =( BOUNDED_CURVE ( )  B_SPLINE_CURVE ( 3, ( #4534, #2153, #4970, #4094 ),
 .UNSPECIFIED., .F., .T. ) 
 B_SPLINE_CURVE_WITH_KNOTS ( ( 4, 4 ),
 ( 4.712388980384688786, 6.283185307179586232 ),
 .UNSPECIFIED. ) 
 CURVE ( )  GEOMETRIC_REPRESENTATION_ITEM ( )  RATIONAL_B_SPLINE_CURVE ( ( 1.000000000000000000, 0.8047378541243648264, 0.8047378541243648264, 1.000000000000000000 ) ) 
 REPRESENTATION_ITEM ( '' )  );
#1418 = ORIENTED_EDGE ( 'NONE', *, *, #2285, .F. ) ;
#1419 = CARTESIAN_POINT ( 'NONE',  ( 44.56405526832953967, 53.12911202077057737, 5.000000000000000000 ) ) ;
#1420 = CARTESIAN_POINT ( 'NONE',  ( 52.50000000000000711, 114.9999999999999858, -10.00000000000000711 ) ) ;
#1421 = DIRECTION ( 'NONE',  ( -0.000000000000000000, 1.000000000000000000, -0.000000000000000000 ) ) ;
#1422 = CARTESIAN_POINT ( 'NONE',  ( -0.1495181222758735495, 69.07490838016774148, 4.599999999999999645 ) ) ;
#1423 = CIRCLE ( 'NONE', #3392, 7.500000000000032863 ) ;
#1424 = CARTESIAN_POINT ( 'NONE',  ( 7.499999999999989342, 2.499999999999993783, -12.50000000000000000 ) ) ;
#1425 = CARTESIAN_POINT ( 'NONE',  ( 58.60291684388123912, 51.57570027742514185, 4.599999999999999645 ) ) ;
#1426 = CARTESIAN_POINT ( 'NONE',  ( 1.499999999999997335, 46.49999999999999289, 1.500000000000000000 ) ) ;
#1427 = AXIS2_PLACEMENT_3D ( 'NONE', #690, #1862, #1049 ) ;
#1428 = ORIENTED_EDGE ( 'NONE', *, *, #3561, .T. ) ;
#1429 = VERTEX_POINT ( 'NONE', #3069 ) ;
#1430 = DIRECTION ( 'NONE',  ( 0.000000000000000000, 0.000000000000000000, -1.000000000000000000 ) ) ;
#1431 = CARTESIAN_POINT ( 'NONE',  ( 63.55000000000001137, 104.0999999999999943, 0.000000000000000000 ) ) ;
#1432 = CARTESIAN_POINT ( 'NONE',  ( 26.89661543495349250, 54.17378028218959685, 4.599999999999999645 ) ) ;
#1433 = ORIENTED_EDGE ( 'NONE', *, *, #3500, .T. ) ;
#1434 = ORIENTED_EDGE ( 'NONE', *, *, #3175, .F. ) ;
#1435 = ORIENTED_EDGE ( 'NONE', *, *, #4364, .F. ) ;
#1436 = DIRECTION ( 'NONE',  ( -0.000000000000000000, -0.000000000000000000, 1.000000000000000000 ) ) ;
#1437 = DIRECTION ( 'NONE',  ( 2.851925755033931820E-15, -0.7071067811865455743, -0.7071067811865493491 ) ) ;
#1438 = VECTOR ( 'NONE', #2828, 1000.000000000000000 ) ;
#1439 = DIRECTION ( 'NONE',  ( -1.000000000000000000, 0.000000000000000000, 0.000000000000000000 ) ) ;
#1440 = VECTOR ( 'NONE', #1437, 1000.000000000000114 ) ;
#1441 = VERTEX_POINT ( 'NONE', #3358 ) ;
#1442 = VECTOR ( 'NONE', #2886, 1000.000000000000114 ) ;
#1443 = CARTESIAN_POINT ( 'NONE',  ( 44.66710539870615548, 52.78012259853174726, 5.000000000000000000 ) ) ;
#1444 = CARTESIAN_POINT ( 'NONE',  ( 18.12035258729484966, -9.004735323125991897, 4.599999999999999645 ) ) ;
#1445 = CYLINDRICAL_SURFACE ( 'NONE', #2838, 5.000000000000000000 ) ;
#1446 = CARTESIAN_POINT ( 'NONE',  ( 1.192661466157838079, 74.41498464624837084, 0.3975538220526756428 ) ) ;
#1447 = FACE_OUTER_BOUND ( 'NONE', #697, .T. ) ;
#1448 = CIRCLE ( 'NONE', #3594, 1.899999999999999023 ) ;
#1449 = FACE_OUTER_BOUND ( 'NONE', #1022, .T. ) ;
#1450 = DIRECTION ( 'NONE',  ( 0.000000000000000000, 0.000000000000000000, -1.000000000000000000 ) ) ;
#1451 = EDGE_CURVE ( 'NONE', #914, #644, #2491, .T. ) ;
#1452 = VECTOR ( 'NONE', #4608, 1000.000000000000000 ) ;
#1453 = EDGE_CURVE ( 'NONE', #3439, #2168, #1385, .T. ) ;
#1454 = ORIENTED_EDGE ( 'NONE', *, *, #294, .F. ) ;
#1455 = DIRECTION ( 'NONE',  ( -1.000000000000000000, 0.000000000000000000, 0.000000000000000000 ) ) ;
#1456 = DIRECTION ( 'NONE',  ( -1.000000000000000000, 0.000000000000000000, 0.000000000000000000 ) ) ;
#1457 = CARTESIAN_POINT ( 'NONE',  ( 34.94305739570599201, 68.62528759425747182, 4.599999999999999645 ) ) ;
#1458 = DIRECTION ( 'NONE',  ( -0.9978588283449250085, -0.06540457701180862893, 0.000000000000000000 ) ) ;
#1459 = ORIENTED_EDGE ( 'NONE', *, *, #4386, .T. ) ;
#1460 = EDGE_LOOP ( 'NONE', ( #4184, #4392, #4316, #3609, #4653, #4136 ) ) ;
#1461 = ORIENTED_EDGE ( 'NONE', *, *, #4106, .F. ) ;
#1462 = DIRECTION ( 'NONE',  ( -1.228762462150238276E-16, -1.000000000000000000, 0.000000000000000000 ) ) ;
#1463 = DIRECTION ( 'NONE',  ( 1.000000000000000000, -0.000000000000000000, 0.000000000000000000 ) ) ;
#1464 = LINE ( 'NONE', #2252, #4993 ) ;
#1465 = ORIENTED_EDGE ( 'NONE', *, *, #2825, .T. ) ;
#1466 = EDGE_LOOP ( 'NONE', ( #4066, #23, #1778, #1412 ) ) ;
#1467 = CARTESIAN_POINT ( 'NONE',  ( 62.50000000000001421, 116.2499999999999858, -15.00000000000000000 ) ) ;
#1468 = AXIS2_PLACEMENT_3D ( 'NONE', #1521, #258, #1450 ) ;
#1469 = CARTESIAN_POINT ( 'NONE',  ( 52.39487941846498131, 56.38420791783046582, 4.599999999999999645 ) ) ;
#1470 = FACE_OUTER_BOUND ( 'NONE', #1818, .T. ) ;
#1471 = DIRECTION ( 'NONE',  ( 0.9587050017762077658, 0.2844023902313085883, 0.000000000000000000 ) ) ;
#1472 = CARTESIAN_POINT ( 'NONE',  ( 55.00000000000003553, 120.0000000000000142, -10.00000000000062350 ) ) ;
#1473 = CARTESIAN_POINT ( 'NONE',  ( 26.17347629967592226, 69.52399929548074908, 5.000000000000000000 ) ) ;
#1474 = EDGE_LOOP ( 'NONE', ( #4355, #4581, #442, #4517 ) ) ;
#1475 = PLANE ( 'NONE',  #759 ) ;
#1476 = EDGE_CURVE ( 'NONE', #4323, #207, #1348, .T. ) ;
#1477 = DIRECTION ( 'NONE',  ( -0.000000000000000000, -0.000000000000000000, -1.000000000000000000 ) ) ;
#1478 = CARTESIAN_POINT ( 'NONE',  ( 26.88347510842798016, 60.24439457978235168, 5.000000000000000000 ) ) ;
#1479 = VERTEX_POINT ( 'NONE', #3734 ) ;
#1480 = ORIENTED_EDGE ( 'NONE', *, *, #4642, .F. ) ;
#1481 = EDGE_CURVE ( 'NONE', #192, #1770, #1766, .T. ) ;
#1482 = VERTEX_POINT ( 'NONE', #2173 ) ;
#1483 = CARTESIAN_POINT ( 'NONE',  ( 0.1719615153912169569, 45.74742795327626510, 1.301227930856629689 ) ) ;
#1484 = DIRECTION ( 'NONE',  ( -0.000000000000000000, 0.000000000000000000, -1.000000000000000000 ) ) ;
#1485 = DIRECTION ( 'NONE',  ( 1.228762462150238276E-16, 1.000000000000000000, 0.000000000000000000 ) ) ;
#1486 = VERTEX_POINT ( 'NONE', #2682 ) ;
#1487 = VECTOR ( 'NONE', #340, 1000.000000000000000 ) ;
#1488 = EDGE_CURVE ( 'NONE', #4360, #3730, #240, .T. ) ;
#1489 = ADVANCED_FACE ( 'NONE', ( #2802 ), #2312, .F. ) ;
#1490 = DIRECTION ( 'NONE',  ( 0.000000000000000000, 0.000000000000000000, -1.000000000000000000 ) ) ;
#1491 = DIRECTION ( 'NONE',  ( 0.002164574307898256642, -0.9999976573062887564, 0.000000000000000000 ) ) ;
#1492 = CARTESIAN_POINT ( 'NONE',  ( 22.50000000000000000, 117.5000000000000142, -12.50000000000000000 ) ) ;
#1493 = CARTESIAN_POINT ( 'NONE',  ( 0.06546163104477492611, 75.00000000000000000, 0.1963848931343219473 ) ) ;
#1494 = B_SPLINE_CURVE_WITH_KNOTS ( 'NONE', 3,
 ( #831, #3615, #1289, #2102, #4813, #4427 ),
 .UNSPECIFIED., .F., .F.,
 ( 4, 2, 4 ),
 ( 2.000000000000000000, 3.000000000000000000, 4.000000000000000000 ),
 .UNSPECIFIED. ) ;
#1495 = CARTESIAN_POINT ( 'NONE',  ( 35.60000000000000142, 91.55000000000001137, 0.4999999999999965583 ) ) ;
#1496 = CARTESIAN_POINT ( 'NONE',  ( 1.192661466158058126, 45.58501535375197022, 0.3975538220526754762 ) ) ;
#1497 = PLANE ( 'NONE',  #2403 ) ;
#1498 = EDGE_LOOP ( 'NONE', ( #1650, #4248, #889, #2853 ) ) ;
#1499 = CARTESIAN_POINT ( 'NONE',  ( 5.000000000000000000, 0.000000000000000000, 0.000000000000000000 ) ) ;
#1500 = VECTOR ( 'NONE', #2024, 1000.000000000000000 ) ;
#1501 = LINE ( 'NONE', #4164, #1178 ) ;
#1502 = DIRECTION ( 'NONE',  ( 0.000000000000000000, 1.000000000000000000, 0.000000000000000000 ) ) ;
#1503 = AXIS2_PLACEMENT_3D ( 'NONE', #2873, #2480, #3684 ) ;
#1504 = EDGE_LOOP ( 'NONE', ( #4502, #3528, #3990, #4484 ) ) ;
#1505 = VERTEX_POINT ( 'NONE', #4766 ) ;
#1506 = VECTOR ( 'NONE', #1346, 1000.000000000000000 ) ;
#1507 = ORIENTED_EDGE ( 'NONE', *, *, #1382, .T. ) ;
#1508 = VECTOR ( 'NONE', #402, 1000.000000000000000 ) ;
#1509 = CARTESIAN_POINT ( 'NONE',  ( 52.75819874726980885, 56.38499435135753401, 4.599999999999999645 ) ) ;
#1510 = CARTESIAN_POINT ( 'NONE',  ( 74.70710678118653902, 45.00000000000000000, 0.8786796564403570597 ) ) ;
#1511 = DIRECTION ( 'NONE',  ( -0.000000000000000000, -1.000000000000000000, -0.000000000000000000 ) ) ;
#1512 = EDGE_CURVE ( 'NONE', #785, #4265, #433, .T. ) ;
#1513 = ORIENTED_EDGE ( 'NONE', *, *, #1787, .T. ) ;
#1514 = DIRECTION ( 'NONE',  ( -0.5068653939128120456, -0.8620252156715659808, 0.000000000000000000 ) ) ;
#1515 = CARTESIAN_POINT ( 'NONE',  ( 41.96291306052567904, 63.57867512623393935, 4.599999999999999645 ) ) ;
#1516 = PLANE ( 'NONE',  #227 ) ;
#1517 = FACE_OUTER_BOUND ( 'NONE', #3059, .T. ) ;
#1518 = EDGE_CURVE ( 'NONE', #4472, #1663, #3538, .T. ) ;
#1519 = VECTOR ( 'NONE', #3800, 1000.000000000000000 ) ;
#1520 = DIRECTION ( 'NONE',  ( 0.000000000000000000, 0.000000000000000000, 1.000000000000000000 ) ) ;
#1521 = CARTESIAN_POINT ( 'NONE',  ( 69.99999999999998579, 5.000000000000000000, 0.000000000000000000 ) ) ;
#1522 = CARTESIAN_POINT ( 'NONE',  ( 21.45251452048412588, 58.04918181031906244, 4.599999999999999645 ) ) ;
#1523 = VERTEX_POINT ( 'NONE', #1598 ) ;
#1524 = ADVANCED_FACE ( 'NONE', ( #4793 ), #1977, .F. ) ;
#1525 = CARTESIAN_POINT ( 'NONE',  ( 51.27523411172361278, 66.83697843894681512, 4.599999999999999645 ) ) ;
#1526 = AXIS2_PLACEMENT_3D ( 'NONE', #2740, #302, #776 ) ;
#1527 = CARTESIAN_POINT ( 'NONE',  ( 73.87179947255832246, 45.44597539628917104, 1.128200527441270307 ) ) ;
#1528 = CARTESIAN_POINT ( 'NONE',  ( 9.449999999999986855, 102.0999999999999943, 0.000000000000000000 ) ) ;
#1529 = CARTESIAN_POINT ( 'NONE',  ( 35.23217485934515736, 50.75966885260515227, 4.599999999999999645 ) ) ;
#1530 = ORIENTED_EDGE ( 'NONE', *, *, #4221, .F. ) ;
#1531 = ORIENTED_EDGE ( 'NONE', *, *, #3230, .T. ) ;
#1532 = ORIENTED_EDGE ( 'NONE', *, *, #4226, .T. ) ;
#1533 = ADVANCED_FACE ( 'NONE', ( #3167 ), #1216, .F. ) ;
#1534 = CARTESIAN_POINT ( 'NONE',  ( 61.71829178137526384, 4.045320493428457453, 4.599999999999999645 ) ) ;
#1535 = DIRECTION ( 'NONE',  ( 0.000000000000000000, 0.000000000000000000, 1.000000000000000000 ) ) ;
#1536 = DIRECTION ( 'NONE',  ( 1.000000000000000000, 0.000000000000000000, 0.000000000000000000 ) ) ;
#1537 = ORIENTED_EDGE ( 'NONE', *, *, #317, .T. ) ;
#1538 = ADVANCED_FACE ( 'NONE', ( #2725 ), #3219, .F. ) ;
#1539 = CARTESIAN_POINT ( 'NONE',  ( 59.94118143679965982, 68.86282220606143767, 5.000000000000000000 ) ) ;
#1540 = EDGE_CURVE ( 'NONE', #2478, #1523, #4882, .T. ) ;
#1541 = PLANE ( 'NONE',  #3242 ) ;
#1542 = CONICAL_SURFACE ( 'NONE', #2194, 1.400000000000012346, 0.7853981633974407295 ) ;
#1543 = B_SPLINE_SURFACE_WITH_KNOTS ( 'NONE', 3, 1, ( 
 ( #2161, #176 ),
 ( #151, #3269 ),
 ( #3294, #2962 ),
 ( #1375, #4049 ) ),
 .UNSPECIFIED., .F., .F., .F.,
 ( 4, 4 ),
 ( 2, 2 ),
 ( 4.000000000000000000, 5.000000000000000000 ),
 ( 0.000000000000000000, 1.000000000000000000 ),
 .UNSPECIFIED. ) ;
#1544 = DIRECTION ( 'NONE',  ( 0.000000000000000000, 0.000000000000000000, 1.000000000000000000 ) ) ;
#1545 = AXIS2_PLACEMENT_3D ( 'NONE', #1951, #4765, #15 ) ;
#1546 = CARTESIAN_POINT ( 'NONE',  ( 33.03116546166571510, 53.98246957253758183, 4.599999999999999645 ) ) ;
#1547 = CYLINDRICAL_SURFACE ( 'NONE', #1545, 1.500000000000000000 ) ;
#1548 = FACE_OUTER_BOUND ( 'NONE', #5076, .T. ) ;
#1549 = ORIENTED_EDGE ( 'NONE', *, *, #2178, .T. ) ;
#1550 = CARTESIAN_POINT ( 'NONE',  ( -8.933467110627823615, 45.41887459687293216, 4.599999999999999645 ) ) ;
#1551 = VECTOR ( 'NONE', #4025, 1000.000000000000000 ) ;
#1552 = CARTESIAN_POINT ( 'NONE',  ( 74.93453836895518805, 44.99999999999999289, 0.1963848931341944382 ) ) ;
#1553 = EDGE_CURVE ( 'NONE', #4972, #1904, #4306, .T. ) ;
#1554 = CARTESIAN_POINT ( 'NONE',  ( 67.50000000000000000, 2.499999999999993783, -12.50000000000000000 ) ) ;
#1555 = CARTESIAN_POINT ( 'NONE',  ( 39.39999999999999858, 91.55000000000001137, 0.4999999999999965583 ) ) ;
#1556 = VERTEX_POINT ( 'NONE', #4410 ) ;
#1557 = ORIENTED_EDGE ( 'NONE', *, *, #4686, .T. ) ;
#1558 = ORIENTED_EDGE ( 'NONE', *, *, #587, .F. ) ;
#1559 = CIRCLE ( 'NONE', #1807, 5.000000000000000000 ) ;
#1560 = B_SPLINE_CURVE_WITH_KNOTS ( 'NONE', 3,
 ( #2105, #4124, #2546, #3696 ),
 .UNSPECIFIED., .F., .F.,
 ( 4, 4 ),
 ( 23.00000000000000000, 24.00000000000000000 ),
 .UNSPECIFIED. ) ;
#1561 = DIRECTION ( 'NONE',  ( -0.000000000000000000, -0.000000000000000000, 1.000000000000000000 ) ) ;
#1562 = CARTESIAN_POINT ( 'NONE',  ( 75.00000000000000000, 46.49999999999999289, 1.500000000000000000 ) ) ;
#1563 = DIRECTION ( 'NONE',  ( 0.000000000000000000, 1.000000000000000000, 0.000000000000000000 ) ) ;
#1564 = ORIENTED_EDGE ( 'NONE', *, *, #993, .T. ) ;
#1565 = ORIENTED_EDGE ( 'NONE', *, *, #590, .T. ) ;
#1566 = EDGE_CURVE ( 'NONE', #3354, #5022, #2656, .T. ) ;
#1567 = LINE ( 'NONE', #87, #1349 ) ;
#1568 = FACE_OUTER_BOUND ( 'NONE', #96, .T. ) ;
#1569 = DIRECTION ( 'NONE',  ( 0.7071067811865422437, 0.000000000000000000, 0.7071067811865529018 ) ) ;
#1570 = ORIENTED_EDGE ( 'NONE', *, *, #2825, .F. ) ;
#1571 = CARTESIAN_POINT ( 'NONE',  ( 75.00000000000000000, 44.99999999999999289, 0.09966174935353648567 ) ) ;
#1572 = CARTESIAN_POINT ( 'NONE',  ( 14.38323494084624166, 60.15874940231086043, 5.000000000000000000 ) ) ;
#1573 = DIRECTION ( 'NONE',  ( 0.3244355677353744083, 0.9459077980375387718, 0.000000000000000000 ) ) ;
#1574 = ORIENTED_EDGE ( 'NONE', *, *, #4279, .F. ) ;
#1575 = FACE_OUTER_BOUND ( 'NONE', #1053, .T. ) ;
#1576 = CARTESIAN_POINT ( 'NONE',  ( 73.80733853384215593, 45.58501535375167180, 0.3975538220526754762 ) ) ;
#1577 = CARTESIAN_POINT ( 'NONE',  ( 17.50000000000000000, 117.5000000000000142, -12.50000000000000000 ) ) ;
#1578 = DIRECTION ( 'NONE',  ( 0.000000000000000000, -1.000000000000000000, -0.000000000000000000 ) ) ;
#1579 = ORIENTED_EDGE ( 'NONE', *, *, #2641, .T. ) ;
#1580 = ORIENTED_EDGE ( 'NONE', *, *, #1918, .F. ) ;
#1581 = VERTEX_POINT ( 'NONE', #894 ) ;
#1582 = AXIS2_PLACEMENT_3D ( 'NONE', #750, #3032, #700 ) ;
#1583 = CARTESIAN_POINT ( 'NONE',  ( 37.50000000000000000, 91.55000000000001137, 0.4999999999999965583 ) ) ;
#1584 = DIRECTION ( 'NONE',  ( 0.000000000000000000, 0.000000000000000000, -1.000000000000000000 ) ) ;
#1585 = CARTESIAN_POINT ( 'NONE',  ( 73.50000000000000000, 75.00000000000000000, 0.5000000000000000000 ) ) ;
#1586 = AXIS2_PLACEMENT_3D ( 'NONE', #1321, #3752, #4128 ) ;
#1587 = VERTEX_POINT ( 'NONE', #2443 ) ;
#1588 = VECTOR ( 'NONE', #2880, 1000.000000000000000 ) ;
#1589 = ADVANCED_FACE ( 'NONE', ( #4024 ), #3937, .F. ) ;
#1590 = CARTESIAN_POINT ( 'NONE',  ( 31.14016907216635133, 70.42308002101647446, 5.000000000000000000 ) ) ;
#1591 = CARTESIAN_POINT ( 'NONE',  ( 39.39999999999999858, 26.24999999999999289, 3.399999999999999911 ) ) ;
#1592 = FACE_OUTER_BOUND ( 'NONE', #2486, .T. ) ;
#1593 = DIRECTION ( 'NONE',  ( -0.000000000000000000, -0.000000000000000000, 1.000000000000000000 ) ) ;
#1594 = ORIENTED_EDGE ( 'NONE', *, *, #3018, .F. ) ;
#1595 = EDGE_CURVE ( 'NONE', #1638, #981, #3137, .T. ) ;
#1596 = CARTESIAN_POINT ( 'NONE',  ( 47.58123054275102248, 52.55009577986906777, 5.000000000000000000 ) ) ;
#1597 = CARTESIAN_POINT ( 'NONE',  ( -6.938893903907228378E-15, 120.0000000000000000, -12.50000000000000000 ) ) ;
#1598 = CARTESIAN_POINT ( 'NONE',  ( 36.09999999999998721, 26.24999999999999289, 0.000000000000000000 ) ) ;
#1599 = AXIS2_PLACEMENT_3D ( 'NONE', #4918, #4196, #2978 ) ;
#1600 = ORIENTED_EDGE ( 'NONE', *, *, #4221, .T. ) ;
#1601 = PLANE ( 'NONE',  #663 ) ;
#1602 = ADVANCED_FACE ( 'NONE', ( #2337 ), #3926, .F. ) ;
#1603 = CARTESIAN_POINT ( 'NONE',  ( 5.000000000000000000, 0.000000000000000000, 0.000000000000000000 ) ) ;
#1604 = LINE ( 'NONE', #2784, #576 ) ;
#1605 = ADVANCED_FACE ( 'NONE', ( #1194 ), #68, .F. ) ;
#1606 = VECTOR ( 'NONE', #2764, 1000.000000000000000 ) ;
#1607 = ORIENTED_EDGE ( 'NONE', *, *, #1672, .F. ) ;
#1608 = ORIENTED_EDGE ( 'NONE', *, *, #4454, .T. ) ;
#1609 = ORIENTED_EDGE ( 'NONE', *, *, #1646, .T. ) ;
#1610 = EDGE_CURVE ( 'NONE', #2182, #4247, #1297, .T. ) ;
#1611 = DIRECTION ( 'NONE',  ( -0.000000000000000000, -0.000000000000000000, 1.000000000000000000 ) ) ;
#1612 = CARTESIAN_POINT ( 'NONE',  ( 27.50000000000000000, 120.0000000000000142, -10.00000000000000000 ) ) ;
#1613 = DIRECTION ( 'NONE',  ( 0.000000000000000000, 0.000000000000000000, -1.000000000000000000 ) ) ;
#1614 = B_SPLINE_CURVE_WITH_KNOTS ( 'NONE', 3,
 ( #78, #2349, #4318, #4340 ),
 .UNSPECIFIED., .F., .F.,
 ( 4, 4 ),
 ( 41.00000000000000000, 42.00000000000000000 ),
 .UNSPECIFIED. ) ;
#1615 = CARTESIAN_POINT ( 'NONE',  ( 69.99999999999998579, 0.000000000000000000, 0.000000000000000000 ) ) ;
#1616 = ORIENTED_EDGE ( 'NONE', *, *, #1610, .F. ) ;
#1617 = ORIENTED_EDGE ( 'NONE', *, *, #3113, .T. ) ;
#1618 = ADVANCED_FACE ( 'NONE', ( #4155 ), #4541, .F. ) ;
#1619 = CARTESIAN_POINT ( 'NONE',  ( 22.08331893061677320, 59.95533990403678359, 4.599999999999999645 ) ) ;
#1620 = CARTESIAN_POINT ( 'NONE',  ( 67.50000000000000000, -6.071532165918824830E-15, 0.000000000000000000 ) ) ;
#1621 = CARTESIAN_POINT ( 'NONE',  ( 43.08109070326097623, 63.58109551050128516, 5.000000000000000000 ) ) ;
#1622 = CARTESIAN_POINT ( 'NONE',  ( 74.12132034355964549, 45.00000000000000000, 0.2928932188134523718 ) ) ;
#1623 = CARTESIAN_POINT ( 'NONE',  ( 59.41939945595165540, 50.81202402019855668, 5.000000000000000000 ) ) ;
#1624 = CARTESIAN_POINT ( 'NONE',  ( 26.16751767727941314, 50.41905633430118883, 4.599999999999999645 ) ) ;
#1625 = DIRECTION ( 'NONE',  ( 0.000000000000000000, -1.000000000000000000, 0.000000000000000000 ) ) ;
#1626 = ORIENTED_EDGE ( 'NONE', *, *, #4832, .F. ) ;
#1627 = CARTESIAN_POINT ( 'NONE',  ( 38.25068550026831105, 54.45232843701710834, 4.599999999999999645 ) ) ;
#1628 = EDGE_CURVE ( 'NONE', #1632, #2544, #4574, .T. ) ;
#1629 = CARTESIAN_POINT ( 'NONE',  ( 26.88347510842798016, 60.24439457978235168, 5.000000000000000000 ) ) ;
#1630 = CARTESIAN_POINT ( 'NONE',  ( 56.98098263606785707, 69.19504434610479393, 4.599999999999999645 ) ) ;
#1631 = ORIENTED_EDGE ( 'NONE', *, *, #4633, .F. ) ;
#1632 = VERTEX_POINT ( 'NONE', #4927 ) ;
#1633 = ORIENTED_EDGE ( 'NONE', *, *, #11, .F. ) ;
#1634 = LINE ( 'NONE', #1988, #4877 ) ;
#1635 = LINE ( 'NONE', #848, #802 ) ;
#1636 = DIRECTION ( 'NONE',  ( -1.000000000000000000, 0.000000000000000000, 0.000000000000000000 ) ) ;
#1637 = CARTESIAN_POINT ( 'NONE',  ( 37.50000000000000000, 91.55000000000001137, 0.000000000000000000 ) ) ;
#1638 = VERTEX_POINT ( 'NONE', #632 ) ;
#1639 = ORIENTED_EDGE ( 'NONE', *, *, #1540, .T. ) ;
#1640 = ORIENTED_EDGE ( 'NONE', *, *, #4504, .F. ) ;
#1641 = DIRECTION ( 'NONE',  ( 0.7071067811865456854, 0.7071067811865494601, 0.000000000000000000 ) ) ;
#1642 = DIRECTION ( 'NONE',  ( -0.2870939462787172047, 0.9579024303185126321, 0.000000000000000000 ) ) ;
#1643 = DIRECTION ( 'NONE',  ( 0.000000000000000000, 0.7071067811865476838, 0.7071067811865474617 ) ) ;
#1644 = LINE ( 'NONE', #10, #531 ) ;
#1645 = ADVANCED_FACE ( 'NONE', ( #3699 ), #1543, .F. ) ;
#1646 = EDGE_CURVE ( 'NONE', #420, #2370, #943, .T. ) ;
#1647 = CARTESIAN_POINT ( 'NONE',  ( 47.18616342779203876, 52.54924062573876853, 5.000000000000000000 ) ) ;
#1648 = LINE ( 'NONE', #1572, #2617 ) ;
#1649 = DIRECTION ( 'NONE',  ( -0.000000000000000000, 0.000000000000000000, 1.000000000000000000 ) ) ;
#1650 = ORIENTED_EDGE ( 'NONE', *, *, #3591, .T. ) ;
#1651 = VECTOR ( 'NONE', #2006, 1000.000000000000114 ) ;
#1652 = CARTESIAN_POINT ( 'NONE',  ( 17.51381357382892645, -6.007037960595728698, 4.599999999999999645 ) ) ;
#1653 = CARTESIAN_POINT ( 'NONE',  ( 0.02278867798466225822, 74.92265404779777782, 0.4854874579622681652 ) ) ;
#1654 = ORIENTED_EDGE ( 'NONE', *, *, #2296, .T. ) ;
#1655 = ORIENTED_EDGE ( 'NONE', *, *, #357, .T. ) ;
#1656 = AXIS2_PLACEMENT_3D ( 'NONE', #3692, #4895, #4815 ) ;
#1657 = VERTEX_POINT ( 'NONE', #2549 ) ;
#1658 = SPHERICAL_SURFACE ( 'NONE', #1830, 5.000000000000000000 ) ;
#1659 = CARTESIAN_POINT ( 'NONE',  ( 35.75026295860399017, 54.22116314799411896, 5.000000000000000000 ) ) ;
#1660 = DIRECTION ( 'NONE',  ( 1.000000000000000000, -0.000000000000000000, -0.000000000000000000 ) ) ;
#1661 = DIRECTION ( 'NONE',  ( 1.000000000000000000, 0.000000000000000000, 0.000000000000000000 ) ) ;
#1662 = VECTOR ( 'NONE', #2835, 1000.000000000000000 ) ;
#1663 = VERTEX_POINT ( 'NONE', #1704 ) ;
#1664 = ORIENTED_EDGE ( 'NONE', *, *, #1777, .T. ) ;
#1665 = CARTESIAN_POINT ( 'NONE',  ( 48.25805883730210155, 67.41599467984798366, 4.599999999999999645 ) ) ;
#1666 = DIRECTION ( 'NONE',  ( 0.9982259345461284017, 0.05953976485936681579, 0.000000000000000000 ) ) ;
#1667 = EDGE_CURVE ( 'NONE', #773, #3254, #1783, .T. ) ;
#1668 = CARTESIAN_POINT ( 'NONE',  ( 35.78597283154926600, 50.76086759227584366, 5.000000000000000000 ) ) ;
#1669 = CARTESIAN_POINT ( 'NONE',  ( 18.12035258729484966, -9.004735323125991897, 5.000000000000000000 ) ) ;
#1670 = EDGE_CURVE ( 'NONE', #974, #1429, #4872, .T. ) ;
#1671 = ORIENTED_EDGE ( 'NONE', *, *, #1413, .T. ) ;
#1672 = EDGE_CURVE ( 'NONE', #2718, #237, #970, .T. ) ;
#1673 = CARTESIAN_POINT ( 'NONE',  ( 73.66391708182916886, 45.75207113318916896, 1.336082918170693912 ) ) ;
#1674 = LINE ( 'NONE', #2936, #3278 ) ;
#1675 = LINE ( 'NONE', #1703, #819 ) ;
#1676 = DIRECTION ( 'NONE',  ( -0.000000000000000000, -0.000000000000000000, 1.000000000000000000 ) ) ;
#1677 = EDGE_CURVE ( 'NONE', #2035, #997, #3725, .T. ) ;
#1678 = B_SPLINE_CURVE_WITH_KNOTS ( 'NONE', 3,
 ( #162, #2511, #4089, #4621 ),
 .UNSPECIFIED., .F., .F.,
 ( 4, 4 ),
 ( 0.000000000000000000, 1.000000000000000000 ),
 .UNSPECIFIED. ) ;
#1679 = FACE_OUTER_BOUND ( 'NONE', #3954, .T. ) ;
#1680 = LINE ( 'NONE', #3275, #656 ) ;
#1681 = VECTOR ( 'NONE', #546, 1000.000000000000000 ) ;
#1682 = ADVANCED_FACE ( 'NONE', ( #255 ), #731, .F. ) ;
#1683 = ORIENTED_EDGE ( 'NONE', *, *, #4746, .F. ) ;
#1684 = ORIENTED_EDGE ( 'NONE', *, *, #3458, .T. ) ;
#1685 = ORIENTED_EDGE ( 'NONE', *, *, #2937, .F. ) ;
#1686 = AXIS2_PLACEMENT_3D ( 'NONE', #2402, #4036, #1661 ) ;
#1687 = DIRECTION ( 'NONE',  ( -1.000000000000000000, 0.000000000000000000, 0.000000000000000000 ) ) ;
#1688 = DIRECTION ( 'NONE',  ( 0.000000000000000000, 0.000000000000000000, 1.000000000000000000 ) ) ;
#1689 = LINE ( 'NONE', #4836, #1183 ) ;
#1690 = CARTESIAN_POINT ( 'NONE',  ( 63.54999999999999716, 15.99999999999999289, 3.399999999999999911 ) ) ;
#1691 = ORIENTED_EDGE ( 'NONE', *, *, #2473, .F. ) ;
#1692 = EDGE_LOOP ( 'NONE', ( #4289, #3861, #3077, #1157 ) ) ;
#1693 = EDGE_CURVE ( 'NONE', #4501, #2169, #3826, .T. ) ;
#1694 = AXIS2_PLACEMENT_3D ( 'NONE', #4935, #2971, #4549 ) ;
#1695 = DIRECTION ( 'NONE',  ( -0.000000000000000000, -0.000000000000000000, 1.000000000000000000 ) ) ;
#1696 = DIRECTION ( 'NONE',  ( -1.000000000000000000, 0.000000000000000000, 0.000000000000000000 ) ) ;
#1697 = LINE ( 'NONE', #4403, #3669 ) ;
#1698 = ORIENTED_EDGE ( 'NONE', *, *, #654, .T. ) ;
#1699 = EDGE_CURVE ( 'NONE', #3254, #138, #4252, .T. ) ;
#1700 = ADVANCED_FACE ( 'NONE', ( #355 ), #2259, .F. ) ;
#1701 = CARTESIAN_POINT ( 'NONE',  ( 73.50000000000000000, 46.49999999999999289, 1.500000000000000000 ) ) ;
#1702 = DIRECTION ( 'NONE',  ( 0.000000000000000000, -1.000000000000000000, 0.000000000000000000 ) ) ;
#1703 = CARTESIAN_POINT ( 'NONE',  ( 44.56405526832953967, 53.12911202077057737, 4.599999999999999645 ) ) ;
#1704 = CARTESIAN_POINT ( 'NONE',  ( 7.499999999999989342, 2.499999999999996003, -10.00000000000000178 ) ) ;
#1705 = ADVANCED_FACE ( 'NONE', ( #4667 ), #2701, .F. ) ;
#1706 = CARTESIAN_POINT ( 'NONE',  ( 63.35690349420030998, 18.98876614253688899, 4.599999999999999645 ) ) ;
#1707 = DIRECTION ( 'NONE',  ( 0.000000000000000000, -0.000000000000000000, 1.000000000000000000 ) ) ;
#1708 = DIRECTION ( 'NONE',  ( 0.2842690850060091146, -0.9587445370430260905, 0.000000000000000000 ) ) ;
#1709 = EDGE_CURVE ( 'NONE', #2459, #1278, #1898, .T. ) ;
#1710 = VERTEX_POINT ( 'NONE', #3896 ) ;
#1711 = ORIENTED_EDGE ( 'NONE', *, *, #4840, .F. ) ;
#1712 = ORIENTED_EDGE ( 'NONE', *, *, #859, .F. ) ;
#1713 = ADVANCED_FACE ( 'NONE', ( #4641 ), #380, .F. ) ;
#1714 = VECTOR ( 'NONE', #4523, 1000.000000000000000 ) ;
#1715 = CARTESIAN_POINT ( 'NONE',  ( 69.99999999999998579, 2.499999999999996003, 0.000000000000000000 ) ) ;
#1716 = DIRECTION ( 'NONE',  ( 0.000000000000000000, 0.000000000000000000, -1.000000000000000000 ) ) ;
#1717 = CARTESIAN_POINT ( 'NONE',  ( 35.09940047173320465, 68.10004456002852180, 4.599999999999999645 ) ) ;
#1718 = EDGE_LOOP ( 'NONE', ( #4473, #5091, #2568, #3276 ) ) ;
#1719 = VERTEX_POINT ( 'NONE', #3040 ) ;
#1720 = ADVANCED_FACE ( 'NONE', ( #1517 ), #3141, .T. ) ;
#1721 = CARTESIAN_POINT ( 'NONE',  ( 42.42569968899294253, 59.99584445557870538, 4.599999999999999645 ) ) ;
#1722 = DIRECTION ( 'NONE',  ( -0.7071067811865422437, 8.659560562354868763E-17, 0.7071067811865529018 ) ) ;
#1723 = LINE ( 'NONE', #3288, #765 ) ;
#1724 = EDGE_CURVE ( 'NONE', #1904, #1326, #3399, .T. ) ;
#1725 = ORIENTED_EDGE ( 'NONE', *, *, #4441, .F. ) ;
#1726 = FACE_BOUND ( 'NONE', #772, .T. ) ;
#1727 = DIRECTION ( 'NONE',  ( -0.000000000000000000, -0.000000000000000000, -1.000000000000000000 ) ) ;
#1728 = CARTESIAN_POINT ( 'NONE',  ( 43.76239363741270694, 63.34270742456207870, 4.599999999999999645 ) ) ;
#1729 = DIRECTION ( 'NONE',  ( -0.9999976573062887564, -0.002164574307904652134, 0.000000000000000000 ) ) ;
#1730 = EDGE_CURVE ( 'NONE', #4622, #524, #230, .T. ) ;
#1731 = CARTESIAN_POINT ( 'NONE',  ( 74.46269279592408452, 74.92874584099953950, 0.5373072040770915381 ) ) ;
#1732 = DIRECTION ( 'NONE',  ( 0.000000000000000000, 0.000000000000000000, 1.000000000000000000 ) ) ;
#1733 = ORIENTED_EDGE ( 'NONE', *, *, #2553, .F. ) ;
#1734 = ORIENTED_EDGE ( 'NONE', *, *, #2432, .F. ) ;
#1735 = EDGE_LOOP ( 'NONE', ( #3831, #4431, #4861, #5084, #1144, #596 ) ) ;
#1736 = B_SPLINE_CURVE_WITH_KNOTS ( 'NONE', 3,
 ( #2949, #4913, #1739, #2221 ),
 .UNSPECIFIED., .F., .F.,
 ( 4, 4 ),
 ( 2.000000000000000000, 3.000000000000000000 ),
 .UNSPECIFIED. ) ;
#1737 = CARTESIAN_POINT ( 'NONE',  ( 26.88347510842798016, 60.24439457978235168, 4.599999999999999645 ) ) ;
#1738 = LINE ( 'NONE', #568, #3119 ) ;
#1739 = CARTESIAN_POINT ( 'NONE',  ( 31.46693423918955190, 54.71983697195834395, 5.000000000000000000 ) ) ;
#1740 = ORIENTED_EDGE ( 'NONE', *, *, #3561, .F. ) ;
#1741 = ORIENTED_EDGE ( 'NONE', *, *, #1553, .F. ) ;
#1742 = CARTESIAN_POINT ( 'NONE',  ( 27.50000000000005329, 112.5000000000000000, -5.000000000000000000 ) ) ;
#1743 = CARTESIAN_POINT ( 'NONE',  ( 72.50000000000000000, 4.999999999999993783, 0.000000000000000000 ) ) ;
#1744 = CARTESIAN_POINT ( 'NONE',  ( 21.44437530280051263, 61.80936624298266935, 4.599999999999999645 ) ) ;
#1745 = EDGE_LOOP ( 'NONE', ( #1074, #3610, #1411, #4446 ) ) ;
#1746 = EDGE_CURVE ( 'NONE', #38, #844, #3215, .T. ) ;
#1747 = ORIENTED_EDGE ( 'NONE', *, *, #3191, .T. ) ;
#1748 = AXIS2_PLACEMENT_3D ( 'NONE', #3082, #1484, #3444 ) ;
#1749 = DIRECTION ( 'NONE',  ( 1.000000000000000000, 0.000000000000000000, 0.000000000000000000 ) ) ;
#1750 = CIRCLE ( 'NONE', #4146, 1.250000000000001110 ) ;
#1751 = CARTESIAN_POINT ( 'NONE',  ( 56.98098263606785707, 69.19504434610479393, 4.599999999999999645 ) ) ;
#1752 = CARTESIAN_POINT ( 'NONE',  ( 27.50000000000062528, 117.5000000000000000, -5.000000000000001776 ) ) ;
#1753 = CARTESIAN_POINT ( 'NONE',  ( 53.87637639000512024, 56.38741473562488693, 4.599999999999999645 ) ) ;
#1754 = VECTOR ( 'NONE', #3044, 1000.000000000000114 ) ;
#1755 = VECTOR ( 'NONE', #2302, 1000.000000000000000 ) ;
#1756 = CARTESIAN_POINT ( 'NONE',  ( 73.69825262925007792, 74.25172605281026961, 0.4339157902498683717 ) ) ;
#1757 = EDGE_CURVE ( 'NONE', #3486, #1250, #2798, .T. ) ;
#1758 = LINE ( 'NONE', #2868, #1222 ) ;
#1759 = EDGE_LOOP ( 'NONE', ( #547, #1842, #3235, #83 ) ) ;
#1760 = CARTESIAN_POINT ( 'NONE',  ( 28.48680579615640340, 67.79361627235329024, 5.000000000000000000 ) ) ;
#1761 = EDGE_CURVE ( 'NONE', #2460, #2198, #3378, .T. ) ;
#1762 = EDGE_CURVE ( 'NONE', #3260, #419, #3147, .T. ) ;
#1763 = VECTOR ( 'NONE', #651, 1000.000000000000000 ) ;
#1764 = LINE ( 'NONE', #4061, #2318 ) ;
#1765 = DIRECTION ( 'NONE',  ( 0.000000000000000000, 0.000000000000000000, 1.000000000000000000 ) ) ;
#1766 = LINE ( 'NONE', #4912, #4388 ) ;
#1767 = CARTESIAN_POINT ( 'NONE',  ( 75.00000000000000000, 120.0000000000000000, 0.000000000000000000 ) ) ;
#1768 = VERTEX_POINT ( 'NONE', #1969 ) ;
#1769 = VECTOR ( 'NONE', #4946, 1000.000000000000000 ) ;
#1770 = VERTEX_POINT ( 'NONE', #1188 ) ;
#1771 = EDGE_CURVE ( 'NONE', #3730, #1486, #1028, .T. ) ;
#1772 = VERTEX_POINT ( 'NONE', #505 ) ;
#1773 = B_SPLINE_CURVE_WITH_KNOTS ( 'NONE', 3,
 ( #403, #3965, #89, #1135 ),
 .UNSPECIFIED., .F., .F.,
 ( 4, 4 ),
 ( 3.000000000000000000, 4.000000000000000000 ),
 .UNSPECIFIED. ) ;
#1774 = CARTESIAN_POINT ( 'NONE',  ( 16.98661193500679900, 54.89307990385177050, 4.599999999999999645 ) ) ;
#1775 = CARTESIAN_POINT ( 'NONE',  ( 22.08606763532822725, 58.68548362696230924, 5.000000000000000000 ) ) ;
#1776 = FACE_OUTER_BOUND ( 'NONE', #1504, .T. ) ;
#1777 = EDGE_CURVE ( 'NONE', #2921, #542, #1644, .T. ) ;
#1778 = ORIENTED_EDGE ( 'NONE', *, *, #501, .T. ) ;
#1779 = AXIS2_PLACEMENT_3D ( 'NONE', #1612, #4750, #1688 ) ;
#1780 = FACE_BOUND ( 'NONE', #2383, .T. ) ;
#1781 = CARTESIAN_POINT ( 'NONE',  ( 37.50000000000000000, 91.55000000000001137, 3.399999999999999911 ) ) ;
#1782 = CARTESIAN_POINT ( 'NONE',  ( 33.03116546166571510, 53.98246957253758183, 4.599999999999999645 ) ) ;
#1783 = LINE ( 'NONE', #232, #4797 ) ;
#1784 = CARTESIAN_POINT ( 'NONE',  ( 74.52553695498737341, 73.98332354028698887, 1.423389135037540276 ) ) ;
#1785 = LINE ( 'NONE', #4160, #4103 ) ;
#1786 = VERTEX_POINT ( 'NONE', #35 ) ;
#1787 = EDGE_CURVE ( 'NONE', #626, #250, #481, .T. ) ;
#1788 = CARTESIAN_POINT ( 'NONE',  ( 32.49297329594386241, 48.40096926034961911, 5.000000000000000000 ) ) ;
#1789 = CARTESIAN_POINT ( 'NONE',  ( 15.43487065834723104, 69.41552549916616499, 4.599999999999999645 ) ) ;
#1790 = FACE_OUTER_BOUND ( 'NONE', #2847, .T. ) ;
#1791 = CARTESIAN_POINT ( 'NONE',  ( 14.04654379219795857, 54.07188900997300607, 4.599999999999999645 ) ) ;
#1792 = EDGE_LOOP ( 'NONE', ( #74, #3005, #4818, #852, #4361, #4771 ) ) ;
#1793 = ORIENTED_EDGE ( 'NONE', *, *, #3876, .F. ) ;
#1794 = ORIENTED_EDGE ( 'NONE', *, *, #3344, .F. ) ;
#1795 = AXIS2_PLACEMENT_3D ( 'NONE', #4182, #5060, #2994 ) ;
#1796 = LINE ( 'NONE', #193, #4227 ) ;
#1797 = CARTESIAN_POINT ( 'NONE',  ( 19.62533348695867375, 58.04522673193246618, 5.000000000000000000 ) ) ;
#1798 = CARTESIAN_POINT ( 'NONE',  ( 33.03116546166571510, 53.98246957253758183, 5.000000000000000000 ) ) ;
#1799 = ORIENTED_EDGE ( 'NONE', *, *, #746, .F. ) ;
#1800 =( BOUNDED_CURVE ( )  B_SPLINE_CURVE ( 3, ( #4757, #3585, #3991, #3132 ),
 .UNSPECIFIED., .F., .T. ) 
 B_SPLINE_CURVE_WITH_KNOTS ( ( 4, 4 ),
 ( 1.570796326794896336, 3.141592653589793116 ),
 .UNSPECIFIED. ) 
 CURVE ( )  GEOMETRIC_REPRESENTATION_ITEM ( )  RATIONAL_B_SPLINE_CURVE ( ( 1.000000000000000000, 0.8047378541243649375, 0.8047378541243649375, 1.000000000000000000 ) ) 
 REPRESENTATION_ITEM ( '' )  );
#1801 = CARTESIAN_POINT ( 'NONE',  ( 43.76239363741270694, 63.34270742456207870, 5.000000000000000000 ) ) ;
#1802 = LINE ( 'NONE', #2571, #4725 ) ;
#1803 = ADVANCED_FACE ( 'NONE', ( #4350 ), #4760, .T. ) ;
#1804 = CARTESIAN_POINT ( 'NONE',  ( 36.09999999999998721, 91.55000000000001137, 0.000000000000000000 ) ) ;
#1805 = CARTESIAN_POINT ( 'NONE',  ( 1.500000000000001110, 73.50000000000000000, 1.500000000000000000 ) ) ;
#1806 = PLANE ( 'NONE',  #2207 ) ;
#1807 = AXIS2_PLACEMENT_3D ( 'NONE', #497, #1308, #1636 ) ;
#1808 = CARTESIAN_POINT ( 'NONE',  ( 38.23827591779982527, 68.33259183104274825, 5.000000000000000000 ) ) ;
#1809 = CARTESIAN_POINT ( 'NONE',  ( 15.24677488885592602, 50.38836122693026454, 4.599999999999999645 ) ) ;
#1810 = ORIENTED_EDGE ( 'NONE', *, *, #3002, .F. ) ;
#1811 = CARTESIAN_POINT ( 'NONE',  ( 26.17347629967592226, 69.52399929548074908, 5.000000000000000000 ) ) ;
#1812 = B_SPLINE_CURVE_WITH_KNOTS ( 'NONE', 3,
 ( #1927, #1546, #3190, #1975 ),
 .UNSPECIFIED., .F., .F.,
 ( 4, 4 ),
 ( 0.000000000000000000, 1.000000000000000000 ),
 .UNSPECIFIED. ) ;
#1813 = DIRECTION ( 'NONE',  ( -0.000000000000000000, -0.000000000000000000, 1.000000000000000000 ) ) ;
#1814 = CARTESIAN_POINT ( 'NONE',  ( -0.1295671220299760007, 59.85787506458685669, 4.599999999999999645 ) ) ;
#1815 = CARTESIAN_POINT ( 'NONE',  ( 15.24677488885592602, 50.38836122693026454, 5.000000000000000000 ) ) ;
#1816 = ORIENTED_EDGE ( 'NONE', *, *, #3887, .F. ) ;
#1817 = EDGE_LOOP ( 'NONE', ( #3499, #723, #792 ) ) ;
#1818 = EDGE_LOOP ( 'NONE', ( #3883, #3285, #1311, #4967 ) ) ;
#1819 = DIRECTION ( 'NONE',  ( -0.9999976573062887564, -0.002164574307898562821, 0.000000000000000000 ) ) ;
#1820 = LINE ( 'NONE', #961, #1440 ) ;
#1821 = DIRECTION ( 'NONE',  ( -1.000000000000000000, 0.000000000000000000, 0.000000000000000000 ) ) ;
#1822 = ORIENTED_EDGE ( 'NONE', *, *, #1105, .T. ) ;
#1823 = EDGE_CURVE ( 'NONE', #456, #165, #857, .T. ) ;
#1824 = PLANE ( 'NONE',  #3989 ) ;
#1825 = EDGE_CURVE ( 'NONE', #2543, #3811, #4157, .T. ) ;
#1826 = DIRECTION ( 'NONE',  ( -0.000000000000000000, -0.000000000000000000, 1.000000000000000000 ) ) ;
#1827 = DIRECTION ( 'NONE',  ( -0.000000000000000000, -0.000000000000000000, 1.000000000000000000 ) ) ;
#1828 = CARTESIAN_POINT ( 'NONE',  ( 26.88347510842798016, 60.24439457978235168, 4.599999999999999645 ) ) ;
#1829 = FACE_OUTER_BOUND ( 'NONE', #4393, .T. ) ;
#1830 = AXIS2_PLACEMENT_3D ( 'NONE', #3957, #2322, #877 ) ;
#1831 = CARTESIAN_POINT ( 'NONE',  ( 28.99618295937896306, 45.67025248322667608, 4.599999999999999645 ) ) ;
#1832 = VECTOR ( 'NONE', #2343, 1000.000000000000000 ) ;
#1833 = CARTESIAN_POINT ( 'NONE',  ( 0.06546163104472947636, 44.99999999999999289, 0.1963848931341954929 ) ) ;
#1834 = VECTOR ( 'NONE', #1166, 999.9999999999998863 ) ;
#1835 = VECTOR ( 'NONE', #2278, 1000.000000000000000 ) ;
#1836 = ORIENTED_EDGE ( 'NONE', *, *, #375, .T. ) ;
#1837 = ORIENTED_EDGE ( 'NONE', *, *, #1233, .T. ) ;
#1838 = CARTESIAN_POINT ( 'NONE',  ( 74.91596386304713917, 74.69779240942528986, 0.9236132688777062283 ) ) ;
#1839 = CARTESIAN_POINT ( 'NONE',  ( 57.69095163281237149, 65.48929132234873407, 4.599999999999999645 ) ) ;
#1840 = CARTESIAN_POINT ( 'NONE',  ( 61.71829178137526384, 4.045320493428457453, 4.599999999999999645 ) ) ;
#1841 = ORIENTED_EDGE ( 'NONE', *, *, #2832, .T. ) ;
#1842 = ORIENTED_EDGE ( 'NONE', *, *, #627, .F. ) ;
#1843 = ORIENTED_EDGE ( 'NONE', *, *, #54, .F. ) ;
#1844 = CARTESIAN_POINT ( 'NONE',  ( 13.74999999999998757, 116.2500000000000000, -15.00000000000000000 ) ) ;
#1845 = DIRECTION ( 'NONE',  ( -1.000000000000000000, 0.000000000000000000, 0.000000000000000000 ) ) ;
#1846 = CARTESIAN_POINT ( 'NONE',  ( 22.08331893061677320, 59.95533990403678359, 4.599999999999999645 ) ) ;
#1847 = VECTOR ( 'NONE', #82, 1000.000000000000000 ) ;
#1848 = ORIENTED_EDGE ( 'NONE', *, *, #2839, .F. ) ;
#1849 = CARTESIAN_POINT ( 'NONE',  ( 23.95290432188574670, 64.81307871474692206, 5.000000000000000000 ) ) ;
#1850 = CARTESIAN_POINT ( 'NONE',  ( 59.96680715955792351, 68.43253565528095805, 5.000000000000000000 ) ) ;
#1851 = CARTESIAN_POINT ( 'NONE',  ( 28.05576097198110119, 72.73037325243286944, 4.599999999999999645 ) ) ;
#1852 = CARTESIAN_POINT ( 'NONE',  ( 0.1963848931343230297, 75.00000000000000000, 0.06546163104477407957 ) ) ;
#1853 = EDGE_CURVE ( 'NONE', #1860, #2956, #1423, .T. ) ;
#1854 = EDGE_CURVE ( 'NONE', #4554, #1872, #1238, .T. ) ;
#1855 = CARTESIAN_POINT ( 'NONE',  ( 31.14016907216635133, 70.42308002101647446, 5.000000000000000000 ) ) ;
#1856 = LINE ( 'NONE', #4593, #937 ) ;
#1857 = CARTESIAN_POINT ( 'NONE',  ( 44.56405526832953967, 53.12911202077057737, 4.599999999999999645 ) ) ;
#1858 = EDGE_CURVE ( 'NONE', #3456, #13, #2436, .T. ) ;
#1859 = B_SPLINE_CURVE_WITH_KNOTS ( 'NONE', 3,
 ( #4450, #2924, #1254, #4778 ),
 .UNSPECIFIED., .F., .F.,
 ( 4, 4 ),
 ( 0.000000000000000000, 1.000000000000000000 ),
 .UNSPECIFIED. ) ;
#1860 = VERTEX_POINT ( 'NONE', #1161 ) ;
#1861 = CARTESIAN_POINT ( 'NONE',  ( 63.54999999999999716, 15.99999999999999289, 0.000000000000000000 ) ) ;
#1862 = DIRECTION ( 'NONE',  ( -0.000000000000000000, -0.000000000000000000, -1.000000000000000000 ) ) ;
#1863 = DIRECTION ( 'NONE',  ( 0.000000000000000000, 1.000000000000000000, 0.000000000000000000 ) ) ;
#1864 = EDGE_CURVE ( 'NONE', #2478, #3309, #3507, .T. ) ;
#1865 = EDGE_CURVE ( 'NONE', #542, #4294, #417, .T. ) ;
#1866 = ORIENTED_EDGE ( 'NONE', *, *, #3665, .T. ) ;
#1867 = VERTEX_POINT ( 'NONE', #3134 ) ;
#1868 = ORIENTED_EDGE ( 'NONE', *, *, #4303, .T. ) ;
#1869 = CARTESIAN_POINT ( 'NONE',  ( 0.2065101041644589186, 46.01457104072670035, 1.422671342195630517 ) ) ;
#1870 = CARTESIAN_POINT ( 'NONE',  ( 28.05576097198110119, 72.73037325243286944, 4.599999999999999645 ) ) ;
#1871 = DIRECTION ( 'NONE',  ( 0.9999976573062887564, 0.002164574307892184243, 0.000000000000000000 ) ) ;
#1872 = VERTEX_POINT ( 'NONE', #2357 ) ;
#1873 = FACE_OUTER_BOUND ( 'NONE', #3387, .T. ) ;
#1874 = AXIS2_PLACEMENT_3D ( 'NONE', #2889, #3678, #2167 ) ;
#1875 = CARTESIAN_POINT ( 'NONE',  ( 53.41358205560006667, 59.97377346117848873, 4.599999999999999645 ) ) ;
#1876 = LINE ( 'NONE', #4154, #1519 ) ;
#1877 = CARTESIAN_POINT ( 'NONE',  ( 0.1308856618478879130, 74.99999999171568277, 0.1308856618478870248 ) ) ;
#1878 = CARTESIAN_POINT ( 'NONE',  ( 12.49999999999998934, -6.071532165918824830E-15, -4.999999999999989342 ) ) ;
#1879 = CARTESIAN_POINT ( 'NONE',  ( 25.61020819466324028, 50.41079370095809509, 4.599999999999999645 ) ) ;
#1880 = DIRECTION ( 'NONE',  ( 1.000000000000000000, -0.000000000000000000, 0.000000000000000000 ) ) ;
#1881 = ORIENTED_EDGE ( 'NONE', *, *, #1854, .T. ) ;
#1882 = FACE_OUTER_BOUND ( 'NONE', #191, .T. ) ;
#1883 = ADVANCED_FACE ( 'NONE', ( #913 ), #4043, .F. ) ;
#1884 = DIRECTION ( 'NONE',  ( -0.002164574307960163285, 0.9999976573062886454, 0.000000000000000000 ) ) ;
#1885 = CARTESIAN_POINT ( 'NONE',  ( 14.03395320428463044, 59.88853312862018896, 5.000000000000000000 ) ) ;
#1886 = ORIENTED_EDGE ( 'NONE', *, *, #2553, .T. ) ;
#1887 = ORIENTED_EDGE ( 'NONE', *, *, #5049, .T. ) ;
#1888 = EDGE_CURVE ( 'NONE', #3865, #3151, #3239, .T. ) ;
#1889 = VERTEX_POINT ( 'NONE', #4429 ) ;
#1890 = CARTESIAN_POINT ( 'NONE',  ( 1.500000000000001110, 75.00000000000000000, 0.000000000000000000 ) ) ;
#1891 = DIRECTION ( 'NONE',  ( 0.000000000000000000, 0.000000000000000000, 1.000000000000000000 ) ) ;
#1892 = CARTESIAN_POINT ( 'NONE',  ( 61.25000000000001421, 117.5000000000000000, -15.00000000000000000 ) ) ;
#1893 = ORIENTED_EDGE ( 'NONE', *, *, #2440, .F. ) ;
#1894 = VECTOR ( 'NONE', #4413, 1000.000000000000000 ) ;
#1895 = LINE ( 'NONE', #1083, #3746 ) ;
#1896 = CARTESIAN_POINT ( 'NONE',  ( 73.50000000000000000, 73.50000000000000000, 0.000000000000000000 ) ) ;
#1897 = LINE ( 'NONE', #711, #5066 ) ;
#1898 = LINE ( 'NONE', #3477, #3395 ) ;
#1899 = EDGE_CURVE ( 'NONE', #2320, #138, #118, .T. ) ;
#1900 = CARTESIAN_POINT ( 'NONE',  ( 34.58037044103966906, 60.18697884857790825, 4.599999999999999645 ) ) ;
#1901 = CARTESIAN_POINT ( 'NONE',  ( 0.2518094684370333347, 45.18932039044305071, 0.7554284053108960562 ) ) ;
#1902 = CARTESIAN_POINT ( 'NONE',  ( 22.08331893061677320, 59.95533990403678359, 4.599999999999999645 ) ) ;
#1903 = ADVANCED_FACE ( 'NONE', ( #4277 ), #1117, .F. ) ;
#1904 = VERTEX_POINT ( 'NONE', #1088 ) ;
#1905 = CARTESIAN_POINT ( 'NONE',  ( 53.87637639000510603, 56.38741473562489404, 4.599999999999999645 ) ) ;
#1906 = DIRECTION ( 'NONE',  ( -0.000000000000000000, -0.000000000000000000, 1.000000000000000000 ) ) ;
#1907 = CARTESIAN_POINT ( 'NONE',  ( 35.09940047173320465, 68.10004456002852180, 4.599999999999999645 ) ) ;
#1908 = COLOUR_RGB ( '',0.7921568627450980005, 0.8196078431372548767, 0.9333333333333333481 ) ;
#1909 = ORIENTED_EDGE ( 'NONE', *, *, #47, .T. ) ;
#1910 = EDGE_CURVE ( 'NONE', #4415, #4398, #3850, .T. ) ;
#1911 = EDGE_LOOP ( 'NONE', ( #2453, #3621, #434, #2142 ) ) ;
#1912 = VERTEX_POINT ( 'NONE', #1878 ) ;
#1913 = EDGE_CURVE ( 'NONE', #4406, #1772, #1045, .T. ) ;
#1914 = CARTESIAN_POINT ( 'NONE',  ( 52.39487941846498131, 56.38420791783046582, 5.000000000000000000 ) ) ;
#1915 = FACE_OUTER_BOUND ( 'NONE', #3949, .T. ) ;
#1916 = CARTESIAN_POINT ( 'NONE',  ( 23.96329594661243689, 60.01231934864183160, 4.599999999999999645 ) ) ;
#1917 = EDGE_LOOP ( 'NONE', ( #3661, #2520 ) ) ;
#1918 = EDGE_CURVE ( 'NONE', #882, #619, #1856, .T. ) ;
#1919 = EDGE_LOOP ( 'NONE', ( #4516, #4483, #3805, #1939, #2042, #1115, #3493, #2554, #132, #425 ) ) ;
#1920 = VECTOR ( 'NONE', #480, 1000.000000000000000 ) ;
#1921 = CARTESIAN_POINT ( 'NONE',  ( 59.96680715955792351, 68.43253565528095805, 4.599999999999999645 ) ) ;
#1922 = AXIS2_PLACEMENT_3D ( 'NONE', #1620, #4784, #3211 ) ;
#1923 = CARTESIAN_POINT ( 'NONE',  ( 0.000000000000000000, 4.999999999999993783, -12.50000000000000000 ) ) ;
#1924 = DIRECTION ( 'NONE',  ( 0.000000000000000000, 0.000000000000000000, -1.000000000000000000 ) ) ;
#1925 = CARTESIAN_POINT ( 'NONE',  ( 1.035578933988948953E-16, 75.00000000000000000, -2.388989729292219642E-15 ) ) ;
#1926 = VECTOR ( 'NONE', #1284, 1000.000000000000000 ) ;
#1927 = CARTESIAN_POINT ( 'NONE',  ( 33.01779607714239972, 60.15890489015593090, 4.599999999999999645 ) ) ;
#1928 = CARTESIAN_POINT ( 'NONE',  ( 28.48680579615640340, 67.79361627235329024, 4.599999999999999645 ) ) ;
#1929 = LINE ( 'NONE', #2309, #4475 ) ;
#1930 =( BOUNDED_SURFACE ( )  B_SPLINE_SURFACE ( 3, 2, ( 
 ( #2729, #1701, #122 ),
 ( #4021, #4283, #413 ),
 ( #388, #4847, #147 ),
 ( #1934, #4790, #2341 ),
 ( #507, #1673, #4432 ),
 ( #1170, #1317, #1294 ),
 ( #19, #1527, #766 ),
 ( #1576, #4045, #3515 ),
 ( #3488, #363, #915 ),
 ( #891, #532, #2314 ),
 ( #4697, #4309, #2862 ),
 ( #3645, #3096, #5087 ),
 ( #5065, #794, #1552 ),
 ( #4674, #1146, #2468 ) ),
 .UNSPECIFIED., .F., .F., .F. ) 
 B_SPLINE_SURFACE_WITH_KNOTS ( ( 4, 2, 2, 2, 2, 2, 4 ),
 ( 3, 3 ),
 ( 6.283185307179586232, 6.479534848028948524, 6.675884388878310816, 6.872233929727672219, 7.068583470577034511, 7.461282552275758206, 7.853981633974482790 ),
 ( 0.000000000000000000, 1.000000000000000000 ),
 .UNSPECIFIED. ) 
 GEOMETRIC_REPRESENTATION_ITEM ( )  RATIONAL_B_SPLINE_SURFACE ( (
 ( 1.000000000000000000, 0.7071067811865475727, 1.000000000000000000),
 ( 1.000000000000000000, 0.7070717008705423856, 1.000000000000000000),
 ( 1.000000000000000000, 0.7117460391535094244, 1.000000000000000000),
 ( 1.000000000000000000, 0.7291288573898097036, 1.000000000000000000),
 ( 1.000000000000000000, 0.7418334672881322644, 1.000000000000000000),
 ( 1.000000000000000000, 0.7723967724090701203, 1.000000000000000000),
 ( 1.000000000000000000, 0.7902180514827302771, 1.000000000000000000),
 ( 1.000000000000000000, 0.8275942267606042346, 1.000000000000000000),
 ( 1.000000000000000000, 0.8471316911967897711, 1.000000000000000000),
 ( 1.000000000000000000, 0.9038128289597348042, 1.000000000000000000),
 ( 1.000000000000000000, 0.9386556746367816784, 1.000000000000000000),
 ( 1.000000000000000000, 0.9867291651255324370, 1.000000000000000000),
 ( 1.000000000000000000, 1.000158598892035622, 1.000000000000000000),
 ( 1.000000000000000000, 1.000000000000000000, 1.000000000000000000) ) ) 
 REPRESENTATION_ITEM ( '' )  SURFACE ( )  );
#1931 = ORIENTED_EDGE ( 'NONE', *, *, #3700, .F. ) ;
#1932 = CARTESIAN_POINT ( 'NONE',  ( 18.96159110272099824, 59.94858267635414251, 5.000000000000000000 ) ) ;
#1933 = VECTOR ( 'NONE', #1502, 1000.000000000000000 ) ;
#1934 = CARTESIAN_POINT ( 'NONE',  ( 73.54797501467069765, 46.11107620907489490, 0.4840083284431040966 ) ) ;
#1935 = DIRECTION ( 'NONE',  ( 0.000000000000000000, 0.000000000000000000, 1.000000000000000000 ) ) ;
#1936 = CARTESIAN_POINT ( 'NONE',  ( 58.60291684388124622, 51.57570027742514185, 4.599999999999999645 ) ) ;
#1937 = EDGE_CURVE ( 'NONE', #3309, #24, #3816, .T. ) ;
#1938 = ORIENTED_EDGE ( 'NONE', *, *, #5007, .F. ) ;
#1939 = ORIENTED_EDGE ( 'NONE', *, *, #4441, .T. ) ;
#1940 = ORIENTED_EDGE ( 'NONE', *, *, #178, .T. ) ;
#1941 = CARTESIAN_POINT ( 'NONE',  ( 37.62837630339784312, -6.524415688749411579, 5.000000000000000000 ) ) ;
#1942 = DIRECTION ( 'NONE',  ( 1.000000000000000000, 0.000000000000000000, 0.000000000000000000 ) ) ;
#1943 = CARTESIAN_POINT ( 'NONE',  ( 67.50000000000000000, -6.071532165918824830E-15, -9.999999999999998224 ) ) ;
#1944 = VERTEX_POINT ( 'NONE', #3067 ) ;
#1945 = ORIENTED_EDGE ( 'NONE', *, *, #111, .F. ) ;
#1946 = PLANE ( 'NONE',  #3071 ) ;
#1947 = CARTESIAN_POINT ( 'NONE',  ( 35.21975722808575426, -6.106783605428752537, 4.599999999999999645 ) ) ;
#1948 = CARTESIAN_POINT ( 'NONE',  ( 61.25000000000001421, 116.2499999999999858, -15.00000000000000000 ) ) ;
#1949 = ORIENTED_EDGE ( 'NONE', *, *, #955, .T. ) ;
#1950 = CARTESIAN_POINT ( 'NONE',  ( 75.00000000000000000, 44.99999999999999289, 0.000000000000000000 ) ) ;
#1951 = CARTESIAN_POINT ( 'NONE',  ( 0.000000000000000000, 73.50000000000000000, 0.000000000000000000 ) ) ;
#1952 = CARTESIAN_POINT ( 'NONE',  ( 38.85478914024159991, 50.76751028877509953, 5.000000000000000000 ) ) ;
#1953 = ORIENTED_EDGE ( 'NONE', *, *, #4883, .F. ) ;
#1954 = CARTESIAN_POINT ( 'NONE',  ( 22.50000000000000000, 117.5000000000000142, -12.50000000000000000 ) ) ;
#1955 = AXIS2_PLACEMENT_3D ( 'NONE', #174, #917, #148 ) ;
#1956 = CARTESIAN_POINT ( 'NONE',  ( 54.64768155626245516, 56.93935805308352371, 5.000000000000000000 ) ) ;
#1957 = CARTESIAN_POINT ( 'NONE',  ( 38.90000000000001279, 91.55000000000001137, 0.000000000000000000 ) ) ;
#1958 = CARTESIAN_POINT ( 'NONE',  ( 62.49999999999999289, -6.071532165918824830E-15, -5.000000000000000000 ) ) ;
#1959 = ORIENTED_EDGE ( 'NONE', *, *, #3270, .F. ) ;
#1960 = ORIENTED_EDGE ( 'NONE', *, *, #2766, .T. ) ;
#1961 = ORIENTED_EDGE ( 'NONE', *, *, #3091, .T. ) ;
#1962 = DIRECTION ( 'NONE',  ( 0.000000000000000000, 1.000000000000000000, 0.000000000000000000 ) ) ;
#1963 = LINE ( 'NONE', #521, #1606 ) ;
#1964 = CARTESIAN_POINT ( 'NONE',  ( 57.49999999999999289, 120.0000000000000000, -12.50000000000000000 ) ) ;
#1965 = VERTEX_POINT ( 'NONE', #4668 ) ;
#1966 = EDGE_CURVE ( 'NONE', #3361, #506, #2358, .T. ) ;
#1967 = CARTESIAN_POINT ( 'NONE',  ( 16.97589199274863958, 59.84551655870923526, 4.599999999999999645 ) ) ;
#1968 = CARTESIAN_POINT ( 'NONE',  ( 59.15031960174529502, 69.19974004816646129, 4.599999999999999645 ) ) ;
#1969 = CARTESIAN_POINT ( 'NONE',  ( 35.60000000000000142, 26.24999999999999289, 3.399999999999999911 ) ) ;
#1970 = B_SPLINE_CURVE_WITH_KNOTS ( 'NONE', 3,
 ( #1851, #1015, #3039, #4615 ),
 .UNSPECIFIED., .F., .F.,
 ( 4, 4 ),
 ( 5.000000000000000000, 6.000000000000000000 ),
 .UNSPECIFIED. ) ;
#1971 = EDGE_CURVE ( 'NONE', #974, #1992, #3481, .T. ) ;
#1972 = B_SPLINE_CURVE_WITH_KNOTS ( 'NONE', 3,
 ( #4148, #3743, #3691, #2592 ),
 .UNSPECIFIED., .F., .F.,
 ( 4, 4 ),
 ( 41.00000000000000000, 42.00000000000000000 ),
 .UNSPECIFIED. ) ;
#1973 = ADVANCED_FACE ( 'NONE', ( #1449 ), #3453, .T. ) ;
#1974 = VERTEX_POINT ( 'NONE', #1495 ) ;
#1975 = CARTESIAN_POINT ( 'NONE',  ( 28.05446503742488318, 47.25554083441714681, 4.599999999999999645 ) ) ;
#1976 = FACE_OUTER_BOUND ( 'NONE', #2513, .T. ) ;
#1977 = PLANE ( 'NONE',  #36 ) ;
#1979 = EDGE_LOOP ( 'NONE', ( #1388, #1174 ) ) ;
#1978 = B_SPLINE_CURVE_WITH_KNOTS ( 'NONE', 3,
 ( #63, #4347, #4758, #2464 ),
 .UNSPECIFIED., .F., .F.,
 ( 4, 4 ),
 ( 6.000000000000000000, 7.000000000000000000 ),
 .UNSPECIFIED. ) ;
#1980 = CARTESIAN_POINT ( 'NONE',  ( 22.50000000000000000, 114.9999999999999858, -10.00000000000000178 ) ) ;
#1981 = PLANE ( 'NONE',  #608 ) ;
#1982 = CARTESIAN_POINT ( 'NONE',  ( 9.449999999999986855, 102.0999999999999943, 3.399999999999999911 ) ) ;
#1983 = EDGE_LOOP ( 'NONE', ( #1639, #296 ) ) ;
#1984 = ORIENTED_EDGE ( 'NONE', *, *, #4947, .T. ) ;
#1985 = ORIENTED_EDGE ( 'NONE', *, *, #4947, .F. ) ;
#1986 = AXIS2_PLACEMENT_3D ( 'NONE', #3924, #2384, #2235 ) ;
#1987 = VECTOR ( 'NONE', #3834, 1000.000000000000000 ) ;
#1988 = CARTESIAN_POINT ( 'NONE',  ( 22.49999999999999289, 117.5000000000000000, -9.999999999999378275 ) ) ;
#1989 = CARTESIAN_POINT ( 'NONE',  ( 36.14986462676659329, 57.01572259455750213, 4.599999999999999645 ) ) ;
#1990 = CARTESIAN_POINT ( 'NONE',  ( 45.90133713412228644, 56.20436685281529066, 4.599999999999999645 ) ) ;
#1991 = AXIS2_PLACEMENT_3D ( 'NONE', #3595, #4718, #1242 ) ;
#1992 = VERTEX_POINT ( 'NONE', #3092 ) ;
#1993 = VERTEX_POINT ( 'NONE', #1472 ) ;
#1994 = VECTOR ( 'NONE', #1129, 1000.000000000000000 ) ;
#1995 = CARTESIAN_POINT ( 'NONE',  ( 33.00451068268754540, 66.29653818033413870, 4.599999999999999645 ) ) ;
#1996 = DIRECTION ( 'NONE',  ( -0.000000000000000000, -0.000000000000000000, 1.000000000000000000 ) ) ;
#1997 = DIRECTION ( 'NONE',  ( -0.1708417403571640125, -0.9852984825684728554, 0.000000000000000000 ) ) ;
#1998 = CARTESIAN_POINT ( 'NONE',  ( 73.50000000000000000, 45.62132034355963128, 0.4999999999999996669 ) ) ;
#1999 = ORIENTED_EDGE ( 'NONE', *, *, #482, .F. ) ;
#2000 = LINE ( 'NONE', #2723, #1662 ) ;
#2001 = DIRECTION ( 'NONE',  ( -0.000000000000000000, -0.000000000000000000, 1.000000000000000000 ) ) ;
#2002 = ADVANCED_FACE ( 'NONE', ( #358 ), #774, .F. ) ;
#2003 = CARTESIAN_POINT ( 'NONE',  ( 39.62958920622759962, 51.33356971989759643, 4.599999999999999645 ) ) ;
#2004 = AXIS2_PLACEMENT_3D ( 'NONE', #3749, #603, #4973 ) ;
#2005 = ORIENTED_EDGE ( 'NONE', *, *, #2711, .T. ) ;
#2006 = DIRECTION ( 'NONE',  ( 0.2870939721814941836, -0.9579024225551636684, 0.000000000000000000 ) ) ;
#2007 = LINE ( 'NONE', #3146, #3884 ) ;
#2008 = CARTESIAN_POINT ( 'NONE',  ( 52.50000000000000000, 117.5000000000000000, -15.00000000000065903 ) ) ;
#2009 = VECTOR ( 'NONE', #978, 1000.000000000000000 ) ;
#2010 = EDGE_LOOP ( 'NONE', ( #2640, #4123, #4907, #1023 ) ) ;
#2011 = ORIENTED_EDGE ( 'NONE', *, *, #3641, .F. ) ;
#2012 = ORIENTED_EDGE ( 'NONE', *, *, #3164, .F. ) ;
#2013 = LINE ( 'NONE', #3524, #2735 ) ;
#2014 = EDGE_CURVE ( 'NONE', #418, #3078, #907, .T. ) ;
#2015 = CARTESIAN_POINT ( 'NONE',  ( 36.14294705659228413, 60.21152601110345159, 5.000000000000000000 ) ) ;
#2016 = DIRECTION ( 'NONE',  ( 0.000000000000000000, 0.000000000000000000, -1.000000000000000000 ) ) ;
#2017 = FACE_OUTER_BOUND ( 'NONE', #386, .T. ) ;
#2018 = EDGE_CURVE ( 'NONE', #112, #2909, #3107, .T. ) ;
#2019 = ORIENTED_EDGE ( 'NONE', *, *, #1761, .F. ) ;
#2020 = ORIENTED_EDGE ( 'NONE', *, *, #3962, .F. ) ;
#2021 = FACE_OUTER_BOUND ( 'NONE', #2338, .T. ) ;
#2022 = DIRECTION ( 'NONE',  ( -0.000000000000000000, -0.000000000000000000, 1.000000000000000000 ) ) ;
#2023 = FACE_OUTER_BOUND ( 'NONE', #2883, .T. ) ;
#2024 = DIRECTION ( 'NONE',  ( -0.000000000000000000, -0.7071067811865474617, 0.7071067811865476838 ) ) ;
#2025 = AXIS2_PLACEMENT_3D ( 'NONE', #253, #1491, #3087 ) ;
#2026 = CARTESIAN_POINT ( 'NONE',  ( 30.84107323525157796, -9.955243575954488833, 4.599999999999999645 ) ) ;
#2027 = DIRECTION ( 'NONE',  ( -0.9725882268247872942, 0.2325341717722711754, 0.000000000000000000 ) ) ;
#2028 = DIRECTION ( 'NONE',  ( 0.000000000000000000, -0.000000000000000000, -1.000000000000000000 ) ) ;
#2029 = ORIENTED_EDGE ( 'NONE', *, *, #4233, .F. ) ;
#2030 = CARTESIAN_POINT ( 'NONE',  ( 42.42569968899294253, 59.99584445557870538, 4.599999999999999645 ) ) ;
#2031 = LINE ( 'NONE', #2366, #2651 ) ;
#2032 = CARTESIAN_POINT ( 'NONE',  ( 0.01429782185055691532, 74.95174488975118265, 0.3899492020818434712 ) ) ;
#2033 = EDGE_LOOP ( 'NONE', ( #1310, #4001, #3520, #2395 ) ) ;
#2034 = ORIENTED_EDGE ( 'NONE', *, *, #3667, .F. ) ;
#2035 = VERTEX_POINT ( 'NONE', #662 ) ;
#2036 = ADVANCED_FACE ( 'NONE', ( #4643 ), #3568, .F. ) ;
#2037 = ADVANCED_FACE ( 'NONE', ( #4716 ), #3523, .F. ) ;
#2038 = DIRECTION ( 'NONE',  ( -1.000000000000000000, 0.000000000000000000, 0.000000000000000000 ) ) ;
#2039 = CARTESIAN_POINT ( 'NONE',  ( 51.17218398280328273, 67.18596718839175708, 5.000000000000000000 ) ) ;
#2040 = LINE ( 'NONE', #522, #3484 ) ;
#2041 = FACE_BOUND ( 'NONE', #964, .T. ) ;
#2042 = ORIENTED_EDGE ( 'NONE', *, *, #610, .T. ) ;
#2043 = ORIENTED_EDGE ( 'NONE', *, *, #843, .T. ) ;
#2044 = VECTOR ( 'NONE', #2016, 1000.000000000000000 ) ;
#2045 = CARTESIAN_POINT ( 'NONE',  ( 41.19160789426834413, 63.02673180877590653, 5.000000000000000000 ) ) ;
#2046 = CARTESIAN_POINT ( 'NONE',  ( 14.38323494084624166, 60.15874940231086043, 4.599999999999999645 ) ) ;
#2047 = CARTESIAN_POINT ( 'NONE',  ( 61.25000000000001421, 116.2499999999999858, -15.00000000000000000 ) ) ;
#2048 = DIRECTION ( 'NONE',  ( 1.228762462150238276E-16, 1.000000000000000000, 0.000000000000000000 ) ) ;
#2049 = ORIENTED_EDGE ( 'NONE', *, *, #93, .T. ) ;
#2050 = ORIENTED_EDGE ( 'NONE', *, *, #4611, .T. ) ;
#2051 = DIRECTION ( 'NONE',  ( 0.002164574307901916041, -0.9999976573062887564, 0.000000000000000000 ) ) ;
#2052 = CYLINDRICAL_SURFACE ( 'NONE', #735, 1.500000000000000000 ) ;
#2053 = EDGE_CURVE ( 'NONE', #3194, #1340, #2750, .T. ) ;
#2054 = LINE ( 'NONE', #4048, #4649 ) ;
#2055 = CARTESIAN_POINT ( 'NONE',  ( 44.98508136713597594, 52.54447620889911974, 5.000000000000000000 ) ) ;
#2056 = DIRECTION ( 'NONE',  ( -0.000000000000000000, -0.000000000000000000, 1.000000000000000000 ) ) ;
#2057 = CARTESIAN_POINT ( 'NONE',  ( 69.99999999999998579, 2.499999999999993783, 0.000000000000000000 ) ) ;
#2058 = EDGE_CURVE ( 'NONE', #5042, #1256, #449, .T. ) ;
#2059 = ORIENTED_EDGE ( 'NONE', *, *, #1392, .F. ) ;
#2060 = ORIENTED_EDGE ( 'NONE', *, *, #4647, .T. ) ;
#2061 = AXIS2_PLACEMENT_3D ( 'NONE', #2047, #4513, #4042 ) ;
#2062 = EDGE_LOOP ( 'NONE', ( #2205, #2901, #597, #3715 ) ) ;
#2063 = CYLINDRICAL_SURFACE ( 'NONE', #3012, 4.999999999999998224 ) ;
#2064 = DIRECTION ( 'NONE',  ( -1.387778780781445873E-15, 0.000000000000000000, -1.000000000000000000 ) ) ;
#2065 = DIRECTION ( 'NONE',  ( -1.000000000000000000, 0.000000000000000000, -0.000000000000000000 ) ) ;
#2066 = EDGE_CURVE ( 'NONE', #951, #4247, #2000, .T. ) ;
#2067 = AXIS2_PLACEMENT_3D ( 'NONE', #1130, #3525, #2693 ) ;
#2068 = ORIENTED_EDGE ( 'NONE', *, *, #2809, .F. ) ;
#2069 = EDGE_CURVE ( 'NONE', #4701, #3942, #3592, .T. ) ;
#2070 = ORIENTED_EDGE ( 'NONE', *, *, #4811, .T. ) ;
#2071 = FACE_OUTER_BOUND ( 'NONE', #75, .T. ) ;
#2072 = PLANE ( 'NONE',  #1922 ) ;
#2073 = CARTESIAN_POINT ( 'NONE',  ( 36.14294705659228413, 60.21152601110345159, 4.599999999999999645 ) ) ;
#2074 = EDGE_CURVE ( 'NONE', #3094, #932, #1812, .T. ) ;
#2075 = CIRCLE ( 'NONE', #2397, 4.999999999999997335 ) ;
#2076 = ORIENTED_EDGE ( 'NONE', *, *, #2140, .T. ) ;
#2077 = LINE ( 'NONE', #3266, #3587 ) ;
#2078 = CARTESIAN_POINT ( 'NONE',  ( 33.00451068268754540, 66.29653818033413870, 5.000000000000000000 ) ) ;
#2079 = EDGE_CURVE ( 'NONE', #2198, #3440, #3545, .T. ) ;
#2080 = DIRECTION ( 'NONE',  ( 0.5107203677843007439, -0.8597468848040501488, 0.000000000000000000 ) ) ;
#2081 = CARTESIAN_POINT ( 'NONE',  ( 48.65312595226107106, 67.41684983397829001, 4.599999999999999645 ) ) ;
#2082 = EDGE_CURVE ( 'NONE', #287, #1581, #1191, .T. ) ;
#2083 = PLANE ( 'NONE',  #4774 ) ;
#2084 = AXIS2_PLACEMENT_3D ( 'NONE', #1923, #1643, #3505 ) ;
#2085 = CARTESIAN_POINT ( 'NONE',  ( 29.89265525571779136, 60.09923018964615693, 4.599999999999999645 ) ) ;
#2086 = FACE_OUTER_BOUND ( 'NONE', #1047, .T. ) ;
#2087 = CIRCLE ( 'NONE', #1276, 1.500000000000000000 ) ;
#2088 = ORIENTED_EDGE ( 'NONE', *, *, #375, .F. ) ;
#2089 = ORIENTED_EDGE ( 'NONE', *, *, #3849, .T. ) ;
#2090 = ADVANCED_FACE ( 'NONE', ( #786 ), #3969, .T. ) ;
#2091 = EDGE_LOOP ( 'NONE', ( #1151, #3462, #4044, #572 ) ) ;
#2092 = CIRCLE ( 'NONE', #4984, 4.999999999999997335 ) ;
#2093 = FACE_OUTER_BOUND ( 'NONE', #3981, .T. ) ;
#2094 = DIRECTION ( 'NONE',  ( -0.000000000000000000, -0.000000000000000000, 1.000000000000000000 ) ) ;
#2095 = EDGE_CURVE ( 'NONE', #2846, #4398, #4381, .T. ) ;
#2096 = CARTESIAN_POINT ( 'NONE',  ( 52.50000000000000711, 112.4999999999999858, -10.00000000000000711 ) ) ;
#2097 = CARTESIAN_POINT ( 'NONE',  ( 26.16751767727940958, 50.41905633430118883, 4.599999999999999645 ) ) ;
#2098 = ORIENTED_EDGE ( 'NONE', *, *, #2839, .T. ) ;
#2099 = ORIENTED_EDGE ( 'NONE', *, *, #3344, .T. ) ;
#2100 = VECTOR ( 'NONE', #3382, 999.9999999999998863 ) ;
#2101 = CARTESIAN_POINT ( 'NONE',  ( 34.56461345859662515, 67.13590885259914387, 5.000000000000000000 ) ) ;
#2102 = CARTESIAN_POINT ( 'NONE',  ( 23.52078599485841082, 52.59678160645988498, 5.000000000000000000 ) ) ;
#2103 = CARTESIAN_POINT ( 'NONE',  ( 51.97385331965853794, 56.96884372970191635, 4.599999999999999645 ) ) ;
#2104 = ORIENTED_EDGE ( 'NONE', *, *, #4433, .F. ) ;
#2105 = CARTESIAN_POINT ( 'NONE',  ( 38.85478914024159991, 50.76751028877510663, 5.000000000000000000 ) ) ;
#2106 = CARTESIAN_POINT ( 'NONE',  ( 28.99618295937896306, 45.67025248322667608, 4.599999999999999645 ) ) ;
#2107 = CARTESIAN_POINT ( 'NONE',  ( 75.00000000000000000, 0.000000000000000000, 0.000000000000000000 ) ) ;
#2108 = CARTESIAN_POINT ( 'NONE',  ( 63.82145453975622473, 3.806667673894479798, 5.000000000000000000 ) ) ;
#2109 = CARTESIAN_POINT ( 'NONE',  ( 74.86912603607204630, 74.96095898797697998, 0.3926218917841832745 ) ) ;
#2110 = EDGE_CURVE ( 'NONE', #1889, #1087, #4408, .T. ) ;
#2111 =( NAMED_UNIT ( * ) SI_UNIT ( $, .STERADIAN. ) SOLID_ANGLE_UNIT ( ) );
#2112 = CARTESIAN_POINT ( 'NONE',  ( 5.000000000000000000, 5.000000000000000000, 5.000000000000000000 ) ) ;
#2113 = ORIENTED_EDGE ( 'NONE', *, *, #4785, .F. ) ;
#2114 = ORIENTED_EDGE ( 'NONE', *, *, #4476, .T. ) ;
#2115 = ORIENTED_EDGE ( 'NONE', *, *, #2447, .F. ) ;
#2116 = AXIS2_PLACEMENT_3D ( 'NONE', #4026, #3932, #48 ) ;
#2117 = CARTESIAN_POINT ( 'NONE',  ( 37.50000000000000000, 91.55000000000001137, 0.000000000000000000 ) ) ;
#2118 = PRODUCT_DEFINITION_SHAPE ( 'NONE', 'NONE',  #3464 ) ;
#2119 = DIRECTION ( 'NONE',  ( -0.000000000000000000, 0.000000000000000000, -1.000000000000000000 ) ) ;
#2120 = CARTESIAN_POINT ( 'NONE',  ( 5.000000000000000000, 5.000000000000000000, 0.000000000000000000 ) ) ;
#2122 = ADVANCED_FACE ( 'NONE', ( #2777 ), #3116, .F. ) ;
#2121 = CARTESIAN_POINT ( 'NONE',  ( 36.14294705659228413, 60.21152601110345159, 5.000000000000000000 ) ) ;
#2123 = ORIENTED_EDGE ( 'NONE', *, *, #4293, .T. ) ;
#2124 = EDGE_LOOP ( 'NONE', ( #440, #4091, #3223, #1286 ) ) ;
#2125 = CARTESIAN_POINT ( 'NONE',  ( 28.99618295937896306, 45.67025248322667608, 5.000000000000000000 ) ) ;
#2126 = DIRECTION ( 'NONE',  ( 0.000000000000000000, 0.000000000000000000, 1.000000000000000000 ) ) ;
#2127 = LINE ( 'NONE', #4458, #113 ) ;
#2128 = EDGE_CURVE ( 'NONE', #2242, #304, #1163, .T. ) ;
#2129 = ORIENTED_EDGE ( 'NONE', *, *, #4819, .F. ) ;
#2130 = ORIENTED_EDGE ( 'NONE', *, *, #3425, .T. ) ;
#2131 = CARTESIAN_POINT ( 'NONE',  ( 0.000000000000000000, 0.000000000000000000, 4.599999999999999645 ) ) ;
#2132 = CARTESIAN_POINT ( 'NONE',  ( 38.14833781771924492, 54.47679853951059670, 4.599999999999999645 ) ) ;
#2133 = DIRECTION ( 'NONE',  ( 0.9459077980375388828, -0.3244355677353744638, 0.000000000000000000 ) ) ;
#2134 = CARTESIAN_POINT ( 'NONE',  ( 0.4744630450125243981, 73.98332354028698887, 1.423389135037541386 ) ) ;
#2135 = EDGE_CURVE ( 'NONE', #3207, #3577, #4547, .T. ) ;
#2136 = EDGE_CURVE ( 'NONE', #1354, #3150, #4876, .T. ) ;
#2137 = CARTESIAN_POINT ( 'NONE',  ( 74.74819053156286941, 74.81067960955685692, 0.7554284053110906783 ) ) ;
#2138 = PLANE ( 'NONE',  #3478 ) ;
#2139 = LINE ( 'NONE', #2189, #338 ) ;
#2140 = EDGE_CURVE ( 'NONE', #4972, #3300, #2323, .T. ) ;
#2141 = VECTOR ( 'NONE', #4673, 1000.000000000000000 ) ;
#2142 = ORIENTED_EDGE ( 'NONE', *, *, #1231, .F. ) ;
#2143 = CARTESIAN_POINT ( 'NONE',  ( 28.50223509472851191, 52.24071647654527339, 4.599999999999999645 ) ) ;
#2144 = DIRECTION ( 'NONE',  ( 0.000000000000000000, 0.000000000000000000, -1.000000000000000000 ) ) ;
#2145 = ADVANCED_FACE ( 'NONE', ( #2275 ), #4319, .T. ) ;
#2146 = CARTESIAN_POINT ( 'NONE',  ( 13.74999999999998757, 116.2500000000000000, 0.000000000000000000 ) ) ;
#2147 = DIRECTION ( 'NONE',  ( -1.000000000000000000, 0.000000000000000000, 0.000000000000000000 ) ) ;
#2148 = DIRECTION ( 'NONE',  ( 0.9999976573062887564, 0.002164574307898256642, 0.000000000000000000 ) ) ;
#2149 = ORIENTED_EDGE ( 'NONE', *, *, #1413, .F. ) ;
#2150 = ORIENTED_EDGE ( 'NONE', *, *, #427, .T. ) ;
#2151 = ORIENTED_EDGE ( 'NONE', *, *, #1272, .F. ) ;
#2152 = CARTESIAN_POINT ( 'NONE',  ( 17.47486356014925235, 52.58369472743159179, 5.000000000000000000 ) ) ;
#2153 = CARTESIAN_POINT ( 'NONE',  ( 0.8786796564403539511, 44.99999999999999289, 0.2928932188134519277 ) ) ;
#2154 = CARTESIAN_POINT ( 'NONE',  ( -0.1495181222758735495, 69.07490838016774148, 5.000000000000000000 ) ) ;
#2155 = EDGE_LOOP ( 'NONE', ( #900, #2529, #5070, #881 ) ) ;
#2156 = VERTEX_POINT ( 'NONE', #4682 ) ;
#2157 = VECTOR ( 'NONE', #4352, 1000.000000000000000 ) ;
#2158 = PLANE ( 'NONE',  #385 ) ;
#2159 = VECTOR ( 'NONE', #3227, 1000.000000000000000 ) ;
#2160 = CARTESIAN_POINT ( 'NONE',  ( 35.60000000000000142, 91.55000000000001137, 3.399999999999999911 ) ) ;
#2161 = CARTESIAN_POINT ( 'NONE',  ( 51.27523411172359147, 66.83697843894680091, 4.599999999999999645 ) ) ;
#2162 = EDGE_CURVE ( 'NONE', #2198, #4626, #2990, .T. ) ;
#2163 = AXIS2_PLACEMENT_3D ( 'NONE', #1422, #3427, #5006 ) ;
#2164 = VECTOR ( 'NONE', #2462, 1000.000000000000000 ) ;
#2165 = CARTESIAN_POINT ( 'NONE',  ( 56.31831518861017827, 68.97138550662481293, 4.599999999999999645 ) ) ;
#2166 = CARTESIAN_POINT ( 'NONE',  ( 28.48680579615640340, 67.79361627235329024, 4.599999999999999645 ) ) ;
#2167 = DIRECTION ( 'NONE',  ( -1.000000000000000000, 0.000000000000000000, 0.000000000000000000 ) ) ;
#2168 = VERTEX_POINT ( 'NONE', #701 ) ;
#2169 = VERTEX_POINT ( 'NONE', #1870 ) ;
#2170 = AXIS2_PLACEMENT_3D ( 'NONE', #1056, #574, #3314 ) ;
#2171 = DIRECTION ( 'NONE',  ( 1.000000000000000000, 0.000000000000000000, 0.000000000000000000 ) ) ;
#2172 = PLANE ( 'NONE',  #2422 ) ;
#2173 = CARTESIAN_POINT ( 'NONE',  ( 52.75819874726981595, 56.38499435135753401, 5.000000000000000000 ) ) ;
#2174 = ORIENTED_EDGE ( 'NONE', *, *, #666, .F. ) ;
#2175 = CIRCLE ( 'NONE', #2587, 2.500000000000003997 ) ;
#2176 = ORIENTED_EDGE ( 'NONE', *, *, #1481, .T. ) ;
#2177 = ORIENTED_EDGE ( 'NONE', *, *, #4096, .F. ) ;
#2178 = EDGE_CURVE ( 'NONE', #2738, #2891, #2650, .T. ) ;
#2179 = DIRECTION ( 'NONE',  ( 0.4450203073841546564, 0.8955204777199191613, 0.000000000000000000 ) ) ;
#2180 = CARTESIAN_POINT ( 'NONE',  ( 47.58123054275102248, 52.55009577986906777, 5.000000000000000000 ) ) ;
#2181 = LINE ( 'NONE', #702, #3683 ) ;
#2182 = VERTEX_POINT ( 'NONE', #4658 ) ;
#2183 = CIRCLE ( 'NONE', #5074, 1.250000000000001110 ) ;
#2184 = CARTESIAN_POINT ( 'NONE',  ( 60.15309437322863317, 50.81361216108685852, 5.000000000000000000 ) ) ;
#2185 = CARTESIAN_POINT ( 'NONE',  ( 41.19160789426833702, 63.02673180877590653, 5.000000000000000000 ) ) ;
#2186 = DIRECTION ( 'NONE',  ( -0.000000000000000000, 0.000000000000000000, -1.000000000000000000 ) ) ;
#2187 = DIRECTION ( 'NONE',  ( -0.000000000000000000, -0.000000000000000000, 1.000000000000000000 ) ) ;
#2188 = CARTESIAN_POINT ( 'NONE',  ( 16.97589199274863958, 59.84551655870923526, 4.599999999999999645 ) ) ;
#2189 = CARTESIAN_POINT ( 'NONE',  ( 55.44276670398557627, 16.43885722650673742, 5.000000000000000000 ) ) ;
#2190 = ORIENTED_EDGE ( 'NONE', *, *, #3337, .F. ) ;
#2191 = CARTESIAN_POINT ( 'NONE',  ( 0.000000000000000000, 0.000000000000000000, 0.000000000000000000 ) ) ;
#2192 = LINE ( 'NONE', #318, #1987 ) ;
#2193 = DIRECTION ( 'NONE',  ( -0.9999976573062887564, -0.002164574307898562821, 0.000000000000000000 ) ) ;
#2194 = AXIS2_PLACEMENT_3D ( 'NONE', #3267, #3346, #3323 ) ;
#2195 = PLANE ( 'NONE',  #3753 ) ;
#2196 = EDGE_LOOP ( 'NONE', ( #828, #588, #2477 ) ) ;
#2197 = EDGE_CURVE ( 'NONE', #1505, #3101, #397, .T. ) ;
#2198 = VERTEX_POINT ( 'NONE', #4268 ) ;
#2199 = ORIENTED_EDGE ( 'NONE', *, *, #4106, .T. ) ;
#2200 = ADVANCED_FACE ( 'NONE', ( #4997 ), #1155, .F. ) ;
#2201 = AXIS2_PLACEMENT_3D ( 'NONE', #4739, #4792, #1270 ) ;
#2202 = LINE ( 'NONE', #2930, #3823 ) ;
#2203 = CARTESIAN_POINT ( 'NONE',  ( 47.98893882117888410, 53.22823707465383336, 5.000000000000000000 ) ) ;
#2204 = LINE ( 'NONE', #728, #3255 ) ;
#2205 = ORIENTED_EDGE ( 'NONE', *, *, #3432, .T. ) ;
#2206 = ORIENTED_EDGE ( 'NONE', *, *, #2989, .F. ) ;
#2207 = AXIS2_PLACEMENT_3D ( 'NONE', #1424, #2965, #585 ) ;
#2208 = CARTESIAN_POINT ( 'NONE',  ( 60.96604679571536423, 51.67958202849354166, 5.000000000000000000 ) ) ;
#2209 = CARTESIAN_POINT ( 'NONE',  ( 41.30377374508643840, 63.35502291448069911, 4.599999999999999645 ) ) ;
#2210 = CARTESIAN_POINT ( 'NONE',  ( 28.05446503742489384, 47.25554083441714681, 5.000000000000000000 ) ) ;
#2211 = CARTESIAN_POINT ( 'NONE',  ( 26.87154115849022773, 65.75768277533703099, 4.599999999999999645 ) ) ;
#2212 = CARTESIAN_POINT ( 'NONE',  ( 73.50966914411966968, 73.69634717512364830, 0.4967769519601279993 ) ) ;
#2213 = CIRCLE ( 'NONE', #916, 1.000000000000000000 ) ;
#2214 = CARTESIAN_POINT ( 'NONE',  ( 58.63206800602740287, 51.14542102133970758, 4.599999999999999645 ) ) ;
#2215 = CARTESIAN_POINT ( 'NONE',  ( 1.128200527441172385, 45.44597539628943395, 1.128200527441183265 ) ) ;
#2216 = ORIENTED_EDGE ( 'NONE', *, *, #3018, .T. ) ;
#2217 = DIRECTION ( 'NONE',  ( -1.000000000000000000, 0.000000000000000000, -0.000000000000000000 ) ) ;
#2218 = DIRECTION ( 'NONE',  ( 0.000000000000000000, -1.000000000000000000, 0.000000000000000000 ) ) ;
#2219 = CARTESIAN_POINT ( 'NONE',  ( 59.58065994151687761, 69.20067155399181047, 4.599999999999999645 ) ) ;
#2220 = B_SPLINE_CURVE_WITH_KNOTS ( 'NONE', 3,
 ( #149, #4077, #4823, #4023 ),
 .UNSPECIFIED., .F., .F.,
 ( 4, 4 ),
 ( 18.00000000000000000, 19.00000000000000000 ),
 .UNSPECIFIED. ) ;
#2221 = CARTESIAN_POINT ( 'NONE',  ( 31.45523698125404621, 60.12377736324087607, 5.000000000000000000 ) ) ;
#2222 = ORIENTED_EDGE ( 'NONE', *, *, #1864, .F. ) ;
#2223 = EDGE_LOOP ( 'NONE', ( #3491, #823, #1249, #2758 ) ) ;
#2224 = EDGE_LOOP ( 'NONE', ( #2760, #740, #475, #2293 ) ) ;
#2225 = DIRECTION ( 'NONE',  ( 0.000000000000000000, -0.000000000000000000, 1.000000000000000000 ) ) ;
#2226 = DIRECTION ( 'NONE',  ( 1.000000000000000000, 0.000000000000000000, 0.000000000000000000 ) ) ;
#2227 = CARTESIAN_POINT ( 'NONE',  ( 22.08057022590531560, 61.22519618111125084, 5.000000000000000000 ) ) ;
#2228 = ADVANCED_FACE ( 'NONE', ( #2716 ), #3467, .T. ) ;
#2229 = ORIENTED_EDGE ( 'NONE', *, *, #2447, .T. ) ;
#2230 = CARTESIAN_POINT ( 'NONE',  ( 16.97589199274863958, 59.84551655870923526, 4.599999999999999645 ) ) ;
#2231 = CARTESIAN_POINT ( 'NONE',  ( -8.933467110627823615, 45.41887459687293216, 5.000000000000000000 ) ) ;
#2232 = CARTESIAN_POINT ( 'NONE',  ( 28.05446503742489384, 47.25554083441714681, 4.599999999999999645 ) ) ;
#2233 = DIRECTION ( 'NONE',  ( 0.9812001574316255859, 0.1929928782524191755, 0.000000000000000000 ) ) ;
#2234 = AXIS2_PLACEMENT_3D ( 'NONE', #2361, #3509, #3946 ) ;
#2235 = DIRECTION ( 'NONE',  ( 1.249000902703300351E-13, 0.000000000000000000, 1.000000000000000000 ) ) ;
#2236 = EDGE_CURVE ( 'NONE', #3811, #2890, #3, .T. ) ;
#2237 = CARTESIAN_POINT ( 'NONE',  ( 16.97589199274863958, 59.84551655870923526, 5.000000000000000000 ) ) ;
#2238 = ADVANCED_FACE ( 'NONE', ( #1104 ), #4704, .F. ) ;
#2239 = FACE_OUTER_BOUND ( 'NONE', #517, .T. ) ;
#2240 = AXIS2_PLACEMENT_3D ( 'NONE', #4825, #4000, #485 ) ;
#2241 = VECTOR ( 'NONE', #114, 1000.000000000000000 ) ;
#2242 = VERTEX_POINT ( 'NONE', #751 ) ;
#2243 = FACE_OUTER_BOUND ( 'NONE', #1004, .T. ) ;
#2244 = CARTESIAN_POINT ( 'NONE',  ( 75.00000000000000000, 75.00000000000000000, 0.000000000000000000 ) ) ;
#2245 = CARTESIAN_POINT ( 'NONE',  ( 12.49999999999998934, -6.071532165918824830E-15, -4.999999999999989342 ) ) ;
#2246 = DIRECTION ( 'NONE',  ( 0.06540457701180862893, -0.9978588283449250085, 0.000000000000000000 ) ) ;
#2247 = VERTEX_POINT ( 'NONE', #2668 ) ;
#2248 = EDGE_LOOP ( 'NONE', ( #4958, #4117, #315, #4110 ) ) ;
#2249 = ORIENTED_EDGE ( 'NONE', *, *, #3114, .T. ) ;
#2250 = DIRECTION ( 'NONE',  ( -1.000000000000000000, 0.000000000000000000, 0.000000000000000000 ) ) ;
#2251 = FACE_OUTER_BOUND ( 'NONE', #5016, .T. ) ;
#2252 = CARTESIAN_POINT ( 'NONE',  ( 5.000000000000000000, 2.499999999999993783, -12.50000000000000000 ) ) ;
#2253 = EDGE_LOOP ( 'NONE', ( #1683, #754, #3006, #1747, #5000 ) ) ;
#2254 = B_SPLINE_CURVE_WITH_KNOTS ( 'NONE', 3,
 ( #2490, #2435, #116, #1668 ),
 .UNSPECIFIED., .F., .F.,
 ( 4, 4 ),
 ( 21.00000000000000000, 22.00000000000000000 ),
 .UNSPECIFIED. ) ;
#2255 = CARTESIAN_POINT ( 'NONE',  ( 23.96329594661243689, 60.01231934864183160, 4.599999999999999645 ) ) ;
#2256 = ADVANCED_FACE ( 'NONE', ( #2251 ), #2298, .T. ) ;
#2257 = CARTESIAN_POINT ( 'NONE',  ( 49.93795213272127143, 63.76172295399043577, 4.599999999999999645 ) ) ;
#2258 = DIRECTION ( 'NONE',  ( -0.000000000000000000, -0.000000000000000000, 1.000000000000000000 ) ) ;
#2259 = PLANE ( 'NONE',  #454 ) ;
#2260 = VECTOR ( 'NONE', #2612, 1000.000000000000000 ) ;
#2261 = ADVANCED_FACE ( 'NONE', ( #3814 ), #3886, .T. ) ;
#2262 = CARTESIAN_POINT ( 'NONE',  ( 5.000000000000000000, 5.000000000000000000, -12.50000000000000000 ) ) ;
#2263 = CARTESIAN_POINT ( 'NONE',  ( 1.202225496247616654, 45.53443967518060020, 1.202225496247623537 ) ) ;
#2264 = DIRECTION ( 'NONE',  ( 0.000000000000000000, 1.000000000000000000, -0.000000000000000000 ) ) ;
#2265 = ORIENTED_EDGE ( 'NONE', *, *, #3206, .F. ) ;
#2266 = FACE_OUTER_BOUND ( 'NONE', #1466, .T. ) ;
#2267 = LINE ( 'NONE', #341, #3396 ) ;
#2268 = LINE ( 'NONE', #1936, #4905 ) ;
#2269 = ORIENTED_EDGE ( 'NONE', *, *, #3270, .T. ) ;
#2270 = ORIENTED_EDGE ( 'NONE', *, *, #1699, .T. ) ;
#2271 = ORIENTED_EDGE ( 'NONE', *, *, #816, .F. ) ;
#2272 = AXIS2_PLACEMENT_3D ( 'NONE', #1781, #4075, #2547 ) ;
#2273 = CARTESIAN_POINT ( 'NONE',  ( 0.2303039929152719545, 46.40033402649160621, 1.500000000000000000 ) ) ;
#2274 = ADVANCED_FACE ( 'NONE', ( #4607 ), #3419, .T. ) ;
#2275 = FACE_OUTER_BOUND ( 'NONE', #4417, .T. ) ;
#2276 = CARTESIAN_POINT ( 'NONE',  ( 27.11389941078661536, 71.12337289908458615, 4.599999999999999645 ) ) ;
#2277 = ORIENTED_EDGE ( 'NONE', *, *, #1190, .T. ) ;
#2278 = DIRECTION ( 'NONE',  ( -0.000000000000000000, -0.000000000000000000, 1.000000000000000000 ) ) ;
#2279 = CARTESIAN_POINT ( 'NONE',  ( 26.88347510842798016, 60.24439457978235168, 4.599999999999999645 ) ) ;
#2280 = ADVANCED_FACE ( 'NONE', ( #1915 ), #3105, .F. ) ;
#2281 = DIRECTION ( 'NONE',  ( -0.000000000000000000, -0.000000000000000000, 1.000000000000000000 ) ) ;
#2282 = CARTESIAN_POINT ( 'NONE',  ( 0.9011831294467331777, 74.75167855023860852, 0.9011831294467274045 ) ) ;
#2283 = DIRECTION ( 'NONE',  ( -1.000000000000000000, 0.000000000000000000, 0.000000000000000000 ) ) ;
#2284 = CARTESIAN_POINT ( 'NONE',  ( 26.89661543495349250, 54.17378028218959685, 4.599999999999999645 ) ) ;
#2285 = EDGE_CURVE ( 'NONE', #644, #3260, #1963, .T. ) ;
#2286 = CARTESIAN_POINT ( 'NONE',  ( 34.94305739570599201, 68.62528759425747182, 5.000000000000000000 ) ) ;
#2287 = ADVANCED_FACE ( 'NONE', ( #3177 ), #2063, .F. ) ;
#2288 = ORIENTED_EDGE ( 'NONE', *, *, #3879, .F. ) ;
#2289 = DIRECTION ( 'NONE',  ( 0.9999789340568651097, -0.006490873785237705890, 0.000000000000000000 ) ) ;
#2290 = DIRECTION ( 'NONE',  ( -1.000000000000000000, 0.000000000000000000, 0.000000000000000000 ) ) ;
#2291 = CARTESIAN_POINT ( 'NONE',  ( -0.1457004807266669422, 67.31122090056931029, 4.599999999999999645 ) ) ;
#2292 = CARTESIAN_POINT ( 'NONE',  ( 35.87667499726751430, 69.15288993489288316, 4.599999999999999645 ) ) ;
#2293 = ORIENTED_EDGE ( 'NONE', *, *, #294, .T. ) ;
#2294 = VERTEX_POINT ( 'NONE', #3657 ) ;
#2295 = EDGE_LOOP ( 'NONE', ( #3629, #2579, #3790, #121 ) ) ;
#2296 = EDGE_CURVE ( 'NONE', #2169, #4553, #1635, .T. ) ;
#2297 = CARTESIAN_POINT ( 'NONE',  ( 67.50000000000000000, 2.499999999999993783, -12.50000000000000000 ) ) ;
#2298 = CYLINDRICAL_SURFACE ( 'NONE', #1123, 5.000000000000000000 ) ;
#2299 = CARTESIAN_POINT ( 'NONE',  ( 53.41358205560006667, 59.97377346117848873, 4.599999999999999645 ) ) ;
#2300 = ORIENTED_EDGE ( 'NONE', *, *, #1018, .T. ) ;
#2301 = EDGE_LOOP ( 'NONE', ( #1480, #956, #3079, #1175 ) ) ;
#2302 = DIRECTION ( 'NONE',  ( -0.000000000000000000, -0.000000000000000000, 1.000000000000000000 ) ) ;
#2303 = CARTESIAN_POINT ( 'NONE',  ( 17.50000000000000000, 120.0000000000000000, -15.00000000000000000 ) ) ;
#2304 = CARTESIAN_POINT ( 'NONE',  ( 52.50000000000000711, 112.4999999999999858, -15.00000000000000000 ) ) ;
#2305 = CARTESIAN_POINT ( 'NONE',  ( -10.21421437156032219, 51.93035535905706013, 4.599999999999999645 ) ) ;
#2306 = EDGE_CURVE ( 'NONE', #419, #914, #1217, .T. ) ;
#2307 = CARTESIAN_POINT ( 'NONE',  ( 23.95290432188574670, 64.81307871474692206, 5.000000000000000000 ) ) ;
#2308 = CARTESIAN_POINT ( 'NONE',  ( 28.50223509472851191, 52.24071647654527339, 4.599999999999999645 ) ) ;
#2309 = CARTESIAN_POINT ( 'NONE',  ( 1.500000000000001110, 73.50000000000000000, 1.500000000000000000 ) ) ;
#2310 = AXIS2_PLACEMENT_3D ( 'NONE', #3497, #325, #1845 ) ;
#2311 = EDGE_LOOP ( 'NONE', ( #3441, #4944, #975, #950 ) ) ;
#2312 = B_SPLINE_SURFACE_WITH_KNOTS ( 'NONE', 3, 1, ( 
 ( #4740, #4380 ),
 ( #2752, #95 ),
 ( #511, #2055 ),
 ( #3620, #4330 ) ),
 .UNSPECIFIED., .F., .F., .F.,
 ( 4, 4 ),
 ( 2, 2 ),
 ( 27.00000000000000000, 28.00000000000000000 ),
 ( 0.000000000000000000, 1.000000000000000000 ),
 .UNSPECIFIED. ) ;
#2313 = CARTESIAN_POINT ( 'NONE',  ( 19.99999999999996803, 120.0000000000000142, -9.999999999999385381 ) ) ;
#2314 = CARTESIAN_POINT ( 'NONE',  ( 74.69272661944366121, 45.30049979810937799, 0.9218201416690275929 ) ) ;
#2315 = VECTOR ( 'NONE', #438, 1000.000000000000000 ) ;
#2316 = CARTESIAN_POINT ( 'NONE',  ( 7.499999999999989342, 2.499999999999993783, -12.50000000000000000 ) ) ;
#2317 = DIRECTION ( 'NONE',  ( 0.5107203677843021872, -0.8597468848040491496, 0.000000000000000000 ) ) ;
#2318 = VECTOR ( 'NONE', #543, 1000.000000000000114 ) ;
#2319 = ORIENTED_EDGE ( 'NONE', *, *, #3909, .F. ) ;
#2320 = VERTEX_POINT ( 'NONE', #4395 ) ;
#2321 = ORIENTED_EDGE ( 'NONE', *, *, #4633, .T. ) ;
#2322 = DIRECTION ( 'NONE',  ( 0.000000000000000000, 1.000000000000000000, 0.000000000000000000 ) ) ;
#2323 = LINE ( 'NONE', #3842, #2899 ) ;
#2324 = PLANE ( 'NONE',  #4934 ) ;
#2325 = ORIENTED_EDGE ( 'NONE', *, *, #93, .F. ) ;
#2326 = EDGE_LOOP ( 'NONE', ( #3708, #4634, #1691 ) ) ;
#2327 = VECTOR ( 'NONE', #3424, 1000.000000000000114 ) ;
#2328 = CIRCLE ( 'NONE', #790, 1.899999999999999023 ) ;
#2329 = CARTESIAN_POINT ( 'NONE',  ( 59.96680715955792351, 68.43253565528095805, 5.000000000000000000 ) ) ;
#2330 = AXIS2_PLACEMENT_3D ( 'NONE', #2434, #1666, #1236 ) ;
#2331 = LINE ( 'NONE', #8, #1274 ) ;
#2332 = CARTESIAN_POINT ( 'NONE',  ( 31.46693423918955190, 54.71983697195834395, 4.599999999999999645 ) ) ;
#2333 = VECTOR ( 'NONE', #4837, 1000.000000000000000 ) ;
#2334 = EDGE_LOOP ( 'NONE', ( #2216, #4288, #4879, #3100 ) ) ;
#2335 = CARTESIAN_POINT ( 'NONE',  ( 0.2303039929152719822, 0.000000000000000000, 1.500000000000000000 ) ) ;
#2336 = CARTESIAN_POINT ( 'NONE',  ( 26.16751767727941314, 50.41905633430118883, 5.000000000000000000 ) ) ;
#2337 = FACE_OUTER_BOUND ( 'NONE', #2224, .T. ) ;
#2338 = EDGE_LOOP ( 'NONE', ( #1225, #3681, #3844, #1654 ) ) ;
#2339 = CARTESIAN_POINT ( 'NONE',  ( 29.89265525571779136, 60.09923018964615693, 4.599999999999999645 ) ) ;
#2340 = AXIS2_PLACEMENT_3D ( 'NONE', #1181, #3033, #1535 ) ;
#2341 = CARTESIAN_POINT ( 'NONE',  ( 74.51599167155681869, 46.11107620907489490, 1.452024985329295914 ) ) ;
#2342 = AXIS2_PLACEMENT_3D ( 'NONE', #1034, #1439, #4971 ) ;
#2343 = DIRECTION ( 'NONE',  ( -1.000000000000000000, 0.000000000000000000, 1.301042606982605321E-16 ) ) ;
#2344 = B_SPLINE_CURVE_WITH_KNOTS ( 'NONE', 3,
 ( #2495, #3291, #1372, #4099 ),
 .UNSPECIFIED., .F., .F.,
 ( 4, 4 ),
 ( 12.00000000000000000, 13.00000000000000000 ),
 .UNSPECIFIED. ) ;
#2345 = CARTESIAN_POINT ( 'NONE',  ( 51.97385331965853794, 56.96884372970191635, 5.000000000000000000 ) ) ;
#2346 = ORIENTED_EDGE ( 'NONE', *, *, #4521, .F. ) ;
#2347 = ORIENTED_EDGE ( 'NONE', *, *, #1223, .T. ) ;
#2348 = EDGE_LOOP ( 'NONE', ( #4646, #1203, #3768, #3343 ) ) ;
#2349 = CARTESIAN_POINT ( 'NONE',  ( 60.62223606764680994, 50.81462765552436167, 4.599999999999999645 ) ) ;
#2350 = CARTESIAN_POINT ( 'NONE',  ( 50.85420801291714099, 67.42161425081793880, 5.000000000000000000 ) ) ;
#2351 = DIRECTION ( 'NONE',  ( 0.2870939721814941836, -0.9579024225551636684, 0.000000000000000000 ) ) ;
#2352 = ADVANCED_FACE ( 'NONE', ( #2789 ), #3999, .F. ) ;
#2353 = EDGE_CURVE ( 'NONE', #84, #2156, #4956, .T. ) ;
#2354 = VERTEX_POINT ( 'NONE', #803 ) ;
#2355 = CARTESIAN_POINT ( 'NONE',  ( 22.50000000000000000, 117.5000000000000000, -9.999999999999374722 ) ) ;
#2356 = FACE_OUTER_BOUND ( 'NONE', #2780, .T. ) ;
#2357 = CARTESIAN_POINT ( 'NONE',  ( 67.50000000000000000, 2.499999999999996003, -10.00000000000000178 ) ) ;
#2358 = B_SPLINE_CURVE_WITH_KNOTS ( 'NONE', 3,
 ( #3870, #2307, #3829, #2680, #1065, #2237 ),
 .UNSPECIFIED., .F., .F.,
 ( 4, 2, 4 ),
 ( 0.000000000000000000, 1.000000000000000000, 2.000000000000000000 ),
 .UNSPECIFIED. ) ;
#2359 = VECTOR ( 'NONE', #2001, 1000.000000000000000 ) ;
#2360 = ORIENTED_EDGE ( 'NONE', *, *, #1518, .F. ) ;
#2361 = CARTESIAN_POINT ( 'NONE',  ( 52.49999999999997868, 117.5000000000000000, -19.99999999999515765 ) ) ;
#2362 = DIRECTION ( 'NONE',  ( 0.000000000000000000, 0.000000000000000000, -1.000000000000000000 ) ) ;
#2363 = CARTESIAN_POINT ( 'NONE',  ( -0.1457004807266669422, 67.31122090056931029, 4.599999999999999645 ) ) ;
#2364 = ORIENTED_EDGE ( 'NONE', *, *, #4138, .F. ) ;
#2365 = DIRECTION ( 'NONE',  ( -0.9812001574319504371, -0.1929928782507674412, 0.000000000000000000 ) ) ;
#2366 = CARTESIAN_POINT ( 'NONE',  ( 1.499999999999997558, 46.49999999999999289, 1.500000000000000000 ) ) ;
#2367 = CARTESIAN_POINT ( 'NONE',  ( 0.000000000000000000, 120.0000000000000000, 5.000000000000000000 ) ) ;
#2368 = EDGE_LOOP ( 'NONE', ( #3923, #268 ) ) ;
#2369 = ORIENTED_EDGE ( 'NONE', *, *, #2623, .F. ) ;
#2370 = VERTEX_POINT ( 'NONE', #3580 ) ;
#2371 = CARTESIAN_POINT ( 'NONE',  ( 28.05576097198110475, 72.73037325243288365, 5.000000000000000000 ) ) ;
#2372 = CARTESIAN_POINT ( 'NONE',  ( 36.14294705659228413, 60.21152601110345159, 4.599999999999999645 ) ) ;
#2373 = CYLINDRICAL_SURFACE ( 'NONE', #263, 5.000000000000002665 ) ;
#2374 = EDGE_LOOP ( 'NONE', ( #647, #4257, #466, #3934, #2369, #1069, #2060, #4359 ) ) ;
#2375 = ORIENTED_EDGE ( 'NONE', *, *, #1011, .T. ) ;
#2376 = EDGE_CURVE ( 'NONE', #3101, #1031, #784, .T. ) ;
#2377 = CARTESIAN_POINT ( 'NONE',  ( 48.65312595226107106, 67.41684983397829001, 5.000000000000000000 ) ) ;
#2378 = LINE ( 'NONE', #88, #871 ) ;
#2379 = ADVANCED_FACE ( 'NONE', ( #3939 ), #2816, .F. ) ;
#2380 = DIRECTION ( 'NONE',  ( -0.000000000000000000, -0.000000000000000000, 1.000000000000000000 ) ) ;
#2381 = CARTESIAN_POINT ( 'NONE',  ( 47.18616342779203876, 52.54924062573878274, 4.599999999999999645 ) ) ;
#2382 = EDGE_CURVE ( 'NONE', #3890, #4307, #3335, .T. ) ;
#2383 = EDGE_LOOP ( 'NONE', ( #493, #4097 ) ) ;
#2384 = DIRECTION ( 'NONE',  ( -0.000000000000000000, -1.000000000000000000, 0.000000000000000000 ) ) ;
#2385 = CARTESIAN_POINT ( 'NONE',  ( 29.88269561313709133, 64.70051189553737458, 4.599999999999999645 ) ) ;
#2386 = DIRECTION ( 'NONE',  ( -1.000000000000000000, 0.000000000000000000, 0.000000000000000000 ) ) ;
#2387 = ORIENTED_EDGE ( 'NONE', *, *, #4819, .T. ) ;
#2388 = EDGE_CURVE ( 'NONE', #844, #2544, #2455, .T. ) ;
#2389 = CARTESIAN_POINT ( 'NONE',  ( 27.10923559923350012, 48.83376798311071809, 5.000000000000000000 ) ) ;
#2390 = EDGE_CURVE ( 'NONE', #3405, #2423, #4498, .T. ) ;
#2391 = CARTESIAN_POINT ( 'NONE',  ( 52.75819874726981595, 56.38499435135753401, 4.599999999999999645 ) ) ;
#2392 = CARTESIAN_POINT ( 'NONE',  ( 8.998878031629684830E-16, 73.50000000000000000, 1.500000000000000000 ) ) ;
#2393 = ORIENTED_EDGE ( 'NONE', *, *, #4047, .F. ) ;
#2394 = ORIENTED_EDGE ( 'NONE', *, *, #1910, .F. ) ;
#2395 = ORIENTED_EDGE ( 'NONE', *, *, #4194, .T. ) ;
#2396 = VECTOR ( 'NONE', #3056, 1000.000000000000000 ) ;
#2397 = AXIS2_PLACEMENT_3D ( 'NONE', #3355, #591, #2144 ) ;
#2398 = DIRECTION ( 'NONE',  ( 0.7071067811865493491, -0.7071067811865455743, 2.698596413365594160E-15 ) ) ;
#2399 = PRODUCT ( 'Ubiquiti-24W-Black', 'Ubiquiti-24W-Black', '', ( #2502 ) ) ;
#2400 = CARTESIAN_POINT ( 'NONE',  ( 50.49088868411231346, 67.42082781729087060, 5.000000000000000000 ) ) ;
#2401 = CARTESIAN_POINT ( 'NONE',  ( 0.4999999999999976130, 46.49999999999999289, 0.5000000000000000000 ) ) ;
#2402 = CARTESIAN_POINT ( 'NONE',  ( 0.000000000000000000, 0.000000000000000000, 4.599999999999999645 ) ) ;
#2403 = AXIS2_PLACEMENT_3D ( 'NONE', #4256, #739, #3118 ) ;
#2404 = ORIENTED_EDGE ( 'NONE', *, *, #2236, .T. ) ;
#2405 = EDGE_LOOP ( 'NONE', ( #1960, #259, #2265, #4930 ) ) ;
#2406 = VECTOR ( 'NONE', #3919, 1000.000000000000000 ) ;
#2407 = DIRECTION ( 'NONE',  ( -1.000000000000000000, 0.000000000000000000, 0.000000000000000000 ) ) ;
#2408 = DIRECTION ( 'NONE',  ( 0.000000000000000000, 0.000000000000000000, 1.000000000000000000 ) ) ;
#2409 = CARTESIAN_POINT ( 'NONE',  ( 27.50000000000000000, -0.001000000000001000089, -10.00000000000000000 ) ) ;
#2410 = CARTESIAN_POINT ( 'NONE',  ( 38.85478914024159991, 50.76751028877510663, 4.599999999999999645 ) ) ;
#2411 = VECTOR ( 'NONE', #1722, 1000.000000000000000 ) ;
#2412 = ORIENTED_EDGE ( 'NONE', *, *, #184, .F. ) ;
#2413 = CARTESIAN_POINT ( 'NONE',  ( 5.000000000000000000, 5.000000000000000000, 0.000000000000000000 ) ) ;
#2414 = LINE ( 'NONE', #3166, #1140 ) ;
#2415 = DIRECTION ( 'NONE',  ( -1.000000000000000000, 0.000000000000000000, -0.000000000000000000 ) ) ;
#2416 = ADVANCED_FACE ( 'NONE', ( #826 ), #2493, .F. ) ;
#2417 = VECTOR ( 'NONE', #2258, 1000.000000000000000 ) ;
#2418 = ORIENTED_EDGE ( 'NONE', *, *, #4963, .F. ) ;
#2419 = DIRECTION ( 'NONE',  ( -0.000000000000000000, -0.000000000000000000, -1.000000000000000000 ) ) ;
#2420 = LINE ( 'NONE', #3931, #5047 ) ;
#2421 = DIRECTION ( 'NONE',  ( -1.387778780781445873E-15, -5.551115123125785858E-15, -1.000000000000000000 ) ) ;
#2422 = AXIS2_PLACEMENT_3D ( 'NONE', #239, #3357, #2193 ) ;
#2423 = VERTEX_POINT ( 'NONE', #3281 ) ;
#2424 = VERTEX_POINT ( 'NONE', #4911 ) ;
#2425 = ORIENTED_EDGE ( 'NONE', *, *, #1336, .T. ) ;
#2426 = CARTESIAN_POINT ( 'NONE',  ( 35.00763628465025334, 51.82798241853258503, 5.000000000000000000 ) ) ;
#2427 = CARTESIAN_POINT ( 'NONE',  ( 18.95884240092216899, 61.21843760784149424, 5.000000000000000000 ) ) ;
#2428 = CARTESIAN_POINT ( 'NONE',  ( 49.81101981722417804, 63.73675655674161789, 5.000000000000000000 ) ) ;
#2429 = DIRECTION ( 'NONE',  ( -1.000000000000000000, 0.000000000000000000, 0.000000000000000000 ) ) ;
#2430 = EDGE_LOOP ( 'NONE', ( #3023, #2976, #3470, #4939 ) ) ;
#2431 = EDGE_LOOP ( 'NONE', ( #1909, #1303, #3152, #407 ) ) ;
#2432 = EDGE_CURVE ( 'NONE', #367, #1234, #2183, .T. ) ;
#2433 = CARTESIAN_POINT ( 'NONE',  ( 2.499999999999998668, 4.999999999999993783, 0.000000000000000000 ) ) ;
#2434 = CARTESIAN_POINT ( 'NONE',  ( 63.82145453975622473, 3.806667673894479798, 4.599999999999999645 ) ) ;
#2435 = CARTESIAN_POINT ( 'NONE',  ( 34.84299446063909045, 51.29851711344042542, 5.000000000000000000 ) ) ;
#2436 = LINE ( 'NONE', #833, #3065 ) ;
#2437 = B_SPLINE_CURVE_WITH_KNOTS ( 'NONE', 3,
 ( #3009, #1798, #2979, #5021 ),
 .UNSPECIFIED., .F., .F.,
 ( 4, 4 ),
 ( 0.000000000000000000, 1.000000000000000000 ),
 .UNSPECIFIED. ) ;
#2438 = VERTEX_POINT ( 'NONE', #213 ) ;
#2439 = CARTESIAN_POINT ( 'NONE',  ( 53.87637639000512024, 56.38741473562488693, 5.000000000000000000 ) ) ;
#2440 = EDGE_CURVE ( 'NONE', #1772, #3576, #2926, .T. ) ;
#2441 = CARTESIAN_POINT ( 'NONE',  ( -0.1097077414813996121, 50.68316854231772339, 5.000000000000000000 ) ) ;
#2442 = DIRECTION ( 'NONE',  ( -1.000000000000000000, 0.000000000000000000, -0.000000000000000000 ) ) ;
#2443 = CARTESIAN_POINT ( 'NONE',  ( 60.15309437322863317, 50.81361216108685142, 4.599999999999999645 ) ) ;
#2444 = VECTOR ( 'NONE', #3117, 1000.000000000000000 ) ;
#2445 = LINE ( 'NONE', #3221, #3640 ) ;
#2446 = B_SPLINE_SURFACE_WITH_KNOTS ( 'NONE', 3, 1, ( 
 ( #3007, #4195 ),
 ( #4584, #1055 ),
 ( #369, #1914 ),
 ( #1509, #3813 ) ),
 .UNSPECIFIED., .F., .F., .F.,
 ( 4, 4 ),
 ( 2, 2 ),
 ( 33.00000000000000000, 34.00000000000000000 ),
 ( 0.000000000000000000, 1.000000000000000000 ),
 .UNSPECIFIED. ) ;
#2447 = EDGE_CURVE ( 'NONE', #1006, #595, #3797, .T. ) ;
#2448 = FACE_OUTER_BOUND ( 'NONE', #3643, .T. ) ;
#2449 = PLANE ( 'NONE',  #2116 ) ;
#2450 = EDGE_CURVE ( 'NONE', #24, #3309, #1448, .T. ) ;
#2451 = ORIENTED_EDGE ( 'NONE', *, *, #2595, .F. ) ;
#2452 = EDGE_LOOP ( 'NONE', ( #3789, #2531, #874, #2249 ) ) ;
#2453 = ORIENTED_EDGE ( 'NONE', *, *, #1116, .T. ) ;
#2454 = CARTESIAN_POINT ( 'NONE',  ( 0.000000000000000000, 0.000000000000000000, 0.000000000000000000 ) ) ;
#2455 = LINE ( 'NONE', #2372, #4657 ) ;
#2456 = LINE ( 'NONE', #81, #2044 ) ;
#2457 = DIRECTION ( 'NONE',  ( 0.000000000000000000, 0.000000000000000000, 1.000000000000000000 ) ) ;
#2458 = B_SPLINE_CURVE_WITH_KNOTS ( 'NONE', 3,
 ( #3297, #2166, #4468, #2085 ),
 .UNSPECIFIED., .F., .F.,
 ( 4, 4 ),
 ( 5.000000000000000000, 5.999744496299006080 ),
 .UNSPECIFIED. ) ;
#2459 = VERTEX_POINT ( 'NONE', #4112 ) ;
#2460 = VERTEX_POINT ( 'NONE', #4858 ) ;
#2461 = VECTOR ( 'NONE', #2818, 1000.000000000000114 ) ;
#2462 = DIRECTION ( 'NONE',  ( 1.000000000000000000, -0.000000000000000000, -0.000000000000000000 ) ) ;
#2463 = ADVANCED_FACE ( 'NONE', ( #3764 ), #567, .F. ) ;
#2464 = CARTESIAN_POINT ( 'NONE',  ( 47.85035056033056122, 66.73785271226965676, 5.000000000000000000 ) ) ;
#2465 = CARTESIAN_POINT ( 'NONE',  ( 37.87316993195197767, 69.15721150665848427, 5.000000000000000000 ) ) ;
#2466 = CARTESIAN_POINT ( 'NONE',  ( 22.50000000000000000, -0.001000000000001000089, -10.00000000000000178 ) ) ;
#2467 = VERTEX_POINT ( 'NONE', #1715 ) ;
#2468 = CARTESIAN_POINT ( 'NONE',  ( 75.00000000000000000, 44.99999999999999289, -2.572686749164322364E-15 ) ) ;
#2469 = DIRECTION ( 'NONE',  ( -0.000000000000000000, -0.000000000000000000, 1.000000000000000000 ) ) ;
#2470 = CARTESIAN_POINT ( 'NONE',  ( 0.000000000000000000, 75.00000000000000000, 0.000000000000000000 ) ) ;
#2471 = CARTESIAN_POINT ( 'NONE',  ( 0.4840083284431032085, 73.88892379092472140, 1.452024985329367857 ) ) ;
#2472 = CARTESIAN_POINT ( 'NONE',  ( 53.87637639000512024, 56.38741473562488693, 5.000000000000000000 ) ) ;
#2473 = EDGE_CURVE ( 'NONE', #2920, #2198, #2844, .T. ) ;
#2474 = DIRECTION ( 'NONE',  ( 0.000000000000000000, 1.000000000000000000, 0.000000000000000000 ) ) ;
#2475 = FACE_OUTER_BOUND ( 'NONE', #2301, .T. ) ;
#2476 = EDGE_LOOP ( 'NONE', ( #845, #4654, #2412, #3253 ) ) ;
#2477 = ORIENTED_EDGE ( 'NONE', *, *, #4867, .F. ) ;
#2478 = VERTEX_POINT ( 'NONE', #161 ) ;
#2479 = B_SPLINE_CURVE_WITH_KNOTS ( 'NONE', 3,
 ( #312, #1855, #2078, #4901 ),
 .UNSPECIFIED., .F., .F.,
 ( 4, 4 ),
 ( 5.000000000000000000, 6.000000000000000000 ),
 .UNSPECIFIED. ) ;
#2480 = DIRECTION ( 'NONE',  ( -0.000000000000000000, 0.000000000000000000, 1.000000000000000000 ) ) ;
#2481 = CARTESIAN_POINT ( 'NONE',  ( 69.99999999999998579, 120.0000000000000000, 0.000000000000000000 ) ) ;
#2482 = DIRECTION ( 'NONE',  ( -0.000000000000000000, -0.000000000000000000, 1.000000000000000000 ) ) ;
#2483 = CARTESIAN_POINT ( 'NONE',  ( 5.000000000000000000, 5.000000000000000000, 0.000000000000000000 ) ) ;
#2484 = VECTOR ( 'NONE', #333, 1000.000000000000000 ) ;
#2485 = ORIENTED_EDGE ( 'NONE', *, *, #4945, .F. ) ;
#2486 = EDGE_LOOP ( 'NONE', ( #3935, #4931, #2793, #2123 ) ) ;
#2487 = CIRCLE ( 'NONE', #4635, 1.250000000000001110 ) ;
#2488 = CARTESIAN_POINT ( 'NONE',  ( 61.25000000000000711, 114.9999999999999858, 0.000000000000000000 ) ) ;
#2489 = DIRECTION ( 'NONE',  ( -0.000000000000000000, -0.000000000000000000, 1.000000000000000000 ) ) ;
#2490 = CARTESIAN_POINT ( 'NONE',  ( 35.00763628465025334, 51.82798241853258503, 5.000000000000000000 ) ) ;
#2491 = CIRCLE ( 'NONE', #4225, 1.500000000000001332 ) ;
#2492 = VECTOR ( 'NONE', #2903, 1000.000000000000000 ) ;
#2493 = B_SPLINE_SURFACE_WITH_KNOTS ( 'NONE', 3, 1, ( 
 ( #3958, #2015 ),
 ( #1989, #106 ),
 ( #3606, #1659 ),
 ( #3229, #4804 ) ),
 .UNSPECIFIED., .F., .F., .F.,
 ( 4, 4 ),
 ( 2, 2 ),
 ( 20.00000000000000000, 21.00000000000000000 ),
 ( 0.000000000000000000, 1.000000000000000000 ),
 .UNSPECIFIED. ) ;
#2494 = EDGE_LOOP ( 'NONE', ( #4192, #4830, #3302, #2098 ) ) ;
#2495 = CARTESIAN_POINT ( 'NONE',  ( 41.96291306052567904, 63.57867512623393935, 4.599999999999999645 ) ) ;
#2496 = FACE_OUTER_BOUND ( 'NONE', #3960, .T. ) ;
#2497 = CARTESIAN_POINT ( 'NONE',  ( 35.09940047173320465, 68.10004456002852180, 4.599999999999999645 ) ) ;
#2498 = CARTESIAN_POINT ( 'NONE',  ( 1.423389135037542497, 73.98332354028698887, 0.4744630450125235099 ) ) ;
#2499 = CARTESIAN_POINT ( 'NONE',  ( 50.49088868411231346, 67.42082781729087060, 4.599999999999999645 ) ) ;
#2500 = VECTOR ( 'NONE', #5025, 1000.000000000000000 ) ;
#2501 = EDGE_CURVE ( 'NONE', #1993, #2438, #3555, .T. ) ;
#2502 = PRODUCT_CONTEXT ( 'NONE', #4557, 'mechanical' ) ;
#2503 = CARTESIAN_POINT ( 'NONE',  ( 69.99999999999998579, 2.499999999999993783, -12.50000000000000000 ) ) ;
#2504 = VECTOR ( 'NONE', #2585, 999.9999999999998863 ) ;
#2505 = VERTEX_POINT ( 'NONE', #1358 ) ;
#2506 = ORIENTED_EDGE ( 'NONE', *, *, #2577, .F. ) ;
#2507 = ORIENTED_EDGE ( 'NONE', *, *, #2285, .T. ) ;
#2508 = SURFACE_STYLE_USAGE ( .BOTH. , #4857 ) ;
#2509 = EDGE_CURVE ( 'NONE', #2168, #4145, #1407, .T. ) ;
#2510 = CARTESIAN_POINT ( 'NONE',  ( 63.54999999999999716, 15.99999999999999289, 3.399999999999999911 ) ) ;
#2511 = CARTESIAN_POINT ( 'NONE',  ( 56.63175517114320456, 69.20134437186605680, 5.000000000000000000 ) ) ;
#2512 = DIRECTION ( 'NONE',  ( 0.9999976573062887564, 0.002164574307900884748, 0.000000000000000000 ) ) ;
#2513 = EDGE_LOOP ( 'NONE', ( #3011, #3833, #4085, #1574 ) ) ;
#2514 = ORIENTED_EDGE ( 'NONE', *, *, #1190, .F. ) ;
#2515 = CARTESIAN_POINT ( 'NONE',  ( 47.50000000000000000, 120.0000000000000142, -10.00000000000000888 ) ) ;
#2516 = CARTESIAN_POINT ( 'NONE',  ( 47.92276532451271720, 52.83655436281766526, 5.000000000000000000 ) ) ;
#2517 = ADVANCED_FACE ( 'NONE', ( #4449 ), #2923, .F. ) ;
#2518 = LINE ( 'NONE', #1315, #2561 ) ;
#2519 = EDGE_CURVE ( 'NONE', #3456, #3405, #952, .T. ) ;
#2520 = ORIENTED_EDGE ( 'NONE', *, *, #3819, .T. ) ;
#2521 = VERTEX_POINT ( 'NONE', #2584 ) ;
#2522 = CARTESIAN_POINT ( 'NONE',  ( 60.99528194064776443, 51.21050410893639082, 4.599999999999999645 ) ) ;
#2523 = ADVANCED_FACE ( 'NONE', ( #4505 ), #2172, .F. ) ;
#2524 = DIRECTION ( 'NONE',  ( -0.000000000000000000, -0.000000000000000000, -1.000000000000000000 ) ) ;
#2525 = CARTESIAN_POINT ( 'NONE',  ( 69.99999999999998579, 2.499999999999996003, -10.00000000000000178 ) ) ;
#2526 = CARTESIAN_POINT ( 'NONE',  ( 1.336082918170579337, 74.24792886681095183, 1.336082918170578226 ) ) ;
#2527 = CARTESIAN_POINT ( 'NONE',  ( 74.93453836895515963, 75.00000000000000000, 0.1963848931343120663 ) ) ;
#2528 = CARTESIAN_POINT ( 'NONE',  ( 11.44999999999998863, 104.0999999999999943, 3.399999999999999911 ) ) ;
#2529 = ORIENTED_EDGE ( 'NONE', *, *, #714, .F. ) ;
#2530 = ORIENTED_EDGE ( 'NONE', *, *, #4260, .T. ) ;
#2531 = ORIENTED_EDGE ( 'NONE', *, *, #2388, .F. ) ;
#2532 = AXIS2_PLACEMENT_3D ( 'NONE', #948, #3298, #4052 ) ;
#2533 = FILL_AREA_STYLE_COLOUR ( '', #1908 ) ;
#2534 = DIRECTION ( 'NONE',  ( 1.000000000000000000, 0.000000000000000000, 0.000000000000000000 ) ) ;
#2535 = CARTESIAN_POINT ( 'NONE',  ( 1.500000000000000888, 73.50000000000000000, 0.5000000000000000000 ) ) ;
#2536 = DIRECTION ( 'NONE',  ( 1.000000000000000000, 0.000000000000000000, -2.602085213965210642E-16 ) ) ;
#2537 = ORIENTED_EDGE ( 'NONE', *, *, #1865, .T. ) ;
#2538 = ORIENTED_EDGE ( 'NONE', *, *, #3962, .T. ) ;
#2539 = EDGE_CURVE ( 'NONE', #3721, #1768, #1287, .T. ) ;
#2540 = CARTESIAN_POINT ( 'NONE',  ( 69.99999999999998579, 5.000000000000000000, 5.000000000000000000 ) ) ;
#2541 = DIRECTION ( 'NONE',  ( 0.000000000000000000, 1.000000000000000000, -0.000000000000000000 ) ) ;
#2542 = LINE ( 'NONE', #2154, #5035 ) ;
#2543 = VERTEX_POINT ( 'NONE', #1025 ) ;
#2544 = VERTEX_POINT ( 'NONE', #642 ) ;
#2545 = EDGE_CURVE ( 'NONE', #1087, #4055, #3787, .T. ) ;
#2546 = CARTESIAN_POINT ( 'NONE',  ( 39.52096675179606677, 50.99823335541131542, 5.000000000000000000 ) ) ;
#2547 = DIRECTION ( 'NONE',  ( -1.000000000000000000, 0.000000000000000000, 0.000000000000000000 ) ) ;
#2548 = DIRECTION ( 'NONE',  ( 0.9725882268251367924, -0.2325341717708094280, 0.000000000000000000 ) ) ;
#2549 = CARTESIAN_POINT ( 'NONE',  ( 26.17347629967592226, 69.52399929548074908, 5.000000000000000000 ) ) ;
#2550 = CARTESIAN_POINT ( 'NONE',  ( 73.57661086496244707, 73.98332354028694624, 0.4744630450125239540 ) ) ;
#2551 = CARTESIAN_POINT ( 'NONE',  ( 53.41358205560006667, 59.97377346117848873, 5.000000000000000000 ) ) ;
#2552 = AXIS2_PLACEMENT_3D ( 'NONE', #2969, #4185, #4546 ) ;
#2553 = EDGE_CURVE ( 'NONE', #4741, #3583, #4961, .T. ) ;
#2554 = ORIENTED_EDGE ( 'NONE', *, *, #77, .T. ) ;
#2555 = CARTESIAN_POINT ( 'NONE',  ( 29.89265525571779136, 60.09923018964615693, 5.000000000000000000 ) ) ;
#2556 = EDGE_CURVE ( 'NONE', #4294, #4013, #4187, .T. ) ;
#2557 = DIRECTION ( 'NONE',  ( 0.000000000000000000, 0.000000000000000000, -1.000000000000000000 ) ) ;
#2558 = DIRECTION ( 'NONE',  ( 0.000000000000000000, -1.000000000000000000, -0.000000000000000000 ) ) ;
#2559 = CARTESIAN_POINT ( 'NONE',  ( 19.62533348695867375, 58.04522673193246618, 4.599999999999999645 ) ) ;
#2560 = CARTESIAN_POINT ( 'NONE',  ( 14.03395320428463044, 59.88853312862018896, 4.599999999999999645 ) ) ;
#2561 = VECTOR ( 'NONE', #4017, 1000.000000000000000 ) ;
#2562 = ORIENTED_EDGE ( 'NONE', *, *, #5007, .T. ) ;
#2563 = EDGE_LOOP ( 'NONE', ( #5063, #4780, #373, #320 ) ) ;
#2564 = ORIENTED_EDGE ( 'NONE', *, *, #3530, .F. ) ;
#2565 = CARTESIAN_POINT ( 'NONE',  ( 35.78597283154926600, 50.76086759227584366, 4.599999999999999645 ) ) ;
#2566 = CARTESIAN_POINT ( 'NONE',  ( 59.41939945595165540, 50.81202402019854958, 4.599999999999999645 ) ) ;
#2567 = CARTESIAN_POINT ( 'NONE',  ( -0.1296663786469602064, 59.90372998772974711, 5.000000000000000000 ) ) ;
#2568 = ORIENTED_EDGE ( 'NONE', *, *, #3980, .F. ) ;
#2569 = CARTESIAN_POINT ( 'NONE',  ( 62.49999999999999289, 4.999999999999993783, -5.000000000000000000 ) ) ;
#2570 = CONICAL_SURFACE ( 'NONE', #3898, 1.400000000000012346, 0.7853981633974407295 ) ;
#2571 = CARTESIAN_POINT ( 'NONE',  ( -0.1495181222758735495, 69.07490838016774148, 4.599999999999999645 ) ) ;
#2572 = LINE ( 'NONE', #4640, #2417 ) ;
#2573 = CARTESIAN_POINT ( 'NONE',  ( 67.50000000000000000, -6.071532165918824830E-15, 0.000000000000000000 ) ) ;
#2574 = VECTOR ( 'NONE', #682, 1000.000000000000000 ) ;
#2575 = CARTESIAN_POINT ( 'NONE',  ( 73.50000000000000000, 73.59817583765502036, 0.4999999999345502988 ) ) ;
#2576 = CARTESIAN_POINT ( 'NONE',  ( 75.00000000000000000, 5.000000000000000000, 0.000000000000000000 ) ) ;
#2577 = EDGE_CURVE ( 'NONE', #3720, #4263, #4262, .T. ) ;
#2578 = EDGE_CURVE ( 'NONE', #951, #688, #3408, .T. ) ;
#2579 = ORIENTED_EDGE ( 'NONE', *, *, #3553, .F. ) ;
#2580 = EDGE_LOOP ( 'NONE', ( #4726, #4423, #3881, #17 ) ) ;
#2581 = ADVANCED_FACE ( 'NONE', ( #5037 ), #4886, .F. ) ;
#2582 = CIRCLE ( 'NONE', #4399, 1.000000000000000000 ) ;
#2583 = DIRECTION ( 'NONE',  ( -0.000000000000000000, -0.000000000000000000, 1.000000000000000000 ) ) ;
#2584 = CARTESIAN_POINT ( 'NONE',  ( 65.55000000000001137, 17.99999999999998934, 3.399999999999999911 ) ) ;
#2585 = DIRECTION ( 'NONE',  ( -0.9999976573062886454, -0.002164574307960163285, 0.000000000000000000 ) ) ;
#2586 = VERTEX_POINT ( 'NONE', #1839 ) ;
#2587 = AXIS2_PLACEMENT_3D ( 'NONE', #2483, #4397, #1230 ) ;
#2588 = EDGE_LOOP ( 'NONE', ( #2507, #4193, #4170, #3131 ) ) ;
#2589 = ORIENTED_EDGE ( 'NONE', *, *, #810, .T. ) ;
#2590 = B_SPLINE_CURVE_WITH_KNOTS ( 'NONE', 3,
 ( #20, #2731, #4357, #463, #841, #1629 ),
 .UNSPECIFIED., .F., .F.,
 ( 4, 2, 4 ),
 ( 0.000000000000000000, 1.000000000000000000, 2.000000000000000000 ),
 .UNSPECIFIED. ) ;
#2591 = CARTESIAN_POINT ( 'NONE',  ( 26.16751767727940958, 50.41905633430118883, 4.599999999999999645 ) ) ;
#2592 = CARTESIAN_POINT ( 'NONE',  ( 60.96604679571537133, 51.67958202849354876, 5.000000000000000000 ) ) ;
#2593 = CARTESIAN_POINT ( 'NONE',  ( 48.65312595226107106, 67.41684983397829001, 5.000000000000000000 ) ) ;
#2594 = ORIENTED_EDGE ( 'NONE', *, *, #3695, .T. ) ;
#2595 = EDGE_CURVE ( 'NONE', #3583, #1029, #2678, .T. ) ;
#2596 = AXIS2_PLACEMENT_3D ( 'NONE', #2481, #4526, #544 ) ;
#2597 = CARTESIAN_POINT ( 'NONE',  ( 53.31128781982069853, 59.97355203718512939, 4.599999999999999645 ) ) ;
#2598 = B_SPLINE_CURVE_WITH_KNOTS ( 'NONE', 3,
 ( #4141, #3766, #215, #4962 ),
 .UNSPECIFIED., .F., .F.,
 ( 4, 4 ),
 ( 6.000000000000000000, 7.000000000000000000 ),
 .UNSPECIFIED. ) ;
#2599 = CARTESIAN_POINT ( 'NONE',  ( 59.15031960174529502, 69.19974004816646129, 5.000000000000000000 ) ) ;
#2600 = B_SPLINE_CURVE_WITH_KNOTS ( 'NONE', 3,
 ( #2741, #4705, #4320, #827, #3959, #445 ),
 .UNSPECIFIED., .F., .F.,
 ( 4, 2, 4 ),
 ( 2.000000000000000000, 3.000000000000000000, 4.000000000000000000 ),
 .UNSPECIFIED. ) ;
#2601 = CARTESIAN_POINT ( 'NONE',  ( 54.53551570398803250, 56.61106762017198690, 4.599999999999999645 ) ) ;
#2602 = CARTESIAN_POINT ( 'NONE',  ( 0.2650916781406461031, 74.98741665692840286, 0.2650916781406452705 ) ) ;
#2603 = CARTESIAN_POINT ( 'NONE',  ( 73.87179947255803825, 74.55402460371043105, 1.128200527441372669 ) ) ;
#2604 = EDGE_CURVE ( 'NONE', #1912, #5042, #3025, .T. ) ;
#2605 = DIRECTION ( 'NONE',  ( -0.000000000000000000, -0.000000000000000000, 1.000000000000000000 ) ) ;
#2606 = CARTESIAN_POINT ( 'NONE',  ( 0.7554284053108978325, 45.18932039044305782, 0.2518094684370357217 ) ) ;
#2607 = ORIENTED_EDGE ( 'NONE', *, *, #3051, .F. ) ;
#2608 = CARTESIAN_POINT ( 'NONE',  ( 67.50000000000000000, 4.999999999999993783, -12.50000000000000000 ) ) ;
#2609 = ADVANCED_FACE ( 'NONE', ( #4601 ), #946, .F. ) ;
#2610 = EDGE_CURVE ( 'NONE', #805, #165, #2268, .T. ) ;
#2611 = DIRECTION ( 'NONE',  ( -0.000000000000000000, -0.000000000000000000, 1.000000000000000000 ) ) ;
#2612 = DIRECTION ( 'NONE',  ( -0.000000000000000000, -0.000000000000000000, 1.000000000000000000 ) ) ;
#2613 = CARTESIAN_POINT ( 'NONE',  ( 36.13642652309636105, 63.22390502553643188, 4.599999999999999645 ) ) ;
#2614 = ORIENTED_EDGE ( 'NONE', *, *, #2959, .F. ) ;
#2615 = ORIENTED_EDGE ( 'NONE', *, *, #4497, .F. ) ;
#2616 = ORIENTED_EDGE ( 'NONE', *, *, #3311, .T. ) ;
#2617 = VECTOR ( 'NONE', #2027, 1000.000000000000000 ) ;
#2618 = LINE ( 'NONE', #4266, #4884 ) ;
#2619 = FACE_OUTER_BOUND ( 'NONE', #1369, .T. ) ;
#2620 = PLANE ( 'NONE',  #2342 ) ;
#2621 = ORIENTED_EDGE ( 'NONE', *, *, #1394, .T. ) ;
#2622 = EDGE_CURVE ( 'NONE', #2952, #2921, #3142, .T. ) ;
#2623 = EDGE_CURVE ( 'NONE', #2370, #2846, #2662, .T. ) ;
#2624 = CARTESIAN_POINT ( 'NONE',  ( 35.21975722808575426, -6.106783605428752537, 4.599999999999999645 ) ) ;
#2625 = DIRECTION ( 'NONE',  ( -0.9812001574319504371, -0.1929928782507674412, 0.000000000000000000 ) ) ;
#2626 = CARTESIAN_POINT ( 'NONE',  ( 54.22558589064953338, 56.38817062730887386, 4.599999999999999645 ) ) ;
#2627 = CARTESIAN_POINT ( 'NONE',  ( 0.3926218917841882705, 74.96095898797697998, 0.1308739639280539768 ) ) ;
#2628 = CARTESIAN_POINT ( 'NONE',  ( 56.98449280162160591, 69.20210790046714067, 4.599999999999999645 ) ) ;
#2629 = EDGE_CURVE ( 'NONE', #1479, #1872, #3835, .T. ) ;
#2630 = CARTESIAN_POINT ( 'NONE',  ( 34.56461345859662515, 67.13590885259914387, 5.000000000000000000 ) ) ;
#2631 = CARTESIAN_POINT ( 'NONE',  ( -3.275333094364116728E-15, 44.99999999999999289, -2.572686749164322364E-15 ) ) ;
#2632 = ORIENTED_EDGE ( 'NONE', *, *, #219, .T. ) ;
#2633 = ADVANCED_FACE ( 'NONE', ( #4578 ), #4651, .T. ) ;
#2634 = ORIENTED_EDGE ( 'NONE', *, *, #12, .T. ) ;
#2635 = CARTESIAN_POINT ( 'NONE',  ( 74.87121831505562852, 74.49159939555059395, 1.129678126890393930 ) ) ;
#2636 = DIRECTION ( 'NONE',  ( -0.000000000000000000, -0.000000000000000000, 1.000000000000000000 ) ) ;
#2637 = DIRECTION ( 'NONE',  ( -0.000000000000000000, -0.000000000000000000, 1.000000000000000000 ) ) ;
#2638 = VERTEX_POINT ( 'NONE', #2710 ) ;
#2639 = ORIENTED_EDGE ( 'NONE', *, *, #1823, .F. ) ;
#2640 = ORIENTED_EDGE ( 'NONE', *, *, #2774, .T. ) ;
#2641 = EDGE_CURVE ( 'NONE', #556, #4719, #3437, .T. ) ;
#2642 = DIRECTION ( 'NONE',  ( 0.06540457701180862893, -0.9978588283449250085, 0.000000000000000000 ) ) ;
#2643 = DIRECTION ( 'NONE',  ( -1.000000000000000000, 0.000000000000000000, 2.602085213965207190E-16 ) ) ;
#2644 = FACE_OUTER_BOUND ( 'NONE', #4219, .T. ) ;
#2645 = EDGE_LOOP ( 'NONE', ( #1843, #1277, #4700, #2950, #678, #2151 ) ) ;
#2646 = CARTESIAN_POINT ( 'NONE',  ( 23.56683206712730083, 67.17559582444506816, 4.599999999999999645 ) ) ;
#2647 = DIRECTION ( 'NONE',  ( -0.000000000000000000, -0.000000000000000000, -1.000000000000000000 ) ) ;
#2648 = CARTESIAN_POINT ( 'NONE',  ( 35.75026295860399017, 54.22116314799411896, 4.599999999999999645 ) ) ;
#2649 = CARTESIAN_POINT ( 'NONE',  ( 17.50000000000000000, 120.0000000000000000, 0.000000000000000000 ) ) ;
#2650 = CIRCLE ( 'NONE', #1748, 2.000000000000001776 ) ;
#2651 = VECTOR ( 'NONE', #46, 1000.000000000000000 ) ;
#2652 = CARTESIAN_POINT ( 'NONE',  ( 0.000000000000000000, 0.000000000000000000, 0.000000000000000000 ) ) ;
#2653 = FACE_OUTER_BOUND ( 'NONE', #1077, .T. ) ;
#2654 = CARTESIAN_POINT ( 'NONE',  ( 35.87667499726751430, 69.15288993489288316, 5.000000000000000000 ) ) ;
#2655 =( BOUNDED_CURVE ( )  B_SPLINE_CURVE ( 3, ( #4550, #241, #3001, #980 ),
 .UNSPECIFIED., .F., .F. ) 
 B_SPLINE_CURVE_WITH_KNOTS ( ( 4, 4 ),
 ( 0.000000000000000000, 1.570796326794894116 ),
 .UNSPECIFIED. ) 
 CURVE ( )  GEOMETRIC_REPRESENTATION_ITEM ( )  RATIONAL_B_SPLINE_CURVE ( ( 1.000000000000000000, 0.8047378541243654926, 0.8047378541243654926, 1.000000000000000000 ) ) 
 REPRESENTATION_ITEM ( '' )  );
#2656 = CIRCLE ( 'NONE', #209, 1.400000000000012346 ) ;
#2657 = VECTOR ( 'NONE', #3473, 1000.000000000000000 ) ;
#2658 = VERTEX_POINT ( 'NONE', #1050 ) ;
#2659 = EDGE_CURVE ( 'NONE', #4938, #4617, #529, .T. ) ;
#2660 = CARTESIAN_POINT ( 'NONE',  ( 54.64768155626244805, 56.93935805308353082, 5.000000000000000000 ) ) ;
#2661 = CARTESIAN_POINT ( 'NONE',  ( 74.85602966855876161, 74.41511377356557944, 1.192529075109655112 ) ) ;
#2662 = LINE ( 'NONE', #3856, #234 ) ;
#2663 = ORIENTED_EDGE ( 'NONE', *, *, #3220, .T. ) ;
#2664 = VERTEX_POINT ( 'NONE', #870 ) ;
#2665 = VERTEX_POINT ( 'NONE', #1630 ) ;
#2666 = EDGE_CURVE ( 'NONE', #1772, #2370, #2808, .T. ) ;
#2667 = CARTESIAN_POINT ( 'NONE',  ( -3.980102097228902570E-15, 44.99999999999999289, 0.000000000000000000 ) ) ;
#2668 = CARTESIAN_POINT ( 'NONE',  ( 72.50000000000000000, 4.999999999999993783, -12.50000000000000000 ) ) ;
#2669 = CARTESIAN_POINT ( 'NONE',  ( 73.50000000000000000, 73.50000000000000000, 0.5000000000000000000 ) ) ;
#2670 = VECTOR ( 'NONE', #1039, 1000.000000000000000 ) ;
#2671 = ORIENTED_EDGE ( 'NONE', *, *, #3311, .F. ) ;
#2672 = EDGE_CURVE ( 'NONE', #3769, #304, #3031, .T. ) ;
#2673 = CARTESIAN_POINT ( 'NONE',  ( 41.96291306052567904, 63.57867512623393935, 5.000000000000000000 ) ) ;
#2674 = ADVANCED_FACE ( 'NONE', ( #1247 ), #464, .F. ) ;
#2675 = LINE ( 'NONE', #5004, #4920 ) ;
#2676 = CARTESIAN_POINT ( 'NONE',  ( 7.499999999999989342, -6.071532165918824830E-15, 2.168404344971008868E-14 ) ) ;
#2677 = CARTESIAN_POINT ( 'NONE',  ( 0.3766933956117335947, 74.49124015672440180, 1.130080186835233036 ) ) ;
#2678 = CIRCLE ( 'NONE', #60, 2.000000000000001776 ) ;
#2679 = EDGE_LOOP ( 'NONE', ( #563, #2706, #3873, #2270, #361 ) ) ;
#2680 = CARTESIAN_POINT ( 'NONE',  ( 17.57029234899437498, 67.16261583822674197, 5.000000000000000000 ) ) ;
#2681 = CARTESIAN_POINT ( 'NONE',  ( 1.490330855880392269, 46.30365282487669276, 0.4967769519601262784 ) ) ;
#2682 = CARTESIAN_POINT ( 'NONE',  ( 31.45523698125404621, 60.12377736324087607, 4.599999999999999645 ) ) ;
#2683 = ADVANCED_FACE ( 'NONE', ( #818 ), #3952, .F. ) ;
#2684 = VERTEX_POINT ( 'NONE', #4389 ) ;
#2685 = CARTESIAN_POINT ( 'NONE',  ( 50.85420801291714099, 67.42161425081793880, 4.599999999999999645 ) ) ;
#2686 = DIRECTION ( 'NONE',  ( -0.000000000000000000, 1.000000000000000000, -0.000000000000000000 ) ) ;
#2687 = CARTESIAN_POINT ( 'NONE',  ( 45.34840069594080347, 52.54526264242620215, 4.599999999999999645 ) ) ;
#2688 = ORIENTED_EDGE ( 'NONE', *, *, #1160, .F. ) ;
#2689 = VERTEX_POINT ( 'NONE', #897 ) ;
#2690 = ORIENTED_EDGE ( 'NONE', *, *, #3557, .T. ) ;
#2691 = CIRCLE ( 'NONE', #4565, 2.000000000000001776 ) ;
#2692 = FACE_OUTER_BOUND ( 'NONE', #2155, .T. ) ;
#2693 = DIRECTION ( 'NONE',  ( -1.000000000000000000, 0.000000000000000000, -0.000000000000000000 ) ) ;
#2694 = DIRECTION ( 'NONE',  ( 0.000000000000000000, 0.000000000000000000, 1.000000000000000000 ) ) ;
#2695 = CIRCLE ( 'NONE', #2866, 2.000000000000001776 ) ;
#2696 = VERTEX_POINT ( 'NONE', #490 ) ;
#2697 = EDGE_CURVE ( 'NONE', #2438, #2823, #3148, .T. ) ;
#2698 = CARTESIAN_POINT ( 'NONE',  ( 61.25000000000001421, 117.5000000000000000, -15.00000000000000000 ) ) ;
#2699 = LINE ( 'NONE', #451, #3492 ) ;
#2700 = CARTESIAN_POINT ( 'NONE',  ( 8.998878031629684830E-16, 73.50000000000000000, 0.000000000000000000 ) ) ;
#2701 = PLANE ( 'NONE',  #2163 ) ;
#2702 = CARTESIAN_POINT ( 'NONE',  ( 28.99618295937897372, 74.32974751677330971, 5.000000000000000000 ) ) ;
#2703 = CARTESIAN_POINT ( 'NONE',  ( 1.477205669890436113, 46.17507540393180676, 1.477205669890445439 ) ) ;
#2704 = SPHERICAL_SURFACE ( 'NONE', #3573, 5.000000000000000000 ) ;
#2705 = CIRCLE ( 'NONE', #1318, 5.000000000000000000 ) ;
#2706 = ORIENTED_EDGE ( 'NONE', *, *, #3303, .F. ) ;
#2707 = CARTESIAN_POINT ( 'NONE',  ( 51.17218398280328273, 67.18596718839175708, 4.599999999999999645 ) ) ;
#2708 = CARTESIAN_POINT ( 'NONE',  ( -0.1097077414813996121, 50.68316854231772339, 4.599999999999999645 ) ) ;
#2709 = LINE ( 'NONE', #4284, #2315 ) ;
#2710 = CARTESIAN_POINT ( 'NONE',  ( 61.25000000000001421, 117.5000000000000000, 0.000000000000000000 ) ) ;
#2711 = EDGE_CURVE ( 'NONE', #619, #1482, #3529, .T. ) ;
#2712 = VERTEX_POINT ( 'NONE', #4311 ) ;
#2713 = VERTEX_POINT ( 'NONE', #439 ) ;
#2714 = ORIENTED_EDGE ( 'NONE', *, *, #853, .F. ) ;
#2715 = CARTESIAN_POINT ( 'NONE',  ( 0.1439703314412274782, 45.58488622643438504, 1.192529075109650227 ) ) ;
#2716 = FACE_OUTER_BOUND ( 'NONE', #3265, .T. ) ;
#2717 = LINE ( 'NONE', #4292, #645 ) ;
#2718 = VERTEX_POINT ( 'NONE', #21 ) ;
#2719 = FACE_OUTER_BOUND ( 'NONE', #518, .T. ) ;
#2720 = CARTESIAN_POINT ( 'NONE',  ( 58.63206800602740287, 51.14542102133970758, 4.599999999999999645 ) ) ;
#2721 = DIRECTION ( 'NONE',  ( -0.000000000000000000, -1.000000000000000000, 0.000000000000000000 ) ) ;
#2722 = ORIENTED_EDGE ( 'NONE', *, *, #3530, .T. ) ;
#2723 = CARTESIAN_POINT ( 'NONE',  ( 59.96680715955792351, 68.43253565528095805, 4.599999999999999645 ) ) ;
#2724 = CARTESIAN_POINT ( 'NONE',  ( 29.89265525571779136, 60.09923018964615693, 4.599999999999999645 ) ) ;
#2725 = FACE_OUTER_BOUND ( 'NONE', #4763, .T. ) ;
#2726 = VECTOR ( 'NONE', #4291, 1000.000000000000000 ) ;
#2727 = ORIENTED_EDGE ( 'NONE', *, *, #872, .F. ) ;
#2728 = CARTESIAN_POINT ( 'NONE',  ( 59.15031960174529502, 69.19974004816646129, 5.000000000000000000 ) ) ;
#2729 = CARTESIAN_POINT ( 'NONE',  ( 73.50000000000000000, 46.49999999999999289, 0.4999999999999998890 ) ) ;
#2730 = ADVANCED_FACE ( 'NONE', ( #3574 ), #2449, .F. ) ;
#2731 = CARTESIAN_POINT ( 'NONE',  ( 14.02141606605299806, 65.68048437519374261, 5.000000000000000000 ) ) ;
#2732 = AXIS2_PLACEMENT_3D ( 'NONE', #617, #4936, #762 ) ;
#2733 = CARTESIAN_POINT ( 'NONE',  ( 0.2303039929152719822, 73.50000000000000000, 1.500000000000000000 ) ) ;
#2734 = EDGE_CURVE ( 'NONE', #2467, #1429, #515, .T. ) ;
#2735 = VECTOR ( 'NONE', #1561, 1000.000000000000000 ) ;
#2736 = VERTEX_POINT ( 'NONE', #1555 ) ;
#2737 = ORIENTED_EDGE ( 'NONE', *, *, #584, .T. ) ;
#2738 = VERTEX_POINT ( 'NONE', #1982 ) ;
#2739 = CARTESIAN_POINT ( 'NONE',  ( 75.00000000000000000, 0.000000000000000000, 0.000000000000000000 ) ) ;
#2740 = CARTESIAN_POINT ( 'NONE',  ( 0.000000000000000000, 0.000000000000000000, 4.599999999999999645 ) ) ;
#2741 = CARTESIAN_POINT ( 'NONE',  ( 22.08331893061677320, 59.95533990403678359, 4.599999999999999645 ) ) ;
#2742 = ORIENTED_EDGE ( 'NONE', *, *, #3933, .T. ) ;
#2743 = ORIENTED_EDGE ( 'NONE', *, *, #3709, .T. ) ;
#2744 = PLANE ( 'NONE',  #210 ) ;
#2745 = VECTOR ( 'NONE', #2022, 1000.000000000000000 ) ;
#2746 = DIRECTION ( 'NONE',  ( 0.000000000000000000, 0.000000000000000000, 1.000000000000000000 ) ) ;
#2747 = CARTESIAN_POINT ( 'NONE',  ( 47.58123054275102248, 52.55009577986906777, 4.599999999999999645 ) ) ;
#2748 = B_SPLINE_CURVE_WITH_KNOTS ( 'NONE', 3,
 ( #1290, #2882, #600, #1744, #3315, #962 ),
 .UNSPECIFIED., .F., .F.,
 ( 4, 2, 4 ),
 ( 0.000000000000000000, 1.000000000000000000, 2.000000000000000000 ),
 .UNSPECIFIED. ) ;
#2749 = VECTOR ( 'NONE', #124, 1000.000000000000000 ) ;
#2750 = LINE ( 'NONE', #811, #4296 ) ;
#2751 = CARTESIAN_POINT ( 'NONE',  ( 30.84107323525157796, -9.955243575954488833, 5.000000000000000000 ) ) ;
#2752 = CARTESIAN_POINT ( 'NONE',  ( 44.66710539870615548, 52.78012259853174726, 4.599999999999999645 ) ) ;
#2753 = ORIENTED_EDGE ( 'NONE', *, *, #1347, .T. ) ;
#2754 = CYLINDRICAL_SURFACE ( 'NONE', #2967, 1.899999999999999023 ) ;
#2755 = VECTOR ( 'NONE', #804, 1000.000000000000000 ) ;
#2756 = DIRECTION ( 'NONE',  ( 0.000000000000000000, 1.000000000000000000, 0.000000000000000000 ) ) ;
#2757 = CARTESIAN_POINT ( 'NONE',  ( 0.1738834292028910156, 74.25720397868252576, 1.309465871075918164 ) ) ;
#2758 = ORIENTED_EDGE ( 'NONE', *, *, #4084, .T. ) ;
#2759 = EDGE_CURVE ( 'NONE', #2872, #4406, #1060, .T. ) ;
#2760 = ORIENTED_EDGE ( 'NONE', *, *, #963, .T. ) ;
#2761 = VERTEX_POINT ( 'NONE', #1958 ) ;
#2762 = ADVANCED_FACE ( 'NONE', ( #3171 ), #3547, .F. ) ;
#2763 = CARTESIAN_POINT ( 'NONE',  ( 45.90133713412228644, 56.20436685281529066, 5.000000000000000000 ) ) ;
#2764 = DIRECTION ( 'NONE',  ( -0.000000000000000000, -0.000000000000000000, 1.000000000000000000 ) ) ;
#2765 = FACE_OUTER_BOUND ( 'NONE', #571, .T. ) ;
#2766 = EDGE_CURVE ( 'NONE', #3961, #456, #1604, .T. ) ;
#2767 = ORIENTED_EDGE ( 'NONE', *, *, #4345, .F. ) ;
#2768 = PLANE ( 'NONE',  #3317 ) ;
#2769 = CARTESIAN_POINT ( 'NONE',  ( 56.20969273636311669, 68.63604813294755047, 5.000000000000000000 ) ) ;
#2770 = CARTESIAN_POINT ( 'NONE',  ( 43.76239363741270694, 63.34270742456207870, 5.000000000000000000 ) ) ;
#2771 = B_SPLINE_SURFACE_WITH_KNOTS ( 'NONE', 3, 1, ( 
 ( #2628, #1019 ),
 ( #280, #607 ),
 ( #2165, #2992 ),
 ( #4542, #3019 ) ),
 .UNSPECIFIED., .F., .F., .F.,
 ( 4, 4 ),
 ( 2, 2 ),
 ( 0.000000000000000000, 1.000000000000000000 ),
 ( 0.000000000000000000, 1.000000000000000000 ),
 .UNSPECIFIED. ) ;
#2772 = DIRECTION ( 'NONE',  ( 8.187894806610494145E-14, 0.000000000000000000, 1.000000000000000000 ) ) ;
#2773 = EDGE_CURVE ( 'NONE', #4583, #974, #3251, .T. ) ;
#2774 = EDGE_CURVE ( 'NONE', #4242, #13, #3272, .T. ) ;
#2775 = CIRCLE ( 'NONE', #1468, 5.000000000000000000 ) ;
#2776 = ORIENTED_EDGE ( 'NONE', *, *, #77, .F. ) ;
#2777 = FACE_OUTER_BOUND ( 'NONE', #3838, .T. ) ;
#2778 = CARTESIAN_POINT ( 'NONE',  ( 22.50000000000000355, 112.5000000000000000, -15.00000000000000000 ) ) ;
#2779 = CARTESIAN_POINT ( 'NONE',  ( 37.50000000000000000, 26.24999999999999289, 0.000000000000000000 ) ) ;
#2780 = EDGE_LOOP ( 'NONE', ( #1101, #3911, #4733, #565, #3480 ) ) ;
#2781 = DIRECTION ( 'NONE',  ( 1.000000000000000000, -0.000000000000000000, -0.000000000000000000 ) ) ;
#2782 = EDGE_CURVE ( 'NONE', #1912, #4472, #3442, .T. ) ;
#2783 = LINE ( 'NONE', #71, #1832 ) ;
#2784 = CARTESIAN_POINT ( 'NONE',  ( 17.93053125479569232, 74.99553061957149680, 5.000000000000000000 ) ) ;
#2785 = ORIENTED_EDGE ( 'NONE', *, *, #1299, .T. ) ;
#2786 = ORIENTED_EDGE ( 'NONE', *, *, #4115, .T. ) ;
#2787 = ORIENTED_EDGE ( 'NONE', *, *, #714, .T. ) ;
#2788 = CARTESIAN_POINT ( 'NONE',  ( 37.50000000000000000, 91.55000000000001137, 3.399999999999999911 ) ) ;
#2789 = FACE_OUTER_BOUND ( 'NONE', #3775, .T. ) ;
#2790 = CARTESIAN_POINT ( 'NONE',  ( -0.1097077414813996121, 50.68316854231772339, 4.599999999999999645 ) ) ;
#2791 = CARTESIAN_POINT ( 'NONE',  ( 62.50000000000001421, 116.2499999999999858, 0.000000000000000000 ) ) ;
#2792 = ORIENTED_EDGE ( 'NONE', *, *, #3208, .F. ) ;
#2793 = ORIENTED_EDGE ( 'NONE', *, *, #4115, .F. ) ;
#2794 = CARTESIAN_POINT ( 'NONE',  ( 37.50000000000000000, 91.55000000000001137, 0.000000000000000000 ) ) ;
#2795 = DIRECTION ( 'NONE',  ( -1.000000000000000000, 0.000000000000000000, 0.000000000000000000 ) ) ;
#2796 = EDGE_CURVE ( 'NONE', #4168, #3207, #1785, .T. ) ;
#2797 = DIRECTION ( 'NONE',  ( -0.9852984825684729664, 0.1708417403571640403, 0.000000000000000000 ) ) ;
#2798 = LINE ( 'NONE', #3945, #4966 ) ;
#2799 = VECTOR ( 'NONE', #1092, 1000.000000000000000 ) ;
#2800 = CARTESIAN_POINT ( 'NONE',  ( 47.98893882117888410, 53.22823707465383336, 4.599999999999999645 ) ) ;
#2801 = DIRECTION ( 'NONE',  ( -0.9999976573062887564, -0.002164574307904475192, 0.000000000000000000 ) ) ;
#2802 = FACE_OUTER_BOUND ( 'NONE', #366, .T. ) ;
#2803 = ADVANCED_FACE ( 'NONE', ( #1301 ), #636, .F. ) ;
#2804 = VECTOR ( 'NONE', #1871, 1000.000000000000000 ) ;
#2805 = ORIENTED_EDGE ( 'NONE', *, *, #4345, .T. ) ;
#2806 = FACE_OUTER_BOUND ( 'NONE', #1035, .T. ) ;
#2807 = CARTESIAN_POINT ( 'NONE',  ( 26.88347510842798016, 60.24439457978235168, 5.000000000000000000 ) ) ;
#2808 = LINE ( 'NONE', #2367, #396 ) ;
#2809 = EDGE_CURVE ( 'NONE', #492, #1556, #2139, .T. ) ;
#2810 = ORIENTED_EDGE ( 'NONE', *, *, #4664, .T. ) ;
#2811 = ORIENTED_EDGE ( 'NONE', *, *, #3337, .T. ) ;
#2812 = ORIENTED_EDGE ( 'NONE', *, *, #1394, .F. ) ;
#2813 = AXIS2_PLACEMENT_3D ( 'NONE', #3951, #414, #4675 ) ;
#2814 =( GEOMETRIC_REPRESENTATION_CONTEXT ( 3 ) GLOBAL_UNCERTAINTY_ASSIGNED_CONTEXT ( ( #3642 ) ) GLOBAL_UNIT_ASSIGNED_CONTEXT ( ( #1357, #4478, #999 ) ) REPRESENTATION_CONTEXT ( 'NONE', 'WORKASPACE' ) );
#2815 = CARTESIAN_POINT ( 'NONE',  ( 1.500000000000000888, 73.50000000000000000, 0.5000000000000000000 ) ) ;
#2816 = B_SPLINE_SURFACE_WITH_KNOTS ( 'NONE', 3, 1, ( 
 ( #3985, #4731 ),
 ( #80, #1282 ),
 ( #4419, #904 ),
 ( #3203, #4010 ) ),
 .UNSPECIFIED., .F., .F., .F.,
 ( 4, 4 ),
 ( 2, 2 ),
 ( 2.000000000000000000, 3.000000000000000000 ),
 ( 0.000000000000000000, 1.000000000000000000 ),
 .UNSPECIFIED. ) ;
#2817 = CARTESIAN_POINT ( 'NONE',  ( 75.00000000000000000, 75.00000000000000000, 0.000000000000000000 ) ) ;
#2818 = DIRECTION ( 'NONE',  ( -0.1708417403571640125, -0.9852984825684728554, 0.000000000000000000 ) ) ;
#2819 = CARTESIAN_POINT ( 'NONE',  ( 26.88347510842798016, 60.24439457978235168, 4.599999999999999645 ) ) ;
#2820 = ORIENTED_EDGE ( 'NONE', *, *, #3051, .T. ) ;
#2821 = VECTOR ( 'NONE', #4950, 1000.000000000000114 ) ;
#2822 = EDGE_LOOP ( 'NONE', ( #394, #3181, #1076, #494 ) ) ;
#2823 = VERTEX_POINT ( 'NONE', #1323 ) ;
#2824 = VECTOR ( 'NONE', #983, 1000.000000000000000 ) ;
#2825 = EDGE_CURVE ( 'NONE', #419, #2658, #129, .T. ) ;
#2826 = CARTESIAN_POINT ( 'NONE',  ( 28.99618295937897017, 74.32974751677330971, 4.599999999999999645 ) ) ;
#2827 = FACE_OUTER_BOUND ( 'NONE', #1474, .T. ) ;
#2828 = DIRECTION ( 'NONE',  ( -1.000000000000000000, 0.000000000000000000, 0.000000000000000000 ) ) ;
#2829 = CARTESIAN_POINT ( 'NONE',  ( 39.62958920622759962, 51.33356971989758932, 4.599999999999999645 ) ) ;
#2830 = ORIENTED_EDGE ( 'NONE', *, *, #610, .F. ) ;
#2831 = ADVANCED_FACE ( 'NONE', ( #2086 ), #4469, .F. ) ;
#2832 = EDGE_CURVE ( 'NONE', #2712, #851, #1680, .T. ) ;
#2833 = AXIS2_PLACEMENT_3D ( 'NONE', #557, #4869, #173 ) ;
#2834 = CARTESIAN_POINT ( 'NONE',  ( 57.58860395026325563, 65.51376142484208742, 5.000000000000000000 ) ) ;
#2835 = DIRECTION ( 'NONE',  ( -0.000000000000000000, -0.000000000000000000, 1.000000000000000000 ) ) ;
#2836 = CARTESIAN_POINT ( 'NONE',  ( 58.98905642500519519, 50.81109250854794368, 5.000000000000000000 ) ) ;
#2837 = DIRECTION ( 'NONE',  ( -0.000000000000000000, -0.000000000000000000, 1.000000000000000000 ) ) ;
#2838 = AXIS2_PLACEMENT_3D ( 'NONE', #1615, #4806, #2457 ) ;
#2839 = EDGE_CURVE ( 'NONE', #974, #1479, #1758, .T. ) ;
#2840 = CARTESIAN_POINT ( 'NONE',  ( 29.83130851283739915, 50.95962397155131640, 4.599999999999999645 ) ) ;
#2841 =( LENGTH_UNIT ( ) NAMED_UNIT ( * ) SI_UNIT ( .MILLI., .METRE. ) );
#2842 = DIRECTION ( 'NONE',  ( 0.2842690850060091146, -0.9587445370430259795, 0.000000000000000000 ) ) ;
#2843 = EDGE_CURVE ( 'NONE', #2872, #1992, #3527, .T. ) ;
#2844 = CIRCLE ( 'NONE', #635, 1.500000000000001332 ) ;
#2845 = ORIENTED_EDGE ( 'NONE', *, *, #54, .T. ) ;
#2846 = VERTEX_POINT ( 'NONE', #2112 ) ;
#2847 = EDGE_LOOP ( 'NONE', ( #949, #4030, #4391, #4679 ) ) ;
#2848 = CARTESIAN_POINT ( 'NONE',  ( 69.99999999999998579, 2.499999999999996003, -12.50000000000000000 ) ) ;
#2849 = CARTESIAN_POINT ( 'NONE',  ( 22.08057022590531560, 61.22519618111125084, 5.000000000000000000 ) ) ;
#2850 = DIRECTION ( 'NONE',  ( 0.000000000000000000, 0.000000000000000000, -1.000000000000000000 ) ) ;
#2851 = CARTESIAN_POINT ( 'NONE',  ( 43.08109070326097623, 63.58109551050129937, 4.599999999999999645 ) ) ;
#2852 = ORIENTED_EDGE ( 'NONE', *, *, #1233, .F. ) ;
#2853 = ORIENTED_EDGE ( 'NONE', *, *, #3667, .T. ) ;
#2854 = DIRECTION ( 'NONE',  ( 0.000000000000000000, 0.7071067811865455743, 0.7071067811865493491 ) ) ;
#2855 = AXIS2_PLACEMENT_3D ( 'NONE', #3915, #3106, #1536 ) ;
#2856 = PLANE ( 'NONE',  #2998 ) ;
#2857 = DIRECTION ( 'NONE',  ( -0.9812001574319504371, -0.1929928782507674412, 0.000000000000000000 ) ) ;
#2858 =( BOUNDED_CURVE ( )  B_SPLINE_CURVE ( 3, ( #520, #211, #238, #1381 ),
 .UNSPECIFIED., .F., .T. ) 
 B_SPLINE_CURVE_WITH_KNOTS ( ( 4, 4 ),
 ( 0.000000000000000000, 1.570796326794896780 ),
 .UNSPECIFIED. ) 
 CURVE ( )  GEOMETRIC_REPRESENTATION_ITEM ( )  RATIONAL_B_SPLINE_CURVE ( ( 1.000000000000000000, 0.8047378541243649375, 0.8047378541243649375, 1.000000000000000000 ) ) 
 REPRESENTATION_ITEM ( '' )  );
#2859 = DIRECTION ( 'NONE',  ( -1.000000000000000000, 1.228762462150238276E-16, 0.000000000000000000 ) ) ;
#2860 = ADVANCED_FACE ( 'NONE', ( #4500 ), #2917, .F. ) ;
#2861 = EDGE_LOOP ( 'NONE', ( #3611, #1454, #577, #2404 ) ) ;
#2862 = CARTESIAN_POINT ( 'NONE',  ( 74.74819053156286941, 45.18932039044305071, 0.7554284053108960562 ) ) ;
#2863 = LINE ( 'NONE', #604, #4515 ) ;
#2864 = LINE ( 'NONE', #2497, #1044 ) ;
#2865 = CARTESIAN_POINT ( 'NONE',  ( 0.5000000000000007772, 73.50000000000000000, 1.500000000000000000 ) ) ;
#2866 = AXIS2_PLACEMENT_3D ( 'NONE', #4107, #586, #3728 ) ;
#2867 = CARTESIAN_POINT ( 'NONE',  ( 0.000000000000000000, 4.999999999999993783, -12.50000000000000000 ) ) ;
#2868 = CARTESIAN_POINT ( 'NONE',  ( 67.50000000000000000, -6.071532165918824830E-15, 0.000000000000000000 ) ) ;
#2869 = EDGE_LOOP ( 'NONE', ( #2005, #5092, #1558, #4116 ) ) ;
#2870 = ORIENTED_EDGE ( 'NONE', *, *, #513, .T. ) ;
#2871 = VECTOR ( 'NONE', #940, 1000.000000000000000 ) ;
#2872 = VERTEX_POINT ( 'NONE', #2576 ) ;
#2873 = CARTESIAN_POINT ( 'NONE',  ( 0.000000000000000000, 0.000000000000000000, 1.500000000000000000 ) ) ;
#2874 = CARTESIAN_POINT ( 'NONE',  ( 19.61719426927506049, 61.80541116459607309, 5.000000000000000000 ) ) ;
#2875 = DIRECTION ( 'NONE',  ( -1.000000000000000000, 0.000000000000000000, 0.000000000000000000 ) ) ;
#2876 = PLANE ( 'NONE',  #1195 ) ;
#2877 = ORIENTED_EDGE ( 'NONE', *, *, #4303, .F. ) ;
#2878 = ORIENTED_EDGE ( 'NONE', *, *, #3612, .F. ) ;
#2879 = AXIS2_PLACEMENT_3D ( 'NONE', #1964, #1182, #3554 ) ;
#2880 = DIRECTION ( 'NONE',  ( 1.000000000000000000, -0.000000000000000000, -0.000000000000000000 ) ) ;
#2881 = CARTESIAN_POINT ( 'NONE',  ( 41.48062131786240769, 24.64097113909109282, 4.599999999999999645 ) ) ;
#2882 = CARTESIAN_POINT ( 'NONE',  ( 18.95884240092216899, 61.21843760784149424, 4.599999999999999645 ) ) ;
#2883 = EDGE_LOOP ( 'NONE', ( #3003, #4489, #4695, #158, #1459 ) ) ;
#2884 = DIRECTION ( 'NONE',  ( -0.000000000000000000, 1.000000000000000000, -0.000000000000000000 ) ) ;
#2885 = CARTESIAN_POINT ( 'NONE',  ( 37.41813806569387424, 69.15622655406406238, 4.599999999999999645 ) ) ;
#2886 = DIRECTION ( 'NONE',  ( -0.3244355677352885325, -0.9459077980375681927, 0.000000000000000000 ) ) ;
#2887 = CARTESIAN_POINT ( 'NONE',  ( 0.4494164874987646163, 74.16472675680824977, 1.348249462496324158 ) ) ;
#2888 = DIRECTION ( 'NONE',  ( 0.000000000000000000, 0.000000000000000000, -1.000000000000000000 ) ) ;
#2889 = CARTESIAN_POINT ( 'NONE',  ( 63.54999999999999716, 17.99999999999998934, 0.000000000000000000 ) ) ;
#2890 = VERTEX_POINT ( 'NONE', #4081 ) ;
#2891 = VERTEX_POINT ( 'NONE', #2528 ) ;
#2892 = ORIENTED_EDGE ( 'NONE', *, *, #3153, .T. ) ;
#2893 = EDGE_CURVE ( 'NONE', #2521, #3456, #3188, .T. ) ;
#2894 = ADVANCED_FACE ( 'NONE', ( #2475 ), #3703, .F. ) ;
#2895 = PRESENTATION_STYLE_ASSIGNMENT (( #2508 ) ) ;
#2896 = CARTESIAN_POINT ( 'NONE',  ( 53.53553390593275907, 118.5355339059327378, -9.999999999999998224 ) ) ;
#2897 = DIRECTION ( 'NONE',  ( -0.000000000000000000, -0.000000000000000000, 1.000000000000000000 ) ) ;
#2898 = CARTESIAN_POINT ( 'NONE',  ( 15.24677488885592602, 50.38836122693026454, 4.599999999999999645 ) ) ;
#2899 = VECTOR ( 'NONE', #3129, 1000.000000000000000 ) ;
#2900 = ORIENTED_EDGE ( 'NONE', *, *, #2782, .F. ) ;
#2901 = ORIENTED_EDGE ( 'NONE', *, *, #3365, .F. ) ;
#2902 = AXIS2_PLACEMENT_3D ( 'NONE', #5036, #1430, #1456 ) ;
#2903 = DIRECTION ( 'NONE',  ( -0.000000000000000000, -0.000000000000000000, 1.000000000000000000 ) ) ;
#2904 = LINE ( 'NONE', #2566, #1763 ) ;
#2905 = DIRECTION ( 'NONE',  ( -1.000000000000000000, 0.000000000000000000, 0.000000000000000000 ) ) ;
#2906 = AXIS2_PLACEMENT_3D ( 'NONE', #2779, #3193, #4354 ) ;
#2907 = VECTOR ( 'NONE', #4243, 1000.000000000000000 ) ;
#2908 = B_SPLINE_SURFACE_WITH_KNOTS ( 'NONE', 3, 1, ( 
 ( #3159, #1208 ),
 ( #4812, #1590 ),
 ( #1995, #854 ),
 ( #3614, #4734 ) ),
 .UNSPECIFIED., .F., .F., .F.,
 ( 4, 4 ),
 ( 2, 2 ),
 ( 5.000000000000000000, 6.000000000000000000 ),
 ( 0.000000000000000000, 1.000000000000000000 ),
 .UNSPECIFIED. ) ;
#2909 = VERTEX_POINT ( 'NONE', #4875 ) ;
#2910 = ORIENTED_EDGE ( 'NONE', *, *, #2843, .T. ) ;
#2911 = LINE ( 'NONE', #3370, #3993 ) ;
#2912 = CARTESIAN_POINT ( 'NONE',  ( 74.50000000000000000, 73.50000000000000000, 1.500000000000000000 ) ) ;
#2913 = CARTESIAN_POINT ( 'NONE',  ( 0.000000000000000000, 0.000000000000000000, 0.000000000000000000 ) ) ;
#2914 = CARTESIAN_POINT ( 'NONE',  ( 1.500000000000000888, 73.50000000000000000, 0.4999999999999998890 ) ) ;
#2915 = LINE ( 'NONE', #2188, #424 ) ;
#2916 = LINE ( 'NONE', #947, #3655 ) ;
#2917 = PLANE ( 'NONE',  #2532 ) ;
#2918 = CONICAL_SURFACE ( 'NONE', #2170, 7.499999999999944045, 0.7853981633974510546 ) ;
#2919 = ORIENTED_EDGE ( 'NONE', *, *, #1730, .T. ) ;
#2920 = VERTEX_POINT ( 'NONE', #1352 ) ;
#2921 = VERTEX_POINT ( 'NONE', #973 ) ;
#2922 = PLANE ( 'NONE',  #1503 ) ;
#2923 = PLANE ( 'NONE',  #1370 ) ;
#2924 = CARTESIAN_POINT ( 'NONE',  ( 29.90268027374996151, 55.46778468053395272, 5.000000000000000000 ) ) ;
#2925 = CARTESIAN_POINT ( 'NONE',  ( 25.61020819466324028, 50.41079370095809509, 4.599999999999999645 ) ) ;
#2926 = CIRCLE ( 'NONE', #2596, 5.000000000000000000 ) ;
#2927 = EDGE_CURVE ( 'NONE', #908, #4741, #2695, .T. ) ;
#2928 = EDGE_LOOP ( 'NONE', ( #1128, #4916, #824, #3168 ) ) ;
#2929 = VERTEX_POINT ( 'NONE', #2551 ) ;
#2930 = CARTESIAN_POINT ( 'NONE',  ( 22.50000000000000000, 117.5000000000000000, -15.00000000000065192 ) ) ;
#2931 = FACE_OUTER_BOUND ( 'NONE', #3596, .T. ) ;
#2932 = CARTESIAN_POINT ( 'NONE',  ( 37.87316993195197767, 69.15721150665848427, 4.599999999999999645 ) ) ;
#2933 = EDGE_LOOP ( 'NONE', ( #3927, #2878, #899, #2688 ) ) ;
#2934 = EDGE_LOOP ( 'NONE', ( #2820, #2288, #838, #4056 ) ) ;
#2935 = CARTESIAN_POINT ( 'NONE',  ( 43.86543613087226845, 62.99724613215688862, 5.000000000000000000 ) ) ;
#2936 = CARTESIAN_POINT ( 'NONE',  ( 17.50000000000000000, 117.5000000000000000, 0.000000000000000000 ) ) ;
#2937 = EDGE_CURVE ( 'NONE', #2890, #4748, #2943, .T. ) ;
#2938 = CARTESIAN_POINT ( 'NONE',  ( 47.18616342779203876, 52.54924062573878274, 5.000000000000000000 ) ) ;
#2939 = DIRECTION ( 'NONE',  ( -0.000000000000000000, 1.000000000000000000, -0.000000000000000000 ) ) ;
#2940 = ADVANCED_FACE ( 'NONE', ( #2653 ), #3482, .F. ) ;
#2941 = CARTESIAN_POINT ( 'NONE',  ( 74.62330660438824737, 74.49124015672441601, 1.130080186835221268 ) ) ;
#2942 = APPLICATION_PROTOCOL_DEFINITION ( 'draft international standard', 'automotive_design', 1998, #4557 ) ;
#2943 = LINE ( 'NONE', #996, #4595 ) ;
#2944 = EDGE_LOOP ( 'NONE', ( #50, #1207, #3413, #131 ) ) ;
#2945 = FACE_OUTER_BOUND ( 'NONE', #3035, .T. ) ;
#2946 = CARTESIAN_POINT ( 'NONE',  ( 16.96517205049047661, 64.79795321356733950, 4.599999999999999645 ) ) ;
#2947 = CARTESIAN_POINT ( 'NONE',  ( -0.1374238320307762662, 63.48754560515362755, 5.000000000000000000 ) ) ;
#2948 = DIRECTION ( 'NONE',  ( 1.000000000000000000, -0.000000000000000000, -0.000000000000000000 ) ) ;
#2949 = CARTESIAN_POINT ( 'NONE',  ( 27.10923559923350012, 48.83376798311071809, 5.000000000000000000 ) ) ;
#2950 = ORIENTED_EDGE ( 'NONE', *, *, #3591, .F. ) ;
#2951 = ORIENTED_EDGE ( 'NONE', *, *, #427, .F. ) ;
#2952 = VERTEX_POINT ( 'NONE', #1857 ) ;
#2953 = LINE ( 'NONE', #1742, #3485 ) ;
#2954 = CARTESIAN_POINT ( 'NONE',  ( 18.96159110272099824, 59.94858267635414251, 5.000000000000000000 ) ) ;
#2955 = CARTESIAN_POINT ( 'NONE',  ( 19.61719426927506049, 61.80541116459607309, 4.599999999999999645 ) ) ;
#2956 = VERTEX_POINT ( 'NONE', #3377 ) ;
#2957 = EDGE_CURVE ( 'NONE', #4406, #1992, #2775, .T. ) ;
#2958 = CARTESIAN_POINT ( 'NONE',  ( -0.1218020318880143754, 56.27053139211767530, 4.599999999999999645 ) ) ;
#2959 = EDGE_CURVE ( 'NONE', #595, #1006, #405, .T. ) ;
#2960 = CARTESIAN_POINT ( 'NONE',  ( 13.74999999999999112, 114.9999999999999858, 0.000000000000000000 ) ) ;
#2961 = CARTESIAN_POINT ( 'NONE',  ( 31.16037302392805231, 49.68205551682147814, 4.599999999999999645 ) ) ;
#2962 = CARTESIAN_POINT ( 'NONE',  ( 50.85420801291714099, 67.42161425081793880, 5.000000000000000000 ) ) ;
#2963 = B_SPLINE_CURVE_WITH_KNOTS ( 'NONE', 3,
 ( #4917, #1335, #220, #2565 ),
 .UNSPECIFIED., .F., .F.,
 ( 4, 4 ),
 ( 21.00000000000000000, 22.00000000000000000 ),
 .UNSPECIFIED. ) ;
#2964 = ADVANCED_FACE ( 'NONE', ( #3830 ), #896, .F. ) ;
#2965 = DIRECTION ( 'NONE',  ( 0.000000000000000000, 1.000000000000000000, 0.000000000000000000 ) ) ;
#2966 = CARTESIAN_POINT ( 'NONE',  ( 69.99999999999998579, 5.000000000000000000, 0.000000000000000000 ) ) ;
#2967 = AXIS2_PLACEMENT_3D ( 'NONE', #3487, #793, #5086 ) ;
#2968 = ORIENTED_EDGE ( 'NONE', *, *, #4233, .T. ) ;
#2969 = CARTESIAN_POINT ( 'NONE',  ( 22.50000000000000355, 112.5000000000000000, -15.00000000000000000 ) ) ;
#2970 = CARTESIAN_POINT ( 'NONE',  ( -10.21421437156032219, 51.93035535905706013, 5.000000000000000000 ) ) ;
#2971 = DIRECTION ( 'NONE',  ( 0.000000000000000000, 0.000000000000000000, -1.000000000000000000 ) ) ;
#2973 = ADVANCED_FACE ( 'NONE', ( #2239 ), #3571, .F. ) ;
#2972 = CARTESIAN_POINT ( 'NONE',  ( 0.5000000000000008882, 73.50000000000000000, 0.5000000000000000000 ) ) ;
#2974 = ORIENTED_EDGE ( 'NONE', *, *, #859, .T. ) ;
#2975 = ORIENTED_EDGE ( 'NONE', *, *, #4811, .F. ) ;
#2976 = ORIENTED_EDGE ( 'NONE', *, *, #4820, .F. ) ;
#2977 = DIRECTION ( 'NONE',  ( 0.9516499134411965377, -0.3071847037978341910, 0.000000000000000000 ) ) ;
#2978 = DIRECTION ( 'NONE',  ( 0.000000000000000000, 0.000000000000000000, 1.000000000000000000 ) ) ;
#2979 = CARTESIAN_POINT ( 'NONE',  ( 31.16037302392805231, 49.68205551682147814, 5.000000000000000000 ) ) ;
#2980 = VECTOR ( 'NONE', #1213, 1000.000000000000114 ) ;
#2981 = ADVANCED_FACE ( 'NONE', ( #3998 ), #1547, .F. ) ;
#2982 = ORIENTED_EDGE ( 'NONE', *, *, #648, .F. ) ;
#2983 = VECTOR ( 'NONE', #4310, 1000.000000000000000 ) ;
#2984 = DIRECTION ( 'NONE',  ( -1.908195823574488050E-16, 0.000000000000000000, -1.000000000000000000 ) ) ;
#2985 = VECTOR ( 'NONE', #3763, 1000.000000000000000 ) ;
#2986 = LINE ( 'NONE', #4614, #382 ) ;
#2987 = FACE_OUTER_BOUND ( 'NONE', #2033, .T. ) ;
#2988 = CARTESIAN_POINT ( 'NONE',  ( 14.03395320428463044, 59.88853312862018896, 5.000000000000000000 ) ) ;
#2989 = EDGE_CURVE ( 'NONE', #3759, #2929, #1193, .T. ) ;
#2990 =( BOUNDED_CURVE ( )  B_SPLINE_CURVE ( 3, ( #3863, #1510, #5019, #349 ),
 .UNSPECIFIED., .F., .T. ) 
 B_SPLINE_CURVE_WITH_KNOTS ( ( 4, 4 ),
 ( 4.712388980384689674, 6.283185307179586232 ),
 .UNSPECIFIED. ) 
 CURVE ( )  GEOMETRIC_REPRESENTATION_ITEM ( )  RATIONAL_B_SPLINE_CURVE ( ( 1.000000000000000000, 0.8047378541243649375, 0.8047378541243649375, 1.000000000000000000 ) ) 
 REPRESENTATION_ITEM ( '' )  );
#2991 = EDGE_CURVE ( 'NONE', #3439, #653, #2414, .T. ) ;
#2992 = CARTESIAN_POINT ( 'NONE',  ( 56.31831518861017827, 68.97138550662481293, 5.000000000000000000 ) ) ;
#2993 = CARTESIAN_POINT ( 'NONE',  ( 34.58037044103966906, 60.18697884857790825, 5.000000000000000000 ) ) ;
#2994 = DIRECTION ( 'NONE',  ( -0.5068659995676726426, -0.8620248595500387134, 0.000000000000000000 ) ) ;
#2995 = ADVANCED_FACE ( 'NONE', ( #1976 ), #4353, .F. ) ;
#2996 = ORIENTED_EDGE ( 'NONE', *, *, #3933, .F. ) ;
#2997 = CARTESIAN_POINT ( 'NONE',  ( 35.09940047173320465, 68.10004456002852180, 4.599999999999999645 ) ) ;
#2998 = AXIS2_PLACEMENT_3D ( 'NONE', #4016, #911, #4372 ) ;
#2999 = CARTESIAN_POINT ( 'NONE',  ( 74.98750453598840693, 74.95959017600318930, 0.3970951604480458252 ) ) ;
#3000 = CARTESIAN_POINT ( 'NONE',  ( 34.84299446063909045, 51.29851711344042542, 5.000000000000000000 ) ) ;
#3001 = CARTESIAN_POINT ( 'NONE',  ( 72.49999999999998579, 3.535533905932731980, -11.03553390593273953 ) ) ;
#3002 = EDGE_CURVE ( 'NONE', #2438, #4323, #3192, .T. ) ;
#3003 = ORIENTED_EDGE ( 'NONE', *, *, #257, .F. ) ;
#3004 = AXIS2_PLACEMENT_3D ( 'NONE', #4590, #254, #3868 ) ;
#3005 = ORIENTED_EDGE ( 'NONE', *, *, #5043, .T. ) ;
#3006 = ORIENTED_EDGE ( 'NONE', *, *, #2629, .F. ) ;
#3007 = CARTESIAN_POINT ( 'NONE',  ( 51.97385331965852373, 56.96884372970191635, 4.599999999999999645 ) ) ;
#3008 = CARTESIAN_POINT ( 'NONE',  ( 56.98098263606785707, 69.19504434610479393, 5.000000000000000000 ) ) ;
#3009 = CARTESIAN_POINT ( 'NONE',  ( 33.01779607714239972, 60.15890489015593090, 5.000000000000000000 ) ) ;
#3010 = ORIENTED_EDGE ( 'NONE', *, *, #3858, .T. ) ;
#3011 = ORIENTED_EDGE ( 'NONE', *, *, #2501, .F. ) ;
#3012 = AXIS2_PLACEMENT_3D ( 'NONE', #1307, #471, #4835 ) ;
#3013 = EDGE_CURVE ( 'NONE', #2320, #686, #5082, .T. ) ;
#3014 = CARTESIAN_POINT ( 'NONE',  ( 59.94118143679965982, 68.86282220606143767, 4.599999999999999645 ) ) ;
#3015 = DIRECTION ( 'NONE',  ( -1.000000000000000000, 0.000000000000000000, 0.000000000000000000 ) ) ;
#3016 = DIRECTION ( 'NONE',  ( 2.602085213965207190E-16, -0.000000000000000000, 1.000000000000000000 ) ) ;
#3017 = CARTESIAN_POINT ( 'NONE',  ( 0.1308739639280548928, 74.96095898797697998, 0.3926218917841873823 ) ) ;
#3018 = EDGE_CURVE ( 'NONE', #3158, #3562, #1648, .T. ) ;
#3019 = CARTESIAN_POINT ( 'NONE',  ( 56.20969273636310959, 68.63604813294755047, 5.000000000000000000 ) ) ;
#3020 = CARTESIAN_POINT ( 'NONE',  ( 69.99999999999998579, 0.000000000000000000, 5.000000000000000000 ) ) ;
#3021 = CARTESIAN_POINT ( 'NONE',  ( 1.499999999999997335, 46.49999999999999289, 0.4999999999999998890 ) ) ;
#3022 = ORIENTED_EDGE ( 'NONE', *, *, #926, .F. ) ;
#3023 = ORIENTED_EDGE ( 'NONE', *, *, #4990, .F. ) ;
#3024 = FACE_OUTER_BOUND ( 'NONE', #4190, .T. ) ;
#3025 = LINE ( 'NONE', #2245, #1933 ) ;
#3026 = LINE ( 'NONE', #693, #4980 ) ;
#3027 = VERTEX_POINT ( 'NONE', #864 ) ;
#3028 = ORIENTED_EDGE ( 'NONE', *, *, #2766, .F. ) ;
#3029 = EDGE_LOOP ( 'NONE', ( #4789, #4808, #959, #3738 ) ) ;
#3030 = AXIS2_PLACEMENT_3D ( 'NONE', #3724, #2133, #969 ) ;
#3031 = B_SPLINE_CURVE_WITH_KNOTS ( 'NONE', 3,
 ( #415, #4699, #842, #2032, #1653, #3625, #99, #4770, #3978, #3197, #2757, #72, #4004, #2733 ),
 .UNSPECIFIED., .F., .F.,
 ( 4, 2, 2, 2, 2, 2, 4 ),
 ( 0.000000000000000000, 0.0002946179475864324992, 0.0005892358951728649983, 0.0008838538427592975517, 0.001178471790345730214, 0.001767707685518624594, 0.002356943580691518974 ),
 .UNSPECIFIED. ) ;
#3032 = DIRECTION ( 'NONE',  ( -0.000000000000000000, -0.000000000000000000, 1.000000000000000000 ) ) ;
#3033 = DIRECTION ( 'NONE',  ( 0.000000000000000000, 1.000000000000000000, 0.000000000000000000 ) ) ;
#3034 = CARTESIAN_POINT ( 'NONE',  ( 31.45523698125404621, 60.12377736324087607, 5.000000000000000000 ) ) ;
#3035 = EDGE_LOOP ( 'NONE', ( #346, #3604, #3974, #931 ) ) ;
#3036 = AXIS2_PLACEMENT_3D ( 'NONE', #868, #2419, #487 ) ;
#3037 = CARTESIAN_POINT ( 'NONE',  ( 17.57029234899437498, 67.16261583822674197, 4.599999999999999645 ) ) ;
#3038 = CARTESIAN_POINT ( 'NONE',  ( 7.499999999999989342, 4.999999999999993783, 2.168404344971008868E-14 ) ) ;
#3039 = CARTESIAN_POINT ( 'NONE',  ( 33.00451068268754540, 66.29653818033413870, 4.599999999999999645 ) ) ;
#3040 = CARTESIAN_POINT ( 'NONE',  ( 2.499999999999998668, 4.999999999999993783, -12.50000000000000000 ) ) ;
#3041 = EDGE_CURVE ( 'NONE', #2684, #626, #3593, .T. ) ;
#3042 = CARTESIAN_POINT ( 'NONE',  ( 38.24081909576754867, 68.78763099782081269, 5.000000000000000000 ) ) ;
#3043 = CARTESIAN_POINT ( 'NONE',  ( -4.132895344085557778E-15, 44.99999999999999289, -1.715124499442881905E-15 ) ) ;
#3044 = DIRECTION ( 'NONE',  ( 0.5107203677843021872, -0.8597468848040491496, 0.000000000000000000 ) ) ;
#3045 = ADVANCED_FACE ( 'NONE', ( #432 ), #3510, .F. ) ;
#3046 = ORIENTED_EDGE ( 'NONE', *, *, #648, .T. ) ;
#3047 = CARTESIAN_POINT ( 'NONE',  ( 0.000000000000000000, 2.499999999999996003, -10.00000000000000178 ) ) ;
#3048 = CARTESIAN_POINT ( 'NONE',  ( 74.76969600708471830, 73.50000000000000000, 1.500000000000000000 ) ) ;
#3049 = CARTESIAN_POINT ( 'NONE',  ( 25.61020819466324028, 50.41079370095809509, 5.000000000000000000 ) ) ;
#3050 = ORIENTED_EDGE ( 'NONE', *, *, #1068, .F. ) ;
#3051 = EDGE_CURVE ( 'NONE', #165, #4940, #465, .T. ) ;
#3052 = VERTEX_POINT ( 'NONE', #3136 ) ;
#3053 = ORIENTED_EDGE ( 'NONE', *, *, #4512, .F. ) ;
#3054 = ADVANCED_FACE ( 'NONE', ( #3218 ), #383, .T. ) ;
#3055 = CARTESIAN_POINT ( 'NONE',  ( 7.499999999999985789, -6.071532165918824830E-15, -9.999999999999992895 ) ) ;
#3056 = DIRECTION ( 'NONE',  ( -0.2844023902313086438, 0.9587050017762077658, 0.000000000000000000 ) ) ;
#3057 = PLANE ( 'NONE',  #3469 ) ;
#3058 = ADVANCED_FACE ( 'NONE', ( #4409 ), #3228, .F. ) ;
#3059 = EDGE_LOOP ( 'NONE', ( #3988, #2812, #2229, #3770 ) ) ;
#3060 = DIRECTION ( 'NONE',  ( -1.000000000000000000, 0.000000000000000000, -0.000000000000000000 ) ) ;
#3061 = CARTESIAN_POINT ( 'NONE',  ( 41.96291306052567904, 63.57867512623392514, 5.000000000000000000 ) ) ;
#3062 = EDGE_CURVE ( 'NONE', #2761, #1912, #409, .T. ) ;
#3063 = DIRECTION ( 'NONE',  ( -0.000000000000000000, -0.000000000000000000, -1.000000000000000000 ) ) ;
#3064 = DIRECTION ( 'NONE',  ( 0.1929928782524192032, -0.9812001574316256969, 0.000000000000000000 ) ) ;
#3065 = VECTOR ( 'NONE', #3112, 1000.000000000000000 ) ;
#3066 = VECTOR ( 'NONE', #1227, 1000.000000000000000 ) ;
#3067 = CARTESIAN_POINT ( 'NONE',  ( 49.93795213272127143, 63.76172295399043577, 5.000000000000000000 ) ) ;
#3068 = CARTESIAN_POINT ( 'NONE',  ( 0.4999999999999975020, 46.49999999999999289, 1.500000000000000000 ) ) ;
#3069 = CARTESIAN_POINT ( 'NONE',  ( 67.50000000000000000, 2.499999999999993783, 0.000000000000000000 ) ) ;
#3070 = VECTOR ( 'NONE', #2837, 1000.000000000000000 ) ;
#3071 = AXIS2_PLACEMENT_3D ( 'NONE', #3448, #1490, #3060 ) ;
#3072 = ORIENTED_EDGE ( 'NONE', *, *, #1021, .T. ) ;
#3073 = CARTESIAN_POINT ( 'NONE',  ( 54.53551570398803250, 56.61106762017198690, 4.599999999999999645 ) ) ;
#3074 = CARTESIAN_POINT ( 'NONE',  ( 28.99618295937896306, 45.67025248322667608, 4.599999999999999645 ) ) ;
#3075 = CARTESIAN_POINT ( 'NONE',  ( 35.32993193914360575, 69.15170646614373595, 5.000000000000000000 ) ) ;
#3076 = ADVANCED_FACE ( 'NONE', ( #3564 ), #40, .F. ) ;
#3077 = ORIENTED_EDGE ( 'NONE', *, *, #4514, .T. ) ;
#3078 = VERTEX_POINT ( 'NONE', #4101 ) ;
#3079 = ORIENTED_EDGE ( 'NONE', *, *, #5069, .T. ) ;
#3080 = AXIS2_PLACEMENT_3D ( 'NONE', #2046, #1209, #3184 ) ;
#3081 = LINE ( 'NONE', #301, #3979 ) ;
#3082 = CARTESIAN_POINT ( 'NONE',  ( 11.44999999999998863, 102.0999999999999943, 3.399999999999999911 ) ) ;
#3083 = CARTESIAN_POINT ( 'NONE',  ( 65.55000000000001137, 102.0999999999999943, 0.000000000000000000 ) ) ;
#3084 = ORIENTED_EDGE ( 'NONE', *, *, #3271, .F. ) ;
#3085 = ORIENTED_EDGE ( 'NONE', *, *, #2388, .T. ) ;
#3086 = CARTESIAN_POINT ( 'NONE',  ( 27.50000000000000000, 112.5000000000000000, -5.000000000000000000 ) ) ;
#3087 = DIRECTION ( 'NONE',  ( 0.9999976573062887564, 0.002164574307898256642, 0.000000000000000000 ) ) ;
#3088 = DIRECTION ( 'NONE',  ( 0.000000000000000000, 0.000000000000000000, 1.000000000000000000 ) ) ;
#3089 = CARTESIAN_POINT ( 'NONE',  ( 14.03395320428463044, 59.88853312862018896, 4.599999999999999645 ) ) ;
#3090 = VECTOR ( 'NONE', #4480, 1000.000000000000000 ) ;
#3091 = EDGE_CURVE ( 'NONE', #2952, #1556, #1675, .T. ) ;
#3092 = CARTESIAN_POINT ( 'NONE',  ( 69.99999999999998579, 0.000000000000000000, 0.000000000000000000 ) ) ;
#3093 = CARTESIAN_POINT ( 'NONE',  ( 18.96433980743245939, 58.67872639927966816, 5.000000000000000000 ) ) ;
#3094 = VERTEX_POINT ( 'NONE', #1296 ) ;
#3095 = CARTESIAN_POINT ( 'NONE',  ( 50.49088868411231346, 67.42082781729087060, 4.599999999999999645 ) ) ;
#3096 = CARTESIAN_POINT ( 'NONE',  ( 74.73490832186008959, 45.01258334307127029, 0.2650916781409399792 ) ) ;
#3097 = PLANE ( 'NONE',  #2813 ) ;
#3098 = CARTESIAN_POINT ( 'NONE',  ( 44.66710539870615548, 52.78012259853174726, 4.599999999999999645 ) ) ;
#3099 = ORIENTED_EDGE ( 'NONE', *, *, #988, .F. ) ;
#3100 = ORIENTED_EDGE ( 'NONE', *, *, #300, .T. ) ;
#3101 = VERTEX_POINT ( 'NONE', #1320 ) ;
#3102 = VECTOR ( 'NONE', #3646, 1000.000000000000114 ) ;
#3103 = B_SPLINE_SURFACE_WITH_KNOTS ( 'NONE', 3, 1, ( 
 ( #4149, #1081 ),
 ( #1010, #303 ),
 ( #2955, #652 ),
 ( #624, #3773 ),
 ( #677, #2227 ),
 ( #1846, #3420 ) ),
 .UNSPECIFIED., .F., .F., .F.,
 ( 4, 2, 4 ),
 ( 2, 2 ),
 ( 0.000000000000000000, 1.000000000000000000, 2.000000000000000000 ),
 ( 0.000000000000000000, 1.000000000000000000 ),
 .UNSPECIFIED. ) ;
#3104 = CARTESIAN_POINT ( 'NONE',  ( 0.000000000000000000, 120.0000000000000000, 0.000000000000000000 ) ) ;
#3105 = PLANE ( 'NONE',  #3841 ) ;
#3106 = DIRECTION ( 'NONE',  ( -0.000000000000000000, -0.000000000000000000, 1.000000000000000000 ) ) ;
#3107 = B_SPLINE_CURVE_WITH_KNOTS ( 'NONE', 3,
 ( #1808, #3042, #3375, #4954 ),
 .UNSPECIFIED., .F., .F.,
 ( 4, 4 ),
 ( 16.00000000000000000, 17.00000000000000000 ),
 .UNSPECIFIED. ) ;
#3108 = AXIS2_PLACEMENT_3D ( 'NONE', #2966, #539, #1020 ) ;
#3109 = ORIENTED_EDGE ( 'NONE', *, *, #4293, .F. ) ;
#3110 = CARTESIAN_POINT ( 'NONE',  ( 56.63175517114320456, 69.20134437186605680, 4.599999999999999645 ) ) ;
#3111 = PLANE ( 'NONE',  #4807 ) ;
#3112 = DIRECTION ( 'NONE',  ( -0.000000000000000000, -0.000000000000000000, -1.000000000000000000 ) ) ;
#3113 = EDGE_CURVE ( 'NONE', #3603, #3439, #4377, .T. ) ;
#3114 = EDGE_CURVE ( 'NONE', #38, #1632, #2864, .T. ) ;
#3115 = ORIENTED_EDGE ( 'NONE', *, *, #661, .T. ) ;
#3116 = PLANE ( 'NONE',  #4632 ) ;
#3117 = DIRECTION ( 'NONE',  ( 2.775557561564408331E-15, 0.000000000000000000, 1.000000000000000000 ) ) ;
#3118 = DIRECTION ( 'NONE',  ( -0.3071847255501460316, -0.9516499064197303515, 0.000000000000000000 ) ) ;
#3119 = VECTOR ( 'NONE', #4888, 1000.000000000000000 ) ;
#3120 = ORIENTED_EDGE ( 'NONE', *, *, #4647, .F. ) ;
#3121 = CARTESIAN_POINT ( 'NONE',  ( 33.01779607714239972, 60.15890489015593090, 4.599999999999999645 ) ) ;
#3122 = DIRECTION ( 'NONE',  ( 0.000000000000000000, 0.000000000000000000, 1.000000000000000000 ) ) ;
#3123 = CARTESIAN_POINT ( 'NONE',  ( 31.45523698125404621, 60.12377736324087607, 5.000000000000000000 ) ) ;
#3124 = CARTESIAN_POINT ( 'NONE',  ( 69.99999999999998579, 5.000000000000000000, 0.000000000000000000 ) ) ;
#3125 = EDGE_LOOP ( 'NONE', ( #3668, #274, #4672, #4612 ) ) ;
#3126 = ORIENTED_EDGE ( 'NONE', *, *, #971, .F. ) ;
#3127 = ORIENTED_EDGE ( 'NONE', *, *, #4655, .F. ) ;
#3128 = CARTESIAN_POINT ( 'NONE',  ( 38.23827591779982527, 68.33259183104274825, 4.599999999999999645 ) ) ;
#3129 = DIRECTION ( 'NONE',  ( 1.000000000000000000, -0.000000000000000000, -0.000000000000000000 ) ) ;
#3130 = DIRECTION ( 'NONE',  ( 0.000000000000000000, -0.000000000000000000, 1.000000000000000000 ) ) ;
#3131 = ORIENTED_EDGE ( 'NONE', *, *, #1328, .T. ) ;
#3132 = CARTESIAN_POINT ( 'NONE',  ( 0.5000000000000011102, 73.50000000000000000, 1.500000000000000000 ) ) ;
#3133 = FACE_OUTER_BOUND ( 'NONE', #2295, .T. ) ;
#3134 = CARTESIAN_POINT ( 'NONE',  ( 59.41939945595165540, 50.81202402019854958, 4.599999999999999645 ) ) ;
#3135 = CARTESIAN_POINT ( 'NONE',  ( 74.76969600708471830, 46.49999999999999289, 1.500000000000000000 ) ) ;
#3136 = CARTESIAN_POINT ( 'NONE',  ( 47.85035056033056122, 66.73785271226965676, 5.000000000000000000 ) ) ;
#3137 = LINE ( 'NONE', #789, #5053 ) ;
#3138 = VECTOR ( 'NONE', #1569, 1000.000000000000000 ) ;
#3139 = EDGE_CURVE ( 'NONE', #3720, #38, #2220, .T. ) ;
#3140 = ORIENTED_EDGE ( 'NONE', *, *, #3220, .F. ) ;
#3141 = B_SPLINE_SURFACE_WITH_KNOTS ( 'NONE', 3, 1, ( 
 ( #3089, #2988 ),
 ( #4616, #4564 ),
 ( #3451, #279 ),
 ( #1042, #659 ),
 ( #2211, #3801 ),
 ( #1828, #1086 ) ),
 .UNSPECIFIED., .F., .F., .F.,
 ( 4, 2, 4 ),
 ( 2, 2 ),
 ( 0.000000000000000000, 1.000000000000000000, 2.000000000000000000 ),
 ( 0.000000000000000000, 1.000000000000000000 ),
 .UNSPECIFIED. ) ;
#3142 = B_SPLINE_CURVE_WITH_KNOTS ( 'NONE', 3,
 ( #3518, #3098, #4676, #2687 ),
 .UNSPECIFIED., .F., .F.,
 ( 4, 4 ),
 ( 27.00000000000000000, 28.00000000000000000 ),
 .UNSPECIFIED. ) ;
#3143 = VECTOR ( 'NONE', #1813, 1000.000000000000000 ) ;
#3144 = LINE ( 'NONE', #3121, #2799 ) ;
#3145 = FACE_OUTER_BOUND ( 'NONE', #3682, .T. ) ;
#3146 = CARTESIAN_POINT ( 'NONE',  ( 7.499999999999987566, -6.071532165918824830E-15, -9.999999999999991118 ) ) ;
#3147 = CIRCLE ( 'NONE', #205, 1.000000000000000000 ) ;
#3148 = LINE ( 'NONE', #2008, #4755 ) ;
#3149 = CIRCLE ( 'NONE', #299, 7.499999999999944045 ) ;
#3150 = VERTEX_POINT ( 'NONE', #4871 ) ;
#3151 = VERTEX_POINT ( 'NONE', #4463 ) ;
#3152 = ORIENTED_EDGE ( 'NONE', *, *, #2666, .T. ) ;
#3153 = EDGE_CURVE ( 'NONE', #4628, #3769, #4932, .T. ) ;
#3154 = DIRECTION ( 'NONE',  ( -0.000000000000000000, -0.000000000000000000, 1.000000000000000000 ) ) ;
#3155 = LINE ( 'NONE', #1990, #3516 ) ;
#3156 = EDGE_CURVE ( 'NONE', #4307, #2736, #2054, .T. ) ;
#3157 = ORIENTED_EDGE ( 'NONE', *, *, #1118, .F. ) ;
#3158 = VERTEX_POINT ( 'NONE', #175 ) ;
#3159 = CARTESIAN_POINT ( 'NONE',  ( 28.05576097198110475, 72.73037325243288365, 4.599999999999999645 ) ) ;
#3160 = PLANE ( 'NONE',  #3080 ) ;
#3161 = CIRCLE ( 'NONE', #140, 2.000000000000005329 ) ;
#3162 = DIRECTION ( 'NONE',  ( 1.000000000000000000, 0.000000000000000000, 0.000000000000000000 ) ) ;
#3163 = DIRECTION ( 'NONE',  ( 1.000000000000000000, 0.000000000000000000, 0.000000000000000000 ) ) ;
#3164 = EDGE_CURVE ( 'NONE', #4222, #3158, #3647, .T. ) ;
#3165 = CARTESIAN_POINT ( 'NONE',  ( 47.98893882117888410, 53.22823707465383336, 5.000000000000000000 ) ) ;
#3166 = CARTESIAN_POINT ( 'NONE',  ( -0.1374238320307762662, 63.48754560515362755, 4.599999999999999645 ) ) ;
#3167 = FACE_OUTER_BOUND ( 'NONE', #1264, .T. ) ;
#3168 = ORIENTED_EDGE ( 'NONE', *, *, #4845, .T. ) ;
#3169 = CARTESIAN_POINT ( 'NONE',  ( 31.45523698125404621, 60.12377736324087607, 4.599999999999999645 ) ) ;
#3170 = DIRECTION ( 'NONE',  ( 1.000000000000000000, -0.000000000000000000, 0.000000000000000000 ) ) ;
#3171 = FACE_OUTER_BOUND ( 'NONE', #3463, .T. ) ;
#3172 = EDGE_LOOP ( 'NONE', ( #3891, #110, #1435, #4264 ) ) ;
#3173 = ORIENTED_EDGE ( 'NONE', *, *, #4490, .F. ) ;
#3174 = ORIENTED_EDGE ( 'NONE', *, *, #1966, .T. ) ;
#3175 = EDGE_CURVE ( 'NONE', #1326, #420, #3293, .T. ) ;
#3176 = DIRECTION ( 'NONE',  ( -1.000000000000000000, 0.000000000000000000, 0.000000000000000000 ) ) ;
#3177 = FACE_OUTER_BOUND ( 'NONE', #2253, .T. ) ;
#3178 = CARTESIAN_POINT ( 'NONE',  ( 17.47486356014925235, 52.58369472743159179, 4.599999999999999645 ) ) ;
#3179 = FACE_BOUND ( 'NONE', #1917, .T. ) ;
#3180 = ORIENTED_EDGE ( 'NONE', *, *, #1075, .T. ) ;
#3181 = ORIENTED_EDGE ( 'NONE', *, *, #1154, .F. ) ;
#3182 = EDGE_CURVE ( 'NONE', #914, #3576, #3324, .T. ) ;
#3183 = DIRECTION ( 'NONE',  ( 0.2842690850060091146, -0.9587445370430260905, 0.000000000000000000 ) ) ;
#3184 = DIRECTION ( 'NONE',  ( -0.9725882268247872942, 0.2325341717722711754, 0.000000000000000000 ) ) ;
#3185 = CARTESIAN_POINT ( 'NONE',  ( 58.60291684388124622, 51.57570027742514185, 4.599999999999999645 ) ) ;
#3186 = CARTESIAN_POINT ( 'NONE',  ( 52.50000000000000711, 114.9999999999999858, -15.00000000000000000 ) ) ;
#3187 = B_SPLINE_SURFACE_WITH_KNOTS ( 'NONE', 3, 1, ( 
 ( #830, #2377 ),
 ( #1665, #478 ),
 ( #3943, #426 ),
 ( #910, #1235 ) ),
 .UNSPECIFIED., .F., .F., .F.,
 ( 4, 4 ),
 ( 2, 2 ),
 ( 6.000000000000000000, 7.000000000000000000 ),
 ( 0.000000000000000000, 1.000000000000000000 ),
 .UNSPECIFIED. ) ;
#3188 = CIRCLE ( 'NONE', #4923, 2.000000000000001776 ) ;
#3189 = ORIENTED_EDGE ( 'NONE', *, *, #2140, .F. ) ;
#3190 = CARTESIAN_POINT ( 'NONE',  ( 31.16037302392805231, 49.68205551682147814, 4.599999999999999645 ) ) ;
#3191 = EDGE_CURVE ( 'NONE', #1479, #2761, #2092, .T. ) ;
#3192 = LINE ( 'NONE', #812, #2444 ) ;
#3193 = DIRECTION ( 'NONE',  ( 0.000000000000000000, 0.000000000000000000, -1.000000000000000000 ) ) ;
#3194 = VERTEX_POINT ( 'NONE', #991 ) ;
#3195 = DIRECTION ( 'NONE',  ( -0.000000000000000000, -0.000000000000000000, 1.000000000000000000 ) ) ;
#3196 = CARTESIAN_POINT ( 'NONE',  ( 31.44353972331855118, 65.52771775452278291, 5.000000000000000000 ) ) ;
#3197 = CARTESIAN_POINT ( 'NONE',  ( 0.1435955076937531771, 74.42339376299733544, 1.197963648748552767 ) ) ;
#3198 = ADVANCED_FACE ( 'NONE', ( #1345 ), #3698, .T. ) ;
#3199 = ORIENTED_EDGE ( 'NONE', *, *, #1138, .T. ) ;
#3200 = VERTEX_POINT ( 'NONE', #2525 ) ;
#3201 = ORIENTED_EDGE ( 'NONE', *, *, #783, .F. ) ;
#3202 = LINE ( 'NONE', #1251, #3066 ) ;
#3203 = CARTESIAN_POINT ( 'NONE',  ( 34.58037044103966906, 60.18697884857790115, 4.599999999999999645 ) ) ;
#3204 = CARTESIAN_POINT ( 'NONE',  ( 46.02826944961941535, 56.22933325006388117, 4.599999999999999645 ) ) ;
#3205 = FACE_OUTER_BOUND ( 'NONE', #1212, .T. ) ;
#3206 = EDGE_CURVE ( 'NONE', #4265, #2586, #582, .T. ) ;
#3207 = VERTEX_POINT ( 'NONE', #1752 ) ;
#3208 = EDGE_CURVE ( 'NONE', #932, #418, #4902, .T. ) ;
#3209 = VERTEX_POINT ( 'NONE', #2938 ) ;
#3210 = CARTESIAN_POINT ( 'NONE',  ( 7.499999999999989342, 4.999999999999993783, -12.50000000000000000 ) ) ;
#3211 = DIRECTION ( 'NONE',  ( -1.387778780781445676E-15, 0.000000000000000000, -1.000000000000000000 ) ) ;
#3212 = CARTESIAN_POINT ( 'NONE',  ( 22.50000000000000355, 112.5000000000000000, 0.000000000000000000 ) ) ;
#3213 = CARTESIAN_POINT ( 'NONE',  ( 29.83130851283739915, 50.95962397155131640, 4.599999999999999645 ) ) ;
#3214 = AXIS2_PLACEMENT_3D ( 'NONE', #2191, #1380, #2217 ) ;
#3215 = B_SPLINE_CURVE_WITH_KNOTS ( 'NONE', 3,
 ( #429, #452, #3589, #65 ),
 .UNSPECIFIED., .F., .F.,
 ( 4, 4 ),
 ( 19.00000000000000000, 20.00000000000000000 ),
 .UNSPECIFIED. ) ;
#3216 = ADVANCED_FACE ( 'NONE', ( #4127 ), #4105, .F. ) ;
#3217 = DIRECTION ( 'NONE',  ( -0.000000000000000000, -1.000000000000000000, -0.000000000000000000 ) ) ;
#3218 = FACE_OUTER_BOUND ( 'NONE', #1098, .T. ) ;
#3219 = PLANE ( 'NONE',  #4150 ) ;
#3220 = EDGE_CURVE ( 'NONE', #2543, #1581, #1876, .T. ) ;
#3221 = CARTESIAN_POINT ( 'NONE',  ( 7.499999999999989342, 4.999999999999993783, -12.50000000000000000 ) ) ;
#3222 = CARTESIAN_POINT ( 'NONE',  ( 55.44276670398557627, 16.43885722650673742, 4.599999999999999645 ) ) ;
#3223 = ORIENTED_EDGE ( 'NONE', *, *, #4598, .T. ) ;
#3224 = ORIENTED_EDGE ( 'NONE', *, *, #4655, .T. ) ;
#3225 = ORIENTED_EDGE ( 'NONE', *, *, #2666, .F. ) ;
#3226 = VECTOR ( 'NONE', #470, 1000.000000000000000 ) ;
#3227 = DIRECTION ( 'NONE',  ( -0.000000000000000000, -0.000000000000000000, -1.000000000000000000 ) ) ;
#3228 = B_SPLINE_SURFACE_WITH_KNOTS ( 'NONE', 3, 1, ( 
 ( #2724, #3947 ),
 ( #4305, #788 ),
 ( #2308, #3900 ),
 ( #1624, #2336 ) ),
 .UNSPECIFIED., .F., .F., .F.,
 ( 4, 4 ),
 ( 2, 2 ),
 ( 0.000000000000000000, 1.000000000000000000 ),
 ( 0.000000000000000000, 1.000000000000000000 ),
 .UNSPECIFIED. ) ;
#3229 = CARTESIAN_POINT ( 'NONE',  ( 35.00763628465025334, 51.82798241853258503, 4.599999999999999645 ) ) ;
#3230 = EDGE_CURVE ( 'NONE', #2169, #3094, #1970, .T. ) ;
#3231 = CARTESIAN_POINT ( 'NONE',  ( 7.499999999999989342, 4.999999999999993783, -10.00000000000000000 ) ) ;
#3232 = LINE ( 'NONE', #2097, #2333 ) ;
#3233 = VECTOR ( 'NONE', #4230, 1000.000000000000000 ) ;
#3234 = ORIENTED_EDGE ( 'NONE', *, *, #2711, .F. ) ;
#3235 = ORIENTED_EDGE ( 'NONE', *, *, #276, .F. ) ;
#3236 = CARTESIAN_POINT ( 'NONE',  ( 47.50000000000062528, 117.5000000000000000, -5.000000000000004441 ) ) ;
#3237 = PLANE ( 'NONE',  #2330 ) ;
#3238 = CARTESIAN_POINT ( 'NONE',  ( -8.933467110627823615, 45.41887459687293216, 4.599999999999999645 ) ) ;
#3239 = LINE ( 'NONE', #1669, #1093 ) ;
#3240 = EDGE_LOOP ( 'NONE', ( #2589, #344, #2767, #6 ) ) ;
#3241 = VECTOR ( 'NONE', #1826, 1000.000000000000000 ) ;
#3242 = AXIS2_PLACEMENT_3D ( 'NONE', #2303, #3162, #33 ) ;
#3243 = VECTOR ( 'NONE', #1642, 1000.000000000000000 ) ;
#3244 = CYLINDRICAL_SURFACE ( 'NONE', #4899, 1.500000000000000000 ) ;
#3245 = LINE ( 'NONE', #1751, #4424 ) ;
#3246 = CARTESIAN_POINT ( 'NONE',  ( 17.93053125479569232, 74.99553061957149680, 4.599999999999999645 ) ) ;
#3247 = CARTESIAN_POINT ( 'NONE',  ( 0.000000000000000000, 120.0000000000000000, 5.000000000000000000 ) ) ;
#3248 = AXIS2_PLACEMENT_3D ( 'NONE', #4229, #2186, #354 ) ;
#3249 = CARTESIAN_POINT ( 'NONE',  ( 52.50000000000000711, 114.9999999999999858, 0.000000000000000000 ) ) ;
#3250 = CARTESIAN_POINT ( 'NONE',  ( 11.45000000000000107, 17.99999999999998934, 3.399999999999999911 ) ) ;
#3251 = LINE ( 'NONE', #4828, #3352 ) ;
#3252 = ORIENTED_EDGE ( 'NONE', *, *, #2069, .T. ) ;
#3253 = ORIENTED_EDGE ( 'NONE', *, *, #243, .F. ) ;
#3254 = VERTEX_POINT ( 'NONE', #1062 ) ;
#3255 = VECTOR ( 'NONE', #1821, 1000.000000000000000 ) ;
#3256 = CARTESIAN_POINT ( 'NONE',  ( 41.19160789426834413, 63.02673180877590653, 4.599999999999999645 ) ) ;
#3257 = CARTESIAN_POINT ( 'NONE',  ( 41.48631741186515143, 24.64435482244645925, 4.599999999999999645 ) ) ;
#3258 = CARTESIAN_POINT ( 'NONE',  ( 37.79313599863449724, -0.2453156435208566355, 5.000000000000000000 ) ) ;
#3259 = DIRECTION ( 'NONE',  ( -1.000000000000000000, 0.000000000000000000, 0.000000000000000000 ) ) ;
#3260 = VERTEX_POINT ( 'NONE', #3450 ) ;
#3261 = ORIENTED_EDGE ( 'NONE', *, *, #282, .F. ) ;
#3262 = CARTESIAN_POINT ( 'NONE',  ( 23.96329594661243689, 60.01231934864183160, 4.599999999999999645 ) ) ;
#3263 = DIRECTION ( 'NONE',  ( 0.000000000000000000, 0.000000000000000000, -1.000000000000000000 ) ) ;
#3264 = LINE ( 'NONE', #886, #1438 ) ;
#3265 = EDGE_LOOP ( 'NONE', ( #2968, #5023 ) ) ;
#3266 = CARTESIAN_POINT ( 'NONE',  ( 52.50000000000000711, -0.001000000000001000089, -10.00000000000000711 ) ) ;
#3267 = CARTESIAN_POINT ( 'NONE',  ( 37.50000000000000000, 26.24999999999999289, 0.000000000000000000 ) ) ;
#3268 = CARTESIAN_POINT ( 'NONE',  ( 1.500000000000000888, 73.50000000000000000, 0.5000000000000000000 ) ) ;
#3269 = CARTESIAN_POINT ( 'NONE',  ( 51.17218398280328273, 67.18596718839175708, 5.000000000000000000 ) ) ;
#3270 = EDGE_CURVE ( 'NONE', #844, #1638, #3836, .T. ) ;
#3271 = EDGE_CURVE ( 'NONE', #3785, #2467, #4814, .T. ) ;
#3272 = CIRCLE ( 'NONE', #1874, 2.000000000000001776 ) ;
#3273 = FACE_OUTER_BOUND ( 'NONE', #1498, .T. ) ;
#3274 = LINE ( 'NONE', #3756, #4058 ) ;
#3275 = CARTESIAN_POINT ( 'NONE',  ( 61.25000000000000711, 114.9999999999999858, -15.00000000000000000 ) ) ;
#3276 = ORIENTED_EDGE ( 'NONE', *, *, #4439, .T. ) ;
#3277 = ORIENTED_EDGE ( 'NONE', *, *, #627, .T. ) ;
#3278 = VECTOR ( 'NONE', #4924, 1000.000000000000000 ) ;
#3279 = ORIENTED_EDGE ( 'NONE', *, *, #2473, .T. ) ;
#3280 = CARTESIAN_POINT ( 'NONE',  ( -0.1295671220299760007, 59.85787506458685669, 4.599999999999999645 ) ) ;
#3281 = CARTESIAN_POINT ( 'NONE',  ( 9.449999999999986855, 17.99999999999998934, 3.399999999999999911 ) ) ;
#3282 = DIRECTION ( 'NONE',  ( -0.5068659995676726426, -0.8620248595500387134, 0.000000000000000000 ) ) ;
#3283 = PLANE ( 'NONE',  #4567 ) ;
#3284 = EDGE_LOOP ( 'NONE', ( #1404, #2319, #2177, #2530 ) ) ;
#3285 = ORIENTED_EDGE ( 'NONE', *, *, #640, .F. ) ;
#3286 = PLANE ( 'NONE',  #4714 ) ;
#3287 = CARTESIAN_POINT ( 'NONE',  ( 45.90133713412228644, 56.20436685281529066, 4.599999999999999645 ) ) ;
#3288 = CARTESIAN_POINT ( 'NONE',  ( 34.58037044103966906, 60.18697884857790115, 4.599999999999999645 ) ) ;
#3289 = ORIENTED_EDGE ( 'NONE', *, *, #3665, .F. ) ;
#3290 = ORIENTED_EDGE ( 'NONE', *, *, #993, .F. ) ;
#3291 = CARTESIAN_POINT ( 'NONE',  ( 41.61370355988124459, 63.57791923454993110, 4.599999999999999645 ) ) ;
#3292 = LINE ( 'NONE', #2160, #1384 ) ;
#3293 = LINE ( 'NONE', #1398, #4322 ) ;
#3294 = CARTESIAN_POINT ( 'NONE',  ( 50.85420801291714099, 67.42161425081793880, 4.599999999999999645 ) ) ;
#3295 = CARTESIAN_POINT ( 'NONE',  ( 74.73490832185889587, 74.98741665692898550, 0.2650916781400244893 ) ) ;
#3296 = EDGE_CURVE ( 'NONE', #3721, #3309, #1897, .T. ) ;
#3297 = CARTESIAN_POINT ( 'NONE',  ( 26.17347629967591871, 69.52399929548073487, 4.599999999999999645 ) ) ;
#3298 = DIRECTION ( 'NONE',  ( -1.000000000000000000, 0.000000000000000000, 0.000000000000000000 ) ) ;
#3299 = EDGE_CURVE ( 'NONE', #1867, #1587, #4202, .T. ) ;
#3300 = VERTEX_POINT ( 'NONE', #1492 ) ;
#3301 = ORIENTED_EDGE ( 'NONE', *, *, #2734, .F. ) ;
#3302 = ORIENTED_EDGE ( 'NONE', *, *, #1670, .F. ) ;
#3303 = EDGE_CURVE ( 'NONE', #1441, #367, #2572, .T. ) ;
#3304 = DIRECTION ( 'NONE',  ( 0.000000000000000000, 0.000000000000000000, 1.000000000000000000 ) ) ;
#3305 = CARTESIAN_POINT ( 'NONE',  ( -2.417770844642675282E-15, 46.49999999999999289, 1.500000000000000000 ) ) ;
#3306 = CARTESIAN_POINT ( 'NONE',  ( 61.25000000000001421, 116.2499999999999858, -15.00000000000000000 ) ) ;
#3307 = DIRECTION ( 'NONE',  ( 2.602085213965210642E-16, 0.000000000000000000, 1.000000000000000000 ) ) ;
#3308 = AXIS2_PLACEMENT_3D ( 'NONE', #39, #3217, #381 ) ;
#3309 = VERTEX_POINT ( 'NONE', #1112 ) ;
#3310 = EDGE_LOOP ( 'NONE', ( #2974, #2506, #1339, #4109 ) ) ;
#3311 = EDGE_CURVE ( 'NONE', #4472, #4583, #734, .T. ) ;
#3312 = DIRECTION ( 'NONE',  ( 0.3071847037978341910, 0.9516499134411965377, 0.000000000000000000 ) ) ;
#3313 = EDGE_CURVE ( 'NONE', #138, #295, #3372, .T. ) ;
#3314 = DIRECTION ( 'NONE',  ( 0.000000000000000000, 0.000000000000000000, 1.000000000000000000 ) ) ;
#3315 = CARTESIAN_POINT ( 'NONE',  ( 22.08057022590531560, 61.22519618111125084, 4.599999999999999645 ) ) ;
#3316 = AXIS2_PLACEMENT_3D ( 'NONE', #4506, #4481, #2064 ) ;
#3317 = AXIS2_PLACEMENT_3D ( 'NONE', #3236, #1288, #2854 ) ;
#3318 = B_SPLINE_SURFACE_WITH_KNOTS ( 'NONE', 3, 1, ( 
 ( #4537, #2184 ),
 ( #3776, #580 ),
 ( #2522, #4176 ),
 ( #655, #2208 ) ),
 .UNSPECIFIED., .F., .F., .F.,
 ( 4, 4 ),
 ( 2, 2 ),
 ( 41.00000000000000000, 42.00000000000000000 ),
 ( 0.000000000000000000, 1.000000000000000000 ),
 .UNSPECIFIED. ) ;
#3319 = ORIENTED_EDGE ( 'NONE', *, *, #3822, .T. ) ;
#3320 = ORIENTED_EDGE ( 'NONE', *, *, #3709, .F. ) ;
#3321 =( BOUNDED_CURVE ( )  B_SPLINE_CURVE ( 3, ( #3794, #3445, #4919, #2669 ),
 .UNSPECIFIED., .F., .F. ) 
 B_SPLINE_CURVE_WITH_KNOTS ( ( 4, 4 ),
 ( 4.712388980384689674, 6.283185307179586232 ),
 .UNSPECIFIED. ) 
 CURVE ( )  GEOMETRIC_REPRESENTATION_ITEM ( )  RATIONAL_B_SPLINE_CURVE ( ( 1.000000000000000000, 0.8047378541243649375, 0.8047378541243649375, 1.000000000000000000 ) ) 
 REPRESENTATION_ITEM ( '' )  );
#3322 = LINE ( 'NONE', #328, #1835 ) ;
#3323 = DIRECTION ( 'NONE',  ( 1.000000000000000000, 0.000000000000000000, 0.000000000000000000 ) ) ;
#3324 = LINE ( 'NONE', #2107, #2749 ) ;
#3325 = CARTESIAN_POINT ( 'NONE',  ( 1.394230665565162619, 74.11837504407677102, 1.394230665565161731 ) ) ;
#3326 = CARTESIAN_POINT ( 'NONE',  ( 74.56608420974995965, 74.25172605281045435, 1.301747370749794408 ) ) ;
#3327 = SHAPE_DEFINITION_REPRESENTATION ( #2118, #4367 ) ;
#3328 = DIRECTION ( 'NONE',  ( 0.000000000000000000, 0.000000000000000000, 1.000000000000000000 ) ) ;
#3329 = VECTOR ( 'NONE', #1337, 1000.000000000000000 ) ;
#3330 = ORIENTED_EDGE ( 'NONE', *, *, #1239, .F. ) ;
#3331 = ORIENTED_EDGE ( 'NONE', *, *, #2519, .F. ) ;
#3332 = FILL_AREA_STYLE ('',( #2533 ) ) ;
#3333 = CARTESIAN_POINT ( 'NONE',  ( 14.03395320428463044, 59.88853312862018896, 4.599999999999999645 ) ) ;
#3334 = CARTESIAN_POINT ( 'NONE',  ( 36.14294705659228413, 60.21152601110345159, 4.599999999999999645 ) ) ;
#3335 = CIRCLE ( 'NONE', #3921, 1.899999999999999023 ) ;
#3336 = ORIENTED_EDGE ( 'NONE', *, *, #4096, .T. ) ;
#3337 = EDGE_CURVE ( 'NONE', #3486, #4678, #4251, .T. ) ;
#3338 = VERTEX_POINT ( 'NONE', #3426 ) ;
#3339 = ORIENTED_EDGE ( 'NONE', *, *, #4490, .T. ) ;
#3340 = CARTESIAN_POINT ( 'NONE',  ( 39.39999999999999858, 91.55000000000001137, 3.399999999999999911 ) ) ;
#3341 = CARTESIAN_POINT ( 'NONE',  ( 51.27523411172361278, 66.83697843894681512, 4.599999999999999645 ) ) ;
#3342 = LINE ( 'NONE', #4218, #1452 ) ;
#3343 = ORIENTED_EDGE ( 'NONE', *, *, #4349, .T. ) ;
#3344 = EDGE_CURVE ( 'NONE', #2718, #785, #91, .T. ) ;
#3345 = FACE_OUTER_BOUND ( 'NONE', #2248, .T. ) ;
#3346 = DIRECTION ( 'NONE',  ( 0.000000000000000000, 0.000000000000000000, 1.000000000000000000 ) ) ;
#3347 = CARTESIAN_POINT ( 'NONE',  ( 33.03116546166571510, 53.98246957253758183, 5.000000000000000000 ) ) ;
#3348 = DIRECTION ( 'NONE',  ( 0.000000000000000000, 1.000000000000000000, 0.000000000000000000 ) ) ;
#3349 = CARTESIAN_POINT ( 'NONE',  ( 73.54797501467062659, 73.88892379092469298, 0.4840083284431022093 ) ) ;
#3350 = ADVANCED_FACE ( 'NONE', ( #1470 ), #3847, .F. ) ;
#3351 = CARTESIAN_POINT ( 'NONE',  ( 0.000000000000000000, 46.49999999999999289, 0.000000000000000000 ) ) ;
#3352 = VECTOR ( 'NONE', #562, 1000.000000000000000 ) ;
#3353 = ORIENTED_EDGE ( 'NONE', *, *, #640, .T. ) ;
#3354 = VERTEX_POINT ( 'NONE', #1804 ) ;
#3355 = CARTESIAN_POINT ( 'NONE',  ( 62.49999999999999289, 4.999999999999993783, -9.999999999999998224 ) ) ;
#3356 = EDGE_CURVE ( 'NONE', #626, #4323, #5057, .T. ) ;
#3357 = DIRECTION ( 'NONE',  ( -0.002164574307898562821, 0.9999976573062887564, 0.000000000000000000 ) ) ;
#3358 = CARTESIAN_POINT ( 'NONE',  ( 13.74999999999999112, 114.9999999999999858, -15.00000000000000000 ) ) ;
#3359 = CARTESIAN_POINT ( 'NONE',  ( 14.04654379219795857, 54.07188900997300607, 5.000000000000000000 ) ) ;
#3360 = ORIENTED_EDGE ( 'NONE', *, *, #1392, .T. ) ;
#3361 = VERTEX_POINT ( 'NONE', #4540 ) ;
#3362 = ORIENTED_EDGE ( 'NONE', *, *, #1362, .T. ) ;
#3363 = DIRECTION ( 'NONE',  ( -1.000000000000000000, 4.625929269271485914E-16, 2.602085213965210642E-16 ) ) ;
#3364 = CARTESIAN_POINT ( 'NONE',  ( 9.449999999999986855, 17.99999999999998934, 0.000000000000000000 ) ) ;
#3365 = EDGE_CURVE ( 'NONE', #4265, #3961, #4949, .T. ) ;
#3366 = LINE ( 'NONE', #2567, #2804 ) ;
#3367 = ADVANCED_FACE ( 'NONE', ( #2987 ), #1516, .F. ) ;
#3368 = VECTOR ( 'NONE', #3686, 1000.000000000000000 ) ;
#3369 = ORIENTED_EDGE ( 'NONE', *, *, #4896, .F. ) ;
#3370 = CARTESIAN_POINT ( 'NONE',  ( 7.499999999999989342, -6.071532165918824830E-15, 2.168404344971008868E-14 ) ) ;
#3371 = CARTESIAN_POINT ( 'NONE',  ( 72.50000000000000000, 4.999999999999993783, -12.50000000000000000 ) ) ;
#3372 = LINE ( 'NONE', #3778, #3414 ) ;
#3373 = CARTESIAN_POINT ( 'NONE',  ( 1.499999994035268402, 73.66387239871134796, 1.499999994035267292 ) ) ;
#3374 = CARTESIAN_POINT ( 'NONE',  ( 73.50000000596422467, 73.66387239871127690, 1.499999994035239093 ) ) ;
#3375 = CARTESIAN_POINT ( 'NONE',  ( 37.87316993195197767, 69.15721150665848427, 5.000000000000000000 ) ) ;
#3376 = ADVANCED_FACE ( 'NONE', ( #4975 ), #1445, .T. ) ;
#3377 = CARTESIAN_POINT ( 'NONE',  ( 19.99999999999996803, 120.0000000000000142, -9.999999999999385381 ) ) ;
#3378 =( BOUNDED_CURVE ( )  B_SPLINE_CURVE ( 3, ( #5080, #1998, #1622, #3966 ),
 .UNSPECIFIED., .F., .T. ) 
 B_SPLINE_CURVE_WITH_KNOTS ( ( 4, 4 ),
 ( 0.000000000000000000, 1.570796326794896558 ),
 .UNSPECIFIED. ) 
 CURVE ( )  GEOMETRIC_REPRESENTATION_ITEM ( )  RATIONAL_B_SPLINE_CURVE ( ( 1.000000000000000000, 0.8047378541243649375, 0.8047378541243649375, 1.000000000000000000 ) ) 
 REPRESENTATION_ITEM ( '' )  );
#3379 = VERTEX_POINT ( 'NONE', #3987 ) ;
#3380 = VERTEX_POINT ( 'NONE', #1309 ) ;
#3381 = DIRECTION ( 'NONE',  ( -0.9999976573062887564, -0.002164574307904652568, 0.000000000000000000 ) ) ;
#3382 = DIRECTION ( 'NONE',  ( -0.9999976573062886454, -0.002164574307960163285, 0.000000000000000000 ) ) ;
#3383 = LINE ( 'NONE', #3788, #1036 ) ;
#3384 = ORIENTED_EDGE ( 'NONE', *, *, #3700, .T. ) ;
#3385 = VERTEX_POINT ( 'NONE', #2791 ) ;
#3386 = ORIENTED_EDGE ( 'NONE', *, *, #1724, .F. ) ;
#3387 = EDGE_LOOP ( 'NONE', ( #4019, #1361, #3652, #2050, #1549, #4691, #2737, #1005 ) ) ;
#3388 = EDGE_CURVE ( 'NONE', #3817, #3769, #628, .T. ) ;
#3389 = LINE ( 'NONE', #2297, #2907 ) ;
#3390 = CARTESIAN_POINT ( 'NONE',  ( 1.500000000000000888, 73.50000000000000000, 0.000000000000000000 ) ) ;
#3391 = DIRECTION ( 'NONE',  ( -0.000000000000000000, -0.000000000000000000, -1.000000000000000000 ) ) ;
#3392 = AXIS2_PLACEMENT_3D ( 'NONE', #4787, #2721, #2772 ) ;
#3393 = EDGE_LOOP ( 'NONE', ( #3653, #602, #3446, #2663 ) ) ;
#3394 = CARTESIAN_POINT ( 'NONE',  ( 45.34840069594080347, 52.54526264242620215, 4.599999999999999645 ) ) ;
#3395 = VECTOR ( 'NONE', #1137, 1000.000000000000000 ) ;
#3396 = VECTOR ( 'NONE', #2611, 1000.000000000000000 ) ;
#3397 = DIRECTION ( 'NONE',  ( -0.000000000000000000, -0.000000000000000000, 1.000000000000000000 ) ) ;
#3398 = DIRECTION ( 'NONE',  ( -0.5068653939128120456, -0.8620252156715659808, 0.000000000000000000 ) ) ;
#3399 = LINE ( 'NONE', #2649, #3233 ) ;
#3400 = FACE_OUTER_BOUND ( 'NONE', #3029, .T. ) ;
#3401 = B_SPLINE_CURVE_WITH_KNOTS ( 'NONE', 3,
 ( #248, #1775, #222, #1797, #676, #2954 ),
 .UNSPECIFIED., .F., .F.,
 ( 4, 2, 4 ),
 ( 2.000000000000000000, 3.000000000000000000, 4.000000000000000000 ),
 .UNSPECIFIED. ) ;
#3402 = CARTESIAN_POINT ( 'NONE',  ( 58.60291684388123912, 51.57570027742514185, 5.000000000000000000 ) ) ;
#3403 = CARTESIAN_POINT ( 'NONE',  ( 0.1308856618477886036, 45.00000000828688940, 0.1308856618477909073 ) ) ;
#3404 = B_SPLINE_CURVE_WITH_KNOTS ( 'NONE', 3,
 ( #5055, #3846, #1469, #4639 ),
 .UNSPECIFIED., .F., .F.,
 ( 4, 4 ),
 ( 33.00000000000000000, 34.00000000000000000 ),
 .UNSPECIFIED. ) ;
#3405 = VERTEX_POINT ( 'NONE', #3687 ) ;
#3406 = AXIS2_PLACEMENT_3D ( 'NONE', #4709, #781, #2746 ) ;
#3407 = ORIENTED_EDGE ( 'NONE', *, *, #4191, .T. ) ;
#3408 = B_SPLINE_CURVE_WITH_KNOTS ( 'NONE', 3,
 ( #3808, #744, #2219, #670 ),
 .UNSPECIFIED., .F., .F.,
 ( 4, 4 ),
 ( 43.00000000000000000, 44.00000000000000000 ),
 .UNSPECIFIED. ) ;
#3409 = AXIS2_PLACEMENT_3D ( 'NONE', #1840, #1458, #2246 ) ;
#3410 = CARTESIAN_POINT ( 'NONE',  ( 59.15031960174529502, 69.19974004816646129, 4.599999999999999645 ) ) ;
#3411 = CARTESIAN_POINT ( 'NONE',  ( 35.87667499726751430, 69.15288993489288316, 4.599999999999999645 ) ) ;
#3412 = DIRECTION ( 'NONE',  ( 0.000000000000000000, 1.000000000000000000, 0.000000000000000000 ) ) ;
#3413 = ORIENTED_EDGE ( 'NONE', *, *, #4476, .F. ) ;
#3414 = VECTOR ( 'NONE', #4178, 1000.000000000000000 ) ;
#3415 = ORIENTED_EDGE ( 'NONE', *, *, #730, .F. ) ;
#3416 = ORIENTED_EDGE ( 'NONE', *, *, #3544, .T. ) ;
#3417 = DIRECTION ( 'NONE',  ( -0.000000000000000000, 0.000000000000000000, -1.000000000000000000 ) ) ;
#3418 = EDGE_CURVE ( 'NONE', #3860, #3603, #3659, .T. ) ;
#3419 = PLANE ( 'NONE',  #150 ) ;
#3420 = CARTESIAN_POINT ( 'NONE',  ( 22.08331893061677320, 59.95533990403678359, 5.000000000000000000 ) ) ;
#3421 = ORIENTED_EDGE ( 'NONE', *, *, #3980, .T. ) ;
#3422 = ORIENTED_EDGE ( 'NONE', *, *, #3182, .T. ) ;
#3423 = CARTESIAN_POINT ( 'NONE',  ( 16.97589199274863958, 59.84551655870923526, 5.000000000000000000 ) ) ;
#3424 = DIRECTION ( 'NONE',  ( 0.4450203073841546564, 0.8955204777199191613, 0.000000000000000000 ) ) ;
#3425 = EDGE_CURVE ( 'NONE', #1340, #4270, #2175, .T. ) ;
#3426 = CARTESIAN_POINT ( 'NONE',  ( 34.58037044103966906, 60.18697884857790115, 5.000000000000000000 ) ) ;
#3427 = DIRECTION ( 'NONE',  ( -0.002164574307906533875, 0.9999976573062887564, 0.000000000000000000 ) ) ;
#3428 = CARTESIAN_POINT ( 'NONE',  ( 73.50000000000000000, 73.50000000000000000, 1.500000000000000000 ) ) ;
#3429 = CARTESIAN_POINT ( 'NONE',  ( 17.93053125479569232, 74.99553061957149680, 4.599999999999999645 ) ) ;
#3430 = CARTESIAN_POINT ( 'NONE',  ( 0.5373072040762937318, 45.07125415900011944, 0.5373072040762690849 ) ) ;
#3431 = ADVANCED_FACE ( 'NONE', ( #3205 ), #1038, .T. ) ;
#3432 = EDGE_CURVE ( 'NONE', #846, #3961, #3633, .T. ) ;
#3433 = ORIENTED_EDGE ( 'NONE', *, *, #337, .T. ) ;
#3434 = ORIENTED_EDGE ( 'NONE', *, *, #219, .F. ) ;
#3435 = DIRECTION ( 'NONE',  ( -0.9999976573062886454, -0.002164574307960163285, 0.000000000000000000 ) ) ;
#3436 = ADVANCED_FACE ( 'NONE', ( #4012 ), #498, .F. ) ;
#3437 = LINE ( 'NONE', #5014, #4824 ) ;
#3438 = B_SPLINE_CURVE_WITH_KNOTS ( 'NONE', 3,
 ( #1048, #1788, #316, #1070 ),
 .UNSPECIFIED., .F., .F.,
 ( 4, 4 ),
 ( 2.000000000000000000, 3.000000000000000000 ),
 .UNSPECIFIED. ) ;
#3439 = VERTEX_POINT ( 'NONE', #2851 ) ;
#3440 = VERTEX_POINT ( 'NONE', #4421 ) ;
#3441 = ORIENTED_EDGE ( 'NONE', *, *, #4896, .T. ) ;
#3442 = CIRCLE ( 'NONE', #3941, 5.000000000000000888 ) ;
#3443 = DIRECTION ( 'NONE',  ( -0.000000000000000000, -0.000000000000000000, 1.000000000000000000 ) ) ;
#3444 = DIRECTION ( 'NONE',  ( 1.000000000000000000, 0.000000000000000000, 0.000000000000000000 ) ) ;
#3445 = CARTESIAN_POINT ( 'NONE',  ( 74.12132034355964549, 75.00000000000000000, 0.2928932188134522052 ) ) ;
#3446 = ORIENTED_EDGE ( 'NONE', *, *, #1825, .F. ) ;
#3447 = ORIENTED_EDGE ( 'NONE', *, *, #2382, .F. ) ;
#3448 = CARTESIAN_POINT ( 'NONE',  ( 63.54999999999999716, 17.99999999999998934, 3.399999999999999911 ) ) ;
#3449 = LINE ( 'NONE', #1444, #2327 ) ;
#3450 = CARTESIAN_POINT ( 'NONE',  ( 73.50000000000000000, 73.50000000000000000, 0.5000000000000000000 ) ) ;
#3451 = CARTESIAN_POINT ( 'NONE',  ( 15.43487065834723104, 69.41552549916616499, 4.599999999999999645 ) ) ;
#3452 = ADVANCED_FACE ( 'NONE', ( #906, #2041 ), #108, .T. ) ;
#3453 = CYLINDRICAL_SURFACE ( 'NONE', #4470, 2.500000000000003997 ) ;
#3454 = CARTESIAN_POINT ( 'NONE',  ( 1.336082918170696798, 45.75207113318903396, 1.336082918170695910 ) ) ;
#3455 = CARTESIAN_POINT ( 'NONE',  ( 35.09940047173320465, 68.10004456002852180, 5.000000000000000000 ) ) ;
#3456 = VERTEX_POINT ( 'NONE', #1690 ) ;
#3457 = DIRECTION ( 'NONE',  ( 0.006490873785237705890, 0.9999789340568651097, 0.000000000000000000 ) ) ;
#3458 = EDGE_CURVE ( 'NONE', #4360, #556, #3232, .T. ) ;
#3459 = LINE ( 'NONE', #641, #939 ) ;
#3460 = DIRECTION ( 'NONE',  ( 0.000000000000000000, -1.000000000000000000, 0.000000000000000000 ) ) ;
#3461 = AXIS2_PLACEMENT_3D ( 'NONE', #4648, #412, #362 ) ;
#3462 = ORIENTED_EDGE ( 'NONE', *, *, #3553, .T. ) ;
#3463 = EDGE_LOOP ( 'NONE', ( #3550, #3519, #59, #242, #2375, #1711 ) ) ;
#3464 = PRODUCT_DEFINITION ( 'UNKNOWN', '', #4300, #4405 ) ;
#3465 = ORIENTED_EDGE ( 'NONE', *, *, #4031, .F. ) ;
#3466 = CARTESIAN_POINT ( 'NONE',  ( -3.980102097228902570E-15, 44.99999999999999289, 0.000000000000000000 ) ) ;
#3467 = PLANE ( 'NONE',  #2067 ) ;
#3468 = DIRECTION ( 'NONE',  ( 0.000000000000000000, 1.000000000000000000, 0.000000000000000000 ) ) ;
#3469 = AXIS2_PLACEMENT_3D ( 'NONE', #3815, #272, #1485 ) ;
#3470 = ORIENTED_EDGE ( 'NONE', *, *, #4328, .T. ) ;
#3471 = ADVANCED_FACE ( 'NONE', ( #523, #3179 ), #2876, .F. ) ;
#3472 = EDGE_CURVE ( 'NONE', #705, #3955, #930, .T. ) ;
#3473 = DIRECTION ( 'NONE',  ( 0.7071067811865422437, 0.000000000000000000, 0.7071067811865529018 ) ) ;
#3474 = CARTESIAN_POINT ( 'NONE',  ( 26.16751767727940958, 50.41905633430118883, 5.000000000000000000 ) ) ;
#3475 = CARTESIAN_POINT ( 'NONE',  ( 54.64768155626245516, 56.93935805308352371, 4.599999999999999645 ) ) ;
#3476 = B_SPLINE_SURFACE_WITH_KNOTS ( 'NONE', 3, 1, ( 
 ( #912, #554 ),
 ( #1367, #3719 ),
 ( #2932, #2465 ),
 ( #528, #504 ) ),
 .UNSPECIFIED., .F., .F., .F.,
 ( 4, 4 ),
 ( 2, 2 ),
 ( 16.00000000000000000, 17.00000000000000000 ),
 ( 0.000000000000000000, 1.000000000000000000 ),
 .UNSPECIFIED. ) ;
#3477 = CARTESIAN_POINT ( 'NONE',  ( 49.81101981722417804, 63.73675655674161789, 4.599999999999999645 ) ) ;
#3478 = AXIS2_PLACEMENT_3D ( 'NONE', #155, #2474, #1707 ) ;
#3479 = VECTOR ( 'NONE', #1406, 1000.000000000000000 ) ;
#3480 = ORIENTED_EDGE ( 'NONE', *, *, #4580, .T. ) ;
#3481 = LINE ( 'NONE', #4181, #120 ) ;
#3482 = PLANE ( 'NONE',  #1795 ) ;
#3483 = CARTESIAN_POINT ( 'NONE',  ( 22.08331893061677320, 59.95533990403678359, 5.000000000000000000 ) ) ;
#3484 = VECTOR ( 'NONE', #3632, 1000.000000000000000 ) ;
#3485 = VECTOR ( 'NONE', #3363, 1000.000000000000000 ) ;
#3486 = VERTEX_POINT ( 'NONE', #473 ) ;
#3487 = CARTESIAN_POINT ( 'NONE',  ( 37.50000000000000000, 91.55000000000001137, 3.399999999999999911 ) ) ;
#3488 = CARTESIAN_POINT ( 'NONE',  ( 73.86991981316477052, 45.50875984327559109, 0.3766933956117318738 ) ) ;
#3489 = LINE ( 'NONE', #1528, #1343 ) ;
#3490 = CARTESIAN_POINT ( 'NONE',  ( 63.55000000000001137, 102.0999999999999943, 0.000000000000000000 ) ) ;
#3491 = ORIENTED_EDGE ( 'NONE', *, *, #3887, .T. ) ;
#3492 = VECTOR ( 'NONE', #2380, 1000.000000000000000 ) ;
#3493 = ORIENTED_EDGE ( 'NONE', *, *, #3508, .F. ) ;
#3494 = ORIENTED_EDGE ( 'NONE', *, *, #2759, .F. ) ;
#3495 = AXIS2_PLACEMENT_3D ( 'NONE', #2881, #450, #4457 ) ;
#3496 = DIRECTION ( 'NONE',  ( 1.000000000000000000, 0.000000000000000000, 0.000000000000000000 ) ) ;
#3497 = CARTESIAN_POINT ( 'NONE',  ( 47.50000000000000000, 112.4999999999999858, -10.00000000000000533 ) ) ;
#3498 = LINE ( 'NONE', #777, #4442 ) ;
#3499 = ORIENTED_EDGE ( 'NONE', *, *, #2843, .F. ) ;
#3500 = EDGE_CURVE ( 'NONE', #266, #1031, #4366, .T. ) ;
#3501 = VECTOR ( 'NONE', #1827, 1000.000000000000000 ) ;
#3502 = ADVANCED_FACE ( 'NONE', ( #2017 ), #4779, .T. ) ;
#3503 = ORIENTED_EDGE ( 'NONE', *, *, #3849, .F. ) ;
#3504 = LINE ( 'NONE', #5024, #614 ) ;
#3505 = DIRECTION ( 'NONE',  ( 0.000000000000000000, -0.7071067811865474617, 0.7071067811865476838 ) ) ;
#3506 = CARTESIAN_POINT ( 'NONE',  ( 0.4999999999999976130, 46.49999999999999289, 1.500000000000000000 ) ) ;
#3507 = LINE ( 'NONE', #4690, #3138 ) ;
#3508 = EDGE_CURVE ( 'NONE', #4554, #2247, #1136, .T. ) ;
#3509 = DIRECTION ( 'NONE',  ( -0.7071067811865456854, 0.7071067811865494601, 1.962615573355786620E-15 ) ) ;
#3510 = CYLINDRICAL_SURFACE ( 'NONE', #169, 2.000000000000001776 ) ;
#3511 = DIRECTION ( 'NONE',  ( -0.000000000000000000, -0.000000000000000000, 1.000000000000000000 ) ) ;
#3512 = ORIENTED_EDGE ( 'NONE', *, *, #4433, .T. ) ;
#3513 = ADVANCED_FACE ( 'NONE', ( #1255 ), #212, .T. ) ;
#3514 = LINE ( 'NONE', #3047, #356 ) ;
#3515 = CARTESIAN_POINT ( 'NONE',  ( 74.60244617794749900, 45.58501535375197022, 1.192661466158059236 ) ) ;
#3516 = VECTOR ( 'NONE', #3888, 1000.000000000000000 ) ;
#3517 = DIRECTION ( 'NONE',  ( -0.000000000000000000, -0.000000000000000000, 1.000000000000000000 ) ) ;
#3518 = CARTESIAN_POINT ( 'NONE',  ( 44.56405526832953967, 53.12911202077057737, 4.599999999999999645 ) ) ;
#3519 = ORIENTED_EDGE ( 'NONE', *, *, #2697, .F. ) ;
#3520 = ORIENTED_EDGE ( 'NONE', *, *, #1693, .F. ) ;
#3521 = ORIENTED_EDGE ( 'NONE', *, *, #4047, .T. ) ;
#3522 = EDGE_CURVE ( 'NONE', #3811, #4336, #3383, .T. ) ;
#3523 = B_SPLINE_SURFACE_WITH_KNOTS ( 'NONE', 3, 1, ( 
 ( #14, #1647 ),
 ( #92, #1596 ),
 ( #1269, #457 ),
 ( #2800, #3165 ) ),
 .UNSPECIFIED., .F., .F., .F.,
 ( 4, 4 ),
 ( 2, 2 ),
 ( 29.00000000000000000, 30.00000000000000000 ),
 ( 0.000000000000000000, 1.000000000000000000 ),
 .UNSPECIFIED. ) ;
#3524 = CARTESIAN_POINT ( 'NONE',  ( 57.49999999999999289, 117.5000000000000000, -15.00000000000000000 ) ) ;
#3525 = DIRECTION ( 'NONE',  ( 0.000000000000000000, 0.000000000000000000, -1.000000000000000000 ) ) ;
#3526 = CARTESIAN_POINT ( 'NONE',  ( 12.49999999999998757, -6.071532165918824830E-15, -9.999999999999991118 ) ) ;
#3527 = CIRCLE ( 'NONE', #3108, 5.000000000000004441 ) ;
#3528 = ORIENTED_EDGE ( 'NONE', *, *, #1075, .F. ) ;
#3529 = B_SPLINE_CURVE_WITH_KNOTS ( 'NONE', 3,
 ( #2345, #1275, #1221, #4414 ),
 .UNSPECIFIED., .F., .F.,
 ( 4, 4 ),
 ( 33.00000000000000000, 34.00000000000000000 ),
 .UNSPECIFIED. ) ;
#3530 = EDGE_CURVE ( 'NONE', #2035, #486, #2598, .T. ) ;
#3531 = LINE ( 'NONE', #2826, #2241 ) ;
#3532 = ADVANCED_FACE ( 'NONE', ( #3713 ), #2195, .F. ) ;
#3533 = CARTESIAN_POINT ( 'NONE',  ( 54.64768155626245516, 56.93935805308352371, 4.599999999999999645 ) ) ;
#3534 = CARTESIAN_POINT ( 'NONE',  ( 67.50000000000000000, 3.749999999999994671, -11.25000000000000000 ) ) ;
#3535 = VECTOR ( 'NONE', #4496, 1000.000000000000000 ) ;
#3536 = CARTESIAN_POINT ( 'NONE',  ( 74.78285540165003908, 46.10293262095294864, 1.459587691556091249 ) ) ;
#3537 = DIRECTION ( 'NONE',  ( -1.000000000000000000, -0.000000000000000000, 1.908195823574487804E-16 ) ) ;
#3538 = LINE ( 'NONE', #865, #1265 ) ;
#3539 = VECTOR ( 'NONE', #371, 1000.000000000000000 ) ;
#3540 = ORIENTED_EDGE ( 'NONE', *, *, #2539, .T. ) ;
#3541 = EDGE_CURVE ( 'NONE', #4168, #2320, #311, .T. ) ;
#3542 = DIRECTION ( 'NONE',  ( -0.000000000000000000, -0.000000000000000000, 1.000000000000000000 ) ) ;
#3543 = CARTESIAN_POINT ( 'NONE',  ( 54.53551570398803250, 56.61106762017198690, 5.000000000000000000 ) ) ;
#3544 = EDGE_CURVE ( 'NONE', #2424, #3209, #4528, .T. ) ;
#3545 = B_SPLINE_CURVE_WITH_KNOTS ( 'NONE', 3,
 ( #1950, #1571, #66, #3618, #408, #4378, #4738, #1240, #4304, #4764, #863, #3536, #4692, #3135 ),
 .UNSPECIFIED., .F., .F.,
 ( 4, 2, 2, 2, 2, 2, 4 ),
 ( 0.000000000000000000, 0.0002946179475864391128, 0.0005892358951728782256, 0.0008838538427593171758, 0.001178471790345756018, 0.001767707685518639773, 0.002356943580691523744 ),
 .UNSPECIFIED. ) ;
#3546 = CARTESIAN_POINT ( 'NONE',  ( 46.02826944961941535, 56.22933325006388117, 5.000000000000000000 ) ) ;
#3547 = PLANE ( 'NONE',  #5090 ) ;
#3548 = ORIENTED_EDGE ( 'NONE', *, *, #1966, .F. ) ;
#3549 = ORIENTED_EDGE ( 'NONE', *, *, #4724, .F. ) ;
#3550 = ORIENTED_EDGE ( 'NONE', *, *, #4191, .F. ) ;
#3551 = LINE ( 'NONE', #4803, #1263 ) ;
#3552 = CARTESIAN_POINT ( 'NONE',  ( 74.70710678118653902, 75.00000000000000000, 0.8786796564403573928 ) ) ;
#3553 = EDGE_CURVE ( 'NONE', #3200, #2247, #2655, .T. ) ;
#3554 = DIRECTION ( 'NONE',  ( 0.000000000000000000, 0.000000000000000000, 1.000000000000000000 ) ) ;
#3555 =( BOUNDED_CURVE ( )  B_SPLINE_CURVE ( 3, ( #592, #2896, #4063, #1383 ),
 .UNSPECIFIED., .F., .T. ) 
 B_SPLINE_CURVE_WITH_KNOTS ( ( 4, 4 ),
 ( 1.570796326794889675, 3.141592653589790451 ),
 .UNSPECIFIED. ) 
 CURVE ( )  GEOMETRIC_REPRESENTATION_ITEM ( )  RATIONAL_B_SPLINE_CURVE ( ( 1.000000000000000000, 0.8047378541243640493, 0.8047378541243640493, 1.000000000000000000 ) ) 
 REPRESENTATION_ITEM ( '' )  );
#3556 = EDGE_LOOP ( 'NONE', ( #2089, #3099, #3053, #2425 ) ) ;
#3557 = EDGE_CURVE ( 'NONE', #4628, #705, #5062, .T. ) ;
#3558 = CARTESIAN_POINT ( 'NONE',  ( 16.97589199274863958, 59.84551655870923526, 5.000000000000000000 ) ) ;
#3559 = LINE ( 'NONE', #5078, #4978 ) ;
#3560 = CARTESIAN_POINT ( 'NONE',  ( 31.45523698125404621, 60.12377736324087607, 4.599999999999999645 ) ) ;
#3561 = EDGE_CURVE ( 'NONE', #2929, #1505, #1026, .T. ) ;
#3562 = VERTEX_POINT ( 'NONE', #4166 ) ;
#3563 = DIRECTION ( 'NONE',  ( 0.9999976573062887564, 0.002164574307901916041, 0.000000000000000000 ) ) ;
#3564 = FACE_OUTER_BOUND ( 'NONE', #2062, .T. ) ;
#3565 = CARTESIAN_POINT ( 'NONE',  ( 39.20752677072000125, 50.76827381737618339, 5.000000000000000000 ) ) ;
#3566 = VECTOR ( 'NONE', #4374, 1000.000000000000114 ) ;
#3567 = ORIENTED_EDGE ( 'NONE', *, *, #2545, .T. ) ;
#3568 = B_SPLINE_SURFACE_WITH_KNOTS ( 'NONE', 3, 1, ( 
 ( #1425, #3402 ),
 ( #2214, #3803 ),
 ( #283, #715 ),
 ( #4982, #1623 ) ),
 .UNSPECIFIED., .F., .F., .F.,
 ( 4, 4 ),
 ( 2, 2 ),
 ( 39.00000000000000000, 40.00000000000000000 ),
 ( 0.000000000000000000, 1.000000000000000000 ),
 .UNSPECIFIED. ) ;
#3569 = MECHANICAL_DESIGN_GEOMETRIC_PRESENTATION_REPRESENTATION (  '', ( #4794 ), #2814 ) ;
#3570 = PLANE ( 'NONE',  #4189 ) ;
#3571 = B_SPLINE_SURFACE_WITH_KNOTS ( 'NONE', 3, 1, ( 
 ( #5009, #1473 ),
 ( #1928, #67 ),
 ( #2385, #3970 ),
 ( #4717, #4379 ) ),
 .UNSPECIFIED., .F., .F., .F.,
 ( 4, 4 ),
 ( 2, 2 ),
 ( 5.000000000000000000, 5.999744496299006080 ),
 ( 0.000000000000000000, 1.000000000000000000 ),
 .UNSPECIFIED. ) ;
#3572 = DIRECTION ( 'NONE',  ( 0.000000000000000000, -1.000000000000000000, 0.000000000000000000 ) ) ;
#3573 = AXIS2_PLACEMENT_3D ( 'NONE', #360, #2264, #1090 ) ;
#3574 = FACE_OUTER_BOUND ( 'NONE', #798, .T. ) ;
#3575 = VECTOR ( 'NONE', #3183, 999.9999999999998863 ) ;
#3576 = VERTEX_POINT ( 'NONE', #1767 ) ;
#3577 = VERTEX_POINT ( 'NONE', #190 ) ;
#3578 = ORIENTED_EDGE ( 'NONE', *, *, #3113, .F. ) ;
#3579 = CARTESIAN_POINT ( 'NONE',  ( 54.64768155626245516, 56.93935805308352371, 4.599999999999999645 ) ) ;
#3580 = CARTESIAN_POINT ( 'NONE',  ( 5.000000000000000000, 120.0000000000000000, 5.000000000000000000 ) ) ;
#3581 = DIRECTION ( 'NONE',  ( -0.000000000000000000, 1.000000000000000000, -0.000000000000000000 ) ) ;
#3582 = EDGE_LOOP ( 'NONE', ( #4509, #3127, #4880 ) ) ;
#3583 = VERTEX_POINT ( 'NONE', #643 ) ;
#3584 = ADVANCED_FACE ( 'NONE', ( #1051 ), #171, .F. ) ;
#3585 = CARTESIAN_POINT ( 'NONE',  ( 0.2928932188134531489, 75.00000000000000000, 0.8786796564403568377 ) ) ;
#3586 = LINE ( 'NONE', #4070, #3243 ) ;
#3587 = VECTOR ( 'NONE', #2884, 1000.000000000000000 ) ;
#3588 = DIRECTION ( 'NONE',  ( -0.000000000000000000, -0.000000000000000000, 1.000000000000000000 ) ) ;
#3589 = CARTESIAN_POINT ( 'NONE',  ( 36.13642652309636105, 63.22390502553643188, 4.599999999999999645 ) ) ;
#3590 = ORIENTED_EDGE ( 'NONE', *, *, #4281, .T. ) ;
#3591 = EDGE_CURVE ( 'NONE', #4719, #4531, #1736, .T. ) ;
#3592 = LINE ( 'NONE', #431, #2980 ) ;
#3593 = LINE ( 'NONE', #458, #2359 ) ;
#3594 = AXIS2_PLACEMENT_3D ( 'NONE', #1329, #3733, #4165 ) ;
#3595 = CARTESIAN_POINT ( 'NONE',  ( -0.1296663786469602064, 59.90372998772974711, 4.599999999999999645 ) ) ;
#3596 = EDGE_LOOP ( 'NONE', ( #3602, #1949, #1418 ) ) ;
#3597 = CARTESIAN_POINT ( 'NONE',  ( 35.78597283154926600, 50.76086759227584366, 5.000000000000000000 ) ) ;
#3598 = ADVANCED_FACE ( 'NONE', ( #671 ), #3283, .F. ) ;
#3599 = LINE ( 'NONE', #4722, #2983 ) ;
#3600 = DIRECTION ( 'NONE',  ( -1.000000000000000000, -0.000000000000000000, -0.000000000000000000 ) ) ;
#3601 = EDGE_CURVE ( 'NONE', #1482, #237, #4114, .T. ) ;
#3602 = ORIENTED_EDGE ( 'NONE', *, *, #1451, .F. ) ;
#3603 = VERTEX_POINT ( 'NONE', #4211 ) ;
#3604 = ORIENTED_EDGE ( 'NONE', *, *, #3013, .T. ) ;
#3605 = DIRECTION ( 'NONE',  ( 0.000000000000000000, 0.000000000000000000, 1.000000000000000000 ) ) ;
#3606 = CARTESIAN_POINT ( 'NONE',  ( 35.75026295860399017, 54.22116314799411896, 4.599999999999999645 ) ) ;
#3607 = CARTESIAN_POINT ( 'NONE',  ( 11.45000000000000107, 15.99999999999998224, 0.000000000000000000 ) ) ;
#3608 = CARTESIAN_POINT ( 'NONE',  ( 72.50000000000000000, 4.999999999999993783, -12.50000000000000000 ) ) ;
#3609 = ORIENTED_EDGE ( 'NONE', *, *, #111, .T. ) ;
#3610 = ORIENTED_EDGE ( 'NONE', *, *, #476, .F. ) ;
#3611 = ORIENTED_EDGE ( 'NONE', *, *, #2937, .T. ) ;
#3612 = EDGE_CURVE ( 'NONE', #4626, #419, #3026, .T. ) ;
#3613 = CIRCLE ( 'NONE', #2272, 1.899999999999999023 ) ;
#3614 = CARTESIAN_POINT ( 'NONE',  ( 33.01779607714239972, 60.15890489015593090, 4.599999999999999645 ) ) ;
#3615 = CARTESIAN_POINT ( 'NONE',  ( 16.98661193500679900, 54.89307990385177050, 5.000000000000000000 ) ) ;
#3616 = PLANE ( 'NONE',  #3406 ) ;
#3617 = CARTESIAN_POINT ( 'NONE',  ( 74.50000000000000000, 73.50000000000000000, 0.5000000000000000000 ) ) ;
#3618 = CARTESIAN_POINT ( 'NONE',  ( 74.98570217814943817, 45.04825511024879603, 0.3899492020818434712 ) ) ;
#3619 = DIRECTION ( 'NONE',  ( -0.000000000000000000, -0.000000000000000000, -1.000000000000000000 ) ) ;
#3620 = CARTESIAN_POINT ( 'NONE',  ( 45.34840069594080347, 52.54526264242618794, 4.599999999999999645 ) ) ;
#3621 = ORIENTED_EDGE ( 'NONE', *, *, #3472, .F. ) ;
#3622 = DIRECTION ( 'NONE',  ( -4.163336342344356748E-15, 1.000000000000000000, 0.000000000000000000 ) ) ;
#3623 = ADVANCED_FACE ( 'NONE', ( #293 ), #4989, .F. ) ;
#3624 = LINE ( 'NONE', #5088, #453 ) ;
#3625 = CARTESIAN_POINT ( 'NONE',  ( 0.04382333232976041992, 74.84721904561826022, 0.6668159076367712323 ) ) ;
#3626 = AXIS2_PLACEMENT_3D ( 'NONE', #3306, #1716, #2875 ) ;
#3627 = ORIENTED_EDGE ( 'NONE', *, *, #1762, .F. ) ;
#3628 = ORIENTED_EDGE ( 'NONE', *, *, #955, .F. ) ;
#3629 = ORIENTED_EDGE ( 'NONE', *, *, #3508, .T. ) ;
#3630 = LINE ( 'NONE', #2739, #3818 ) ;
#3631 = CARTESIAN_POINT ( 'NONE',  ( 74.50000000000000000, 73.50000000000000000, 1.500000000000000000 ) ) ;
#3632 = DIRECTION ( 'NONE',  ( -0.000000000000000000, 1.000000000000000000, -0.000000000000000000 ) ) ;
#3633 = LINE ( 'NONE', #757, #389 ) ;
#3634 = ORIENTED_EDGE ( 'NONE', *, *, #317, .F. ) ;
#3635 = VERTEX_POINT ( 'NONE', #4602 ) ;
#3636 = CARTESIAN_POINT ( 'NONE',  ( 35.78597283154926600, 50.76086759227584366, 4.599999999999999645 ) ) ;
#3637 = DIRECTION ( 'NONE',  ( -0.9999976573062887564, -0.002164574307898562821, 0.000000000000000000 ) ) ;
#3638 = PLANE ( 'NONE',  #3889 ) ;
#3639 = DIRECTION ( 'NONE',  ( -0.000000000000000000, 1.000000000000000000, -0.000000000000000000 ) ) ;
#3640 = VECTOR ( 'NONE', #2781, 1000.000000000000000 ) ;
#3641 = EDGE_CURVE ( 'NONE', #4415, #3635, #2087, .T. ) ;
#3642 = UNCERTAINTY_MEASURE_WITH_UNIT (LENGTH_MEASURE( 1.000000000000000082E-05 ), #1357, 'distance_accuracy_value', 'NONE');
#3643 = EDGE_LOOP ( 'NONE', ( #1868, #4287, #909, #3290, #1841 ) ) ;
#3644 = ORIENTED_EDGE ( 'NONE', *, *, #4953, .T. ) ;
#3645 = CARTESIAN_POINT ( 'NONE',  ( 74.60737810821601101, 45.03904101202291343, 0.1308739639280551426 ) ) ;
#3646 = DIRECTION ( 'NONE',  ( 0.006490873785237705890, 0.9999789340568651097, 0.000000000000000000 ) ) ;
#3647 = LINE ( 'NONE', #893, #1442 ) ;
#3648 = CARTESIAN_POINT ( 'NONE',  ( 39.20752677072000125, 50.76827381737618339, 4.599999999999999645 ) ) ;
#3649 = CARTESIAN_POINT ( 'NONE',  ( 63.35690349420030998, 18.98876614253688899, 4.599999999999999645 ) ) ;
#3650 = DIRECTION ( 'NONE',  ( -0.000000000000000000, -0.000000000000000000, -1.000000000000000000 ) ) ;
#3651 = DIRECTION ( 'NONE',  ( -1.000000000000000000, 0.000000000000000000, 0.000000000000000000 ) ) ;
#3652 = ORIENTED_EDGE ( 'NONE', *, *, #2390, .T. ) ;
#3653 = ORIENTED_EDGE ( 'NONE', *, *, #4037, .T. ) ;
#3654 = ORIENTED_EDGE ( 'NONE', *, *, #2697, .T. ) ;
#3655 = VECTOR ( 'NONE', #514, 1000.000000000000000 ) ;
#3656 = CIRCLE ( 'NONE', #2902, 1.250000000000001110 ) ;
#3657 = CARTESIAN_POINT ( 'NONE',  ( 47.50000000000061817, 120.0000000000000142, -2.500000000000064837 ) ) ;
#3658 = LINE ( 'NONE', #953, #4274 ) ;
#3659 = LINE ( 'NONE', #4451, #1926 ) ;
#3660 = EDGE_LOOP ( 'NONE', ( #1332, #2271, #4603, #2870 ) ) ;
#3661 = ORIENTED_EDGE ( 'NONE', *, *, #2353, .T. ) ;
#3662 = B_SPLINE_CURVE_WITH_KNOTS ( 'NONE', 3,
 ( #2439, #3671, #3543, #1956 ),
 .UNSPECIFIED., .F., .F.,
 ( 4, 4 ),
 ( 35.00000000000000000, 36.00000000000000000 ),
 .UNSPECIFIED. ) ;
#3663 = DIRECTION ( 'NONE',  ( 2.943923360034934810E-15, -0.7071067811865455743, -0.7071067811865493491 ) ) ;
#3664 = LINE ( 'NONE', #4735, #4158 ) ;
#3665 = EDGE_CURVE ( 'NONE', #506, #3361, #1494, .T. ) ;
#3666 = PLANE ( 'NONE',  #1656 ) ;
#3667 = EDGE_CURVE ( 'NONE', #3730, #4719, #3664, .T. ) ;
#3668 = ORIENTED_EDGE ( 'NONE', *, *, #3819, .F. ) ;
#3669 = VECTOR ( 'NONE', #1261, 1000.000000000000000 ) ;
#3670 = VECTOR ( 'NONE', #4119, 1000.000000000000000 ) ;
#3671 = CARTESIAN_POINT ( 'NONE',  ( 54.22558589064953338, 56.38817062730887386, 5.000000000000000000 ) ) ;
#3672 = CARTESIAN_POINT ( 'NONE',  ( 37.50000000000000000, 26.24999999999999289, 3.399999999999999911 ) ) ;
#3673 = CARTESIAN_POINT ( 'NONE',  ( 43.44441003206581087, 63.58188194402834625, 4.599999999999999645 ) ) ;
#3674 = CARTESIAN_POINT ( 'NONE',  ( 1.477205669890326201, 73.82492459606895352, 1.477205669890325535 ) ) ;
#3675 = AXIS2_PLACEMENT_3D ( 'NONE', #2304, #379, #3894 ) ;
#3676 = CARTESIAN_POINT ( 'NONE',  ( 3.535533905932738197, 2.499999999999996003, -10.00000000000000178 ) ) ;
#3677 = DIRECTION ( 'NONE',  ( -1.000000000000000000, 0.000000000000000000, 0.000000000000000000 ) ) ;
#3678 = DIRECTION ( 'NONE',  ( 0.000000000000000000, 0.000000000000000000, -1.000000000000000000 ) ) ;
#3679 = AXIS2_PLACEMENT_3D ( 'NONE', #4034, #1252, #1205 ) ;
#3680 = ORIENTED_EDGE ( 'NONE', *, *, #4573, .F. ) ;
#3681 = ORIENTED_EDGE ( 'NONE', *, *, #100, .F. ) ;
#3682 = EDGE_LOOP ( 'NONE', ( #4801, #695, #2088 ) ) ;
#3683 = VECTOR ( 'NONE', #3391, 1000.000000000000000 ) ;
#3684 = DIRECTION ( 'NONE',  ( 1.000000000000000000, 0.000000000000000000, 0.000000000000000000 ) ) ;
#3685 = CARTESIAN_POINT ( 'NONE',  ( 14.03395320428463044, 59.88853312862018896, 4.599999999999999645 ) ) ;
#3686 = DIRECTION ( 'NONE',  ( 1.228762462150238276E-16, 1.000000000000000000, -0.000000000000000000 ) ) ;
#3687 = CARTESIAN_POINT ( 'NONE',  ( 11.45000000000000107, 15.99999999999998224, 3.399999999999999911 ) ) ;
#3688 = ORIENTED_EDGE ( 'NONE', *, *, #2774, .F. ) ;
#3689 = EDGE_LOOP ( 'NONE', ( #3362, #4208, #3839, #4068 ) ) ;
#3690 = CARTESIAN_POINT ( 'NONE',  ( 52.50000000000000711, 117.5000000000000000, -10.00000000000062350 ) ) ;
#3691 = CARTESIAN_POINT ( 'NONE',  ( 60.99528194064776443, 51.21050410893639082, 5.000000000000000000 ) ) ;
#3692 = CARTESIAN_POINT ( 'NONE',  ( 65.55000000000001137, 102.0999999999999943, 3.399999999999999911 ) ) ;
#3693 = ORIENTED_EDGE ( 'NONE', *, *, #3522, .T. ) ;
#3694 = ADVANCED_FACE ( 'NONE', ( #2827 ), #3237, .F. ) ;
#3695 = EDGE_CURVE ( 'NONE', #4605, #2505, #3586, .T. ) ;
#3696 = CARTESIAN_POINT ( 'NONE',  ( 39.62958920622759962, 51.33356971989758932, 5.000000000000000000 ) ) ;
#3697 = CARTESIAN_POINT ( 'NONE',  ( 52.50000000000000711, 112.4999999999999858, 0.000000000000000000 ) ) ;
#3698 = PLANE ( 'NONE',  #1280 ) ;
#3699 = FACE_OUTER_BOUND ( 'NONE', #4331, .T. ) ;
#3700 = EDGE_CURVE ( 'NONE', #1248, #3806, #3161, .T. ) ;
#3701 = AXIS2_PLACEMENT_3D ( 'NONE', #2503, #235, #4853 ) ;
#3702 = CARTESIAN_POINT ( 'NONE',  ( 74.07817985833101204, 74.69950020189064332, 0.3072733805563561682 ) ) ;
#3703 = PLANE ( 'NONE',  #3782 ) ;
#3704 = ADVANCED_FACE ( 'NONE', ( #4402 ), #2856, .F. ) ;
#3705 = ORIENTED_EDGE ( 'NONE', *, *, #809, .F. ) ;
#3706 = ORIENTED_EDGE ( 'NONE', *, *, #1214, .F. ) ;
#3707 = VECTOR ( 'NONE', #2056, 1000.000000000000000 ) ;
#3708 = ORIENTED_EDGE ( 'NONE', *, *, #1180, .F. ) ;
#3709 = EDGE_CURVE ( 'NONE', #997, #3052, #1978, .T. ) ;
#3710 = DIRECTION ( 'NONE',  ( 0.9812001574316255859, 0.1929928782524191200, 0.000000000000000000 ) ) ;
#3711 = CARTESIAN_POINT ( 'NONE',  ( 25.84768651253223481, 69.43806486563988756, 4.599999999999999645 ) ) ;
#3712 = CARTESIAN_POINT ( 'NONE',  ( 17.50000000000000000, 120.0000000000000000, -12.50000000000000000 ) ) ;
#3713 = FACE_OUTER_BOUND ( 'NONE', #4082, .T. ) ;
#3714 = ORIENTED_EDGE ( 'NONE', *, *, #4138, .T. ) ;
#3715 = ORIENTED_EDGE ( 'NONE', *, *, #4571, .T. ) ;
#3716 = EDGE_CURVE ( 'NONE', #1354, #392, #32, .T. ) ;
#3717 = CARTESIAN_POINT ( 'NONE',  ( 23.97390899241983675, 55.10926709234449561, 4.599999999999999645 ) ) ;
#3718 = FACE_OUTER_BOUND ( 'NONE', #2933, .T. ) ;
#3719 = CARTESIAN_POINT ( 'NONE',  ( 38.24081909576754867, 68.78763099782081269, 5.000000000000000000 ) ) ;
#3720 = VERTEX_POINT ( 'NONE', #527 ) ;
#3721 = VERTEX_POINT ( 'NONE', #1591 ) ;
#3722 = CARTESIAN_POINT ( 'NONE',  ( 43.08109070326097623, 63.58109551050129937, 5.000000000000000000 ) ) ;
#3723 = FACE_OUTER_BOUND ( 'NONE', #4382, .T. ) ;
#3724 = CARTESIAN_POINT ( 'NONE',  ( 31.42165254070773628, -10.77726782925159732, 4.599999999999999645 ) ) ;
#3725 = LINE ( 'NONE', #2081, #1506 ) ;
#3726 =( BOUNDED_SURFACE ( )  B_SPLINE_SURFACE ( 3, 2, ( 
 ( #1350, #4981, #4104 ),
 ( #3780, #972, #2527 ),
 ( #3802, #3295, #2109 ),
 ( #1376, #1731, #2137 ),
 ( #3702, #233, #4131 ),
 ( #180, #3727, #2941 ),
 ( #256, #202, #4159 ),
 ( #1756, #2603, #3326 ),
 ( #4904, #4522, #994 ),
 ( #2550, #4928, #1784 ),
 ( #3349, #633, #1401 ),
 ( #2212, #4180, #660 ),
 ( #2575, #3374, #4952 ),
 ( #3827, #3428, #683 ) ),
 .UNSPECIFIED., .F., .F., .F. ) 
 B_SPLINE_SURFACE_WITH_KNOTS ( ( 4, 2, 2, 2, 2, 2, 4 ),
 ( 3, 3 ),
 ( 4.712388980384689674, 5.105088062083414258, 5.497787143782137953, 5.694136684631500245, 5.890486225480861648, 6.086835766330223940, 6.283185307179586232 ),
 ( 0.000000000000000000, 1.000000000000000000 ),
 .UNSPECIFIED. ) 
 GEOMETRIC_REPRESENTATION_ITEM ( )  RATIONAL_B_SPLINE_SURFACE ( (
 ( 1.000000000000000000, 1.000000000000000000, 1.000000000000000000),
 ( 1.000000000000000000, 1.000158598892021633, 1.000000000000000000),
 ( 1.000000000000000000, 0.9867291651255519769, 1.000000000000000000),
 ( 1.000000000000000000, 0.9386556746367616944, 1.000000000000000000),
 ( 1.000000000000000000, 0.9038128289597350262, 1.000000000000000000),
 ( 1.000000000000000000, 0.8471316911967899932, 1.000000000000000000),
 ( 1.000000000000000000, 0.8275942267606678504, 1.000000000000000000),
 ( 1.000000000000000000, 0.7902180514826775415, 1.000000000000000000),
 ( 1.000000000000000000, 0.7723967724090148312, 1.000000000000000000),
 ( 1.000000000000000000, 0.7418334672881859992, 1.000000000000000000),
 ( 1.000000000000000000, 0.7291288573897718450, 1.000000000000000000),
 ( 1.000000000000000000, 0.7117460391535419539, 1.000000000000000000),
 ( 1.000000000000000000, 0.7070717008705190709, 1.000000000000000000),
 ( 1.000000000000000000, 0.7071067811865475727, 1.000000000000000000) ) ) 
 REPRESENTATION_ITEM ( '' )  SURFACE ( )  );
#3727 = CARTESIAN_POINT ( 'NONE',  ( 74.09881687055322175, 74.75167855023863694, 0.9011831294467211873 ) ) ;
#3728 = DIRECTION ( 'NONE',  ( 1.000000000000000000, 0.000000000000000000, 0.000000000000000000 ) ) ;
#3729 = ADVANCED_FACE ( 'NONE', ( #4041 ), #2072, .T. ) ;
#3730 = VERTEX_POINT ( 'NONE', #143 ) ;
#3731 = CARTESIAN_POINT ( 'NONE',  ( 26.16751767727940958, 50.41905633430118883, 4.599999999999999645 ) ) ;
#3732 = CARTESIAN_POINT ( 'NONE',  ( 42.42569968899294253, 59.99584445557870538, 5.000000000000000000 ) ) ;
#3733 = DIRECTION ( 'NONE',  ( 0.000000000000000000, 0.000000000000000000, 1.000000000000000000 ) ) ;
#3734 = CARTESIAN_POINT ( 'NONE',  ( 67.49999999999998579, -6.071532165918824830E-15, -10.00000000000000000 ) ) ;
#3735 = DIRECTION ( 'NONE',  ( 0.3071847037978341355, 0.9516499134411965377, 0.000000000000000000 ) ) ;
#3736 = ADVANCED_FACE ( 'NONE', ( #1314 ), #479, .F. ) ;
#3737 = AXIS2_PLACEMENT_3D ( 'NONE', #5008, #1520, #2283 ) ;
#3738 = ORIENTED_EDGE ( 'NONE', *, *, #2053, .T. ) ;
#3739 = ORIENTED_EDGE ( 'NONE', *, *, #4037, .F. ) ;
#3740 = ORIENTED_EDGE ( 'NONE', *, *, #2773, .F. ) ;
#3741 = VECTOR ( 'NONE', #3710, 1000.000000000000000 ) ;
#3742 = CARTESIAN_POINT ( 'NONE',  ( 23.52078599485841082, 52.59678160645988498, 5.000000000000000000 ) ) ;
#3743 = CARTESIAN_POINT ( 'NONE',  ( 60.62223606764680994, 50.81462765552436167, 5.000000000000000000 ) ) ;
#3744 = CARTESIAN_POINT ( 'NONE',  ( 9.449999999999986855, 102.0999999999999943, 0.000000000000000000 ) ) ;
#3745 = VECTOR ( 'NONE', #3348, 1000.000000000000000 ) ;
#3746 = VECTOR ( 'NONE', #1514, 1000.000000000000114 ) ;
#3747 = ORIENTED_EDGE ( 'NONE', *, *, #178, .F. ) ;
#3748 = EDGE_CURVE ( 'NONE', #595, #4938, #934, .T. ) ;
#3749 = CARTESIAN_POINT ( 'NONE',  ( 37.50000000000000000, 26.24999999999999289, 0.000000000000000000 ) ) ;
#3750 = CARTESIAN_POINT ( 'NONE',  ( 42.52799392477230356, 59.99606587957203629, 5.000000000000000000 ) ) ;
#3751 = DIRECTION ( 'NONE',  ( 0.000000000000000000, -1.000000000000000000, -0.000000000000000000 ) ) ;
#3752 = DIRECTION ( 'NONE',  ( 1.000000000000000000, -0.000000000000000000, -0.000000000000000000 ) ) ;
#3753 = AXIS2_PLACEMENT_3D ( 'NONE', #4937, #618, #1409 ) ;
#3754 = CARTESIAN_POINT ( 'NONE',  ( 7.499999999999989342, 3.749999999999994671, -11.25000000000000000 ) ) ;
#3755 = ADVANCED_FACE ( 'NONE', ( #551 ), #3160, .F. ) ;
#3756 = CARTESIAN_POINT ( 'NONE',  ( 57.49999999999999289, 120.0000000000000000, -15.00000000000000000 ) ) ;
#3757 = DIRECTION ( 'NONE',  ( -0.000000000000000000, -1.000000000000000000, -0.000000000000000000 ) ) ;
#3758 = VECTOR ( 'NONE', #1421, 1000.000000000000000 ) ;
#3759 = VERTEX_POINT ( 'NONE', #2769 ) ;
#3760 = ORIENTED_EDGE ( 'NONE', *, *, #1476, .F. ) ;
#3761 = EDGE_CURVE ( 'NONE', #688, #2665, #2378, .T. ) ;
#3762 = ADVANCED_FACE ( 'NONE', ( #855 ), #791, .T. ) ;
#3763 = DIRECTION ( 'NONE',  ( -0.000000000000000000, -0.000000000000000000, -1.000000000000000000 ) ) ;
#3764 = FACE_OUTER_BOUND ( 'NONE', #3812, .T. ) ;
#3765 = FACE_OUTER_BOUND ( 'NONE', #3125, .T. ) ;
#3766 = CARTESIAN_POINT ( 'NONE',  ( 48.25805883730210155, 67.41599467984798366, 4.599999999999999645 ) ) ;
#3767 = VECTOR ( 'NONE', #928, 1000.000000000000000 ) ;
#3768 = ORIENTED_EDGE ( 'NONE', *, *, #2069, .F. ) ;
#3769 = VERTEX_POINT ( 'NONE', #1260 ) ;
#3770 = ORIENTED_EDGE ( 'NONE', *, *, #3748, .T. ) ;
#3771 = LINE ( 'NONE', #4941, #2492 ) ;
#3772 = LINE ( 'NONE', #4942, #4809 ) ;
#3773 = CARTESIAN_POINT ( 'NONE',  ( 21.44437530280051263, 61.80936624298266935, 5.000000000000000000 ) ) ;
#3774 = EDGE_CURVE ( 'NONE', #932, #5011, #115, .T. ) ;
#3775 = EDGE_LOOP ( 'NONE', ( #4313, #4337, #305, #1355 ) ) ;
#3776 = CARTESIAN_POINT ( 'NONE',  ( 60.62223606764680994, 50.81462765552436167, 4.599999999999999645 ) ) ;
#3777 = CARTESIAN_POINT ( 'NONE',  ( 63.55000000000001137, 102.0999999999999943, 3.399999999999999911 ) ) ;
#3778 = CARTESIAN_POINT ( 'NONE',  ( 22.49999999999999289, 114.9999999999999858, -15.00000000000000000 ) ) ;
#3779 = CARTESIAN_POINT ( 'NONE',  ( 35.09940047173320465, 68.10004456002852180, 5.000000000000000000 ) ) ;
#3780 = CARTESIAN_POINT ( 'NONE',  ( 74.80361510686536519, 75.00000000000000000, 0.06546163104480420825 ) ) ;
#3781 = DIRECTION ( 'NONE',  ( 0.3071847037978341355, 0.9516499134411965377, 0.000000000000000000 ) ) ;
#3782 = AXIS2_PLACEMENT_3D ( 'NONE', #183, #1378, #1732 ) ;
#3783 = ORIENTED_EDGE ( 'NONE', *, *, #1118, .T. ) ;
#3784 = ADVANCED_FACE ( 'NONE', ( #3718 ), #1391, .F. ) ;
#3785 = VERTEX_POINT ( 'NONE', #1743 ) ;
#3786 = LINE ( 'NONE', #364, #4968 ) ;
#3787 = LINE ( 'NONE', #1814, #2100 ) ;
#3788 = CARTESIAN_POINT ( 'NONE',  ( 20.88358404535131641, -6.741047825046448949, 4.599999999999999645 ) ) ;
#3789 = ORIENTED_EDGE ( 'NONE', *, *, #1628, .T. ) ;
#3790 = ORIENTED_EDGE ( 'NONE', *, *, #1377, .F. ) ;
#3791 = ORIENTED_EDGE ( 'NONE', *, *, #117, .T. ) ;
#3792 = CARTESIAN_POINT ( 'NONE',  ( -6.522153693858112611E-17, 45.00000000000000000, 0.1993198068520180000 ) ) ;
#3793 = LINE ( 'NONE', #4558, #52 ) ;
#3794 = CARTESIAN_POINT ( 'NONE',  ( 75.00000000000000000, 75.00000000000000000, 0.000000000000000000 ) ) ;
#3795 = VECTOR ( 'NONE', #1511, 1000.000000000000000 ) ;
#3796 = ORIENTED_EDGE ( 'NONE', *, *, #4032, .F. ) ;
#3797 = B_SPLINE_CURVE_WITH_KNOTS ( 'NONE', 3,
 ( #3685, #4087, #1789, #3711, #188, #1737 ),
 .UNSPECIFIED., .F., .F.,
 ( 4, 2, 4 ),
 ( 0.000000000000000000, 1.000000000000000000, 2.000000000000000000 ),
 .UNSPECIFIED. ) ;
#3798 = FACE_OUTER_BOUND ( 'NONE', #1792, .T. ) ;
#3799 = LINE ( 'NONE', #3371, #4312 ) ;
#3800 = DIRECTION ( 'NONE',  ( -0.000000000000000000, -0.000000000000000000, 1.000000000000000000 ) ) ;
#3801 = CARTESIAN_POINT ( 'NONE',  ( 26.87154115849022773, 65.75768277533703099, 5.000000000000000000 ) ) ;
#3802 = CARTESIAN_POINT ( 'NONE',  ( 74.60737810821622418, 74.96095898797715051, 0.1308739639280513956 ) ) ;
#3803 = CARTESIAN_POINT ( 'NONE',  ( 58.63206800602740287, 51.14542102133970758, 5.000000000000000000 ) ) ;
#3804 = CARTESIAN_POINT ( 'NONE',  ( 0.9011831294467259612, 45.24832144976077331, 0.9011831294467242959 ) ) ;
#3805 = ORIENTED_EDGE ( 'NONE', *, *, #271, .F. ) ;
#3806 = VERTEX_POINT ( 'NONE', #3364 ) ;
#3807 = CARTESIAN_POINT ( 'NONE',  ( 74.76969600708471830, 73.59966597350837958, 1.499999999999999778 ) ) ;
#3808 = CARTESIAN_POINT ( 'NONE',  ( 59.96680715955792351, 68.43253565528095805, 4.599999999999999645 ) ) ;
#3809 = CARTESIAN_POINT ( 'NONE',  ( -0.1295671220299760007, 59.85787506458685669, 5.000000000000000000 ) ) ;
#3810 = ORIENTED_EDGE ( 'NONE', *, *, #587, .T. ) ;
#3811 = VERTEX_POINT ( 'NONE', #4894 ) ;
#3812 = EDGE_LOOP ( 'NONE', ( #2011, #3319, #2485 ) ) ;
#3813 = CARTESIAN_POINT ( 'NONE',  ( 52.75819874726980885, 56.38499435135753401, 5.000000000000000000 ) ) ;
#3814 = FACE_OUTER_BOUND ( 'NONE', #4207, .T. ) ;
#3815 = CARTESIAN_POINT ( 'NONE',  ( 1.500000000000001110, 75.00000000000000000, 1.500000000000000000 ) ) ;
#3816 = CIRCLE ( 'NONE', #3737, 1.899999999999999023 ) ;
#3817 = VERTEX_POINT ( 'NONE', #3390 ) ;
#3818 = VECTOR ( 'NONE', #1962, 1000.000000000000000 ) ;
#3819 = EDGE_CURVE ( 'NONE', #2156, #84, #3401, .T. ) ;
#3820 = CARTESIAN_POINT ( 'NONE',  ( 59.58065994151687761, 69.20067155399181047, 5.000000000000000000 ) ) ;
#3821 = VECTOR ( 'NONE', #384, 1000.000000000000000 ) ;
#3822 = EDGE_CURVE ( 'NONE', #4415, #1710, #1417, .T. ) ;
#3823 = VECTOR ( 'NONE', #142, 1000.000000000000000 ) ;
#3824 = CARTESIAN_POINT ( 'NONE',  ( 41.30377374508643840, 63.35502291448069911, 5.000000000000000000 ) ) ;
#3825 = CARTESIAN_POINT ( 'NONE',  ( -0.1097077414814782992, 50.68316854231763813, 4.599999999999999645 ) ) ;
#3826 = LINE ( 'NONE', #3848, #2821 ) ;
#3827 = CARTESIAN_POINT ( 'NONE',  ( 73.50000000000000000, 73.50000000000000000, 0.4999999999999998890 ) ) ;
#3828 = ORIENTED_EDGE ( 'NONE', *, *, #3876, .T. ) ;
#3829 = CARTESIAN_POINT ( 'NONE',  ( 23.56683206712730083, 67.17559582444506816, 5.000000000000000000 ) ) ;
#3830 = FACE_OUTER_BOUND ( 'NONE', #3582, .T. ) ;
#3831 = ORIENTED_EDGE ( 'NONE', *, *, #347, .F. ) ;
#3832 = B_SPLINE_CURVE_WITH_KNOTS ( 'NONE', 3,
 ( #4418, #3984, #3913, #2426 ),
 .UNSPECIFIED., .F., .F.,
 ( 4, 4 ),
 ( 20.00000000000000000, 21.00000000000000000 ),
 .UNSPECIFIED. ) ;
#3833 = ORIENTED_EDGE ( 'NONE', *, *, #853, .T. ) ;
#3834 = DIRECTION ( 'NONE',  ( -0.000000000000000000, -0.000000000000000000, 1.000000000000000000 ) ) ;
#3835 = LINE ( 'NONE', #319, #477 ) ;
#3836 = B_SPLINE_CURVE_WITH_KNOTS ( 'NONE', 3,
 ( #1085, #658, #2648, #5026 ),
 .UNSPECIFIED., .F., .F.,
 ( 4, 4 ),
 ( 20.00000000000000000, 21.00000000000000000 ),
 .UNSPECIFIED. ) ;
#3837 = ORIENTED_EDGE ( 'NONE', *, *, #1272, .T. ) ;
#3838 = EDGE_LOOP ( 'NONE', ( #3416, #901, #102, #2538 ) ) ;
#3839 = ORIENTED_EDGE ( 'NONE', *, *, #3139, .F. ) ;
#3840 = CARTESIAN_POINT ( 'NONE',  ( 0.2153560676502531135, 46.11008434363284891, 1.451752836476857933 ) ) ;
#3841 = AXIS2_PLACEMENT_3D ( 'NONE', #3257, #55, #4777 ) ;
#3842 = CARTESIAN_POINT ( 'NONE',  ( -6.938893903907228378E-15, 117.5000000000000142, -12.50000000000000000 ) ) ;
#3843 = CARTESIAN_POINT ( 'NONE',  ( 31.45523698125404621, 60.12377736324087607, 4.599999999999999645 ) ) ;
#3844 = ORIENTED_EDGE ( 'NONE', *, *, #3230, .F. ) ;
#3845 = CARTESIAN_POINT ( 'NONE',  ( 23.96329594661243689, 60.01231934864183160, 5.000000000000000000 ) ) ;
#3846 = CARTESIAN_POINT ( 'NONE',  ( 52.07689581311743154, 56.62338243729705312, 4.599999999999999645 ) ) ;
#3847 = CYLINDRICAL_SURFACE ( 'NONE', #3004, 2.000000000000001776 ) ;
#3848 = CARTESIAN_POINT ( 'NONE',  ( -10.93025206120001513, 6.426919324222285290, 4.599999999999999645 ) ) ;
#3849 = EDGE_CURVE ( 'NONE', #4957, #2182, #1972, .T. ) ;
#3850 = LINE ( 'NONE', #2652, #4053 ) ;
#3851 = CARTESIAN_POINT ( 'NONE',  ( 0.6820681540804989229, 45.11987435654705081, 0.6820681540805102472 ) ) ;
#3852 = EDGE_CURVE ( 'NONE', #3379, #3101, #1366, .T. ) ;
#3853 = ORIENTED_EDGE ( 'NONE', *, *, #1566, .F. ) ;
#3854 = DIRECTION ( 'NONE',  ( -0.000000000000000000, -0.000000000000000000, -1.000000000000000000 ) ) ;
#3855 = CARTESIAN_POINT ( 'NONE',  ( 75.00000000000002842, 75.00000000000000000, 0.1993198068520182775 ) ) ;
#3856 = CARTESIAN_POINT ( 'NONE',  ( 5.000000000000000000, 0.000000000000000000, 5.000000000000000000 ) ) ;
#3857 = ADVANCED_FACE ( 'NONE', ( #2931 ), #167, .F. ) ;
#3858 = EDGE_CURVE ( 'NONE', #3354, #1974, #1009, .T. ) ;
#3859 = ORIENTED_EDGE ( 'NONE', *, *, #3641, .T. ) ;
#3860 = VERTEX_POINT ( 'NONE', #3287 ) ;
#3861 = ORIENTED_EDGE ( 'NONE', *, *, #3156, .T. ) ;
#3862 = CARTESIAN_POINT ( 'NONE',  ( -0.1495104866752860751, 69.07138085878806066, 5.000000000000000000 ) ) ;
#3863 = CARTESIAN_POINT ( 'NONE',  ( 75.00000000000000000, 44.99999999999999289, 0.000000000000000000 ) ) ;
#3864 = CARTESIAN_POINT ( 'NONE',  ( 27.11389941078661536, 71.12337289908458615, 5.000000000000000000 ) ) ;
#3865 = VERTEX_POINT ( 'NONE', #3008 ) ;
#3866 = CARTESIAN_POINT ( 'NONE',  ( 17.57029234899437498, 67.16261583822674197, 5.000000000000000000 ) ) ;
#3867 = CARTESIAN_POINT ( 'NONE',  ( 41.19160789426833702, 63.02673180877590653, 4.599999999999999645 ) ) ;
#3868 = DIRECTION ( 'NONE',  ( -1.000000000000000000, 0.000000000000000000, 0.000000000000000000 ) ) ;
#3869 = CARTESIAN_POINT ( 'NONE',  ( 0.2518094684370378311, 74.81067960955685692, 0.7554284053110944530 ) ) ;
#3870 = CARTESIAN_POINT ( 'NONE',  ( 23.96329594661243689, 60.01231934864183160, 5.000000000000000000 ) ) ;
#3871 = CARTESIAN_POINT ( 'NONE',  ( 1.499999994035233097, 46.33612760128816888, 1.499999994035267292 ) ) ;
#3872 = LINE ( 'NONE', #4694, #1834 ) ;
#3873 = ORIENTED_EDGE ( 'NONE', *, *, #837, .F. ) ;
#3874 = LINE ( 'NONE', #5034, #1007 ) ;
#3875 = FACE_OUTER_BOUND ( 'NONE', #4315, .T. ) ;
#3876 = EDGE_CURVE ( 'NONE', #4055, #1505, #3772, .T. ) ;
#3877 = LINE ( 'NONE', #3410, #292 ) ;
#3878 = CARTESIAN_POINT ( 'NONE',  ( 35.87667499726751430, 69.15288993489288316, 5.000000000000000000 ) ) ;
#3879 = EDGE_CURVE ( 'NONE', #1867, #4940, #2904, .T. ) ;
#3880 = VECTOR ( 'NONE', #2888, 1000.000000000000000 ) ;
#3881 = ORIENTED_EDGE ( 'NONE', *, *, #2074, .F. ) ;
#3882 = ORIENTED_EDGE ( 'NONE', *, *, #2066, .T. ) ;
#3883 = ORIENTED_EDGE ( 'NONE', *, *, #2595, .T. ) ;
#3884 = VECTOR ( 'NONE', #2756, 1000.000000000000000 ) ;
#3885 = FACE_OUTER_BOUND ( 'NONE', #2869, .T. ) ;
#3886 = PLANE ( 'NONE',  #1526 ) ;
#3887 = EDGE_CURVE ( 'NONE', #3209, #4013, #5002, .T. ) ;
#3888 = DIRECTION ( 'NONE',  ( -0.000000000000000000, -0.000000000000000000, 1.000000000000000000 ) ) ;
#3889 = AXIS2_PLACEMENT_3D ( 'NONE', #3238, #4095, #2857 ) ;
#3890 = VERTEX_POINT ( 'NONE', #1415 ) ;
#3891 = ORIENTED_EDGE ( 'NONE', *, *, #1476, .T. ) ;
#3892 = FACE_OUTER_BOUND ( 'NONE', #368, .T. ) ;
#3893 = CARTESIAN_POINT ( 'NONE',  ( 58.98905642500519519, 50.81109250854794368, 4.599999999999999645 ) ) ;
#3894 = DIRECTION ( 'NONE',  ( -1.000000000000000000, 4.625929269271485914E-16, 0.000000000000000000 ) ) ;
#3895 = B_SPLINE_SURFACE_WITH_KNOTS ( 'NONE', 3, 1, ( 
 ( #1905, #4696 ),
 ( #815, #4720 ),
 ( #3073, #4237 ),
 ( #1122, #2660 ) ),
 .UNSPECIFIED., .F., .F., .F.,
 ( 4, 4 ),
 ( 2, 2 ),
 ( 35.00000000000000000, 36.00000000000000000 ),
 ( 0.000000000000000000, 1.000000000000000000 ),
 .UNSPECIFIED. ) ;
#3896 = CARTESIAN_POINT ( 'NONE',  ( 1.499999999999997558, 46.49999999999999289, 0.5000000000000000000 ) ) ;
#3897 = EDGE_CURVE ( 'NONE', #139, #2956, #3793, .T. ) ;
#3898 = AXIS2_PLACEMENT_3D ( 'NONE', #2117, #3304, #2171 ) ;
#3899 = CARTESIAN_POINT ( 'NONE',  ( 34.58037044103966906, 60.18697884857790115, 4.599999999999999645 ) ) ;
#3900 = CARTESIAN_POINT ( 'NONE',  ( 28.50223509472851191, 52.24071647654527339, 5.000000000000000000 ) ) ;
#3901 = LINE ( 'NONE', #3333, #3821 ) ;
#3902 = EDGE_CURVE ( 'NONE', #2460, #4626, #2582, .T. ) ;
#3903 = ORIENTED_EDGE ( 'NONE', *, *, #3299, .T. ) ;
#3904 = CARTESIAN_POINT ( 'NONE',  ( 58.60291684388124622, 51.57570027742514185, 5.000000000000000000 ) ) ;
#3905 = DIRECTION ( 'NONE',  ( 0.9999976573062887564, 0.002164574307901916041, 0.000000000000000000 ) ) ;
#3906 = DIRECTION ( 'NONE',  ( -1.000000000000000000, 0.000000000000000000, 0.000000000000000000 ) ) ;
#3907 = CARTESIAN_POINT ( 'NONE',  ( 35.00763628465025334, 51.82798241853258503, 4.599999999999999645 ) ) ;
#3908 = ORIENTED_EDGE ( 'NONE', *, *, #1553, .T. ) ;
#3909 = EDGE_CURVE ( 'NONE', #1860, #3207, #1820, .T. ) ;
#3910 = ORIENTED_EDGE ( 'NONE', *, *, #4686, .F. ) ;
#3911 = ORIENTED_EDGE ( 'NONE', *, *, #2796, .F. ) ;
#3912 = ADVANCED_FACE ( 'NONE', ( #4585 ), #2918, .F. ) ;
#3913 = CARTESIAN_POINT ( 'NONE',  ( 35.75026295860399017, 54.22116314799411896, 5.000000000000000000 ) ) ;
#3914 = CARTESIAN_POINT ( 'NONE',  ( 65.35148764806179145, 19.38669273430911844, 5.000000000000000000 ) ) ;
#3915 = CARTESIAN_POINT ( 'NONE',  ( 69.99999999999998579, 5.000000000000000000, -12.50000000000000000 ) ) ;
#3916 = AXIS2_PLACEMENT_3D ( 'NONE', #1637, #3088, #137 ) ;
#3917 = ADVANCED_FACE ( 'NONE', ( #2619 ), #4821, .F. ) ;
#3918 = ORIENTED_EDGE ( 'NONE', *, *, #3191, .F. ) ;
#3919 = DIRECTION ( 'NONE',  ( 0.9999976573062887564, 0.002164574307892184243, 0.000000000000000000 ) ) ;
#3920 = DIRECTION ( 'NONE',  ( 0.000000000000000000, 1.000000000000000000, 0.000000000000000000 ) ) ;
#3921 = AXIS2_PLACEMENT_3D ( 'NONE', #422, #1584, #4341 ) ;
#3922 = EDGE_CURVE ( 'NONE', #237, #846, #3662, .T. ) ;
#3923 = ORIENTED_EDGE ( 'NONE', *, *, #888, .F. ) ;
#3924 = CARTESIAN_POINT ( 'NONE',  ( 27.50000000000000000, 117.5000000000000000, -10.00000000000000000 ) ) ;
#3925 = DIRECTION ( 'NONE',  ( 1.000000000000000000, -0.000000000000000000, -0.000000000000000000 ) ) ;
#3926 = PLANE ( 'NONE',  #1991 ) ;
#3927 = ORIENTED_EDGE ( 'NONE', *, *, #1762, .T. ) ;
#3928 = FACE_OUTER_BOUND ( 'NONE', #2679, .T. ) ;
#3929 = ADVANCED_FACE ( 'NONE', ( #3875 ), #1930, .F. ) ;
#3930 = CARTESIAN_POINT ( 'NONE',  ( 0.4999999999999976130, 46.49999999999999289, 1.500000000000000000 ) ) ;
#3931 = CARTESIAN_POINT ( 'NONE',  ( 11.44999999999998863, 104.0999999999999943, 3.399999999999999911 ) ) ;
#3932 = DIRECTION ( 'NONE',  ( 0.000000000000000000, 1.000000000000000000, -0.000000000000000000 ) ) ;
#3933 = EDGE_CURVE ( 'NONE', #1354, #626, #2077, .T. ) ;
#3934 = ORIENTED_EDGE ( 'NONE', *, *, #2095, .F. ) ;
#3935 = ORIENTED_EDGE ( 'NONE', *, *, #1298, .T. ) ;
#3936 = ORIENTED_EDGE ( 'NONE', *, *, #3852, .F. ) ;
#3937 = B_SPLINE_SURFACE_WITH_KNOTS ( 'NONE', 3, 1, ( 
 ( #813, #1952 ),
 ( #3648, #3565 ),
 ( #3971, #459 ),
 ( #2003, #125 ) ),
 .UNSPECIFIED., .F., .F., .F.,
 ( 4, 4 ),
 ( 2, 2 ),
 ( 23.00000000000000000, 24.00000000000000000 ),
 ( 0.000000000000000000, 1.000000000000000000 ),
 .UNSPECIFIED. ) ;
#3938 = CARTESIAN_POINT ( 'NONE',  ( 67.50000000000000000, 4.999999999999993783, -12.50000000000000000 ) ) ;
#3939 = FACE_OUTER_BOUND ( 'NONE', #85, .T. ) ;
#3940 = FACE_OUTER_BOUND ( 'NONE', #2091, .T. ) ;
#3941 = AXIS2_PLACEMENT_3D ( 'NONE', #609, #3757, #3328 ) ;
#3942 = VERTEX_POINT ( 'NONE', #742 ) ;
#3943 = CARTESIAN_POINT ( 'NONE',  ( 47.91652405408409265, 67.12953676969294747, 4.599999999999999645 ) ) ;
#3944 = FACE_OUTER_BOUND ( 'NONE', #185, .T. ) ;
#3945 = CARTESIAN_POINT ( 'NONE',  ( -10.92803065941448004, 6.425623486521693017, 4.599999999999999645 ) ) ;
#3946 = DIRECTION ( 'NONE',  ( -0.7071067811865493491, -0.7071067811865455743, 0.000000000000000000 ) ) ;
#3947 = CARTESIAN_POINT ( 'NONE',  ( 29.89265525571779136, 60.09923018964615693, 5.000000000000000000 ) ) ;
#3948 = CARTESIAN_POINT ( 'NONE',  ( 52.50000000000000711, 114.9999999999999858, -15.00000000000000000 ) ) ;
#3949 = EDGE_LOOP ( 'NONE', ( #1507, #2975, #2792, #4831 ) ) ;
#3950 = LINE ( 'NONE', #1145, #4539 ) ;
#3951 = CARTESIAN_POINT ( 'NONE',  ( 57.57466414737992721, 17.25576323075712182, 4.599999999999999645 ) ) ;
#3952 = PLANE ( 'NONE',  #4183 ) ;
#3953 = ADVANCED_FACE ( 'NONE', ( #3145 ), #3244, .F. ) ;
#3954 = EDGE_LOOP ( 'NONE', ( #3384, #3680, #637, #4800 ) ) ;
#3955 = VERTEX_POINT ( 'NONE', #3930 ) ;
#3956 = ORIENTED_EDGE ( 'NONE', *, *, #1913, .F. ) ;
#3957 = CARTESIAN_POINT ( 'NONE',  ( 69.99999999999998579, 5.000000000000000000, 0.000000000000000000 ) ) ;
#3958 = CARTESIAN_POINT ( 'NONE',  ( 36.14294705659228413, 60.21152601110345159, 4.599999999999999645 ) ) ;
#3959 = CARTESIAN_POINT ( 'NONE',  ( 18.96433980743245939, 58.67872639927966816, 4.599999999999999645 ) ) ;
#3960 = EDGE_LOOP ( 'NONE', ( #1836, #1133, #1465, #1799 ) ) ;
#3961 = VERTEX_POINT ( 'NONE', #2834 ) ;
#3962 = EDGE_CURVE ( 'NONE', #2921, #2424, #4407, .T. ) ;
#3963 = DIRECTION ( 'NONE',  ( 0.000000000000000000, 0.000000000000000000, -1.000000000000000000 ) ) ;
#3964 = CARTESIAN_POINT ( 'NONE',  ( 37.50000000000000000, 26.24999999999999289, 0.000000000000000000 ) ) ;
#3965 = CARTESIAN_POINT ( 'NONE',  ( 31.44353972331855118, 65.52771775452278291, 4.599999999999999645 ) ) ;
#3966 = CARTESIAN_POINT ( 'NONE',  ( 75.00000000000000000, 44.99999999999999289, 0.000000000000000000 ) ) ;
#3967 = ADVANCED_FACE ( 'NONE', ( #1342 ), #2158, .T. ) ;
#3968 = EDGE_CURVE ( 'NONE', #1523, #2478, #469, .T. ) ;
#3969 = PLANE ( 'NONE',  #2234 ) ;
#3970 = CARTESIAN_POINT ( 'NONE',  ( 29.88269561313709133, 64.70051189553737458, 5.000000000000000000 ) ) ;
#3971 = CARTESIAN_POINT ( 'NONE',  ( 39.52096675179606677, 50.99823335541131542, 4.599999999999999645 ) ) ;
#3972 = VECTOR ( 'NONE', #5081, 1000.000000000000000 ) ;
#3973 = EDGE_CURVE ( 'NONE', #1556, #2424, #28, .T. ) ;
#3974 = ORIENTED_EDGE ( 'NONE', *, *, #282, .T. ) ;
#3975 = CARTESIAN_POINT ( 'NONE',  ( 31.45523698125404621, 60.12377736324087607, 5.000000000000000000 ) ) ;
#3976 = CYLINDRICAL_SURFACE ( 'NONE', #4461, 5.000000000000000000 ) ;
#3977 = VECTOR ( 'NONE', #4670, 1000.000000000000000 ) ;
#3978 = CARTESIAN_POINT ( 'NONE',  ( 0.09884803827792058850, 74.62950804072157496, 0.9917937397773900488 ) ) ;
#3979 = VECTOR ( 'NONE', #2250, 1000.000000000000000 ) ;
#3980 = EDGE_CURVE ( 'NONE', #653, #4701, #2344, .T. ) ;
#3981 = EDGE_LOOP ( 'NONE', ( #1428, #1793, #1387, #1698 ) ) ;
#3982 = ORIENTED_EDGE ( 'NONE', *, *, #661, .F. ) ;
#3983 = VERTEX_POINT ( 'NONE', #2569 ) ;
#3984 = CARTESIAN_POINT ( 'NONE',  ( 36.14986462676659329, 57.01572259455750213, 5.000000000000000000 ) ) ;
#3985 = CARTESIAN_POINT ( 'NONE',  ( 28.99618295937897372, 45.67025248322667608, 4.599999999999999645 ) ) ;
#3986 = LINE ( 'NONE', #2790, #508 ) ;
#3987 = CARTESIAN_POINT ( 'NONE',  ( 51.27523411172361278, 66.83697843894681512, 4.599999999999999645 ) ) ;
#3988 = ORIENTED_EDGE ( 'NONE', *, *, #4991, .F. ) ;
#3989 = AXIS2_PLACEMENT_3D ( 'NONE', #2131, #198, #1749 ) ;
#3990 = ORIENTED_EDGE ( 'NONE', *, *, #117, .F. ) ;
#3991 = CARTESIAN_POINT ( 'NONE',  ( 0.5000000000000007772, 74.37867965644035451, 1.500000000000000000 ) ) ;
#3992 = DIRECTION ( 'NONE',  ( 1.000000000000000000, 0.000000000000000000, 0.000000000000000000 ) ) ;
#3993 = VECTOR ( 'NONE', #275, 1000.000000000000000 ) ;
#3994 = PLANE ( 'NONE',  #2084 ) ;
#3995 = CARTESIAN_POINT ( 'NONE',  ( 39.52096675179606677, 50.99823335541131542, 4.599999999999999645 ) ) ;
#3996 = ADVANCED_FACE ( 'NONE', ( #938, #228, #1726, #4074, #1780 ), #4492, .F. ) ;
#3997 = DIRECTION ( 'NONE',  ( 0.000000000000000000, -1.000000000000000000, 0.000000000000000000 ) ) ;
#3998 = FACE_OUTER_BOUND ( 'NONE', #4459, .T. ) ;
#3999 = CONICAL_SURFACE ( 'NONE', #1779, 7.500000000000032863, 0.7853981633974510546 ) ;
#4000 = DIRECTION ( 'NONE',  ( 0.002164574307903472522, -0.9999976573062887564, 0.000000000000000000 ) ) ;
#4001 = ORIENTED_EDGE ( 'NONE', *, *, #2296, .F. ) ;
#4002 = CARTESIAN_POINT ( 'NONE',  ( 2.499999999999998668, 3.535533905932731980, -11.03553390593273953 ) ) ;
#4003 = FACE_OUTER_BOUND ( 'NONE', #322, .T. ) ;
#4004 = CARTESIAN_POINT ( 'NONE',  ( 0.2303039929152725651, 73.69932582160834045, 1.499999999999999556 ) ) ;
#4005 = ORIENTED_EDGE ( 'NONE', *, *, #4386, .F. ) ;
#4006 = EDGE_LOOP ( 'NONE', ( #612, #4575, #1959, #3085 ) ) ;
#4007 = ORIENTED_EDGE ( 'NONE', *, *, #2306, .F. ) ;
#4008 = LINE ( 'NONE', #1941, #3226 ) ;
#4009 = ADVANCED_FACE ( 'NONE', ( #3345 ), #4922, .F. ) ;
#4010 = CARTESIAN_POINT ( 'NONE',  ( 34.58037044103966906, 60.18697884857790115, 5.000000000000000000 ) ) ;
#4011 = CARTESIAN_POINT ( 'NONE',  ( 17.50000000000000000, 120.0000000000000000, 0.000000000000000000 ) ) ;
#4012 = FACE_OUTER_BOUND ( 'NONE', #1460, .T. ) ;
#4013 = VERTEX_POINT ( 'NONE', #629 ) ;
#4014 = ORIENTED_EDGE ( 'NONE', *, *, #810, .F. ) ;
#4015 = FACE_OUTER_BOUND ( 'NONE', #3284, .T. ) ;
#4016 = CARTESIAN_POINT ( 'NONE',  ( 63.54999999999999716, 15.99999999999999289, 3.399999999999999911 ) ) ;
#4017 = DIRECTION ( 'NONE',  ( 1.000000000000000000, -0.000000000000000000, -0.000000000000000000 ) ) ;
#4018 = CARTESIAN_POINT ( 'NONE',  ( 38.24081909576754867, 68.78763099782081269, 4.599999999999999645 ) ) ;
#4019 = ORIENTED_EDGE ( 'NONE', *, *, #2893, .T. ) ;
#4020 = ORIENTED_EDGE ( 'NONE', *, *, #2578, .T. ) ;
#4021 = CARTESIAN_POINT ( 'NONE',  ( 73.50000000000000000, 46.40182416234465990, 0.4999999999345502988 ) ) ;
#4022 = CARTESIAN_POINT ( 'NONE',  ( 37.79313599863449724, -0.2453156435208566355, 4.599999999999999645 ) ) ;
#4023 = CARTESIAN_POINT ( 'NONE',  ( 35.09940047173320465, 68.10004456002852180, 4.599999999999999645 ) ) ;
#4024 = FACE_OUTER_BOUND ( 'NONE', #3393, .T. ) ;
#4025 = DIRECTION ( 'NONE',  ( 0.9812001574316255859, 0.1929928782524191200, 0.000000000000000000 ) ) ;
#4026 = CARTESIAN_POINT ( 'NONE',  ( 63.55000000000001137, 104.0999999999999943, 3.399999999999999911 ) ) ;
#4027 = AXIS2_PLACEMENT_3D ( 'NONE', #3712, #4396, #2850 ) ;
#4028 = ORIENTED_EDGE ( 'NONE', *, *, #2095, .T. ) ;
#4029 = EDGE_LOOP ( 'NONE', ( #1127, #2113, #570, #1984 ) ) ;
#4030 = ORIENTED_EDGE ( 'NONE', *, *, #654, .F. ) ;
#4031 = EDGE_CURVE ( 'NONE', #4583, #3194, #2911, .T. ) ;
#4032 = EDGE_CURVE ( 'NONE', #2505, #2168, #286, .T. ) ;
#4033 = CARTESIAN_POINT ( 'NONE',  ( 11.45000000000000107, 15.99999999999998224, 3.399999999999999911 ) ) ;
#4034 = CARTESIAN_POINT ( 'NONE',  ( 11.45000000000000107, 17.99999999999998934, 3.399999999999999911 ) ) ;
#4035 = CARTESIAN_POINT ( 'NONE',  ( 26.17347629967591871, 69.52399929548073487, 4.599999999999999645 ) ) ;
#4036 = DIRECTION ( 'NONE',  ( -0.000000000000000000, 0.000000000000000000, 1.000000000000000000 ) ) ;
#4037 = EDGE_CURVE ( 'NONE', #1581, #2890, #1560, .T. ) ;
#4038 = ORIENTED_EDGE ( 'NONE', *, *, #2306, .T. ) ;
#4039 = ORIENTED_EDGE ( 'NONE', *, *, #1971, .T. ) ;
#4040 = LINE ( 'NONE', #1186, #5054 ) ;
#4041 = FACE_OUTER_BOUND ( 'NONE', #2494, .T. ) ;
#4042 = DIRECTION ( 'NONE',  ( -1.000000000000000000, 0.000000000000000000, 0.000000000000000000 ) ) ;
#4043 = CYLINDRICAL_SURFACE ( 'NONE', #1177, 1.000000000000000000 ) ;
#4044 = ORIENTED_EDGE ( 'NONE', *, *, #639, .T. ) ;
#4045 = CARTESIAN_POINT ( 'NONE',  ( 74.02252790794209147, 45.30360659631839582, 0.9774720920583146455 ) ) ;
#4046 = CARTESIAN_POINT ( 'NONE',  ( 16.97589199274863958, 59.84551655870923526, 5.000000000000000000 ) ) ;
#4047 = EDGE_CURVE ( 'NONE', #4992, #2718, #4561, .T. ) ;
#4048 = CARTESIAN_POINT ( 'NONE',  ( 39.39999999999999858, 91.55000000000001137, 3.399999999999999911 ) ) ;
#4049 = CARTESIAN_POINT ( 'NONE',  ( 50.49088868411232056, 67.42082781729087060, 5.000000000000000000 ) ) ;
#4050 = DIRECTION ( 'NONE',  ( -0.9579024225551637794, -0.2870939721814942391, 0.000000000000000000 ) ) ;
#4051 = CARTESIAN_POINT ( 'NONE',  ( 12.49999999999998934, 4.999999999999993783, -4.999999999999989342 ) ) ;
#4052 = DIRECTION ( 'NONE',  ( 0.000000000000000000, 0.000000000000000000, 1.000000000000000000 ) ) ;
#4053 = VECTOR ( 'NONE', #4205, 1000.000000000000000 ) ;
#4054 = VECTOR ( 'NONE', #3381, 1000.000000000000000 ) ;
#4055 = VERTEX_POINT ( 'NONE', #2597 ) ;
#4056 = ORIENTED_EDGE ( 'NONE', *, *, #2610, .T. ) ;
#4057 = ORIENTED_EDGE ( 'NONE', *, *, #1670, .T. ) ;
#4058 = VECTOR ( 'NONE', #4852, 1000.000000000000000 ) ;
#4059 = VECTOR ( 'NONE', #2897, 1000.000000000000000 ) ;
#4060 = VECTOR ( 'NONE', #2583, 1000.000000000000000 ) ;
#4061 = CARTESIAN_POINT ( 'NONE',  ( 63.82145453975622473, 3.806667673894479798, 4.599999999999999645 ) ) ;
#4062 = B_SPLINE_SURFACE_WITH_KNOTS ( 'NONE', 3, 1, ( 
 ( #1967, #3558 ),
 ( #1774, #166 ),
 ( #4147, #2152 ),
 ( #4841, #3742 ),
 ( #3717, #960 ),
 ( #3262, #4069 ) ),
 .UNSPECIFIED., .F., .F., .F.,
 ( 4, 2, 4 ),
 ( 2, 2 ),
 ( 2.000000000000000000, 3.000000000000000000, 4.000000000000000000 ),
 ( 0.000000000000000000, 1.000000000000000000 ),
 .UNSPECIFIED. ) ;
#4063 = CARTESIAN_POINT ( 'NONE',  ( 52.50000000000001421, 117.5000000000000142, -11.03553390593273775 ) ) ;
#4064 = CARTESIAN_POINT ( 'NONE',  ( 5.000000000000000000, 2.499999999999993783, 0.000000000000000000 ) ) ;
#4065 = CARTESIAN_POINT ( 'NONE',  ( 50.49088868411231346, 67.42082781729087060, 4.599999999999999645 ) ) ;
#4066 = ORIENTED_EDGE ( 'NONE', *, *, #3156, .F. ) ;
#4067 = ADVANCED_FACE ( 'NONE', ( #966 ), #3318, .F. ) ;
#4068 = ORIENTED_EDGE ( 'NONE', *, *, #2577, .T. ) ;
#4069 = CARTESIAN_POINT ( 'NONE',  ( 23.96329594661243689, 60.01231934864183160, 5.000000000000000000 ) ) ;
#4070 = CARTESIAN_POINT ( 'NONE',  ( 57.57466414737992721, 17.25576323075712182, 5.000000000000000000 ) ) ;
#4071 = CARTESIAN_POINT ( 'NONE',  ( 28.99618295937897017, 74.32974751677330971, 4.599999999999999645 ) ) ;
#4072 = ORIENTED_EDGE ( 'NONE', *, *, #3902, .T. ) ;
#4073 = VECTOR ( 'NONE', #2489, 1000.000000000000000 ) ;
#4074 = FACE_OUTER_BOUND ( 'NONE', #2431, .T. ) ;
#4075 = DIRECTION ( 'NONE',  ( 0.000000000000000000, 0.000000000000000000, -1.000000000000000000 ) ) ;
#4076 = ADVANCED_FACE ( 'NONE', ( #3798 ), #1824, .T. ) ;
#4077 = CARTESIAN_POINT ( 'NONE',  ( 35.32993193914360575, 69.15170646614373595, 4.599999999999999645 ) ) ;
#4078 = DIRECTION ( 'NONE',  ( -0.002164574307904652134, 0.9999976573062887564, 0.000000000000000000 ) ) ;
#4079 = EDGE_CURVE ( 'NONE', #1889, #3759, #3322, .T. ) ;
#4080 = CARTESIAN_POINT ( 'NONE',  ( -10.21421437156032219, 51.93035535905706013, 4.599999999999999645 ) ) ;
#4081 = CARTESIAN_POINT ( 'NONE',  ( 39.62958920622759962, 51.33356971989758932, 5.000000000000000000 ) ) ;
#4082 = EDGE_LOOP ( 'NONE', ( #4282, #3407, #2043, #1126, #1564 ) ) ;
#4083 = ORIENTED_EDGE ( 'NONE', *, *, #2162, .F. ) ;
#4084 = EDGE_CURVE ( 'NONE', #542, #3209, #7, .T. ) ;
#4085 = ORIENTED_EDGE ( 'NONE', *, *, #1167, .F. ) ;
#4086 = SURFACE_STYLE_FILL_AREA ( #3332 ) ;
#4087 = CARTESIAN_POINT ( 'NONE',  ( 14.02141606605299806, 65.68048437519374261, 4.599999999999999645 ) ) ;
#4088 = ADVANCED_FACE ( 'NONE', ( #3892 ), #79, .F. ) ;
#4089 = CARTESIAN_POINT ( 'NONE',  ( 56.31831518861017827, 68.97138550662481293, 5.000000000000000000 ) ) ;
#4090 = CARTESIAN_POINT ( 'NONE',  ( 35.77095332533829009, 65.84749438515547126, 4.599999999999999645 ) ) ;
#4091 = ORIENTED_EDGE ( 'NONE', *, *, #1377, .T. ) ;
#4092 = ORIENTED_EDGE ( 'NONE', *, *, #330, .F. ) ;
#4093 = DIRECTION ( 'NONE',  ( -0.000000000000000000, -1.000000000000000000, 0.000000000000000000 ) ) ;
#4094 = CARTESIAN_POINT ( 'NONE',  ( 1.499999999999997558, 46.49999999999999289, 0.5000000000000000000 ) ) ;
#4095 = DIRECTION ( 'NONE',  ( -0.1929928782507674689, 0.9812001574319505481, 0.000000000000000000 ) ) ;
#4096 = EDGE_CURVE ( 'NONE', #2294, #1860, #3504, .T. ) ;
#4097 = ORIENTED_EDGE ( 'NONE', *, *, #2659, .T. ) ;
#4098 = ORIENTED_EDGE ( 'NONE', *, *, #243, .T. ) ;
#4099 = CARTESIAN_POINT ( 'NONE',  ( 41.19160789426834413, 63.02673180877590653, 4.599999999999999645 ) ) ;
#4100 = DIRECTION ( 'NONE',  ( 0.000000000000000000, 0.000000000000000000, 1.000000000000000000 ) ) ;
#4101 = CARTESIAN_POINT ( 'NONE',  ( 34.58037044103966906, 60.18697884857790115, 4.599999999999999645 ) ) ;
#4102 = DIRECTION ( 'NONE',  ( 0.000000000000000000, -1.000000000000000000, 0.000000000000000000 ) ) ;
#4103 = VECTOR ( 'NONE', #4543, 1000.000000000000000 ) ;
#4104 = CARTESIAN_POINT ( 'NONE',  ( 75.00000000000000000, 75.00000000000000000, -2.755455298081542313E-16 ) ) ;
#4105 = B_SPLINE_SURFACE_WITH_KNOTS ( 'NONE', 3, 1, ( 
 ( #4520, #231 ),
 ( #1782, #3347 ),
 ( #2961, #631 ),
 ( #2232, #2210 ) ),
 .UNSPECIFIED., .F., .F., .F.,
 ( 4, 4 ),
 ( 2, 2 ),
 ( 0.000000000000000000, 1.000000000000000000 ),
 ( 0.000000000000000000, 1.000000000000000000 ),
 .UNSPECIFIED. ) ;
#4106 = EDGE_CURVE ( 'NONE', #525, #1889, #708, .T. ) ;
#4107 = CARTESIAN_POINT ( 'NONE',  ( 11.44999999999998863, 102.0999999999999943, 0.000000000000000000 ) ) ;
#4108 = B_SPLINE_CURVE_WITH_KNOTS ( 'NONE', 3,
 ( #1850, #4974, #1040, #2599 ),
 .UNSPECIFIED., .F., .F.,
 ( 4, 4 ),
 ( 43.00000000000000000, 44.00000000000000000 ),
 .UNSPECIFIED. ) ;
#4109 = ORIENTED_EDGE ( 'NONE', *, *, #4785, .T. ) ;
#4110 = ORIENTED_EDGE ( 'NONE', *, *, #1453, .T. ) ;
#4111 = CARTESIAN_POINT ( 'NONE',  ( 11.44999999999998863, 104.0999999999999943, 0.000000000000000000 ) ) ;
#4112 = CARTESIAN_POINT ( 'NONE',  ( 49.81101981722417804, 63.73675655674161789, 4.599999999999999645 ) ) ;
#4113 = LINE ( 'NONE', #5083, #4713 ) ;
#4115 = EDGE_CURVE ( 'NONE', #486, #1218, #4687, .T. ) ;
#4114 = LINE ( 'NONE', #594, #4729 ) ;
#4116 = ORIENTED_EDGE ( 'NONE', *, *, #1918, .T. ) ;
#4117 = ORIENTED_EDGE ( 'NONE', *, *, #4439, .F. ) ;
#4118 = LINE ( 'NONE', #1312, #1588 ) ;
#4119 = DIRECTION ( 'NONE',  ( -0.000000000000000000, -0.000000000000000000, 1.000000000000000000 ) ) ;
#4120 = CARTESIAN_POINT ( 'NONE',  ( 34.56461345859662515, 67.13590885259914387, 4.599999999999999645 ) ) ;
#4121 = EDGE_CURVE ( 'NONE', #924, #2713, #1158, .T. ) ;
#4122 = VERTEX_POINT ( 'NONE', #1467 ) ;
#4123 = ORIENTED_EDGE ( 'NONE', *, *, #1858, .F. ) ;
#4124 = CARTESIAN_POINT ( 'NONE',  ( 39.20752677072000125, 50.76827381737618339, 5.000000000000000000 ) ) ;
#4125 = CARTESIAN_POINT ( 'NONE',  ( 65.55000000000001137, 102.0999999999999943, 0.000000000000000000 ) ) ;
#4126 = CLOSED_SHELL ( 'NONE', ( #3431, #3762, #307, #4599, #1803, #1538, #687, #1334, #1078, #3598, #699, #2995, #1618, #3996, #41, #2274, #3729, #57, #4412, #4951, #1371, #2256, #3376, #4532, #4467, #2517, #745, #2894, #2762, #2145, #5040, #1524, #3436, #203, #3532, #3045, #866, #3350, #2730, #4799, #995, #5056, #3704, #4134, #126, #3502, #2228, #3198, #2238, #3967, #2287, #1165, #5001, #2860, #399, #968, #4721, #2674, #406, #2463, #2831, #2981, #3857, #3953, #2200, #2964, #1883, #1682, #342, #3784, #3929, #4925, #1043, #2803, #1973, #5032, #335, #221, #709, #4129, #1720, #3513, #4285, #3452, #3694, #4067, #1533, #2036, #3623, #1903, #3076, #86, #552, #4447, #273, #1700, #4384, #2037, #2122, #1489, #2683, #1602, #4370, #1589, #3917, #2609, #2416, #3584, #2581, #1705, #820, #170, #3755, #284, #579, #4009, #800, #5020, #861, #767, #4231, #1605, #1645, #1713, #4761, #1356, #324, #4343, #2523, #4088, #3054, #3367, #2002, #2379, #2280, #3216, #4253, #2261, #2940, #1003, #246, #3736, #3058, #2973, #4076, #3471, #1017, #1400, #2633, #488, #4671, #2090, #4217, #2352, #4273, #3912 ) ) ;
#4127 = FACE_OUTER_BOUND ( 'NONE', #2580, .T. ) ;
#4128 = DIRECTION ( 'NONE',  ( 0.000000000000000000, 0.000000000000000000, -1.000000000000000000 ) ) ;
#4129 = ADVANCED_FACE ( 'NONE', ( #2719 ), #4479, .T. ) ;
#4130 = EDGE_CURVE ( 'NONE', #3027, #4553, #1895, .T. ) ;
#4131 = CARTESIAN_POINT ( 'NONE',  ( 74.69272661944366121, 74.69950020189061490, 0.9218201416690187111 ) ) ;
#4132 = CARTESIAN_POINT ( 'NONE',  ( 0.000000000000000000, 0.000000000000000000, 0.000000000000000000 ) ) ;
#4133 = DIRECTION ( 'NONE',  ( 0.000000000000000000, 0.000000000000000000, -1.000000000000000000 ) ) ;
#4134 = ADVANCED_FACE ( 'NONE', ( #4249, #306, #1873 ), #1946, .T. ) ;
#4135 = ORIENTED_EDGE ( 'NONE', *, *, #437, .T. ) ;
#4136 = ORIENTED_EDGE ( 'NONE', *, *, #3541, .F. ) ;
#4137 = LINE ( 'NONE', #2970, #3741 ) ;
#4138 = EDGE_CURVE ( 'NONE', #5022, #2736, #4636, .T. ) ;
#4139 = DIRECTION ( 'NONE',  ( 0.000000000000000000, 0.000000000000000000, -1.000000000000000000 ) ) ;
#4140 = CARTESIAN_POINT ( 'NONE',  ( 18.96159110272099824, 59.94858267635414251, 5.000000000000000000 ) ) ;
#4141 = CARTESIAN_POINT ( 'NONE',  ( 48.65312595226107106, 67.41684983397829001, 4.599999999999999645 ) ) ;
#4142 = AXIS2_PLACEMENT_3D ( 'NONE', #3250, #3650, #3677 ) ;
#4143 = ORIENTED_EDGE ( 'NONE', *, *, #730, .T. ) ;
#4144 = ORIENTED_EDGE ( 'NONE', *, *, #4874, .T. ) ;
#4145 = VERTEX_POINT ( 'NONE', #2673 ) ;
#4146 = AXIS2_PLACEMENT_3D ( 'NONE', #1844, #3417, #3496 ) ;
#4147 = CARTESIAN_POINT ( 'NONE',  ( 17.47486356014925235, 52.58369472743159179, 4.599999999999999645 ) ) ;
#4148 = CARTESIAN_POINT ( 'NONE',  ( 60.15309437322863317, 50.81361216108685142, 5.000000000000000000 ) ) ;
#4149 = CARTESIAN_POINT ( 'NONE',  ( 18.96159110272099824, 59.94858267635414251, 4.599999999999999645 ) ) ;
#4150 = AXIS2_PLACEMENT_3D ( 'NONE', #3247, #1625, #2028 ) ;
#4151 = ORIENTED_EDGE ( 'NONE', *, *, #4908, .T. ) ;
#4152 = DIRECTION ( 'NONE',  ( 0.000000000000000000, 0.000000000000000000, -1.000000000000000000 ) ) ;
#4153 = LINE ( 'NONE', #2231, #1192 ) ;
#4154 = CARTESIAN_POINT ( 'NONE',  ( 38.85478914024159991, 50.76751028877510663, 4.599999999999999645 ) ) ;
#4155 = FACE_OUTER_BOUND ( 'NONE', #1099, .T. ) ;
#4156 = EDGE_CURVE ( 'NONE', #4336, #4772, #732, .T. ) ;
#4157 = B_SPLINE_CURVE_WITH_KNOTS ( 'NONE', 3,
 ( #2410, #1211, #3995, #2829 ),
 .UNSPECIFIED., .F., .F.,
 ( 4, 4 ),
 ( 23.00000000000000000, 24.00000000000000000 ),
 .UNSPECIFIED. ) ;
#4158 = VECTOR ( 'NONE', #1996, 1000.000000000000000 ) ;
#4159 = CARTESIAN_POINT ( 'NONE',  ( 74.60244617794749900, 74.41498464624837084, 1.192661466157833638 ) ) ;
#4160 = CARTESIAN_POINT ( 'NONE',  ( 27.50000000000000000, -0.001000000000001000089, -5.000000000000000000 ) ) ;
#4161 = AXIS2_PLACEMENT_3D ( 'NONE', #2700, #4275, #3259 ) ;
#4162 = ORIENTED_EDGE ( 'NONE', *, *, #4364, .T. ) ;
#4163 = ORIENTED_EDGE ( 'NONE', *, *, #482, .T. ) ;
#4164 = CARTESIAN_POINT ( 'NONE',  ( 56.98449280162159880, 69.20210790046715488, 4.599999999999999645 ) ) ;
#4165 = DIRECTION ( 'NONE',  ( -1.000000000000000000, 0.000000000000000000, 0.000000000000000000 ) ) ;
#4166 = CARTESIAN_POINT ( 'NONE',  ( 38.14833781771924492, 54.47679853951059670, 5.000000000000000000 ) ) ;
#4167 = VECTOR ( 'NONE', #722, 1000.000000000000000 ) ;
#4168 = VERTEX_POINT ( 'NONE', #3086 ) ;
#4169 = ORIENTED_EDGE ( 'NONE', *, *, #1189, .F. ) ;
#4170 = ORIENTED_EDGE ( 'NONE', *, *, #1180, .T. ) ;
#4171 = CARTESIAN_POINT ( 'NONE',  ( 37.62837630339784312, -6.524415688749411579, 4.599999999999999645 ) ) ;
#4172 = DIRECTION ( 'NONE',  ( 1.000000000000000000, 0.000000000000000000, 0.000000000000000000 ) ) ;
#4173 = CARTESIAN_POINT ( 'NONE',  ( 31.44353972331855118, 65.52771775452278291, 4.599999999999999645 ) ) ;
#4174 = VERTEX_POINT ( 'NONE', #4663 ) ;
#4175 = ORIENTED_EDGE ( 'NONE', *, *, #3139, .T. ) ;
#4176 = CARTESIAN_POINT ( 'NONE',  ( 60.99528194064776443, 51.21050410893639082, 5.000000000000000000 ) ) ;
#4177 = LINE ( 'NONE', #1875, #3241 ) ;
#4178 = DIRECTION ( 'NONE',  ( -0.000000000000000000, -0.000000000000000000, 1.000000000000000000 ) ) ;
#4179 = CARTESIAN_POINT ( 'NONE',  ( 0.7554284053110952302, 74.81067960955685692, 0.2518094684370369429 ) ) ;
#4180 = CARTESIAN_POINT ( 'NONE',  ( 73.52279433010969001, 73.82492459606893931, 1.477205669890325535 ) ) ;
#4181 = CARTESIAN_POINT ( 'NONE',  ( 0.000000000000000000, 0.000000000000000000, 0.000000000000000000 ) ) ;
#4182 = CARTESIAN_POINT ( 'NONE',  ( -10.92803065941448004, 6.425623486521693017, 4.599999999999999645 ) ) ;
#4183 = AXIS2_PLACEMENT_3D ( 'NONE', #3222, #1200, #2842 ) ;
#4184 = ORIENTED_EDGE ( 'NONE', *, *, #4328, .F. ) ;
#4185 = DIRECTION ( 'NONE',  ( 1.000000000000000000, 4.163336342344356748E-15, 0.000000000000000000 ) ) ;
#4186 = LINE ( 'NONE', #3074, #4301 ) ;
#4187 = LINE ( 'NONE', #4988, #4167 ) ;
#4188 = CARTESIAN_POINT ( 'NONE',  ( -0.1135253844867327028, 52.44685669470982248, 5.000000000000000000 ) ) ;
#4189 = AXIS2_PLACEMENT_3D ( 'NONE', #1706, #4050, #4466 ) ;
#4190 = EDGE_LOOP ( 'NONE', ( #4890, #1938, #1037, #401 ) ) ;
#4191 = EDGE_CURVE ( 'NONE', #2823, #1030, #1134, .T. ) ;
#4192 = ORIENTED_EDGE ( 'NONE', *, *, #2629, .T. ) ;
#4193 = ORIENTED_EDGE ( 'NONE', *, *, #1160, .T. ) ;
#4194 = EDGE_CURVE ( 'NONE', #4501, #3027, #3531, .T. ) ;
#4195 = CARTESIAN_POINT ( 'NONE',  ( 51.97385331965852373, 56.96884372970191635, 5.000000000000000000 ) ) ;
#4196 = DIRECTION ( 'NONE',  ( 0.000000000000000000, 1.000000000000000000, 0.000000000000000000 ) ) ;
#4197 = CARTESIAN_POINT ( 'NONE',  ( 14.03395320428463044, 59.88853312862018896, 4.599999999999999645 ) ) ;
#4198 = EDGE_LOOP ( 'NONE', ( #2418, #3433, #1327 ) ) ;
#4199 = B_SPLINE_CURVE_WITH_KNOTS ( 'NONE', 3,
 ( #3048, #3807, #721, #4624, #1094, #4960, #4650, #2661, #2635, #1838, #4238, #2999, #3855, #2244 ),
 .UNSPECIFIED., .F., .F.,
 ( 4, 2, 2, 2, 2, 2, 4 ),
 ( 0.000000000000000000, 0.0002946116245286738546, 0.0005892232490573477092, 0.0008838348735860214554, 0.001178446498114695418, 0.001767669747172043561, 0.002356892996229391704 ),
 .UNSPECIFIED. ) ;
#4200 = CARTESIAN_POINT ( 'NONE',  ( 23.95290432188574670, 64.81307871474692206, 4.599999999999999645 ) ) ;
#4201 = PLANE ( 'NONE',  #2025 ) ;
#4202 = LINE ( 'NONE', #3825, #876 ) ;
#4203 = CARTESIAN_POINT ( 'NONE',  ( -1.489101926129251159E-15, 75.00000000000000000, -7.963299097640736740E-16 ) ) ;
#4204 = DIRECTION ( 'NONE',  ( -0.000000000000000000, -0.000000000000000000, 1.000000000000000000 ) ) ;
#4205 = DIRECTION ( 'NONE',  ( -0.000000000000000000, -1.000000000000000000, -0.000000000000000000 ) ) ;
#4206 = CARTESIAN_POINT ( 'NONE',  ( 1.301747370749579025, 45.74827394718921880, 0.4339157902498696484 ) ) ;
#4207 = EDGE_LOOP ( 'NONE', ( #4781, #1531, #1162, #4854, #4627, #69 ) ) ;
#4208 = ORIENTED_EDGE ( 'NONE', *, *, #3114, .F. ) ;
#4209 = DIRECTION ( 'NONE',  ( -0.000000000000000000, -0.000000000000000000, 1.000000000000000000 ) ) ;
#4210 = CARTESIAN_POINT ( 'NONE',  ( 35.32993193914360575, 69.15170646614373595, 4.599999999999999645 ) ) ;
#4211 = CARTESIAN_POINT ( 'NONE',  ( 43.86543613087226845, 62.99724613215688862, 4.599999999999999645 ) ) ;
#4212 = VERTEX_POINT ( 'NONE', #1619 ) ;
#4213 = ORIENTED_EDGE ( 'NONE', *, *, #2082, .F. ) ;
#4214 = EDGE_LOOP ( 'NONE', ( #196, #372, #4994, #3512 ) ) ;
#4215 = CARTESIAN_POINT ( 'NONE',  ( 0.2303039929152719822, 46.49999999999999289, 1.500000000000000000 ) ) ;
#4216 = CARTESIAN_POINT ( 'NONE',  ( 61.25000000000001421, 116.2499999999999858, -15.00000000000000000 ) ) ;
#4217 = ADVANCED_FACE ( 'NONE', ( #2071 ), #2744, .T. ) ;
#4218 = CARTESIAN_POINT ( 'NONE',  ( 61.25000000000001421, 117.5000000000000000, 0.000000000000000000 ) ) ;
#4219 = EDGE_LOOP ( 'NONE', ( #3644, #2190, #4915, #4151 ) ) ;
#4220 = VECTOR ( 'NONE', #3563, 1000.000000000000000 ) ;
#4221 = EDGE_CURVE ( 'NONE', #3769, #705, #1800, .T. ) ;
#4222 = VERTEX_POINT ( 'NONE', #2045 ) ;
#4223 = AXIS2_PLACEMENT_3D ( 'NONE', #1554, #3170, #1246 ) ;
#4224 = CARTESIAN_POINT ( 'NONE',  ( 47.18616342779203876, 52.54924062573878274, 4.599999999999999645 ) ) ;
#4225 = AXIS2_PLACEMENT_3D ( 'NONE', #4645, #3511, #2147 ) ;
#4226 = EDGE_CURVE ( 'NONE', #4772, #2952, #30, .T. ) ;
#4227 = VECTOR ( 'NONE', #1695, 1000.000000000000000 ) ;
#4228 = LINE ( 'NONE', #710, #2500 ) ;
#4229 = CARTESIAN_POINT ( 'NONE',  ( 69.99999999999998579, 5.000000000000000000, 0.000000000000000000 ) ) ;
#4230 = DIRECTION ( 'NONE',  ( -0.000000000000000000, 1.000000000000000000, -0.000000000000000000 ) ) ;
#4231 = ADVANCED_FACE ( 'NONE', ( #62 ), #3187, .F. ) ;
#4232 = CARTESIAN_POINT ( 'NONE',  ( 34.59541195506342603, 53.23804725903598722, 4.599999999999999645 ) ) ;
#4233 = EDGE_CURVE ( 'NONE', #5022, #3354, #862, .T. ) ;
#4234 = CARTESIAN_POINT ( 'NONE',  ( 0.3975538220526730337, 45.58501535375197022, 1.192661466158059236 ) ) ;
#4235 = CARTESIAN_POINT ( 'NONE',  ( 0.000000000000000000, 2.499999999999996003, -10.00000000000000178 ) ) ;
#4236 = ORIENTED_EDGE ( 'NONE', *, *, #1540, .F. ) ;
#4237 = CARTESIAN_POINT ( 'NONE',  ( 54.53551570398803250, 56.61106762017198690, 5.000000000000000000 ) ) ;
#4238 = CARTESIAN_POINT ( 'NONE',  ( 74.94563355144116201, 74.80938657795199731, 0.7573604411477068421 ) ) ;
#4239 = CARTESIAN_POINT ( 'NONE',  ( 14.04654379219795857, 54.07188900997300607, 5.000000000000000000 ) ) ;
#4240 = ORIENTED_EDGE ( 'NONE', *, *, #2832, .F. ) ;
#4241 = VERTEX_POINT ( 'NONE', #3210 ) ;
#4242 = VERTEX_POINT ( 'NONE', #4371 ) ;
#4243 = DIRECTION ( 'NONE',  ( -0.000000000000000000, -0.000000000000000000, 1.000000000000000000 ) ) ;
#4244 = AXIS2_PLACEMENT_3D ( 'NONE', #3305, #1765, #4887 ) ;
#4245 = CARTESIAN_POINT ( 'NONE',  ( 0.000000000000000000, 5.000000000000000000, 0.000000000000000000 ) ) ;
#4246 = DIRECTION ( 'NONE',  ( -0.000000000000000000, -0.000000000000000000, 1.000000000000000000 ) ) ;
#4247 = VERTEX_POINT ( 'NONE', #448 ) ;
#4248 = ORIENTED_EDGE ( 'NONE', *, *, #4908, .F. ) ;
#4249 = FACE_BOUND ( 'NONE', #1979, .T. ) ;
#4250 = CARTESIAN_POINT ( 'NONE',  ( 41.96291306052567904, 63.57867512623392514, 4.599999999999999645 ) ) ;
#4251 = LINE ( 'NONE', #309, #1198 ) ;
#4252 = LINE ( 'NONE', #310, #2574 ) ;
#4253 = ADVANCED_FACE ( 'NONE', ( #2021 ), #2908, .F. ) ;
#4254 = DIRECTION ( 'NONE',  ( 1.000000000000000000, 0.000000000000000000, 0.000000000000000000 ) ) ;
#4255 = CARTESIAN_POINT ( 'NONE',  ( 0.4999999999345479118, 46.40182416234465990, 1.500000000000000000 ) ) ;
#4256 = CARTESIAN_POINT ( 'NONE',  ( 30.84107323525157796, -9.955243575954488833, 4.599999999999999645 ) ) ;
#4257 = ORIENTED_EDGE ( 'NONE', *, *, #4497, .T. ) ;
#4258 = VECTOR ( 'NONE', #4848, 1000.000000000000000 ) ;
#4259 = CARTESIAN_POINT ( 'NONE',  ( 37.79313599863449724, -0.2453156435208566355, 4.599999999999999645 ) ) ;
#4260 = EDGE_CURVE ( 'NONE', #2294, #207, #1567, .T. ) ;
#4261 = DIRECTION ( 'NONE',  ( -0.000000000000000000, -0.000000000000000000, 1.000000000000000000 ) ) ;
#4262 = LINE ( 'NONE', #2292, #2260 ) ;
#4263 = VERTEX_POINT ( 'NONE', #4783 ) ;
#4264 = ORIENTED_EDGE ( 'NONE', *, *, #4867, .T. ) ;
#4265 = VERTEX_POINT ( 'NONE', #1258 ) ;
#4266 = CARTESIAN_POINT ( 'NONE',  ( 2.499999999999998668, 4.999999999999993783, -12.50000000000000000 ) ) ;
#4267 = EDGE_CURVE ( 'NONE', #2689, #287, #4401, .T. ) ;
#4268 = CARTESIAN_POINT ( 'NONE',  ( 75.00000000000000000, 44.99999999999999289, 0.000000000000000000 ) ) ;
#4269 = DIRECTION ( 'NONE',  ( 0.9999976573062887564, 0.002164574307901916041, 0.000000000000000000 ) ) ;
#4270 = VERTEX_POINT ( 'NONE', #2433 ) ;
#4271 = CARTESIAN_POINT ( 'NONE',  ( 59.15031960174529502, 69.19974004816644708, 4.599999999999999645 ) ) ;
#4272 = CARTESIAN_POINT ( 'NONE',  ( 58.60291684388124622, 51.57570027742514185, 4.599999999999999645 ) ) ;
#4273 = ADVANCED_FACE ( 'NONE', ( #4015 ), #2768, .T. ) ;
#4274 = VECTOR ( 'NONE', #189, 1000.000000000000000 ) ;
#4275 = DIRECTION ( 'NONE',  ( -0.000000000000000000, -0.000000000000000000, 1.000000000000000000 ) ) ;
#4276 = CARTESIAN_POINT ( 'NONE',  ( 0.9218201416690011696, 74.69950020189062911, 0.3072733805563552245 ) ) ;
#4277 = FACE_OUTER_BOUND ( 'NONE', #2405, .T. ) ;
#4278 = CARTESIAN_POINT ( 'NONE',  ( 0.1308739639280527556, 45.03904101202306975, 0.3926218917843757317 ) ) ;
#4279 = EDGE_CURVE ( 'NONE', #2438, #3380, #4707, .T. ) ;
#4280 = CARTESIAN_POINT ( 'NONE',  ( 43.08109070326097623, 63.58109551050129937, 4.599999999999999645 ) ) ;
#4281 = EDGE_CURVE ( 'NONE', #187, #4583, #4040, .T. ) ;
#4282 = ORIENTED_EDGE ( 'NONE', *, *, #5028, .T. ) ;
#4283 = CARTESIAN_POINT ( 'NONE',  ( 73.50000000596422467, 46.33612760128817598, 1.499999994035267514 ) ) ;
#4284 = CARTESIAN_POINT ( 'NONE',  ( 52.49999999999999289, 116.2500000000000000, -15.00000000000000000 ) ) ;
#4285 = ADVANCED_FACE ( 'NONE', ( #806 ), #4062, .T. ) ;
#4286 = DIRECTION ( 'NONE',  ( 1.000000000000000000, 0.000000000000000000, 0.000000000000000000 ) ) ;
#4287 = ORIENTED_EDGE ( 'NONE', *, *, #1787, .F. ) ;
#4288 = ORIENTED_EDGE ( 'NONE', *, *, #4979, .F. ) ;
#4289 = ORIENTED_EDGE ( 'NONE', *, *, #2382, .T. ) ;
#4290 = CARTESIAN_POINT ( 'NONE',  ( 0.1287816849443608191, 45.50840060444937052, 1.129678126890393708 ) ) ;
#4291 = DIRECTION ( 'NONE',  ( -0.000000000000000000, -0.000000000000000000, 1.000000000000000000 ) ) ;
#4292 = CARTESIAN_POINT ( 'NONE',  ( 1.500000000000000888, 73.50000000000000000, 0.000000000000000000 ) ) ;
#4293 = EDGE_CURVE ( 'NONE', #486, #3052, #1796, .T. ) ;
#4294 = VERTEX_POINT ( 'NONE', #933 ) ;
#4295 = CARTESIAN_POINT ( 'NONE',  ( 59.58065994151687761, 69.20067155399181047, 4.599999999999999645 ) ) ;
#4296 = VECTOR ( 'NONE', #4327, 1000.000000000000000 ) ;
#4297 = LINE ( 'NONE', #807, #4566 ) ;
#4298 = B_SPLINE_SURFACE_WITH_KNOTS ( 'NONE', 3, 1, ( 
 ( #1902, #3483 ),
 ( #5031, #593 ),
 ( #1522, #1001 ),
 ( #2559, #1143 ),
 ( #717, #3093 ),
 ( #336, #4140 ) ),
 .UNSPECIFIED., .F., .F., .F.,
 ( 4, 2, 4 ),
 ( 2, 2 ),
 ( 2.000000000000000000, 3.000000000000000000, 4.000000000000000000 ),
 ( 0.000000000000000000, 1.000000000000000000 ),
 .UNSPECIFIED. ) ;
#4299 = CARTESIAN_POINT ( 'NONE',  ( 38.23827591779982527, 68.33259183104274825, 4.599999999999999645 ) ) ;
#4300 = PRODUCT_DEFINITION_FORMATION_WITH_SPECIFIED_SOURCE ( 'ANY', '', #2399, .NOT_KNOWN. ) ;
#4301 = VECTOR ( 'NONE', #4209, 1000.000000000000000 ) ;
#4302 = EDGE_LOOP ( 'NONE', ( #646, #4838, #4369, #2621 ) ) ;
#4303 = EDGE_CURVE ( 'NONE', #851, #250, #4485, .T. ) ;
#4304 = CARTESIAN_POINT ( 'NONE',  ( 74.90115196172206424, 45.37049195927841083, 0.9917937397773899377 ) ) ;
#4305 = CARTESIAN_POINT ( 'NONE',  ( 29.90268027374996151, 55.46778468053395272, 4.599999999999999645 ) ) ;
#4306 = LINE ( 'NONE', #1271, #3070 ) ;
#4307 = VERTEX_POINT ( 'NONE', #3340 ) ;
#4308 = DIRECTION ( 'NONE',  ( 0.000000000000000000, -1.000000000000000000, 0.000000000000000000 ) ) ;
#4309 = CARTESIAN_POINT ( 'NONE',  ( 74.46269279592280554, 45.07125415900014076, 0.5373072040761216472 ) ) ;
#4310 = DIRECTION ( 'NONE',  ( -0.000000000000000000, -0.000000000000000000, 1.000000000000000000 ) ) ;
#4311 = CARTESIAN_POINT ( 'NONE',  ( 61.25000000000000711, 114.9999999999999858, -15.00000000000000000 ) ) ;
#4312 = VECTOR ( 'NONE', #1084, 1000.000000000000000 ) ;
#4313 = ORIENTED_EDGE ( 'NONE', *, *, #2135, .T. ) ;
#4314 = CIRCLE ( 'NONE', #2061, 1.250000000000001110 ) ;
#4315 = EDGE_LOOP ( 'NONE', ( #4072, #4083, #2019 ) ) ;
#4316 = ORIENTED_EDGE ( 'NONE', *, *, #3716, .T. ) ;
#4317 = AXIS2_PLACEMENT_3D ( 'NONE', #2708, #2051, #3905 ) ;
#4318 = CARTESIAN_POINT ( 'NONE',  ( 60.99528194064776443, 51.21050410893639082, 4.599999999999999645 ) ) ;
#4319 = CYLINDRICAL_SURFACE ( 'NONE', #689, 1.250000000000001110 ) ;
#4320 = CARTESIAN_POINT ( 'NONE',  ( 21.45251452048412588, 58.04918181031906244, 4.599999999999999645 ) ) ;
#4321 = VERTEX_POINT ( 'NONE', #2125 ) ;
#4322 = VECTOR ( 'NONE', #559, 1000.000000000000000 ) ;
#4323 = VERTEX_POINT ( 'NONE', #3690 ) ;
#4324 = DIRECTION ( 'NONE',  ( 1.000000000000000000, 0.000000000000000000, 0.000000000000000000 ) ) ;
#4325 = CARTESIAN_POINT ( 'NONE',  ( 43.86543613087225424, 62.99724613215688862, 5.000000000000000000 ) ) ;
#4326 = CARTESIAN_POINT ( 'NONE',  ( 47.92276532451271720, 52.83655436281766526, 4.599999999999999645 ) ) ;
#4327 = DIRECTION ( 'NONE',  ( -1.000000000000000000, 0.000000000000000000, 0.000000000000000000 ) ) ;
#4328 = EDGE_CURVE ( 'NONE', #3150, #4168, #2953, .T. ) ;
#4329 = DIRECTION ( 'NONE',  ( -0.3071847255501460316, -0.9516499064197303515, 0.000000000000000000 ) ) ;
#4330 = CARTESIAN_POINT ( 'NONE',  ( 45.34840069594080347, 52.54526264242618794, 5.000000000000000000 ) ) ;
#4331 = EDGE_LOOP ( 'NONE', ( #936, #4536, #321, #226 ) ) ;
#4332 = CARTESIAN_POINT ( 'NONE',  ( 52.50000000000000711, 112.4999999999999858, 0.000000000000000000 ) ) ;
#4333 = PLANE ( 'NONE',  #4551 ) ;
#4334 = DIRECTION ( 'NONE',  ( 1.000000000000000000, 0.000000000000000000, 0.000000000000000000 ) ) ;
#4335 = EDGE_CURVE ( 'NONE', #3338, #3027, #154, .T. ) ;
#4336 = VERTEX_POINT ( 'NONE', #1721 ) ;
#4337 = ORIENTED_EDGE ( 'NONE', *, *, #4544, .F. ) ;
#4338 = ORIENTED_EDGE ( 'NONE', *, *, #4454, .F. ) ;
#4339 = B_SPLINE_SURFACE_WITH_KNOTS ( 'NONE', 3, 1, ( 
 ( #4373, #4325 ),
 ( #428, #2770 ),
 ( #4348, #832 ),
 ( #64, #1621 ) ),
 .UNSPECIFIED., .F., .F., .F.,
 ( 4, 4 ),
 ( 2, 2 ),
 ( 10.00000000000000000, 11.00000000000000000 ),
 ( 0.000000000000000000, 1.000000000000000000 ),
 .UNSPECIFIED. ) ;
#4340 = CARTESIAN_POINT ( 'NONE',  ( 60.96604679571537133, 51.67958202849354876, 4.599999999999999645 ) ) ;
#4341 = DIRECTION ( 'NONE',  ( -1.000000000000000000, 0.000000000000000000, 0.000000000000000000 ) ) ;
#4342 = FACE_OUTER_BOUND ( 'NONE', #4727, .T. ) ;
#4343 = ADVANCED_FACE ( 'NONE', ( #4533 ), #3286, .F. ) ;
#4344 = ORIENTED_EDGE ( 'NONE', *, *, #5043, .F. ) ;
#4345 = EDGE_CURVE ( 'NONE', #1638, #2689, #2963, .T. ) ;
#4346 = ORIENTED_EDGE ( 'NONE', *, *, #1825, .T. ) ;
#4347 = CARTESIAN_POINT ( 'NONE',  ( 48.25805883730210155, 67.41599467984798366, 5.000000000000000000 ) ) ;
#4348 = CARTESIAN_POINT ( 'NONE',  ( 43.44441003206581087, 63.58188194402834625, 4.599999999999999645 ) ) ;
#4349 = EDGE_CURVE ( 'NONE', #4701, #4222, #3771, .T. ) ;
#4350 = FACE_OUTER_BOUND ( 'NONE', #621, .T. ) ;
#4351 = EDGE_LOOP ( 'NONE', ( #2115, #2614 ) ) ;
#4352 = DIRECTION ( 'NONE',  ( -0.000000000000000000, 1.000000000000000000, -0.000000000000000000 ) ) ;
#4353 = CYLINDRICAL_SURFACE ( 'NONE', #252, 2.499999999999995115 ) ;
#4354 = DIRECTION ( 'NONE',  ( -1.000000000000000000, 0.000000000000000000, 0.000000000000000000 ) ) ;
#4355 = ORIENTED_EDGE ( 'NONE', *, *, #1610, .T. ) ;
#4356 = CARTESIAN_POINT ( 'NONE',  ( 22.50000000000000355, 112.5000000000000000, 0.000000000000000000 ) ) ;
#4357 = CARTESIAN_POINT ( 'NONE',  ( 15.43487065834723104, 69.41552549916616499, 5.000000000000000000 ) ) ;
#4358 = DIRECTION ( 'NONE',  ( 0.9725882268251367924, -0.2325341717708094280, 0.000000000000000000 ) ) ;
#4359 = ORIENTED_EDGE ( 'NONE', *, *, #2672, .T. ) ;
#4360 = VERTEX_POINT ( 'NONE', #2591 ) ;
#4361 = ORIENTED_EDGE ( 'NONE', *, *, #1771, .T. ) ;
#4362 = CARTESIAN_POINT ( 'NONE',  ( 74.50000000000000000, 46.49999999999999289, 1.500000000000000000 ) ) ;
#4363 = CARTESIAN_POINT ( 'NONE',  ( 21.44437530280051263, 61.80936624298266935, 5.000000000000000000 ) ) ;
#4364 = EDGE_CURVE ( 'NONE', #1993, #2294, #3149, .T. ) ;
#4365 = LINE ( 'NONE', #4683, #2755 ) ;
#4366 = LINE ( 'NONE', #4065, #1681 ) ;
#4367 = ADVANCED_BREP_SHAPE_REPRESENTATION ( 'Ubiquiti-24W-Black', ( #4661, #1259 ), #4782 ) ;
#4368 = ORIENTED_EDGE ( 'NONE', *, *, #3858, .F. ) ;
#4369 = ORIENTED_EDGE ( 'NONE', *, *, #2959, .T. ) ;
#4370 = ADVANCED_FACE ( 'NONE', ( #1414 ), #573, .F. ) ;
#4371 = CARTESIAN_POINT ( 'NONE',  ( 65.55000000000001137, 17.99999999999998934, 0.000000000000000000 ) ) ;
#4372 = DIRECTION ( 'NONE',  ( 0.000000000000000000, -0.000000000000000000, -1.000000000000000000 ) ) ;
#4373 = CARTESIAN_POINT ( 'NONE',  ( 43.86543613087225424, 62.99724613215688862, 4.599999999999999645 ) ) ;
#4374 = DIRECTION ( 'NONE',  ( 0.06540457701180862893, -0.9978588283449250085, 0.000000000000000000 ) ) ;
#4375 = ORIENTED_EDGE ( 'NONE', *, *, #4762, .F. ) ;
#4376 = B_SPLINE_CURVE_WITH_KNOTS ( 'NONE', 3,
 ( #2654, #5061, #2286, #3455 ),
 .UNSPECIFIED., .F., .F.,
 ( 4, 4 ),
 ( 18.00000000000000000, 19.00000000000000000 ),
 .UNSPECIFIED. ) ;
#4377 = B_SPLINE_CURVE_WITH_KNOTS ( 'NONE', 3,
 ( #918, #1728, #3673, #4435 ),
 .UNSPECIFIED., .F., .F.,
 ( 4, 4 ),
 ( 10.00000000000000000, 11.00000000000000000 ),
 .UNSPECIFIED. ) ;
#4378 = CARTESIAN_POINT ( 'NONE',  ( 74.95617666767023479, 45.15278095438171846, 0.6668159076367717875 ) ) ;
#4379 = CARTESIAN_POINT ( 'NONE',  ( 29.89265525571779136, 60.09923018964610009, 5.000000000000000000 ) ) ;
#4380 = CARTESIAN_POINT ( 'NONE',  ( 44.56405526832952546, 53.12911202077057737, 5.000000000000000000 ) ) ;
#4381 = CIRCLE ( 'NONE', #31, 5.000000000000000000 ) ;
#4382 = EDGE_LOOP ( 'NONE', ( #4878, #1600, #2149 ) ) ;
#4383 = VECTOR ( 'NONE', #3443, 1000.000000000000000 ) ;
#4384 = ADVANCED_FACE ( 'NONE', ( #4893 ), #1032, .F. ) ;
#4385 = CYLINDRICAL_SURFACE ( 'NONE', #3036, 1.899999999999999023 ) ;
#4386 = EDGE_CURVE ( 'NONE', #773, #3300, #2202, .T. ) ;
#4387 = DIRECTION ( 'NONE',  ( 0.000000000000000000, 1.000000000000000000, 0.000000000000000000 ) ) ;
#4388 = VECTOR ( 'NONE', #1120, 1000.000000000000000 ) ;
#4389 = CARTESIAN_POINT ( 'NONE',  ( 52.50000000000000000, 114.9999999999999858, -15.00000000000000711 ) ) ;
#4390 = AXIS2_PLACEMENT_3D ( 'NONE', #2794, #3963, #2407 ) ;
#4391 = ORIENTED_EDGE ( 'NONE', *, *, #2110, .F. ) ;
#4392 = ORIENTED_EDGE ( 'NONE', *, *, #2136, .F. ) ;
#4393 = EDGE_LOOP ( 'NONE', ( #2753, #327, #1461, #4144 ) ) ;
#4394 = CARTESIAN_POINT ( 'NONE',  ( 41.30377374508643840, 63.35502291448069911, 5.000000000000000000 ) ) ;
#4395 = CARTESIAN_POINT ( 'NONE',  ( 22.50000000000000355, 112.5000000000000000, -10.00000000000000000 ) ) ;
#4396 = DIRECTION ( 'NONE',  ( 1.000000000000000000, 0.000000000000000000, 0.000000000000000000 ) ) ;
#4397 = DIRECTION ( 'NONE',  ( 0.000000000000000000, 0.000000000000000000, -1.000000000000000000 ) ) ;
#4398 = VERTEX_POINT ( 'NONE', #4510 ) ;
#4399 = AXIS2_PLACEMENT_3D ( 'NONE', #270, #2541, #2126 ) ;
#4400 = ORIENTED_EDGE ( 'NONE', *, *, #2014, .F. ) ;
#4401 = LINE ( 'NONE', #3636, #455 ) ;
#4402 = FACE_OUTER_BOUND ( 'NONE', #281, .T. ) ;
#4403 = CARTESIAN_POINT ( 'NONE',  ( 18.96159110272099824, 59.94858267635414251, 4.599999999999999645 ) ) ;
#4404 = DIRECTION ( 'NONE',  ( 0.9999976573062887564, 0.002164574307900884748, 0.000000000000000000 ) ) ;
#4405 = PRODUCT_DEFINITION_CONTEXT ( 'detailed design', #61, 'design' ) ;
#4406 = VERTEX_POINT ( 'NONE', #2540 ) ;
#4407 = LINE ( 'NONE', #3394, #2670 ) ;
#4408 = LINE ( 'NONE', #2026, #3972 ) ;
#4409 = FACE_OUTER_BOUND ( 'NONE', #4985, .T. ) ;
#4410 = CARTESIAN_POINT ( 'NONE',  ( 44.56405526832953967, 53.12911202077057737, 5.000000000000000000 ) ) ;
#4411 = EDGE_CURVE ( 'NONE', #2891, #49, #4118, .T. ) ;
#4412 = ADVANCED_FACE ( 'NONE', ( #599 ), #4455, .F. ) ;
#4413 = DIRECTION ( 'NONE',  ( -0.000000000000000000, -0.000000000000000000, 1.000000000000000000 ) ) ;
#4414 = CARTESIAN_POINT ( 'NONE',  ( 52.75819874726981595, 56.38499435135753401, 5.000000000000000000 ) ) ;
#4415 = VERTEX_POINT ( 'NONE', #3466 ) ;
#4416 = ORIENTED_EDGE ( 'NONE', *, *, #476, .T. ) ;
#4417 = EDGE_LOOP ( 'NONE', ( #3434, #216, #441, #339 ) ) ;
#4418 = CARTESIAN_POINT ( 'NONE',  ( 36.14294705659228413, 60.21152601110345159, 5.000000000000000000 ) ) ;
#4419 = CARTESIAN_POINT ( 'NONE',  ( 34.59541195506342603, 53.23804725903598722, 4.599999999999999645 ) ) ;
#4420 = CARTESIAN_POINT ( 'NONE',  ( 65.55000000000001137, 102.0999999999999943, 3.399999999999999911 ) ) ;
#4421 = CARTESIAN_POINT ( 'NONE',  ( 74.76969600708471830, 46.49999999999999289, 1.500000000000000000 ) ) ;
#4422 = ORIENTED_EDGE ( 'NONE', *, *, #3388, .F. ) ;
#4423 = ORIENTED_EDGE ( 'NONE', *, *, #3774, .F. ) ;
#4424 = VECTOR ( 'NONE', #2469, 1000.000000000000000 ) ;
#4425 = EDGE_CURVE ( 'NONE', #1872, #1429, #3389, .T. ) ;
#4426 = CARTESIAN_POINT ( 'NONE',  ( -6.938893903907228378E-15, 117.5000000000000142, -12.50000000000000000 ) ) ;
#4427 = CARTESIAN_POINT ( 'NONE',  ( 23.96329594661243689, 60.01231934864183160, 5.000000000000000000 ) ) ;
#4428 = FACE_OUTER_BOUND ( 'NONE', #4029, .T. ) ;
#4429 = CARTESIAN_POINT ( 'NONE',  ( 56.20969273636311669, 68.63604813294755047, 4.599999999999999645 ) ) ;
#4430 = VECTOR ( 'NONE', #484, 1000.000000000000000 ) ;
#4431 = ORIENTED_EDGE ( 'NONE', *, *, #4130, .F. ) ;
#4432 = CARTESIAN_POINT ( 'NONE',  ( 74.52553695498737341, 46.01667645971301113, 1.423389135037541386 ) ) ;
#4433 = EDGE_CURVE ( 'NONE', #3817, #3635, #4969, .T. ) ;
#4434 = CARTESIAN_POINT ( 'NONE',  ( 0.000000000000000000, 46.49999999999999289, 1.500000000000000000 ) ) ;
#4435 = CARTESIAN_POINT ( 'NONE',  ( 43.08109070326097623, 63.58109551050129937, 4.599999999999999645 ) ) ;
#4436 = CARTESIAN_POINT ( 'NONE',  ( 1.490330855880328320, 73.69634717512361988, 0.4967769519601281103 ) ) ;
#4437 = VECTOR ( 'NONE', #3195, 1000.000000000000000 ) ;
#4438 = LINE ( 'NONE', #3649, #1651 ) ;
#4439 = EDGE_CURVE ( 'NONE', #653, #4145, #4996, .T. ) ;
#4440 = DIRECTION ( 'NONE',  ( -1.387778780781445676E-15, 0.000000000000000000, -1.000000000000000000 ) ) ;
#4441 = EDGE_CURVE ( 'NONE', #1719, #4270, #2618, .T. ) ;
#4442 = VECTOR ( 'NONE', #752, 1000.000000000000000 ) ;
#4443 = ORIENTED_EDGE ( 'NONE', *, *, #4618, .F. ) ;
#4444 = ORIENTED_EDGE ( 'NONE', *, *, #770, .T. ) ;
#4445 = B_SPLINE_CURVE_WITH_KNOTS ( 'NONE', 3,
 ( #25, #801, #4394, #1204 ),
 .UNSPECIFIED., .F., .F.,
 ( 4, 4 ),
 ( 12.00000000000000000, 13.00000000000000000 ),
 .UNSPECIFIED. ) ;
#4446 = ORIENTED_EDGE ( 'NONE', *, *, #4883, .T. ) ;
#4447 = ADVANCED_FACE ( 'NONE', ( #3885 ), #2446, .F. ) ;
#4448 = CARTESIAN_POINT ( 'NONE',  ( 27.10923559923350012, 48.83376798311071809, 5.000000000000000000 ) ) ;
#4449 = FACE_OUTER_BOUND ( 'NONE', #822, .T. ) ;
#4450 = CARTESIAN_POINT ( 'NONE',  ( 29.89265525571779136, 60.09923018964615693, 5.000000000000000000 ) ) ;
#4451 = CARTESIAN_POINT ( 'NONE',  ( 57.57466414737992721, 17.25576323075712182, 4.599999999999999645 ) ) ;
#4452 = ORIENTED_EDGE ( 'NONE', *, *, #1888, .F. ) ;
#4453 = ORIENTED_EDGE ( 'NONE', *, *, #1937, .T. ) ;
#4454 = EDGE_CURVE ( 'NONE', #3955, #2242, #3081, .T. ) ;
#4455 = PLANE ( 'NONE',  #4477 ) ;
#4456 = EDGE_CURVE ( 'NONE', #4992, #1482, #675, .T. ) ;
#4457 = DIRECTION ( 'NONE',  ( 0.5107203677843021872, -0.8597468848040491496, 0.000000000000000000 ) ) ;
#4458 = CARTESIAN_POINT ( 'NONE',  ( 12.49999999999998934, 4.999999999999993783, -4.999999999999989342 ) ) ;
#4459 = EDGE_LOOP ( 'NONE', ( #1570, #4038, #1626 ) ) ;
#4460 = DIRECTION ( 'NONE',  ( -1.000000000000000000, 0.000000000000000000, -0.000000000000000000 ) ) ;
#4461 = AXIS2_PLACEMENT_3D ( 'NONE', #1603, #3572, #98 ) ;
#4462 = PLANE ( 'NONE',  #1955 ) ;
#4463 = CARTESIAN_POINT ( 'NONE',  ( 56.98449280162159880, 69.20210790046715488, 5.000000000000000000 ) ) ;
#4464 = CARTESIAN_POINT ( 'NONE',  ( 1.128200527441389545, 74.55402460371043105, 1.128200527441392875 ) ) ;
#4465 = EDGE_CURVE ( 'NONE', #1441, #4174, #1750, .T. ) ;
#4466 = DIRECTION ( 'NONE',  ( 0.2870939721814941836, -0.9579024225551636684, 0.000000000000000000 ) ) ;
#4467 = ADVANCED_FACE ( 'NONE', ( #2692 ), #5073, .T. ) ;
#4468 = CARTESIAN_POINT ( 'NONE',  ( 29.88269561313709133, 64.70051189553737458, 4.599999999999999645 ) ) ;
#4469 = CYLINDRICAL_SURFACE ( 'NONE', #5010, 1.500000000000000000 ) ;
#4470 = AXIS2_PLACEMENT_3D ( 'NONE', #2262, #5029, #684 ) ;
#4471 = AXIS2_PLACEMENT_3D ( 'NONE', #1583, #3605, #3176 ) ;
#4472 = VERTEX_POINT ( 'NONE', #3055 ) ;
#4473 = ORIENTED_EDGE ( 'NONE', *, *, #4521, .T. ) ;
#4474 = ORIENTED_EDGE ( 'NONE', *, *, #435, .T. ) ;
#4475 = VECTOR ( 'NONE', #1880, 1000.000000000000000 ) ;
#4476 = EDGE_CURVE ( 'NONE', #2586, #805, #4606, .T. ) ;
#4477 = AXIS2_PLACEMENT_3D ( 'NONE', #323, #2225, #348 ) ;
#4478 =( NAMED_UNIT ( * ) PLANE_ANGLE_UNIT ( ) SI_UNIT ( $, .RADIAN. ) );
#4479 = B_SPLINE_SURFACE_WITH_KNOTS ( 'NONE', 3, 1, ( 
 ( #2255, #3845 ),
 ( #4200, #1849 ),
 ( #2646, #679 ),
 ( #3037, #3866 ),
 ( #4613, #5077 ),
 ( #2230, #3423 ) ),
 .UNSPECIFIED., .F., .F., .F.,
 ( 4, 2, 4 ),
 ( 2, 2 ),
 ( 0.000000000000000000, 1.000000000000000000, 2.000000000000000000 ),
 ( 0.000000000000000000, 1.000000000000000000 ),
 .UNSPECIFIED. ) ;
#4480 = DIRECTION ( 'NONE',  ( -0.9999976573062887564, -0.002164574307904475192, 0.000000000000000000 ) ) ;
#4481 = DIRECTION ( 'NONE',  ( 1.000000000000000000, 0.000000000000000000, -1.387778780781445873E-15 ) ) ;
#4482 = CARTESIAN_POINT ( 'NONE',  ( 25.61020819466324028, 50.41079370095809509, 5.000000000000000000 ) ) ;
#4483 = ORIENTED_EDGE ( 'NONE', *, *, #1324, .F. ) ;
#4484 = ORIENTED_EDGE ( 'NONE', *, *, #1253, .T. ) ;
#4485 = LINE ( 'NONE', #2488, #2824 ) ;
#4486 = CARTESIAN_POINT ( 'NONE',  ( 28.05446503742488318, 47.25554083441714681, 4.599999999999999645 ) ) ;
#4487 = DIRECTION ( 'NONE',  ( -0.9999976573062887564, -0.002164574307906533442, 0.000000000000000000 ) ) ;
#4488 = ORIENTED_EDGE ( 'NONE', *, *, #3601, .F. ) ;
#4489 = ORIENTED_EDGE ( 'NONE', *, *, #4580, .F. ) ;
#4490 = EDGE_CURVE ( 'NONE', #3576, #924, #1079, .T. ) ;
#4491 = VECTOR ( 'NONE', #5079, 1000.000000000000000 ) ;
#4492 = PLANE ( 'NONE',  #1114 ) ;
#4493 = LINE ( 'NONE', #1397, #73 ) ;
#4494 = DIRECTION ( 'NONE',  ( 0.000000000000000000, 0.000000000000000000, -1.000000000000000000 ) ) ;
#4495 = CARTESIAN_POINT ( 'NONE',  ( 0.4967769519601289985, 73.69634717512361988, 1.490330855880327654 ) ) ;
#4496 = DIRECTION ( 'NONE',  ( 1.000000000000000000, -0.000000000000000000, -0.000000000000000000 ) ) ;
#4497 = EDGE_CURVE ( 'NONE', #2242, #4415, #821, .T. ) ;
#4498 = CIRCLE ( 'NONE', #3679, 2.000000000000005329 ) ;
#4499 = CYLINDRICAL_SURFACE ( 'NONE', #4142, 2.000000000000005329 ) ;
#4500 = FACE_OUTER_BOUND ( 'NONE', #2588, .T. ) ;
#4501 = VERTEX_POINT ( 'NONE', #269 ) ;
#4502 = ORIENTED_EDGE ( 'NONE', *, *, #634, .T. ) ;
#4503 = CARTESIAN_POINT ( 'NONE',  ( 35.60000000000000142, 26.24999999999999289, 0.4999999999999965583 ) ) ;
#4504 = EDGE_CURVE ( 'NONE', #186, #3865, #726, .T. ) ;
#4505 = FACE_OUTER_BOUND ( 'NONE', #1745, .T. ) ;
#4506 = CARTESIAN_POINT ( 'NONE',  ( 52.50000000000000000, -0.001000000000001000089, -15.00000000000000711 ) ) ;
#4507 = CARTESIAN_POINT ( 'NONE',  ( 14.03395320428463044, 59.88853312862018896, 5.000000000000000000 ) ) ;
#4508 = VERTEX_POINT ( 'NONE', #1179 ) ;
#4509 = ORIENTED_EDGE ( 'NONE', *, *, #3822, .F. ) ;
#4510 = CARTESIAN_POINT ( 'NONE',  ( 0.000000000000000000, 5.000000000000000000, 0.000000000000000000 ) ) ;
#4511 = CARTESIAN_POINT ( 'NONE',  ( 75.00000000000000000, 73.50000000000000000, 1.500000000000000000 ) ) ;
#4512 = EDGE_CURVE ( 'NONE', #1587, #4745, #1614, .T. ) ;
#4513 = DIRECTION ( 'NONE',  ( 0.000000000000000000, 0.000000000000000000, -1.000000000000000000 ) ) ;
#4514 = EDGE_CURVE ( 'NONE', #2736, #1974, #5051, .T. ) ;
#4515 = VECTOR ( 'NONE', #1727, 1000.000000000000000 ) ;
#4516 = ORIENTED_EDGE ( 'NONE', *, *, #2058, .T. ) ;
#4517 = ORIENTED_EDGE ( 'NONE', *, *, #988, .T. ) ;
#4518 = DIRECTION ( 'NONE',  ( -1.000000000000000000, 0.000000000000000000, 1.908195823574488050E-16 ) ) ;
#4519 = CARTESIAN_POINT ( 'NONE',  ( 0.000000000000000000, 120.0000000000000000, 0.000000000000000000 ) ) ;
#4520 = CARTESIAN_POINT ( 'NONE',  ( 33.01779607714239972, 60.15890489015593090, 4.599999999999999645 ) ) ;
#4521 = EDGE_CURVE ( 'NONE', #4145, #4222, #4445, .T. ) ;
#4522 = CARTESIAN_POINT ( 'NONE',  ( 73.79777450375253522, 74.46556032481962006, 1.202225496247733449 ) ) ;
#4523 = DIRECTION ( 'NONE',  ( 1.000000000000000000, 0.000000000000000000, 0.000000000000000000 ) ) ;
#4524 = EDGE_LOOP ( 'NONE', ( #4856, #4596, #2360, #2616 ) ) ;
#4525 = CARTESIAN_POINT ( 'NONE',  ( 63.55000000000001137, 104.0999999999999943, 3.399999999999999911 ) ) ;
#4526 = DIRECTION ( 'NONE',  ( -0.000000000000000000, 1.000000000000000000, -0.000000000000000000 ) ) ;
#4527 = LINE ( 'NONE', #4235, #1100 ) ;
#4528 = LINE ( 'NONE', #4188, #548 ) ;
#4529 = ORIENTED_EDGE ( 'NONE', *, *, #3922, .F. ) ;
#4530 = ORIENTED_EDGE ( 'NONE', *, *, #1746, .T. ) ;
#4531 = VERTEX_POINT ( 'NONE', #825 ) ;
#4532 = ADVANCED_FACE ( 'NONE', ( #443 ), #1658, .T. ) ;
#4533 = FACE_OUTER_BOUND ( 'NONE', #5072, .T. ) ;
#4534 = CARTESIAN_POINT ( 'NONE',  ( -3.980102097228902570E-15, 44.99999999999999289, 0.000000000000000000 ) ) ;
#4535 = FACE_OUTER_BOUND ( 'NONE', #2311, .T. ) ;
#4536 = ORIENTED_EDGE ( 'NONE', *, *, #3500, .F. ) ;
#4537 = CARTESIAN_POINT ( 'NONE',  ( 60.15309437322863317, 50.81361216108685852, 4.599999999999999645 ) ) ;
#4538 = DIRECTION ( 'NONE',  ( -1.000000000000000000, 0.000000000000000000, 0.000000000000000000 ) ) ;
#4539 = VECTOR ( 'NONE', #4308, 1000.000000000000000 ) ;
#4540 = CARTESIAN_POINT ( 'NONE',  ( 23.96329594661243689, 60.01231934864183160, 5.000000000000000000 ) ) ;
#4541 = CYLINDRICAL_SURFACE ( 'NONE', #1586, 2.499999999999995115 ) ;
#4542 = CARTESIAN_POINT ( 'NONE',  ( 56.20969273636310959, 68.63604813294755047, 4.599999999999999645 ) ) ;
#4543 = DIRECTION ( 'NONE',  ( -0.000000000000000000, 1.000000000000000000, -0.000000000000000000 ) ) ;
#4544 = EDGE_CURVE ( 'NONE', #2956, #3577, #1634, .T. ) ;
#4545 = ORIENTED_EDGE ( 'NONE', *, *, #4820, .T. ) ;
#4546 = DIRECTION ( 'NONE',  ( -4.163336342344356748E-15, 1.000000000000000000, 0.000000000000000000 ) ) ;
#4547 = CIRCLE ( 'NONE', #1986, 5.000000000000002665 ) ;
#4548 = DIRECTION ( 'NONE',  ( -0.000000000000000000, 1.000000000000000000, -0.000000000000000000 ) ) ;
#4549 = DIRECTION ( 'NONE',  ( -1.000000000000000000, 0.000000000000000000, 0.000000000000000000 ) ) ;
#4550 = CARTESIAN_POINT ( 'NONE',  ( 69.99999999999998579, 2.499999999999996003, -10.00000000000000178 ) ) ;
#4551 = AXIS2_PLACEMENT_3D ( 'NONE', #4698, #4387, #869 ) ;
#4552 = EDGE_LOOP ( 'NONE', ( #4163, #3126, #1353, #3353 ) ) ;
#4553 = VERTEX_POINT ( 'NONE', #2371 ) ;
#4554 = VERTEX_POINT ( 'NONE', #3938 ) ;
#4555 = PRESENTATION_LAYER_ASSIGNMENT (  '', '', ( #4794 ) ) ;
#4556 = CARTESIAN_POINT ( 'NONE',  ( 28.99618295937897017, 74.32974751677330971, 5.000000000000000000 ) ) ;
#4557 = APPLICATION_CONTEXT ( 'automotive_design' ) ;
#4558 = CARTESIAN_POINT ( 'NONE',  ( -6.938893903907228378E-15, 120.0000000000000142, -9.999999999999998224 ) ) ;
#4559 = FACE_OUTER_BOUND ( 'NONE', #4214, .T. ) ;
#4560 = ORIENTED_EDGE ( 'NONE', *, *, #400, .T. ) ;
#4561 = LINE ( 'NONE', #2958, #1769 ) ;
#4562 = FACE_OUTER_BOUND ( 'NONE', #1012, .T. ) ;
#4563 = CARTESIAN_POINT ( 'NONE',  ( -10.93025206120001513, 6.426919324222285290, 4.599999999999999645 ) ) ;
#4564 = CARTESIAN_POINT ( 'NONE',  ( 14.02141606605299806, 65.68048437519374261, 5.000000000000000000 ) ) ;
#4565 = AXIS2_PLACEMENT_3D ( 'NONE', #3777, #308, #3015 ) ;
#4566 = VECTOR ( 'NONE', #3588, 1000.000000000000000 ) ;
#4567 = AXIS2_PLACEMENT_3D ( 'NONE', #4860, #3307, #2536 ) ;
#4568 = DIRECTION ( 'NONE',  ( 0.000000000000000000, 0.7071067811865474617, -0.7071067811865476838 ) ) ;
#4569 = DIRECTION ( 'NONE',  ( -0.2325341717708094280, -0.9725882268251367924, 0.000000000000000000 ) ) ;
#4570 = CARTESIAN_POINT ( 'NONE',  ( 1.394230665565033833, 45.88162495592237633, 1.394230665565028948 ) ) ;
#4571 = EDGE_CURVE ( 'NONE', #785, #846, #4730, .T. ) ;
#4572 = VECTOR ( 'NONE', #2080, 999.9999999999998863 ) ;
#4573 = EDGE_CURVE ( 'NONE', #2423, #3806, #53, .T. ) ;
#4574 = B_SPLINE_CURVE_WITH_KNOTS ( 'NONE', 3,
 ( #3779, #560, #201, #1399 ),
 .UNSPECIFIED., .F., .F.,
 ( 4, 4 ),
 ( 19.00000000000000000, 20.00000000000000000 ),
 .UNSPECIFIED. ) ;
#4575 = ORIENTED_EDGE ( 'NONE', *, *, #1595, .F. ) ;
#4576 = CARTESIAN_POINT ( 'NONE',  ( 29.88269561313709133, 64.70051189553737458, 5.000000000000000000 ) ) ;
#4577 = CARTESIAN_POINT ( 'NONE',  ( 42.52799392477230356, 59.99606587957203629, 4.599999999999999645 ) ) ;
#4578 = FACE_OUTER_BOUND ( 'NONE', #2368, .T. ) ;
#4579 = DIRECTION ( 'NONE',  ( 0.000000000000000000, -1.000000000000000000, 0.000000000000000000 ) ) ;
#4580 = EDGE_CURVE ( 'NONE', #138, #3577, #3202, .T. ) ;
#4581 = ORIENTED_EDGE ( 'NONE', *, *, #2066, .F. ) ;
#4582 = ORIENTED_EDGE ( 'NONE', *, *, #2110, .T. ) ;
#4583 = VERTEX_POINT ( 'NONE', #105 ) ;
#4584 = CARTESIAN_POINT ( 'NONE',  ( 52.07689581311743154, 56.62338243729705312, 4.599999999999999645 ) ) ;
#4585 = FACE_OUTER_BOUND ( 'NONE', #3172, .T. ) ;
#4586 = CARTESIAN_POINT ( 'NONE',  ( 31.44353972331855118, 65.52771775452278291, 5.000000000000000000 ) ) ;
#4587 = ORIENTED_EDGE ( 'NONE', *, *, #1677, .T. ) ;
#4588 = CARTESIAN_POINT ( 'NONE',  ( 59.15031960174529502, 69.19974004816644708, 5.000000000000000000 ) ) ;
#4589 = FACE_OUTER_BOUND ( 'NONE', #1718, .T. ) ;
#4590 = CARTESIAN_POINT ( 'NONE',  ( 63.55000000000001137, 102.0999999999999943, 3.399999999999999911 ) ) ;
#4591 = CARTESIAN_POINT ( 'NONE',  ( 0.9774720920581811967, 74.69639340368199498, 0.9774720920581764227 ) ) ;
#4592 = LINE ( 'NONE', #4873, #3535 ) ;
#4593 = CARTESIAN_POINT ( 'NONE',  ( 51.97385331965853794, 56.96884372970191635, 4.599999999999999645 ) ) ;
#4594 = CARTESIAN_POINT ( 'NONE',  ( 0.9774720920583955808, 45.30360659631814002, 0.9774720920583900297 ) ) ;
#4595 = VECTOR ( 'NONE', #3781, 1000.000000000000114 ) ;
#4596 = ORIENTED_EDGE ( 'NONE', *, *, #179, .F. ) ;
#4597 = LINE ( 'NONE', #260, #104 ) ;
#4598 = EDGE_CURVE ( 'NONE', #3200, #2467, #495, .T. ) ;
#4599 = ADVANCED_FACE ( 'NONE', ( #847 ), #4749, .T. ) ;
#4600 = LINE ( 'NONE', #290, #692 ) ;
#4601 = FACE_OUTER_BOUND ( 'NONE', #3240, .T. ) ;
#4602 = CARTESIAN_POINT ( 'NONE',  ( 1.499999999999997558, 46.49999999999999289, 0.000000000000000000 ) ) ;
#4603 = ORIENTED_EDGE ( 'NONE', *, *, #888, .T. ) ;
#4604 = EDGE_LOOP ( 'NONE', ( #3050, #2892, #4422 ) ) ;
#4605 = VERTEX_POINT ( 'NONE', #2763 ) ;
#4606 = LINE ( 'NONE', #1534, #206 ) ;
#4607 = FACE_OUTER_BOUND ( 'NONE', #4524, .T. ) ;
#4608 = DIRECTION ( 'NONE',  ( 1.000000000000000000, -0.000000000000000000, -0.000000000000000000 ) ) ;
#4609 = ORIENTED_EDGE ( 'NONE', *, *, #3472, .T. ) ;
#4610 = EDGE_CURVE ( 'NONE', #2872, #2198, #3630, .T. ) ;
#4611 = EDGE_CURVE ( 'NONE', #2423, #2738, #3551, .T. ) ;
#4612 = ORIENTED_EDGE ( 'NONE', *, *, #816, .T. ) ;
#4613 = CARTESIAN_POINT ( 'NONE',  ( 16.96517205049047661, 64.79795321356733950, 4.599999999999999645 ) ) ;
#4614 = CARTESIAN_POINT ( 'NONE',  ( 65.55000000000001137, 102.0999999999999943, 3.399999999999999911 ) ) ;
#4615 = CARTESIAN_POINT ( 'NONE',  ( 33.01779607714239972, 60.15890489015593090, 4.599999999999999645 ) ) ;
#4616 = CARTESIAN_POINT ( 'NONE',  ( 14.02141606605299806, 65.68048437519374261, 4.599999999999999645 ) ) ;
#4617 = VERTEX_POINT ( 'NONE', #395 ) ;
#4618 = EDGE_CURVE ( 'NONE', #2544, #981, #3832, .T. ) ;
#4619 = CARTESIAN_POINT ( 'NONE',  ( 34.56461345859662515, 67.13590885259914387, 4.599999999999999645 ) ) ;
#4620 = CARTESIAN_POINT ( 'NONE',  ( 0.9218201416690205985, 45.30049979810937089, 0.3072733805563603315 ) ) ;
#4621 = CARTESIAN_POINT ( 'NONE',  ( 56.20969273636311669, 68.63604813294755047, 5.000000000000000000 ) ) ;
#4622 = VERTEX_POINT ( 'NONE', #3128 ) ;
#4623 = CARTESIAN_POINT ( 'NONE',  ( 22.49999999999999289, 117.5000000000000284, -11.03553390593273953 ) ) ;
#4624 = CARTESIAN_POINT ( 'NONE',  ( 74.78464393234969521, 73.88991565636713688, 1.451752836476856157 ) ) ;
#4625 = CARTESIAN_POINT ( 'NONE',  ( 35.23217485934515736, 50.75966885260515227, 5.000000000000000000 ) ) ;
#4626 = VERTEX_POINT ( 'NONE', #4362 ) ;
#4627 = ORIENTED_EDGE ( 'NONE', *, *, #2014, .T. ) ;
#4628 = VERTEX_POINT ( 'NONE', #2815 ) ;
#4629 = CARTESIAN_POINT ( 'NONE',  ( 0.08403613695285461205, 45.30220759057471014, 0.9236132688777051181 ) ) ;
#4630 = CARTESIAN_POINT ( 'NONE',  ( 39.62958920622759962, 51.33356971989758932, 4.599999999999999645 ) ) ;
#4631 = CARTESIAN_POINT ( 'NONE',  ( 67.50000000000000000, 0.000000000000000000, 0.000000000000000000 ) ) ;
#4632 = AXIS2_PLACEMENT_3D ( 'NONE', #4791, #892, #834 ) ;
#4633 = EDGE_CURVE ( 'NONE', #4013, #1278, #4008, .T. ) ;
#4634 = ORIENTED_EDGE ( 'NONE', *, *, #1761, .T. ) ;
#4635 = AXIS2_PLACEMENT_3D ( 'NONE', #4834, #2557, #1687 ) ;
#4636 = LINE ( 'NONE', #1110, #2657 ) ;
#4637 = AXIS2_PLACEMENT_3D ( 'NONE', #2363, #4078, #1729 ) ;
#4638 = VECTOR ( 'NONE', #376, 1000.000000000000000 ) ;
#4639 = CARTESIAN_POINT ( 'NONE',  ( 52.75819874726981595, 56.38499435135753401, 4.599999999999999645 ) ) ;
#4640 = CARTESIAN_POINT ( 'NONE',  ( 13.74999999999999112, 114.9999999999999858, -15.00000000000000000 ) ) ;
#4641 = FACE_OUTER_BOUND ( 'NONE', #4706, .T. ) ;
#4642 = EDGE_CURVE ( 'NONE', #3380, #2713, #2013, .T. ) ;
#4643 = FACE_OUTER_BOUND ( 'NONE', #2934, .T. ) ;
#4644 = CARTESIAN_POINT ( 'NONE',  ( 1.130080186835222600, 45.50875984327557688, 0.3766933956117318738 ) ) ;
#4645 = CARTESIAN_POINT ( 'NONE',  ( 75.00000000000000000, 73.50000000000000000, 0.000000000000000000 ) ) ;
#4646 = ORIENTED_EDGE ( 'NONE', *, *, #3164, .T. ) ;
#4647 = EDGE_CURVE ( 'NONE', #420, #3769, #4703, .T. ) ;
#4648 = CARTESIAN_POINT ( 'NONE',  ( 22.49999999999999289, 114.9999999999999858, -15.00000000000000000 ) ) ;
#4649 = VECTOR ( 'NONE', #941, 1000.000000000000000 ) ;
#4650 = CARTESIAN_POINT ( 'NONE',  ( 74.82803848460876850, 74.25257204672369937, 1.301227930856633463 ) ) ;
#4651 = PLANE ( 'NONE',  #883 ) ;
#4652 = ORIENTED_EDGE ( 'NONE', *, *, #1512, .T. ) ;
#4653 = ORIENTED_EDGE ( 'NONE', *, *, #3013, .F. ) ;
#4654 = ORIENTED_EDGE ( 'NONE', *, *, #337, .F. ) ;
#4655 = EDGE_CURVE ( 'NONE', #3955, #4415, #2858, .T. ) ;
#4656 = CARTESIAN_POINT ( 'NONE',  ( 52.75819874726981595, 56.38499435135753401, 4.599999999999999645 ) ) ;
#4657 = VECTOR ( 'NONE', #3154, 1000.000000000000000 ) ;
#4658 = CARTESIAN_POINT ( 'NONE',  ( 60.96604679571537133, 51.67958202849354876, 5.000000000000000000 ) ) ;
#4659 = LINE ( 'NONE', #4732, #3539 ) ;
#4660 = ORIENTED_EDGE ( 'NONE', *, *, #3879, .T. ) ;
#4661 = MANIFOLD_SOLID_BREP ( 'Enl\X2\00e8\X0\vement de mati\X2\00e8\X0\re-Balayage1', #4126 ) ;
#4662 = EDGE_CURVE ( 'NONE', #1278, #1944, #4137, .T. ) ;
#4663 = CARTESIAN_POINT ( 'NONE',  ( 13.74999999999998401, 117.5000000000000000, -15.00000000000000000 ) ) ;
#4664 = EDGE_CURVE ( 'NONE', #430, #1965, #890, .T. ) ;
#4665 = CARTESIAN_POINT ( 'NONE',  ( 41.61370355988124459, 63.57791923454993110, 4.599999999999999645 ) ) ;
#4666 = DIRECTION ( 'NONE',  ( -0.000000000000000000, -0.000000000000000000, -1.000000000000000000 ) ) ;
#4667 = FACE_OUTER_BOUND ( 'NONE', #3310, .T. ) ;
#4668 = CARTESIAN_POINT ( 'NONE',  ( 16.97589199274863958, 59.84551655870923526, 4.599999999999999645 ) ) ;
#4669 = CARTESIAN_POINT ( 'NONE',  ( 0.4967769519601238914, 46.30365282487669276, 1.490330855880394267 ) ) ;
#4670 = DIRECTION ( 'NONE',  ( -0.000000000000000000, -0.000000000000000000, 1.000000000000000000 ) ) ;
#4671 = ADVANCED_FACE ( 'NONE', ( #927 ), #2570, .T. ) ;
#4672 = ORIENTED_EDGE ( 'NONE', *, *, #1172, .T. ) ;
#4673 = DIRECTION ( 'NONE',  ( -0.000000000000000000, -0.000000000000000000, 1.000000000000000000 ) ) ;
#4674 = CARTESIAN_POINT ( 'NONE',  ( 75.00000000000000000, 44.99999999999999289, -8.575622497214412481E-16 ) ) ;
#4675 = DIRECTION ( 'NONE',  ( -0.2870939462787172047, 0.9579024303185126321, 0.000000000000000000 ) ) ;
#4676 = CARTESIAN_POINT ( 'NONE',  ( 44.98508136713597594, 52.54447620889911974, 4.599999999999999645 ) ) ;
#4677 = AXIS2_PLACEMENT_3D ( 'NONE', #3124, #1173, #796 ) ;
#4678 = VERTEX_POINT ( 'NONE', #4885 ) ;
#4679 = ORIENTED_EDGE ( 'NONE', *, *, #4079, .T. ) ;
#4680 = ORIENTED_EDGE ( 'NONE', *, *, #1677, .F. ) ;
#4681 = DIRECTION ( 'NONE',  ( -1.000000000000000000, -0.000000000000000000, -0.000000000000000000 ) ) ;
#4682 = CARTESIAN_POINT ( 'NONE',  ( 22.08331893061677320, 59.95533990403678359, 5.000000000000000000 ) ) ;
#4683 = CARTESIAN_POINT ( 'NONE',  ( -0.1097077414814782992, 50.68316854231763813, 5.000000000000000000 ) ) ;
#4684 = ORIENTED_EDGE ( 'NONE', *, *, #2622, .F. ) ;
#4685 = ORIENTED_EDGE ( 'NONE', *, *, #4662, .F. ) ;
#4686 = EDGE_CURVE ( 'NONE', #3385, #851, #2487, .T. ) ;
#4687 = LINE ( 'NONE', #2624, #37 ) ;
#4688 = CARTESIAN_POINT ( 'NONE',  ( 0.5000000000000011102, 73.50000000000000000, 1.500000000000000000 ) ) ;
#4689 = VECTOR ( 'NONE', #1283, 1000.000000000000114 ) ;
#4690 = CARTESIAN_POINT ( 'NONE',  ( 38.90000000000001279, 26.24999999999999289, 0.000000000000000000 ) ) ;
#4691 = ORIENTED_EDGE ( 'NONE', *, *, #4411, .T. ) ;
#4692 = CARTESIAN_POINT ( 'NONE',  ( 74.76969600708474673, 46.30067417839163113, 1.499999999999999112 ) ) ;
#4693 = CARTESIAN_POINT ( 'NONE',  ( 63.54999999999999716, 17.99999999999998934, 3.399999999999999911 ) ) ;
#4694 = CARTESIAN_POINT ( 'NONE',  ( 41.48631741186515143, 24.64435482244645925, 5.000000000000000000 ) ) ;
#4695 = ORIENTED_EDGE ( 'NONE', *, *, #1699, .F. ) ;
#4696 = CARTESIAN_POINT ( 'NONE',  ( 53.87637639000510603, 56.38741473562489404, 5.000000000000000000 ) ) ;
#4697 = CARTESIAN_POINT ( 'NONE',  ( 74.24457159468873613, 45.18932039044321414, 0.2518094684370357217 ) ) ;
#4698 = CARTESIAN_POINT ( 'NONE',  ( 12.49999999999998757, 4.999999999999993783, -9.999999999999991118 ) ) ;
#4699 = CARTESIAN_POINT ( 'NONE',  ( -0.000000000000000000, 75.00000000000000000, 0.09966174935353641628 ) ) ;
#4700 = ORIENTED_EDGE ( 'NONE', *, *, #4953, .F. ) ;
#4701 = VERTEX_POINT ( 'NONE', #3256 ) ;
#4702 = ORIENTED_EDGE ( 'NONE', *, *, #4514, .F. ) ;
#4703 = LINE ( 'NONE', #2454, #3479 ) ;
#4704 = CYLINDRICAL_SURFACE ( 'NONE', #2340, 5.000000000000000888 ) ;
#4705 = CARTESIAN_POINT ( 'NONE',  ( 22.08606763532822725, 58.68548362696230924, 4.599999999999999645 ) ) ;
#4706 = EDGE_LOOP ( 'NONE', ( #763, #3936, #1201, #3828 ) ) ;
#4707 = LINE ( 'NONE', #4426, #2164 ) ;
#4708 = AXIS2_PLACEMENT_3D ( 'NONE', #3429, #4569, #737 ) ;
#4709 = CARTESIAN_POINT ( 'NONE',  ( 22.50000000000000000, -0.001000000000001000089, -15.00000000000000000 ) ) ;
#4710 = B_SPLINE_SURFACE_WITH_KNOTS ( 'NONE', 3, 1, ( 
 ( #4250, #3061 ),
 ( #4665, #4948 ),
 ( #2209, #3824 ),
 ( #3867, #2185 ) ),
 .UNSPECIFIED., .F., .F., .F.,
 ( 4, 4 ),
 ( 2, 2 ),
 ( 12.00000000000000000, 13.00000000000000000 ),
 ( 0.000000000000000000, 1.000000000000000000 ),
 .UNSPECIFIED. ) ;
#4711 = DIRECTION ( 'NONE',  ( -0.5068659995676726426, -0.8620248595500387134, 0.000000000000000000 ) ) ;
#4712 = VECTOR ( 'NONE', #1819, 1000.000000000000000 ) ;
#4713 = VECTOR ( 'NONE', #214, 1000.000000000000000 ) ;
#4714 = AXIS2_PLACEMENT_3D ( 'NONE', #4863, #650, #2179 ) ;
#4715 = ORIENTED_EDGE ( 'NONE', *, *, #4881, .T. ) ;
#4716 = FACE_OUTER_BOUND ( 'NONE', #2223, .T. ) ;
#4717 = CARTESIAN_POINT ( 'NONE',  ( 29.89265525571779136, 60.09923018964610009, 4.599999999999999645 ) ) ;
#4718 = DIRECTION ( 'NONE',  ( 0.002164574307892184243, -0.9999976573062887564, 0.000000000000000000 ) ) ;
#4719 = VERTEX_POINT ( 'NONE', #4448 ) ;
#4720 = CARTESIAN_POINT ( 'NONE',  ( 54.22558589064953338, 56.38817062730887386, 5.000000000000000000 ) ) ;
#4721 = ADVANCED_FACE ( 'NONE', ( #1306 ), #2922, .F. ) ;
#4722 = CARTESIAN_POINT ( 'NONE',  ( 38.14833781771924492, 54.47679853951059670, 4.599999999999999645 ) ) ;
#4723 = DIRECTION ( 'NONE',  ( 0.000000000000000000, 0.000000000000000000, -1.000000000000000000 ) ) ;
#4724 = EDGE_CURVE ( 'NONE', #3405, #1248, #977, .T. ) ;
#4725 = VECTOR ( 'NONE', #733, 1000.000000000000000 ) ;
#4726 = ORIENTED_EDGE ( 'NONE', *, *, #957, .T. ) ;
#4727 = EDGE_LOOP ( 'NONE', ( #2671, #2900, #873, #3918, #1848, #3740 ) ) ;
#4728 = EDGE_LOOP ( 'NONE', ( #3174, #1866 ) ) ;
#4729 = VECTOR ( 'NONE', #2148, 1000.000000000000000 ) ;
#4730 = LINE ( 'NONE', #3579, #537 ) ;
#4731 = CARTESIAN_POINT ( 'NONE',  ( 28.99618295937897372, 45.67025248322667608, 5.000000000000000000 ) ) ;
#4732 = CARTESIAN_POINT ( 'NONE',  ( 14.38323494084624166, 60.15874940231086043, 4.599999999999999645 ) ) ;
#4733 = ORIENTED_EDGE ( 'NONE', *, *, #3541, .T. ) ;
#4734 = CARTESIAN_POINT ( 'NONE',  ( 33.01779607714239972, 60.15890489015593090, 5.000000000000000000 ) ) ;
#4735 = CARTESIAN_POINT ( 'NONE',  ( 27.10923559923350012, 48.83376798311071809, 4.599999999999999645 ) ) ;
#4736 = CYLINDRICAL_SURFACE ( 'NONE', #4977, 5.000000000000000888 ) ;
#4737 = CARTESIAN_POINT ( 'NONE',  ( 61.71829178137526384, 4.045320493428457453, 5.000000000000000000 ) ) ;
#4738 = CARTESIAN_POINT ( 'NONE',  ( 74.94370324461606003, 45.19885851859542214, 0.7527245943439031528 ) ) ;
#4739 = CARTESIAN_POINT ( 'NONE',  ( 0.000000000000000000, 0.000000000000000000, 4.599999999999999645 ) ) ;
#4740 = CARTESIAN_POINT ( 'NONE',  ( 44.56405526832952546, 53.12911202077057737, 4.599999999999999645 ) ) ;
#4741 = VERTEX_POINT ( 'NONE', #4111 ) ;
#4742 = LINE ( 'NONE', #1219, #1894 ) ;
#4743 = FACE_OUTER_BOUND ( 'NONE', #2374, .T. ) ;
#4744 = CARTESIAN_POINT ( 'NONE',  ( 61.25000000000001421, 117.5000000000000000, -15.00000000000000000 ) ) ;
#4745 = VERTEX_POINT ( 'NONE', #4933 ) ;
#4746 = EDGE_CURVE ( 'NONE', #2696, #3983, #2075, .T. ) ;
#4747 = ORIENTED_EDGE ( 'NONE', *, *, #5049, .F. ) ;
#4748 = VERTEX_POINT ( 'NONE', #3732 ) ;
#4749 = CYLINDRICAL_SURFACE ( 'NONE', #374, 1.899999999999999023 ) ;
#4750 = DIRECTION ( 'NONE',  ( 0.000000000000000000, 1.000000000000000000, -0.000000000000000000 ) ) ;
#4751 = CARTESIAN_POINT ( 'NONE',  ( 47.50000000000000000, -0.001000000000001000089, -10.00000000000000533 ) ) ;
#4752 = DIRECTION ( 'NONE',  ( 0.3244355677353744083, 0.9459077980375387718, 0.000000000000000000 ) ) ;
#4753 = EDGE_CURVE ( 'NONE', #4745, #951, #1764, .T. ) ;
#4754 = ORIENTED_EDGE ( 'NONE', *, *, #2604, .F. ) ;
#4755 = VECTOR ( 'NONE', #2421, 1000.000000000000000 ) ;
#4756 = ORIENTED_EDGE ( 'NONE', *, *, #4267, .T. ) ;
#4757 = CARTESIAN_POINT ( 'NONE',  ( 0.000000000000000000, 75.00000000000000000, 0.000000000000000000 ) ) ;
#4758 = CARTESIAN_POINT ( 'NONE',  ( 47.91652405408409265, 67.12953676969294747, 5.000000000000000000 ) ) ;
#4759 = CARTESIAN_POINT ( 'NONE',  ( 37.50000000000000000, 91.55000000000001137, 0.4999999999999965583 ) ) ;
#4760 = CYLINDRICAL_SURFACE ( 'NONE', #289, 1.250000000000001110 ) ;
#4761 = ADVANCED_FACE ( 'NONE', ( #2093 ), #160, .F. ) ;
#4762 = EDGE_CURVE ( 'NONE', #2638, #3385, #3656, .T. ) ;
#4763 = EDGE_LOOP ( 'NONE', ( #2714, #4162, #3336, #1058, #218, #4810, #1257, #1609, #3225, #987, #3339, #500 ) ) ;
#4764 = CARTESIAN_POINT ( 'NONE',  ( 74.85640449230625393, 45.57660623700265745, 1.197963648748552323 ) ) ;
#4765 = DIRECTION ( 'NONE',  ( 1.000000000000000000, 0.000000000000000000, 0.000000000000000000 ) ) ;
#4766 = CARTESIAN_POINT ( 'NONE',  ( 53.31128781982069853, 59.97355203718512939, 5.000000000000000000 ) ) ;
#4767 = ORIENTED_EDGE ( 'NONE', *, *, #4281, .F. ) ;
#4768 = CARTESIAN_POINT ( 'NONE',  ( 0.2303039929152719822, 73.50000000000000000, 1.500000000000000000 ) ) ;
#4769 = FACE_OUTER_BOUND ( 'NONE', #1919, .T. ) ;
#4770 = CARTESIAN_POINT ( 'NONE',  ( 0.08379846282956293635, 74.69239462338657631, 0.9152915009332561747 ) ) ;
#4771 = ORIENTED_EDGE ( 'NONE', *, *, #706, .T. ) ;
#4772 = VERTEX_POINT ( 'NONE', #4577 ) ;
#4773 = ORIENTED_EDGE ( 'NONE', *, *, #634, .F. ) ;
#4774 = AXIS2_PLACEMENT_3D ( 'NONE', #2867, #1322, #840 ) ;
#4775 = DIRECTION ( 'NONE',  ( -0.000000000000000000, -0.000000000000000000, -1.000000000000000000 ) ) ;
#4776 = B_SPLINE_CURVE_WITH_KNOTS ( 'NONE', 3,
 ( #4786, #4120, #145, #4071 ),
 .UNSPECIFIED., .F., .F.,
 ( 4, 4 ),
 ( 3.000000000000000000, 4.000000000000000000 ),
 .UNSPECIFIED. ) ;
#4777 = DIRECTION ( 'NONE',  ( 0.5107203677843006329, -0.8597468848040500378, 0.000000000000000000 ) ) ;
#4778 = CARTESIAN_POINT ( 'NONE',  ( 26.16751767727940958, 50.41905633430118883, 5.000000000000000000 ) ) ;
#4779 = CYLINDRICAL_SURFACE ( 'NONE', #625, 1.899999999999999023 ) ;
#4780 = ORIENTED_EDGE ( 'NONE', *, *, #1667, .T. ) ;
#4781 = ORIENTED_EDGE ( 'NONE', *, *, #1693, .T. ) ;
#4782 =( GEOMETRIC_REPRESENTATION_CONTEXT ( 3 ) GLOBAL_UNCERTAINTY_ASSIGNED_CONTEXT ( ( #4817 ) ) GLOBAL_UNIT_ASSIGNED_CONTEXT ( ( #2841, #4796, #2111 ) ) REPRESENTATION_CONTEXT ( 'NONE', 'WORKASPACE' ) );
#4783 = CARTESIAN_POINT ( 'NONE',  ( 35.87667499726751430, 69.15288993489288316, 5.000000000000000000 ) ) ;
#4784 = DIRECTION ( 'NONE',  ( 1.000000000000000000, 0.000000000000000000, -1.387778780781445676E-15 ) ) ;
#4785 = EDGE_CURVE ( 'NONE', #524, #2909, #2192, .T. ) ;
#4786 = CARTESIAN_POINT ( 'NONE',  ( 34.58037044103966906, 60.18697884857790115, 4.599999999999999645 ) ) ;
#4787 = CARTESIAN_POINT ( 'NONE',  ( 27.50000000000000000, 120.0000000000000142, -10.00000000000000000 ) ) ;
#4788 = B_SPLINE_CURVE_WITH_KNOTS ( 'NONE', 3,
 ( #1811, #1760, #4576, #2555 ),
 .UNSPECIFIED., .F., .F.,
 ( 4, 4 ),
 ( 5.000000000000000000, 5.999744496299006080 ),
 .UNSPECIFIED. ) ;
#4789 = ORIENTED_EDGE ( 'NONE', *, *, #1018, .F. ) ;
#4790 = CARTESIAN_POINT ( 'NONE',  ( 73.60576933443506675, 45.88162495592237633, 1.394230665565028948 ) ) ;
#4791 = CARTESIAN_POINT ( 'NONE',  ( -0.1135253844867327028, 52.44685669470982248, 4.599999999999999645 ) ) ;
#4792 = DIRECTION ( 'NONE',  ( -0.000000000000000000, 0.000000000000000000, 1.000000000000000000 ) ) ;
#4793 = FACE_OUTER_BOUND ( 'NONE', #474, .T. ) ;
#4794 = STYLED_ITEM ( 'NONE', ( #2895 ), #4661 ) ;
#4795 = FACE_OUTER_BOUND ( 'NONE', #2348, .T. ) ;
#4796 =( NAMED_UNIT ( * ) PLANE_ANGLE_UNIT ( ) SI_UNIT ( $, .RADIAN. ) );
#4797 = VECTOR ( 'NONE', #4102, 1000.000000000000000 ) ;
#4798 = DIRECTION ( 'NONE',  ( -0.000000000000000000, 0.000000000000000000, 1.000000000000000000 ) ) ;
#4799 = ADVANCED_FACE ( 'NONE', ( #3024 ), #5067, .F. ) ;
#4800 = ORIENTED_EDGE ( 'NONE', *, *, #4724, .T. ) ;
#4801 = ORIENTED_EDGE ( 'NONE', *, *, #2079, .F. ) ;
#4802 = ORIENTED_EDGE ( 'NONE', *, *, #3761, .T. ) ;
#4803 = CARTESIAN_POINT ( 'NONE',  ( 9.449999999999986855, 102.0999999999999943, 3.399999999999999911 ) ) ;
#4804 = CARTESIAN_POINT ( 'NONE',  ( 35.00763628465025334, 51.82798241853258503, 5.000000000000000000 ) ) ;
#4805 = FACE_OUTER_BOUND ( 'NONE', #986, .T. ) ;
#4806 = DIRECTION ( 'NONE',  ( 0.000000000000000000, 1.000000000000000000, 0.000000000000000000 ) ) ;
#4807 = AXIS2_PLACEMENT_3D ( 'NONE', #1947, #2797, #1997 ) ;
#4808 = ORIENTED_EDGE ( 'NONE', *, *, #184, .T. ) ;
#4809 = VECTOR ( 'NONE', #194, 1000.000000000000000 ) ;
#4810 = ORIENTED_EDGE ( 'NONE', *, *, #555, .T. ) ;
#4811 = EDGE_CURVE ( 'NONE', #418, #4321, #4186, .T. ) ;
#4812 = CARTESIAN_POINT ( 'NONE',  ( 31.14016907216635133, 70.42308002101647446, 4.599999999999999645 ) ) ;
#4813 = CARTESIAN_POINT ( 'NONE',  ( 23.97390899241983675, 55.10926709234449561, 5.000000000000000000 ) ) ;
#4814 = CIRCLE ( 'NONE', #3248, 2.500000000000002220 ) ;
#4815 = DIRECTION ( 'NONE',  ( -0.000000000000000000, 0.000000000000000000, -1.000000000000000000 ) ) ;
#4816 = CARTESIAN_POINT ( 'NONE',  ( 0.4999999999999918954, -6.143812310751091542E-17, 0.5000000000000000000 ) ) ;
#4817 = UNCERTAINTY_MEASURE_WITH_UNIT (LENGTH_MEASURE( 1.000000000000000082E-05 ), #2841, 'distance_accuracy_value', 'NONE');
#4818 = ORIENTED_EDGE ( 'NONE', *, *, #43, .T. ) ;
#4819 = EDGE_CURVE ( 'NONE', #250, #392, #3786, .T. ) ;
#4820 = EDGE_CURVE ( 'NONE', #3150, #207, #4600, .T. ) ;
#4821 = PLANE ( 'NONE',  #4317 ) ;
#4822 = LINE ( 'NONE', #4434, #2871 ) ;
#4823 = CARTESIAN_POINT ( 'NONE',  ( 34.94305739570599201, 68.62528759425747182, 4.599999999999999645 ) ) ;
#4824 = VECTOR ( 'NONE', #2317, 1000.000000000000114 ) ;
#4825 = CARTESIAN_POINT ( 'NONE',  ( -0.1097077414814782992, 50.68316854231763813, 4.599999999999999645 ) ) ;
#4826 = EDGE_CURVE ( 'NONE', #49, #3583, #1071, .T. ) ;
#4827 = CARTESIAN_POINT ( 'NONE',  ( 22.49999999999999289, 114.9999999999999858, 0.000000000000000000 ) ) ;
#4828 = CARTESIAN_POINT ( 'NONE',  ( 7.499999999999989342, -6.071532165918824830E-15, 2.168404344971008868E-14 ) ) ;
#4829 = ORIENTED_EDGE ( 'NONE', *, *, #1298, .F. ) ;
#4830 = ORIENTED_EDGE ( 'NONE', *, *, #4425, .T. ) ;
#4831 = ORIENTED_EDGE ( 'NONE', *, *, #3774, .T. ) ;
#4832 = EDGE_CURVE ( 'NONE', #2658, #914, #4199, .T. ) ;
#4833 = VECTOR ( 'NONE', #2351, 1000.000000000000114 ) ;
#4834 = CARTESIAN_POINT ( 'NONE',  ( 61.25000000000001421, 116.2499999999999858, 0.000000000000000000 ) ) ;
#4835 = DIRECTION ( 'NONE',  ( 0.000000000000000000, 0.000000000000000000, 1.000000000000000000 ) ) ;
#4836 = CARTESIAN_POINT ( 'NONE',  ( 60.15309437322863317, 50.81361216108685142, 4.599999999999999645 ) ) ;
#4837 = DIRECTION ( 'NONE',  ( -0.000000000000000000, -0.000000000000000000, 1.000000000000000000 ) ) ;
#4838 = ORIENTED_EDGE ( 'NONE', *, *, #3748, .F. ) ;
#4839 = EDGE_LOOP ( 'NONE', ( #4368, #2029, #3714, #3705 ) ) ;
#4840 = EDGE_CURVE ( 'NONE', #1030, #2638, #2267, .T. ) ;
#4841 = CARTESIAN_POINT ( 'NONE',  ( 23.52078599485841082, 52.59678160645988498, 4.599999999999999645 ) ) ;
#4842 = CARTESIAN_POINT ( 'NONE',  ( 52.50000000000000711, 112.4999999999999858, -15.00000000000000000 ) ) ;
#4843 = CARTESIAN_POINT ( 'NONE',  ( 61.25000000000000711, 114.9999999999999858, 0.000000000000000000 ) ) ;
#4844 = VECTOR ( 'NONE', #3537, 1000.000000000000000 ) ;
#4845 = EDGE_CURVE ( 'NONE', #4772, #492, #4987, .T. ) ;
#4846 = ORIENTED_EDGE ( 'NONE', *, *, #963, .F. ) ;
#4847 = CARTESIAN_POINT ( 'NONE',  ( 73.52279433010944842, 46.17507540393180676, 1.477205669890446105 ) ) ;
#4848 = DIRECTION ( 'NONE',  ( -0.000000000000000000, -0.000000000000000000, 1.000000000000000000 ) ) ;
#4849 = CARTESIAN_POINT ( 'NONE',  ( 1.500000000000000444, 74.37867965644035451, 0.4999999999999996669 ) ) ;
#4850 = CARTESIAN_POINT ( 'NONE',  ( 1.202225496247727676, 74.46556032481937848, 1.202225496247726344 ) ) ;
#4851 = CARTESIAN_POINT ( 'NONE',  ( 31.46693423918955190, 54.71983697195834395, 4.599999999999999645 ) ) ;
#4852 = DIRECTION ( 'NONE',  ( -0.000000000000000000, -0.000000000000000000, 1.000000000000000000 ) ) ;
#4853 = DIRECTION ( 'NONE',  ( 0.000000000000000000, -0.000000000000000000, 1.000000000000000000 ) ) ;
#4854 = ORIENTED_EDGE ( 'NONE', *, *, #3208, .T. ) ;
#4855 = ORIENTED_EDGE ( 'NONE', *, *, #3418, .F. ) ;
#4856 = ORIENTED_EDGE ( 'NONE', *, *, #4031, .T. ) ;
#4857 = SURFACE_SIDE_STYLE ('',( #4086 ) ) ;
#4858 = CARTESIAN_POINT ( 'NONE',  ( 73.50000000000000000, 46.49999999999999289, 0.5000000000000000000 ) ) ;
#4859 = LINE ( 'NONE', #1330, #4059 ) ;
#4860 = CARTESIAN_POINT ( 'NONE',  ( 27.50000000000000000, -0.001000000000001000089, -5.000000000000000000 ) ) ;
#4861 = ORIENTED_EDGE ( 'NONE', *, *, #4335, .F. ) ;
#4862 = ORIENTED_EDGE ( 'NONE', *, *, #1864, .T. ) ;
#4863 = CARTESIAN_POINT ( 'NONE',  ( 18.12035258729484966, -9.004735323125991897, 4.599999999999999645 ) ) ;
#4864 = CARTESIAN_POINT ( 'NONE',  ( 36.09999999999998721, 91.55000000000001137, 0.000000000000000000 ) ) ;
#4865 = DIRECTION ( 'NONE',  ( -0.000000000000000000, -0.000000000000000000, 1.000000000000000000 ) ) ;
#4866 = ORIENTED_EDGE ( 'NONE', *, *, #257, .T. ) ;
#4867 = EDGE_CURVE ( 'NONE', #1993, #4323, #3459, .T. ) ;
#4868 = ORIENTED_EDGE ( 'NONE', *, *, #1672, .T. ) ;
#4869 = DIRECTION ( 'NONE',  ( -0.002164574307904475192, 0.9999976573062887564, 0.000000000000000000 ) ) ;
#4870 = CARTESIAN_POINT ( 'NONE',  ( 22.08331893061677320, 59.95533990403678359, 4.599999999999999645 ) ) ;
#4871 = CARTESIAN_POINT ( 'NONE',  ( 47.50000000000000000, 112.4999999999999858, -5.000000000000002665 ) ) ;
#4872 = LINE ( 'NONE', #2573, #3745 ) ;
#4873 = CARTESIAN_POINT ( 'NONE',  ( 17.50000000000000000, 117.5000000000000000, -15.00000000000000000 ) ) ;
#4874 = EDGE_CURVE ( 'NONE', #525, #3151, #1501, .T. ) ;
#4875 = CARTESIAN_POINT ( 'NONE',  ( 37.41813806569387424, 69.15622655406406238, 5.000000000000000000 ) ) ;
#4876 = CIRCLE ( 'NONE', #2310, 5.000000000000004441 ) ;
#4877 = VECTOR ( 'NONE', #2398, 1000.000000000000114 ) ;
#4878 = ORIENTED_EDGE ( 'NONE', *, *, #2672, .F. ) ;
#4879 = ORIENTED_EDGE ( 'NONE', *, *, #1105, .F. ) ;
#4880 = ORIENTED_EDGE ( 'NONE', *, *, #1116, .F. ) ;
#4881 = EDGE_CURVE ( 'NONE', #266, #2035, #743, .T. ) ;
#4882 = CIRCLE ( 'NONE', #2906, 1.400000000000012346 ) ;
#4883 = EDGE_CURVE ( 'NONE', #688, #186, #3877, .T. ) ;
#4884 = VECTOR ( 'NONE', #1436, 1000.000000000000000 ) ;
#4885 = CARTESIAN_POINT ( 'NONE',  ( 27.11389941078662247, 71.12337289908460036, 5.000000000000000000 ) ) ;
#4886 = B_SPLINE_SURFACE_WITH_KNOTS ( 'NONE', 3, 1, ( 
 ( #3411, #3878 ),
 ( #4210, #3075 ),
 ( #1457, #365 ),
 ( #1907, #769 ) ),
 .UNSPECIFIED., .F., .F., .F.,
 ( 4, 4 ),
 ( 2, 2 ),
 ( 18.00000000000000000, 19.00000000000000000 ),
 ( 0.000000000000000000, 1.000000000000000000 ),
 .UNSPECIFIED. ) ;
#4887 = DIRECTION ( 'NONE',  ( 1.000000000000000000, 0.000000000000000000, 0.000000000000000000 ) ) ;
#4888 = DIRECTION ( 'NONE',  ( -0.000000000000000000, -0.000000000000000000, 1.000000000000000000 ) ) ;
#4889 = CARTESIAN_POINT ( 'NONE',  ( 27.50000000000000000, 112.5000000000000000, -10.00000000000000000 ) ) ;
#4890 = ORIENTED_EDGE ( 'NONE', *, *, #2927, .T. ) ;
#4891 = ORIENTED_EDGE ( 'NONE', *, *, #4544, .T. ) ;
#4892 = EDGE_LOOP ( 'NONE', ( #2743, #3109, #2564, #4587 ) ) ;
#4893 = FACE_OUTER_BOUND ( 'NONE', #922, .T. ) ;
#4894 = CARTESIAN_POINT ( 'NONE',  ( 39.62958920622759962, 51.33356971989758932, 4.599999999999999645 ) ) ;
#4895 = DIRECTION ( 'NONE',  ( 1.000000000000000000, 0.000000000000000000, -0.000000000000000000 ) ) ;
#4896 = EDGE_CURVE ( 'NONE', #3806, #908, #3489, .T. ) ;
#4897 = ORIENTED_EDGE ( 'NONE', *, *, #3973, .F. ) ;
#4898 = ORIENTED_EDGE ( 'NONE', *, *, #1189, .T. ) ;
#4899 = AXIS2_PLACEMENT_3D ( 'NONE', #1268, #2290, #3122 ) ;
#4900 = CARTESIAN_POINT ( 'NONE',  ( 12.49999999999998934, -6.071532165918824830E-15, -4.999999999999989342 ) ) ;
#4901 = CARTESIAN_POINT ( 'NONE',  ( 33.01779607714239972, 60.15890489015593090, 5.000000000000000000 ) ) ;
#4902 = LINE ( 'NONE', #1374, #4572 ) ;
#4903 = CARTESIAN_POINT ( 'NONE',  ( 1.301747370749793520, 74.25172605281045435, 0.4339157902498698149 ) ) ;
#4904 = CARTESIAN_POINT ( 'NONE',  ( 73.65175053750370182, 74.16472675680829241, 0.4494164874987622849 ) ) ;
#4905 = VECTOR ( 'NONE', #2636, 1000.000000000000000 ) ;
#4906 = CARTESIAN_POINT ( 'NONE',  ( 63.54999999999999716, 17.99999999999998934, 3.399999999999999911 ) ) ;
#4907 = ORIENTED_EDGE ( 'NONE', *, *, #2893, .F. ) ;
#4908 = EDGE_CURVE ( 'NONE', #1486, #4531, #1024, .T. ) ;
#4909 = LINE ( 'NONE', #998, #1244 ) ;
#4910 = CARTESIAN_POINT ( 'NONE',  ( 17.57029234899437498, 67.16261583822674197, 4.599999999999999645 ) ) ;
#4911 = CARTESIAN_POINT ( 'NONE',  ( 45.34840069594080347, 52.54526264242620215, 5.000000000000000000 ) ) ;
#4912 = CARTESIAN_POINT ( 'NONE',  ( 29.89265525571779136, 60.09923018964615693, 4.599999999999999645 ) ) ;
#4913 = CARTESIAN_POINT ( 'NONE',  ( 29.83130851283739915, 50.95962397155131640, 5.000000000000000000 ) ) ;
#4914 = EDGE_LOOP ( 'NONE', ( #1671, #4609, #1608, #4995 ) ) ;
#4915 = ORIENTED_EDGE ( 'NONE', *, *, #706, .F. ) ;
#4916 = ORIENTED_EDGE ( 'NONE', *, *, #3091, .F. ) ;
#4917 = CARTESIAN_POINT ( 'NONE',  ( 35.00763628465025334, 51.82798241853258503, 4.599999999999999645 ) ) ;
#4918 = CARTESIAN_POINT ( 'NONE',  ( 74.50000000000000000, 0.000000000000000000, 0.5000000000000000000 ) ) ;
#4919 = CARTESIAN_POINT ( 'NONE',  ( 73.50000000000000000, 74.37867965644035451, 0.4999999999999996669 ) ) ;
#4920 = VECTOR ( 'NONE', #329, 1000.000000000000000 ) ;
#4921 = ORIENTED_EDGE ( 'NONE', *, *, #1027, .F. ) ;
#4922 = PLANE ( 'NONE',  #2833 ) ;
#4923 = AXIS2_PLACEMENT_3D ( 'NONE', #4906, #4133, #921 ) ;
#4924 = DIRECTION ( 'NONE',  ( 1.000000000000000000, -0.000000000000000000, -0.000000000000000000 ) ) ;
#4925 = ADVANCED_FACE ( 'NONE', ( #1147 ), #489, .F. ) ;
#4926 = CARTESIAN_POINT ( 'NONE',  ( 62.49999999999999289, -6.071532165918824830E-15, -9.999999999999998224 ) ) ;
#4927 = CARTESIAN_POINT ( 'NONE',  ( 35.09940047173320465, 68.10004456002852180, 5.000000000000000000 ) ) ;
#4928 = CARTESIAN_POINT ( 'NONE',  ( 73.66391708182916886, 74.24792886681069604, 1.336082918170570233 ) ) ;
#4929 = DIRECTION ( 'NONE',  ( 1.000000000000000000, 0.000000000000000000, 0.000000000000000000 ) ) ;
#4930 = ORIENTED_EDGE ( 'NONE', *, *, #3365, .T. ) ;
#4931 = ORIENTED_EDGE ( 'NONE', *, *, #1253, .F. ) ;
#4932 =( BOUNDED_CURVE ( )  B_SPLINE_CURVE ( 3, ( #3268, #4849, #510, #2470 ),
 .UNSPECIFIED., .F., .F. ) 
 B_SPLINE_CURVE_WITH_KNOTS ( ( 4, 4 ),
 ( 3.141592653589793116, 4.712388980384689674 ),
 .UNSPECIFIED. ) 
 CURVE ( )  GEOMETRIC_REPRESENTATION_ITEM ( )  RATIONAL_B_SPLINE_CURVE ( ( 1.000000000000000000, 0.8047378541243649375, 0.8047378541243649375, 1.000000000000000000 ) ) 
 REPRESENTATION_ITEM ( '' )  );
#4933 = CARTESIAN_POINT ( 'NONE',  ( 60.96604679571537133, 51.67958202849354876, 4.599999999999999645 ) ) ;
#4934 = AXIS2_PLACEMENT_3D ( 'NONE', #3526, #1563, #3130 ) ;
#4935 = CARTESIAN_POINT ( 'NONE',  ( 37.50000000000000000, 26.24999999999999289, 3.399999999999999911 ) ) ;
#4936 = DIRECTION ( 'NONE',  ( -0.000000000000000000, -1.000000000000000000, 0.000000000000000000 ) ) ;
#4937 = CARTESIAN_POINT ( 'NONE',  ( 13.74999999999998757, 116.2500000000000000, -15.00000000000000000 ) ) ;
#4938 = VERTEX_POINT ( 'NONE', #2807 ) ;
#4939 = ORIENTED_EDGE ( 'NONE', *, *, #2796, .T. ) ;
#4940 = VERTEX_POINT ( 'NONE', #390 ) ;
#4941 = CARTESIAN_POINT ( 'NONE',  ( 41.19160789426834413, 63.02673180877590653, 4.599999999999999645 ) ) ;
#4942 = CARTESIAN_POINT ( 'NONE',  ( 53.31128781982069853, 59.97355203718512939, 4.599999999999999645 ) ) ;
#4943 = CARTESIAN_POINT ( 'NONE',  ( 60.96604679571537133, 51.67958202849354876, 4.599999999999999645 ) ) ;
#4944 = ORIENTED_EDGE ( 'NONE', *, *, #491, .F. ) ;
#4945 = EDGE_CURVE ( 'NONE', #3635, #1710, #2031, .T. ) ;
#4946 = DIRECTION ( 'NONE',  ( 0.9999976573062887564, 0.002164574307898256642, 0.000000000000000000 ) ) ;
#4947 = EDGE_CURVE ( 'NONE', #4622, #112, #3624, .T. ) ;
#4948 = CARTESIAN_POINT ( 'NONE',  ( 41.61370355988124459, 63.57791923454993110, 5.000000000000000000 ) ) ;
#4949 = LINE ( 'NONE', #278, #3501 ) ;
#4950 = DIRECTION ( 'NONE',  ( -0.5068653939128120456, -0.8620252156715659808, 0.000000000000000000 ) ) ;
#4951 = ADVANCED_FACE ( 'NONE', ( #4743 ), #3976, .T. ) ;
#4952 = CARTESIAN_POINT ( 'NONE',  ( 74.50000000006538414, 73.59817583765511984, 1.500000000000000000 ) ) ;
#4953 = EDGE_CURVE ( 'NONE', #4531, #4678, #519, .T. ) ;
#4954 = CARTESIAN_POINT ( 'NONE',  ( 37.41813806569387424, 69.15622655406406238, 5.000000000000000000 ) ) ;
#4955 = CARTESIAN_POINT ( 'NONE',  ( 14.04654379219795857, 54.07188900997300607, 4.599999999999999645 ) ) ;
#4956 = B_SPLINE_CURVE_WITH_KNOTS ( 'NONE', 3,
 ( #878, #2427, #2874, #4363, #2849, #444 ),
 .UNSPECIFIED., .F., .F.,
 ( 4, 2, 4 ),
 ( 0.000000000000000000, 1.000000000000000000, 2.000000000000000000 ),
 .UNSPECIFIED. ) ;
#4957 = VERTEX_POINT ( 'NONE', #795 ) ;
#4958 = ORIENTED_EDGE ( 'NONE', *, *, #2509, .T. ) ;
#4959 = AXIS2_PLACEMENT_3D ( 'NONE', #1562, #1891, #2226 ) ;
#4960 = CARTESIAN_POINT ( 'NONE',  ( 74.81522388226905207, 74.16669102993677143, 1.347278031071426740 ) ) ;
#4961 = LINE ( 'NONE', #1431, #3767 ) ;
#4963 = EDGE_CURVE ( 'NONE', #1663, #1256, #2007, .T. ) ;
#4962 = CARTESIAN_POINT ( 'NONE',  ( 47.85035056033056122, 66.73785271226965676, 4.599999999999999645 ) ) ;
#4964 = ORIENTED_EDGE ( 'NONE', *, *, #2450, .T. ) ;
#4965 = VERTEX_POINT ( 'NONE', #3546 ) ;
#4966 = VECTOR ( 'NONE', #4711, 1000.000000000000114 ) ;
#4967 = ORIENTED_EDGE ( 'NONE', *, *, #4826, .T. ) ;
#4968 = VECTOR ( 'NONE', #2218, 1000.000000000000000 ) ;
#4969 = LINE ( 'NONE', #1890, #698 ) ;
#4970 = CARTESIAN_POINT ( 'NONE',  ( 1.499999999999997335, 45.62132034355963128, 0.4999999999999996669 ) ) ;
#4971 = DIRECTION ( 'NONE',  ( 0.000000000000000000, 0.000000000000000000, 1.000000000000000000 ) ) ;
#4972 = VERTEX_POINT ( 'NONE', #1577 ) ;
#4973 = DIRECTION ( 'NONE',  ( -1.000000000000000000, 0.000000000000000000, 0.000000000000000000 ) ) ;
#4974 = CARTESIAN_POINT ( 'NONE',  ( 59.94118143679965982, 68.86282220606143767, 5.000000000000000000 ) ) ;
#4975 = FACE_OUTER_BOUND ( 'NONE', #197, .T. ) ;
#4976 = CARTESIAN_POINT ( 'NONE',  ( 1.130080186835233924, 74.49124015672440180, 0.3766933956117326510 ) ) ;
#4977 = AXIS2_PLACEMENT_3D ( 'NONE', #2409, #756, #378 ) ;
#4978 = VECTOR ( 'NONE', #1210, 1000.000000000000000 ) ;
#4979 = EDGE_CURVE ( 'NONE', #516, #3562, #3599, .T. ) ;
#4980 = VECTOR ( 'NONE', #3412, 1000.000000000000000 ) ;
#4981 = CARTESIAN_POINT ( 'NONE',  ( 75.00000000000000000, 75.00000000000000000, -1.836970198721028701E-16 ) ) ;
#4982 = CARTESIAN_POINT ( 'NONE',  ( 59.41939945595165540, 50.81202402019855668, 4.599999999999999645 ) ) ;
#4983 = CARTESIAN_POINT ( 'NONE',  ( 0.4494164874987612857, 45.83527324319172891, 1.348249462496324158 ) ) ;
#4984 = AXIS2_PLACEMENT_3D ( 'NONE', #4926, #3751, #534 ) ;
#4985 = EDGE_LOOP ( 'NONE', ( #3837, #4999, #499, #2176 ) ) ;
#4986 = FACE_BOUND ( 'NONE', #245, .T. ) ;
#4987 = LINE ( 'NONE', #1124, #4060 ) ;
#4988 = CARTESIAN_POINT ( 'NONE',  ( 47.98893882117888410, 53.22823707465383336, 4.599999999999999645 ) ) ;
#4990 = EDGE_CURVE ( 'NONE', #207, #3207, #2783, .T. ) ;
#4989 = PLANE ( 'NONE',  #3409 ) ;
#4991 = EDGE_CURVE ( 'NONE', #4617, #4938, #2590, .T. ) ;
#4992 = VERTEX_POINT ( 'NONE', #2391 ) ;
#4993 = VECTOR ( 'NONE', #326, 1000.000000000000000 ) ;
#4994 = ORIENTED_EDGE ( 'NONE', *, *, #1068, .T. ) ;
#4995 = ORIENTED_EDGE ( 'NONE', *, *, #2128, .T. ) ;
#4996 = LINE ( 'NONE', #5044, #1994 ) ;
#4997 = FACE_OUTER_BOUND ( 'NONE', #2326, .T. ) ;
#4998 = CARTESIAN_POINT ( 'NONE',  ( 35.00763628465025334, 51.82798241853258503, 5.000000000000000000 ) ) ;
#4999 = ORIENTED_EDGE ( 'NONE', *, *, #3458, .F. ) ;
#5000 = ORIENTED_EDGE ( 'NONE', *, *, #1154, .T. ) ;
#5001 = ADVANCED_FACE ( 'NONE', ( #4769 ), #4333, .T. ) ;
#5002 = B_SPLINE_CURVE_WITH_KNOTS ( 'NONE', 3,
 ( #623, #2180, #2516, #2203 ),
 .UNSPECIFIED., .F., .F.,
 ( 4, 4 ),
 ( 29.00000000000000000, 30.00000000000000000 ),
 .UNSPECIFIED. ) ;
#5003 = DIRECTION ( 'NONE',  ( -0.1708417403571640125, -0.9852984825684728554, 0.000000000000000000 ) ) ;
#5004 = CARTESIAN_POINT ( 'NONE',  ( 17.50000000000000000, 120.0000000000000000, -15.00000000000000000 ) ) ;
#5005 = DIRECTION ( 'NONE',  ( 0.9999976573062887564, 0.002164574307903472522, 0.000000000000000000 ) ) ;
#5006 = DIRECTION ( 'NONE',  ( -0.9999976573062887564, -0.002164574307906533875, 0.000000000000000000 ) ) ;
#5007 = EDGE_CURVE ( 'NONE', #2891, #4741, #2420, .T. ) ;
#5008 = CARTESIAN_POINT ( 'NONE',  ( 37.50000000000000000, 26.24999999999999289, 0.4999999999999965583 ) ) ;
#5009 = CARTESIAN_POINT ( 'NONE',  ( 26.17347629967592226, 69.52399929548074908, 4.599999999999999645 ) ) ;
#5010 = AXIS2_PLACEMENT_3D ( 'NONE', #3351, #4929, #156 ) ;
#5011 = VERTEX_POINT ( 'NONE', #817 ) ;
#5012 = LINE ( 'NONE', #4332, #1487 ) ;
#5013 = CARTESIAN_POINT ( 'NONE',  ( 63.55000000000001137, 104.0999999999999943, 3.399999999999999911 ) ) ;
#5014 = CARTESIAN_POINT ( 'NONE',  ( 41.48062131786240769, 24.64097113909109282, 5.000000000000000000 ) ) ;
#5015 = ORIENTED_EDGE ( 'NONE', *, *, #1336, .F. ) ;
#5016 = EDGE_LOOP ( 'NONE', ( #4898, #3590, #982, #4039, #146, #51 ) ) ;
#5017 = ORIENTED_EDGE ( 'NONE', *, *, #1138, .F. ) ;
#5018 = CARTESIAN_POINT ( 'NONE',  ( 0.1847761177309279745, 45.83330897006320725, 1.347278031071429849 ) ) ;
#5019 = CARTESIAN_POINT ( 'NONE',  ( 74.50000000000000000, 45.62132034355963839, 1.500000000000000000 ) ) ;
#5020 = ADVANCED_FACE ( 'NONE', ( #4003 ), #3097, .F. ) ;
#5021 = CARTESIAN_POINT ( 'NONE',  ( 28.05446503742488318, 47.25554083441714681, 5.000000000000000000 ) ) ;
#5022 = VERTEX_POINT ( 'NONE', #1957 ) ;
#5023 = ORIENTED_EDGE ( 'NONE', *, *, #1566, .T. ) ;
#5024 = CARTESIAN_POINT ( 'NONE',  ( 47.50000000000061107, 120.0000000000000142, -2.499999999999974243 ) ) ;
#5025 = DIRECTION ( 'NONE',  ( 0.1708417296058795942, 0.9852984844326472258, 0.000000000000000000 ) ) ;
#5026 = CARTESIAN_POINT ( 'NONE',  ( 35.00763628465025334, 51.82798241853258503, 4.599999999999999645 ) ) ;
#5027 = CARTESIAN_POINT ( 'NONE',  ( 0.3975538220526765865, 74.41498464624837084, 1.192661466157837191 ) ) ;
#5028 = EDGE_CURVE ( 'NONE', #2684, #2823, #2709, .T. ) ;
#5029 = DIRECTION ( 'NONE',  ( -0.000000000000000000, -0.000000000000000000, 1.000000000000000000 ) ) ;
#5030 = CARTESIAN_POINT ( 'NONE',  ( 14.03395320428463044, 59.88853312862018896, 4.599999999999999645 ) ) ;
#5031 = CARTESIAN_POINT ( 'NONE',  ( 22.08606763532822725, 58.68548362696230924, 4.599999999999999645 ) ) ;
#5032 = ADVANCED_FACE ( 'NONE', ( #768 ), #1981, .F. ) ;
#5033 = ORIENTED_EDGE ( 'NONE', *, *, #3973, .T. ) ;
#5034 = CARTESIAN_POINT ( 'NONE',  ( 7.499999999999989342, 2.499999999999993783, -12.50000000000000000 ) ) ;
#5035 = VECTOR ( 'NONE', #4487, 1000.000000000000000 ) ;
#5036 = CARTESIAN_POINT ( 'NONE',  ( 61.25000000000001421, 116.2499999999999858, 0.000000000000000000 ) ) ;
#5037 = FACE_OUTER_BOUND ( 'NONE', #3689, .T. ) ;
#5038 = B_SPLINE_CURVE_WITH_KNOTS ( 'NONE', 3,
 ( #976, #589, #2143, #3731 ),
 .UNSPECIFIED., .F., .F.,
 ( 4, 4 ),
 ( 0.000000000000000000, 1.000000000000000000 ),
 .UNSPECIFIED. ) ;
#5039 = EDGE_LOOP ( 'NONE', ( #753, #1580, #1379, #3277 ) ) ;
#5040 = ADVANCED_FACE ( 'NONE', ( #2448 ), #2138, .F. ) ;
#5041 = ORIENTED_EDGE ( 'NONE', *, *, #3356, .F. ) ;
#5042 = VERTEX_POINT ( 'NONE', #4051 ) ;
#5043 = EDGE_CURVE ( 'NONE', #1250, #192, #2458, .T. ) ;
#5044 = CARTESIAN_POINT ( 'NONE',  ( 41.96291306052567904, 63.57867512623393935, 4.599999999999999645 ) ) ;
#5045 = DIRECTION ( 'NONE',  ( -0.000000000000000000, -0.000000000000000000, 1.000000000000000000 ) ) ;
#5046 = LINE ( 'NONE', #1585, #3795 ) ;
#5047 = VECTOR ( 'NONE', #1171, 1000.000000000000000 ) ;
#5048 = VECTOR ( 'NONE', #3639, 1000.000000000000000 ) ;
#5049 = EDGE_CURVE ( 'NONE', #3603, #2505, #2916, .T. ) ;
#5050 = ORIENTED_EDGE ( 'NONE', *, *, #4826, .F. ) ;
#5051 = CIRCLE ( 'NONE', #4471, 1.899999999999999023 ) ;
#5052 = CARTESIAN_POINT ( 'NONE',  ( -0.1296663786469602064, 59.90372998772974711, 4.599999999999999645 ) ) ;
#5053 = VECTOR ( 'NONE', #1676, 1000.000000000000000 ) ;
#5054 = VECTOR ( 'NONE', #4324, 1000.000000000000000 ) ;
#5055 = CARTESIAN_POINT ( 'NONE',  ( 51.97385331965853794, 56.96884372970191635, 4.599999999999999645 ) ) ;
#5056 = ADVANCED_FACE ( 'NONE', ( #1679 ), #4499, .F. ) ;
#5057 = LINE ( 'NONE', #331, #3758 ) ;
#5058 = DIRECTION ( 'NONE',  ( -0.2844023902313085883, 0.9587050017762077658, 0.000000000000000000 ) ) ;
#5059 = CARTESIAN_POINT ( 'NONE',  ( 32.46596180904801088, 71.73792631199650316, 5.000000000000000000 ) ) ;
#5060 = DIRECTION ( 'NONE',  ( -0.8620248595500388245, 0.5068659995676727537, 0.000000000000000000 ) ) ;
#5061 = CARTESIAN_POINT ( 'NONE',  ( 35.32993193914360575, 69.15170646614373595, 5.000000000000000000 ) ) ;
#5062 = CIRCLE ( 'NONE', #224, 1.000000000000000000 ) ;
#5063 = ORIENTED_EDGE ( 'NONE', *, *, #330, .T. ) ;
#5064 = LINE ( 'NONE', #1550, #598 ) ;
#5065 = CARTESIAN_POINT ( 'NONE',  ( 74.80361510686550730, 44.99999999999999289, 0.06546163104475538619 ) ) ;
#5066 = VECTOR ( 'NONE', #3063, 1000.000000000000000 ) ;
#5067 = CYLINDRICAL_SURFACE ( 'NONE', #1427, 2.000000000000001776 ) ;
#5068 = CARTESIAN_POINT ( 'NONE',  ( 35.00763628465025334, 51.82798241853258503, 5.000000000000000000 ) ) ;
#5069 = EDGE_CURVE ( 'NONE', #2664, #924, #3274, .T. ) ;
#5070 = ORIENTED_EDGE ( 'NONE', *, *, #4465, .F. ) ;
#5071 = ORIENTED_EDGE ( 'NONE', *, *, #3299, .F. ) ;
#5072 = EDGE_LOOP ( 'NONE', ( #1316, #164, #3982, #4416 ) ) ;
#5073 = CYLINDRICAL_SURFACE ( 'NONE', #1582, 1.250000000000001110 ) ;
#5074 = AXIS2_PLACEMENT_3D ( 'NONE', #2146, #2119, #2534 ) ;
#5075 = CARTESIAN_POINT ( 'NONE',  ( 23.97390899241983675, 55.10926709234449561, 4.599999999999999645 ) ) ;
#5076 = EDGE_LOOP ( 'NONE', ( #4028, #2514, #4169 ) ) ;
#5077 = CARTESIAN_POINT ( 'NONE',  ( 16.96517205049047661, 64.79795321356733950, 5.000000000000000000 ) ) ;
#5078 = CARTESIAN_POINT ( 'NONE',  ( 63.54999999999999716, 15.99999999999999289, 0.000000000000000000 ) ) ;
#5079 = DIRECTION ( 'NONE',  ( -1.228762462150238276E-16, -1.000000000000000000, 0.000000000000000000 ) ) ;
#5080 = CARTESIAN_POINT ( 'NONE',  ( 73.50000000000000000, 46.49999999999999289, 0.5000000000000000000 ) ) ;
#5081 = DIRECTION ( 'NONE',  ( -0.3071847255501460316, -0.9516499064197303515, 0.000000000000000000 ) ) ;
#5082 = LINE ( 'NONE', #2778, #4430 ) ;
#5083 = CARTESIAN_POINT ( 'NONE',  ( -0.1457004807266669422, 67.31122090056931029, 5.000000000000000000 ) ) ;
#5084 = ORIENTED_EDGE ( 'NONE', *, *, #12, .F. ) ;
#5085 = B_SPLINE_SURFACE_WITH_KNOTS ( 'NONE', 3, 1, ( 
 ( #3843, #3034 ),
 ( #4173, #4586 ),
 ( #350, #1416 ),
 ( #2276, #3864 ) ),
 .UNSPECIFIED., .F., .F., .F.,
 ( 4, 4 ),
 ( 2, 2 ),
 ( 3.000000000000000000, 4.000000000000000000 ),
 ( 0.000000000000000000, 1.000000000000000000 ),
 .UNSPECIFIED. ) ;
#5086 = DIRECTION ( 'NONE',  ( -1.000000000000000000, 0.000000000000000000, 0.000000000000000000 ) ) ;
#5087 = CARTESIAN_POINT ( 'NONE',  ( 74.86912603607204630, 45.03904101202306975, 0.3926218917843757317 ) ) ;
#5088 = CARTESIAN_POINT ( 'NONE',  ( 38.23827591779982527, 68.33259183104274825, 4.599999999999999645 ) ) ;
#5089 = DIRECTION ( 'NONE',  ( -0.000000000000000000, 0.000000000000000000, 1.000000000000000000 ) ) ;
#5090 = AXIS2_PLACEMENT_3D ( 'NONE', #4744, #1578, #4723 ) ;
#5091 = ORIENTED_EDGE ( 'NONE', *, *, #4349, .F. ) ;
#5092 = ORIENTED_EDGE ( 'NONE', *, *, #4456, .F. ) ;
ENDSEC;
END-ISO-10303-21;
