ISO-10303-21;
HEADER;
FILE_DESCRIPTION (( 'STEP AP214' ),
    '1' );
FILE_NAME ('Ubiquiti-15W.STEP',
    '2026-07-10T12:42:18',
    ( 'xxx' ),
    ( '' ),
    'SwSTEP 2.0',
    'SolidWorks 2025',
    '' );
FILE_SCHEMA (( 'AUTOMOTIVE_DESIGN' ));
ENDSEC;

DATA;
#1 = CARTESIAN_POINT ( 'NONE',  ( 47.18616342779203876, 52.54924062573878274, 4.599999999999999645 ) ) ;
#2 = LINE ( 'NONE', #330, #613 ) ;
#3 = CARTESIAN_POINT ( 'NONE',  ( 35.75026295860399017, 54.22116314799411896, 4.599999999999999645 ) ) ;
#4 = ORIENTED_EDGE ( 'NONE', *, *, #2493, .T. ) ;
#5 = CARTESIAN_POINT ( 'NONE',  ( 43.44441003206581087, 63.58188194402834625, 5.000000000000000000 ) ) ;
#6 = B_SPLINE_CURVE_WITH_KNOTS ( 'NONE', 3,
 ( #3462, #1079, #574, #3705, #3053, #1373 ),
 .UNSPECIFIED., .F., .F.,
 ( 4, 2, 4 ),
 ( 2.000000000000000000, 3.000000000000000000, 4.000000000000000000 ),
 .UNSPECIFIED. ) ;
#7 = CARTESIAN_POINT ( 'NONE',  ( 0.05629675538393313916, 74.80114148140457075, 0.7527245943439038189 ) ) ;
#8 = VERTEX_POINT ( 'NONE', #4224 ) ;
#9 = FACE_OUTER_BOUND ( 'NONE', #1695, .T. ) ;
#10 = VECTOR ( 'NONE', #2603, 1000.000000000000000 ) ;
#11 = CARTESIAN_POINT ( 'NONE',  ( 39.20752677072000125, 50.76827381737618339, 4.599999999999999645 ) ) ;
#12 = PLANE ( 'NONE',  #3552 ) ;
#13 = ORIENTED_EDGE ( 'NONE', *, *, #4919, .T. ) ;
#14 = DIRECTION ( 'NONE',  ( 0.000000000000000000, -1.000000000000000000, 0.000000000000000000 ) ) ;
#15 = DIRECTION ( 'NONE',  ( -0.5068653939128120456, -0.8620252156715659808, 0.000000000000000000 ) ) ;
#16 = CARTESIAN_POINT ( 'NONE',  ( 23.97390899241983675, 55.10926709234449561, 4.599999999999999645 ) ) ;
#17 = CARTESIAN_POINT ( 'NONE',  ( 47.98893882117888410, 53.22823707465383336, 5.000000000000000000 ) ) ;
#18 = CARTESIAN_POINT ( 'NONE',  ( 14.04654379219795857, 54.07188900997300607, 4.599999999999999645 ) ) ;
#19 = LINE ( 'NONE', #2759, #4325 ) ;
#20 = CARTESIAN_POINT ( 'NONE',  ( 75.00000000000000000, 44.99999999999999289, 0.000000000000000000 ) ) ;
#21 = ORIENTED_EDGE ( 'NONE', *, *, #205, .F. ) ;
#22 = EDGE_LOOP ( 'NONE', ( #2328, #3601, #3108, #2821 ) ) ;
#23 = VECTOR ( 'NONE', #3726, 1000.000000000000000 ) ;
#24 = ORIENTED_EDGE ( 'NONE', *, *, #1939, .F. ) ;
#25 = LINE ( 'NONE', #801, #1935 ) ;
#26 = CARTESIAN_POINT ( 'NONE',  ( 41.48062131786240769, 24.64097113909109282, 5.000000000000000000 ) ) ;
#27 = CARTESIAN_POINT ( 'NONE',  ( 67.49999999999998579, -9.540979117872439019E-15, -10.00000000000000000 ) ) ;
#28 = ORIENTED_EDGE ( 'NONE', *, *, #2628, .T. ) ;
#29 = DIRECTION ( 'NONE',  ( 0.3071847037978341910, 0.9516499134411965377, 0.000000000000000000 ) ) ;
#30 = CARTESIAN_POINT ( 'NONE',  ( 34.94305739570599201, 68.62528759425747182, 5.000000000000000000 ) ) ;
#31 = ORIENTED_EDGE ( 'NONE', *, *, #2562, .T. ) ;
#32 = LINE ( 'NONE', #3112, #786 ) ;
#33 = EDGE_CURVE ( 'NONE', #2693, #4858, #2731, .T. ) ;
#34 = ORIENTED_EDGE ( 'NONE', *, *, #1651, .F. ) ;
#35 = DIRECTION ( 'NONE',  ( 0.06540457701180862893, -0.9978588283449250085, 0.000000000000000000 ) ) ;
#36 = CARTESIAN_POINT ( 'NONE',  ( 56.31831518861017827, 68.97138550662481293, 4.599999999999999645 ) ) ;
#37 = VERTEX_POINT ( 'NONE', #3427 ) ;
#38 = CARTESIAN_POINT ( 'NONE',  ( 37.87316993195197767, 69.15721150665848427, 5.000000000000000000 ) ) ;
#39 = CARTESIAN_POINT ( 'NONE',  ( 1.499999999999997335, 46.49999999999999289, 0.4999999999999998890 ) ) ;
#40 = CARTESIAN_POINT ( 'NONE',  ( 74.60244617794749900, 74.41498464624837084, 1.192661466157833638 ) ) ;
#41 = ADVANCED_FACE ( 'NONE', ( #2218 ), #5058, .F. ) ;
#42 = CARTESIAN_POINT ( 'NONE',  ( 43.86543613087226845, 62.99724613215688862, 4.599999999999999645 ) ) ;
#43 = EDGE_CURVE ( 'NONE', #3011, #2034, #375, .T. ) ;
#44 = CARTESIAN_POINT ( 'NONE',  ( 27.11389941078662247, 71.12337289908460036, 5.000000000000000000 ) ) ;
#45 = CARTESIAN_POINT ( 'NONE',  ( 22.50000000000000355, 112.5000000000000000, -15.00000000000000000 ) ) ;
#46 = CARTESIAN_POINT ( 'NONE',  ( 35.89999999999995595, 21.89999999999999503, 0.000000000000000000 ) ) ;
#47 = CARTESIAN_POINT ( 'NONE',  ( 74.70710678118653902, 45.00000000000000000, 0.8786796564403570597 ) ) ;
#48 = ORIENTED_EDGE ( 'NONE', *, *, #4207, .F. ) ;
#49 = ORIENTED_EDGE ( 'NONE', *, *, #716, .T. ) ;
#50 = ADVANCED_FACE ( 'NONE', ( #1936 ), #1883, .F. ) ;
#51 = EDGE_CURVE ( 'NONE', #4310, #601, #489, .T. ) ;
#52 = DIRECTION ( 'NONE',  ( -0.000000000000000000, -0.000000000000000000, 1.000000000000000000 ) ) ;
#53 = CARTESIAN_POINT ( 'NONE',  ( 60.96604679571537133, 51.67958202849354876, 4.599999999999999645 ) ) ;
#54 = LINE ( 'NONE', #4757, #3597 ) ;
#55 = EDGE_LOOP ( 'NONE', ( #154, #1026 ) ) ;
#56 = ADVANCED_FACE ( 'NONE', ( #792 ), #2070, .T. ) ;
#57 = B_SPLINE_SURFACE_WITH_KNOTS ( 'NONE', 3, 1, ( 
 ( #2423, #3988 ),
 ( #474, #1241 ),
 ( #2036, #861 ),
 ( #3602, #4372 ) ),
 .UNSPECIFIED., .F., .F., .F.,
 ( 4, 4 ),
 ( 2, 2 ),
 ( 33.00000000000000000, 34.00000000000000000 ),
 ( 0.000000000000000000, 1.000000000000000000 ),
 .UNSPECIFIED. ) ;
#58 = CARTESIAN_POINT ( 'NONE',  ( 0.000000000000000000, 0.000000000000000000, 5.000000000000000000 ) ) ;
#59 = EDGE_CURVE ( 'NONE', #1600, #2711, #2522, .T. ) ;
#60 = ORIENTED_EDGE ( 'NONE', *, *, #3233, .T. ) ;
#61 = VECTOR ( 'NONE', #1584, 1000.000000000000000 ) ;
#62 = CARTESIAN_POINT ( 'NONE',  ( 34.58037044103966906, 60.18697884857790115, 5.000000000000000000 ) ) ;
#63 = VERTEX_POINT ( 'NONE', #2052 ) ;
#64 = EDGE_CURVE ( 'NONE', #4917, #388, #569, .T. ) ;
#65 = DIRECTION ( 'NONE',  ( -0.9999976573062887564, -0.002164574307898562821, 0.000000000000000000 ) ) ;
#66 = VECTOR ( 'NONE', #2196, 1000.000000000000000 ) ;
#67 = EDGE_CURVE ( 'NONE', #1565, #1863, #2903, .T. ) ;
#68 = DIRECTION ( 'NONE',  ( -0.000000000000000000, -0.000000000000000000, 1.000000000000000000 ) ) ;
#69 = EDGE_LOOP ( 'NONE', ( #2003, #2101, #4752, #3241 ) ) ;
#70 = PLANE ( 'NONE',  #3008 ) ;
#71 = CARTESIAN_POINT ( 'NONE',  ( 22.49999999999999289, 117.5000000000000000, -9.999999999999378275 ) ) ;
#72 = FACE_OUTER_BOUND ( 'NONE', #3299, .T. ) ;
#73 = VECTOR ( 'NONE', #1719, 1000.000000000000000 ) ;
#74 = FACE_OUTER_BOUND ( 'NONE', #3938, .T. ) ;
#75 = DIRECTION ( 'NONE',  ( -0.000000000000000000, -0.000000000000000000, 1.000000000000000000 ) ) ;
#76 = LINE ( 'NONE', #4438, #2213 ) ;
#77 = ORIENTED_EDGE ( 'NONE', *, *, #1230, .F. ) ;
#78 = EDGE_LOOP ( 'NONE', ( #2124, #3672, #199, #3375, #800, #915 ) ) ;
#79 = AXIS2_PLACEMENT_3D ( 'NONE', #2308, #2004, #4729 ) ;
#80 = DIRECTION ( 'NONE',  ( -0.000000000000000000, -1.000000000000000000, 0.000000000000000000 ) ) ;
#81 = CARTESIAN_POINT ( 'NONE',  ( 48.25805883730210155, 67.41599467984798366, 4.599999999999999645 ) ) ;
#82 = LINE ( 'NONE', #5069, #3343 ) ;
#83 = VERTEX_POINT ( 'NONE', #3562 ) ;
#84 = CARTESIAN_POINT ( 'NONE',  ( 35.89999999999992752, 96.40000000000000568, 0.000000000000000000 ) ) ;
#85 = ORIENTED_EDGE ( 'NONE', *, *, #3335, .T. ) ;
#86 = DIRECTION ( 'NONE',  ( 0.000000000000000000, 0.000000000000000000, -1.000000000000000000 ) ) ;
#87 = ORIENTED_EDGE ( 'NONE', *, *, #364, .F. ) ;
#88 = EDGE_CURVE ( 'NONE', #4182, #3751, #4031, .T. ) ;
#89 = CARTESIAN_POINT ( 'NONE',  ( 61.25000000000001421, 117.5000000000000000, -15.00000000000000000 ) ) ;
#90 = PLANE ( 'NONE',  #4047 ) ;
#91 = EDGE_LOOP ( 'NONE', ( #3879, #4154, #2506, #1512 ) ) ;
#92 = AXIS2_PLACEMENT_3D ( 'NONE', #3977, #101, #3177 ) ;
#93 = CARTESIAN_POINT ( 'NONE',  ( 44.56405526832953967, 53.12911202077057737, 5.000000000000000000 ) ) ;
#94 = DIRECTION ( 'NONE',  ( -0.000000000000000000, -0.000000000000000000, 1.000000000000000000 ) ) ;
#95 = CARTESIAN_POINT ( 'NONE',  ( 34.84299446063909045, 51.29851711344042542, 4.599999999999999645 ) ) ;
#96 = DIRECTION ( 'NONE',  ( -1.000000000000000000, 0.000000000000000000, -0.000000000000000000 ) ) ;
#97 = CARTESIAN_POINT ( 'NONE',  ( 5.000000000000000000, 120.0000000000000000, 0.000000000000000000 ) ) ;
#98 = EDGE_CURVE ( 'NONE', #1746, #2774, #2543, .T. ) ;
#99 = CARTESIAN_POINT ( 'NONE',  ( 50.00000000000000000, 102.2999999999999972, 0.000000000000000000 ) ) ;
#100 = AXIS2_PLACEMENT_3D ( 'NONE', #3967, #368, #1497 ) ;
#101 = DIRECTION ( 'NONE',  ( 0.000000000000000000, 0.000000000000000000, -1.000000000000000000 ) ) ;
#102 = B_SPLINE_SURFACE_WITH_KNOTS ( 'NONE', 3, 1, ( 
 ( #3268, #933 ),
 ( #4847, #1318 ),
 ( #4045, #3654 ),
 ( #867, #138 ) ),
 .UNSPECIFIED., .F., .F., .F.,
 ( 4, 4 ),
 ( 2, 2 ),
 ( 35.00000000000000000, 36.00000000000000000 ),
 ( 0.000000000000000000, 1.000000000000000000 ),
 .UNSPECIFIED. ) ;
#103 = ORIENTED_EDGE ( 'NONE', *, *, #1603, .T. ) ;
#104 = ORIENTED_EDGE ( 'NONE', *, *, #584, .F. ) ;
#105 =( BOUNDED_CURVE ( )  B_SPLINE_CURVE ( 3, ( #2734, #47, #1559, #4338 ),
 .UNSPECIFIED., .F., .F. ) 
 B_SPLINE_CURVE_WITH_KNOTS ( ( 4, 4 ),
 ( 4.712388980384689674, 6.283185307179586232 ),
 .UNSPECIFIED. ) 
 CURVE ( )  GEOMETRIC_REPRESENTATION_ITEM ( )  RATIONAL_B_SPLINE_CURVE ( ( 1.000000000000000000, 0.8047378541243649375, 0.8047378541243649375, 1.000000000000000000 ) ) 
 REPRESENTATION_ITEM ( '' )  );
#106 = CARTESIAN_POINT ( 'NONE',  ( 74.87121831505562852, 74.49159939555059395, 1.129678126890393930 ) ) ;
#107 = CARTESIAN_POINT ( 'NONE',  ( 35.77095332533829009, 65.84749438515547126, 4.599999999999999645 ) ) ;
#108 = VERTEX_POINT ( 'NONE', #3315 ) ;
#109 = AXIS2_PLACEMENT_3D ( 'NONE', #1779, #4530, #1016 ) ;
#110 = EDGE_CURVE ( 'NONE', #1643, #536, #4951, .T. ) ;
#111 = CARTESIAN_POINT ( 'NONE',  ( 5.000000000000000000, 5.000000000000000000, 0.000000000000000000 ) ) ;
#112 = ORIENTED_EDGE ( 'NONE', *, *, #3821, .F. ) ;
#113 = CARTESIAN_POINT ( 'NONE',  ( 37.50000000000000000, 21.89999999999999503, 0.000000000000000000 ) ) ;
#114 = AXIS2_PLACEMENT_3D ( 'NONE', #3110, #4679, #4294 ) ;
#115 = ORIENTED_EDGE ( 'NONE', *, *, #3691, .F. ) ;
#116 = CARTESIAN_POINT ( 'NONE',  ( 28.48680579615640340, 67.79361627235329024, 4.599999999999999645 ) ) ;
#117 = CARTESIAN_POINT ( 'NONE',  ( 5.000000000000000000, 0.000000000000000000, 0.000000000000000000 ) ) ;
#118 = ORIENTED_EDGE ( 'NONE', *, *, #2556, .T. ) ;
#119 = CARTESIAN_POINT ( 'NONE',  ( 1.423389135037539610, 46.01667645971301113, 0.4744630450125235099 ) ) ;
#120 = FACE_OUTER_BOUND ( 'NONE', #4792, .T. ) ;
#121 = COLOUR_RGB ( '',0.7921568627450980005, 0.8196078431372548767, 0.9333333333333333481 ) ;
#122 = CARTESIAN_POINT ( 'NONE',  ( 47.50000000000000000, 120.0000000000000142, -10.00000000000000888 ) ) ;
#123 = EDGE_CURVE ( 'NONE', #4571, #2869, #2816, .T. ) ;
#124 = CARTESIAN_POINT ( 'NONE',  ( 74.90115196172206424, 45.37049195927841083, 0.9917937397773899377 ) ) ;
#125 = CARTESIAN_POINT ( 'NONE',  ( 0.000000000000000000, 0.000000000000000000, 1.500000000000000000 ) ) ;
#126 = B_SPLINE_CURVE_WITH_KNOTS ( 'NONE', 3,
 ( #4174, #2656, #4226, #2633 ),
 .UNSPECIFIED., .F., .F.,
 ( 4, 4 ),
 ( 0.000000000000000000, 1.000000000000000000 ),
 .UNSPECIFIED. ) ;
#127 = ORIENTED_EDGE ( 'NONE', *, *, #1255, .T. ) ;
#128 = EDGE_LOOP ( 'NONE', ( #1179, #4964, #3210, #3858 ) ) ;
#129 = VECTOR ( 'NONE', #1894, 1000.000000000000000 ) ;
#130 = ADVANCED_FACE ( 'NONE', ( #4357 ), #4077, .F. ) ;
#131 = DIRECTION ( 'NONE',  ( -0.000000000000000000, -0.000000000000000000, 1.000000000000000000 ) ) ;
#132 = DIRECTION ( 'NONE',  ( 0.000000000000000000, 0.000000000000000000, 1.000000000000000000 ) ) ;
#133 = ORIENTED_EDGE ( 'NONE', *, *, #2027, .T. ) ;
#134 = CARTESIAN_POINT ( 'NONE',  ( 12.49999999999998934, -9.540979117872439019E-15, -4.999999999999989342 ) ) ;
#135 = ORIENTED_EDGE ( 'NONE', *, *, #4983, .T. ) ;
#136 = CARTESIAN_POINT ( 'NONE',  ( 14.03395320428463044, 59.88853312862018896, 5.000000000000000000 ) ) ;
#137 = ORIENTED_EDGE ( 'NONE', *, *, #2552, .T. ) ;
#138 = CARTESIAN_POINT ( 'NONE',  ( 54.64768155626244805, 56.93935805308353082, 5.000000000000000000 ) ) ;
#139 = VECTOR ( 'NONE', #1054, 1000.000000000000000 ) ;
#140 = CARTESIAN_POINT ( 'NONE',  ( 26.16751767727940958, 50.41905633430118883, 5.000000000000000000 ) ) ;
#141 = ORIENTED_EDGE ( 'NONE', *, *, #2532, .T. ) ;
#142 = FACE_OUTER_BOUND ( 'NONE', #4510, .T. ) ;
#143 = CARTESIAN_POINT ( 'NONE',  ( 74.46269279592408452, 74.92874584099953950, 0.5373072040770915381 ) ) ;
#144 = ADVANCED_FACE ( 'NONE', ( #74 ), #1638, .F. ) ;
#145 = CONICAL_SURFACE ( 'NONE', #1938, 7.500000000000032863, 0.7853981633974510546 ) ;
#146 = DIRECTION ( 'NONE',  ( 1.000000000000000000, 0.000000000000000000, -1.255939796607217676E-13 ) ) ;
#147 = DIRECTION ( 'NONE',  ( 0.000000000000000000, 0.000000000000000000, -1.000000000000000000 ) ) ;
#148 = ADVANCED_FACE ( 'NONE', ( #3921 ), #398, .F. ) ;
#149 = FACE_OUTER_BOUND ( 'NONE', #2807, .T. ) ;
#150 = ORIENTED_EDGE ( 'NONE', *, *, #1470, .T. ) ;
#151 = VERTEX_POINT ( 'NONE', #17 ) ;
#152 = DIRECTION ( 'NONE',  ( -0.2870939462787172047, 0.9579024303185126321, 0.000000000000000000 ) ) ;
#153 = DIRECTION ( 'NONE',  ( 1.228762462150238276E-16, 1.000000000000000000, -0.000000000000000000 ) ) ;
#154 = ORIENTED_EDGE ( 'NONE', *, *, #3318, .T. ) ;
#155 = CARTESIAN_POINT ( 'NONE',  ( 22.50000000000000000, 117.5000000000000142, -12.50000000000000000 ) ) ;
#157 = EDGE_LOOP ( 'NONE', ( #4905, #342, #4134, #4487 ) ) ;
#156 = EDGE_CURVE ( 'NONE', #863, #4883, #3007, .T. ) ;
#158 = PLANE ( 'NONE',  #2573 ) ;
#159 = VECTOR ( 'NONE', #2618, 1000.000000000000000 ) ;
#160 = VERTEX_POINT ( 'NONE', #1823 ) ;
#161 = LINE ( 'NONE', #1726, #2800 ) ;
#162 = DIRECTION ( 'NONE',  ( 1.000000000000000000, -0.000000000000000000, -0.000000000000000000 ) ) ;
#163 = ORIENTED_EDGE ( 'NONE', *, *, #651, .F. ) ;
#164 = DIRECTION ( 'NONE',  ( -0.000000000000000000, -1.000000000000000000, -0.000000000000000000 ) ) ;
#165 = SURFACE_STYLE_USAGE ( .BOTH. , #2889 ) ;
#166 = CARTESIAN_POINT ( 'NONE',  ( 27.10923559923350012, 48.83376798311071809, 4.599999999999999645 ) ) ;
#167 = DIRECTION ( 'NONE',  ( -0.000000000000000000, -0.000000000000000000, 1.000000000000000000 ) ) ;
#168 = VERTEX_POINT ( 'NONE', #5019 ) ;
#169 = VECTOR ( 'NONE', #3400, 1000.000000000000000 ) ;
#170 = ORIENTED_EDGE ( 'NONE', *, *, #2350, .F. ) ;
#171 = B_SPLINE_CURVE_WITH_KNOTS ( 'NONE', 3,
 ( #1700, #2829, #909, #521, #2108, #4448 ),
 .UNSPECIFIED., .F., .F.,
 ( 4, 2, 4 ),
 ( 0.000000000000000000, 1.000000000000000000, 2.000000000000000000 ),
 .UNSPECIFIED. ) ;
#172 = CARTESIAN_POINT ( 'NONE',  ( 17.50000000000000000, 120.0000000000000000, 0.000000000000000000 ) ) ;
#173 = CARTESIAN_POINT ( 'NONE',  ( 61.25000000000000711, 114.9999999999999858, -15.00000000000000000 ) ) ;
#174 = ORIENTED_EDGE ( 'NONE', *, *, #908, .T. ) ;
#175 = B_SPLINE_SURFACE_WITH_KNOTS ( 'NONE', 3, 1, ( 
 ( #2814, #487 ),
 ( #95, #1666 ),
 ( #4801, #1276 ),
 ( #4479, #1103 ) ),
 .UNSPECIFIED., .F., .F., .F.,
 ( 4, 4 ),
 ( 2, 2 ),
 ( 21.00000000000000000, 22.00000000000000000 ),
 ( 0.000000000000000000, 1.000000000000000000 ),
 .UNSPECIFIED. ) ;
#176 = CYLINDRICAL_SURFACE ( 'NONE', #2151, 1.250000000000001110 ) ;
#177 = ORIENTED_EDGE ( 'NONE', *, *, #3757, .T. ) ;
#178 = DIRECTION ( 'NONE',  ( 0.000000000000000000, 0.000000000000000000, -1.000000000000000000 ) ) ;
#179 = ORIENTED_EDGE ( 'NONE', *, *, #581, .T. ) ;
#180 = CIRCLE ( 'NONE', #2969, 5.000000000000000000 ) ;
#181 = ORIENTED_EDGE ( 'NONE', *, *, #4277, .F. ) ;
#182 = CARTESIAN_POINT ( 'NONE',  ( 18.96433980743245939, 58.67872639927966816, 4.599999999999999645 ) ) ;
#183 = EDGE_CURVE ( 'NONE', #3244, #3236, #3824, .T. ) ;
#184 = CARTESIAN_POINT ( 'NONE',  ( 14.38323494084624166, 60.15874940231086043, 4.599999999999999645 ) ) ;
#185 = AXIS2_PLACEMENT_3D ( 'NONE', #111, #2470, #2877 ) ;
#186 = ORIENTED_EDGE ( 'NONE', *, *, #1328, .F. ) ;
#187 = FACE_OUTER_BOUND ( 'NONE', #2157, .T. ) ;
#188 = CARTESIAN_POINT ( 'NONE',  ( 42.52799392477230356, 59.99606587957203629, 5.000000000000000000 ) ) ;
#189 = LINE ( 'NONE', #166, #1449 ) ;
#191 = LINE ( 'NONE', #2121, #10 ) ;
#190 = VECTOR ( 'NONE', #1520, 1000.000000000000000 ) ;
#192 = DIRECTION ( 'NONE',  ( 4.625929269271485914E-16, 1.000000000000000000, 0.000000000000000000 ) ) ;
#193 = VERTEX_POINT ( 'NONE', #3802 ) ;
#194 = EDGE_CURVE ( 'NONE', #2130, #697, #2186, .T. ) ;
#195 = ORIENTED_EDGE ( 'NONE', *, *, #3251, .T. ) ;
#196 = DIRECTION ( 'NONE',  ( -0.9999976573062887564, -0.002164574307898562821, 0.000000000000000000 ) ) ;
#197 = LINE ( 'NONE', #926, #73 ) ;
#198 = EDGE_CURVE ( 'NONE', #1386, #1761, #3273, .T. ) ;
#199 = ORIENTED_EDGE ( 'NONE', *, *, #4516, .F. ) ;
#200 = EDGE_CURVE ( 'NONE', #2364, #3351, #1392, .T. ) ;
#201 = CONICAL_SURFACE ( 'NONE', #2580, 1.600000000000045830, 0.7853981633974552734 ) ;
#202 = CARTESIAN_POINT ( 'NONE',  ( 37.41813806569387424, 69.15622655406406238, 4.599999999999999645 ) ) ;
#203 = ORIENTED_EDGE ( 'NONE', *, *, #691, .T. ) ;
#204 = ADVANCED_FACE ( 'NONE', ( #4573 ), #1291, .F. ) ;
#205 = EDGE_CURVE ( 'NONE', #4613, #388, #281, .T. ) ;
#206 = ORIENTED_EDGE ( 'NONE', *, *, #961, .F. ) ;
#207 = ORIENTED_EDGE ( 'NONE', *, *, #2532, .F. ) ;
#208 = EDGE_CURVE ( 'NONE', #3990, #588, #2956, .T. ) ;
#209 = CARTESIAN_POINT ( 'NONE',  ( 69.99999999999998579, 5.000000000000000000, 0.000000000000000000 ) ) ;
#210 = PLANE ( 'NONE',  #4119 ) ;
#211 = ORIENTED_EDGE ( 'NONE', *, *, #848, .F. ) ;
#212 = CARTESIAN_POINT ( 'NONE',  ( 17.50000000000000000, 117.5000000000000000, 0.000000000000000000 ) ) ;
#213 = EDGE_CURVE ( 'NONE', #3194, #3342, #2062, .T. ) ;
#214 = EDGE_CURVE ( 'NONE', #1543, #4125, #3032, .T. ) ;
#215 = CARTESIAN_POINT ( 'NONE',  ( 69.99999999999998579, 5.000000000000000000, 0.000000000000000000 ) ) ;
#216 = VECTOR ( 'NONE', #753, 1000.000000000000000 ) ;
#217 = CARTESIAN_POINT ( 'NONE',  ( 47.98893882117888410, 53.22823707465383336, 4.599999999999999645 ) ) ;
#218 = CARTESIAN_POINT ( 'NONE',  ( -6.927720163651781748E-16, 75.00000000000000000, -1.592659819528146559E-15 ) ) ;
#219 = VECTOR ( 'NONE', #534, 1000.000000000000000 ) ;
#220 = CARTESIAN_POINT ( 'NONE',  ( 34.58037044103966906, 60.18697884857790115, 4.599999999999999645 ) ) ;
#221 = CARTESIAN_POINT ( 'NONE',  ( 45.90133713412228644, 56.20436685281529066, 4.599999999999999645 ) ) ;
#222 = EDGE_LOOP ( 'NONE', ( #479, #249, #163, #2893 ) ) ;
#223 = AXIS2_PLACEMENT_3D ( 'NONE', #4509, #192, #4123 ) ;
#224 = DIRECTION ( 'NONE',  ( 0.002164574307903472522, -0.9999976573062887564, 0.000000000000000000 ) ) ;
#225 = CARTESIAN_POINT ( 'NONE',  ( 69.99999999999998579, 2.499999999999996003, -12.50000000000000000 ) ) ;
#226 = CARTESIAN_POINT ( 'NONE',  ( 57.58860395026325563, 65.51376142484208742, 4.599999999999999645 ) ) ;
#227 = ORIENTED_EDGE ( 'NONE', *, *, #1630, .T. ) ;
#228 = AXIS2_PLACEMENT_3D ( 'NONE', #4181, #2906, #962 ) ;
#229 = FACE_OUTER_BOUND ( 'NONE', #2998, .T. ) ;
#230 = EDGE_LOOP ( 'NONE', ( #1595, #234, #3674 ) ) ;
#231 = CARTESIAN_POINT ( 'NONE',  ( 41.96291306052567904, 63.57867512623393935, 4.599999999999999645 ) ) ;
#232 = CARTESIAN_POINT ( 'NONE',  ( 0.2928932188134531489, 75.00000000000000000, 0.8786796564403568377 ) ) ;
#233 = ORIENTED_EDGE ( 'NONE', *, *, #3159, .T. ) ;
#234 = ORIENTED_EDGE ( 'NONE', *, *, #2780, .T. ) ;
#235 = CARTESIAN_POINT ( 'NONE',  ( 28.48680579615640340, 67.79361627235329024, 5.000000000000000000 ) ) ;
#236 = CARTESIAN_POINT ( 'NONE',  ( 18.95884240092216899, 61.21843760784149424, 4.599999999999999645 ) ) ;
#237 = ORIENTED_EDGE ( 'NONE', *, *, #2623, .T. ) ;
#238 = CARTESIAN_POINT ( 'NONE',  ( 54.64768155626245516, 56.93935805308352371, 4.599999999999999645 ) ) ;
#239 = CARTESIAN_POINT ( 'NONE',  ( 38.85478914024159991, 50.76751028877510663, 4.599999999999999645 ) ) ;
#240 = CARTESIAN_POINT ( 'NONE',  ( 74.50000000000000000, 74.37867965644035451, 1.500000000000000000 ) ) ;
#241 = CARTESIAN_POINT ( 'NONE',  ( 1.490330855880328320, 73.69634717512361988, 0.4967769519601281103 ) ) ;
#242 = PLANE ( 'NONE',  #990 ) ;
#243 = DIRECTION ( 'NONE',  ( -0.000000000000000000, 0.000000000000000000, -1.000000000000000000 ) ) ;
#244 = ORIENTED_EDGE ( 'NONE', *, *, #2713, .F. ) ;
#245 = CARTESIAN_POINT ( 'NONE',  ( 7.499999999999985789, -9.540979117872439019E-15, -9.999999999999992895 ) ) ;
#246 = CARTESIAN_POINT ( 'NONE',  ( 51.97385331965853794, 56.96884372970191635, 4.599999999999999645 ) ) ;
#247 = CARTESIAN_POINT ( 'NONE',  ( -6.522153693858112611E-17, 45.00000000000000000, 0.1993198068520180000 ) ) ;
#248 = ORIENTED_EDGE ( 'NONE', *, *, #4954, .F. ) ;
#249 = ORIENTED_EDGE ( 'NONE', *, *, #3956, .F. ) ;
#250 = LINE ( 'NONE', #4496, #3004 ) ;
#251 = AXIS2_PLACEMENT_3D ( 'NONE', #215, #625, #4555 ) ;
#252 = CARTESIAN_POINT ( 'NONE',  ( 0.3766933956117294313, 45.50875984327557688, 1.130080186835223044 ) ) ;
#253 = EDGE_LOOP ( 'NONE', ( #3213, #4856, #612 ) ) ;
#254 = EDGE_CURVE ( 'NONE', #601, #2353, #4185, .T. ) ;
#255 = ORIENTED_EDGE ( 'NONE', *, *, #594, .F. ) ;
#256 = CARTESIAN_POINT ( 'NONE',  ( 31.14016907216635133, 70.42308002101647446, 4.599999999999999645 ) ) ;
#257 = DIRECTION ( 'NONE',  ( -0.000000000000000000, 0.000000000000000000, -1.000000000000000000 ) ) ;
#258 = ORIENTED_EDGE ( 'NONE', *, *, #3311, .T. ) ;
#259 =( BOUNDED_CURVE ( )  B_SPLINE_CURVE ( 3, ( #4639, #3536, #2275, #20 ),
 .UNSPECIFIED., .F., .F. ) 
 B_SPLINE_CURVE_WITH_KNOTS ( ( 4, 4 ),
 ( 0.000000000000000000, 1.570796326794896558 ),
 .UNSPECIFIED. ) 
 CURVE ( )  GEOMETRIC_REPRESENTATION_ITEM ( )  RATIONAL_B_SPLINE_CURVE ( ( 1.000000000000000000, 0.8047378541243649375, 0.8047378541243649375, 1.000000000000000000 ) ) 
 REPRESENTATION_ITEM ( '' )  );
#260 = DIRECTION ( 'NONE',  ( -1.387778780781445676E-15, 0.000000000000000000, -1.000000000000000000 ) ) ;
#261 = LINE ( 'NONE', #239, #3866 ) ;
#262 = VECTOR ( 'NONE', #2165, 1000.000000000000000 ) ;
#263 = DIRECTION ( 'NONE',  ( -1.000000000000000000, 0.000000000000000000, 0.000000000000000000 ) ) ;
#264 = ADVANCED_FACE ( 'NONE', ( #675 ), #4903, .F. ) ;
#265 = CARTESIAN_POINT ( 'NONE',  ( 0.7554284053110952302, 74.81067960955685692, 0.2518094684370369429 ) ) ;
#266 = LINE ( 'NONE', #220, #1971 ) ;
#267 = DIRECTION ( 'NONE',  ( 0.8955204777199192723, -0.4450203073841547119, 0.000000000000000000 ) ) ;
#268 = ORIENTED_EDGE ( 'NONE', *, *, #3714, .F. ) ;
#269 = ADVANCED_FACE ( 'NONE', ( #1490 ), #1416, .F. ) ;
#270 = CARTESIAN_POINT ( 'NONE',  ( 31.16037302392805231, 49.68205551682147814, 4.599999999999999645 ) ) ;
#271 = CARTESIAN_POINT ( 'NONE',  ( 12.49999999999998934, -9.540979117872439019E-15, -4.999999999999989342 ) ) ;
#272 = DIRECTION ( 'NONE',  ( -0.000000000000000000, 1.000000000000000000, -0.000000000000000000 ) ) ;
#273 = EDGE_LOOP ( 'NONE', ( #4078, #34, #104, #2307 ) ) ;
#274 = EDGE_CURVE ( 'NONE', #5012, #692, #4500, .T. ) ;
#275 = ORIENTED_EDGE ( 'NONE', *, *, #4386, .T. ) ;
#276 = DIRECTION ( 'NONE',  ( -0.9459077980375683037, 0.3244355677352885881, 0.000000000000000000 ) ) ;
#277 = FACE_OUTER_BOUND ( 'NONE', #4723, .T. ) ;
#278 = CARTESIAN_POINT ( 'NONE',  ( 59.15031960174529502, 69.19974004816646129, 5.000000000000000000 ) ) ;
#279 = ORIENTED_EDGE ( 'NONE', *, *, #3615, .F. ) ;
#280 = VERTEX_POINT ( 'NONE', #4136 ) ;
#281 = LINE ( 'NONE', #4550, #159 ) ;
#282 = AXIS2_PLACEMENT_3D ( 'NONE', #4260, #2305, #832 ) ;
#283 = CARTESIAN_POINT ( 'NONE',  ( 16.97589199274863958, 59.84551655870923526, 4.599999999999999645 ) ) ;
#284 = ORIENTED_EDGE ( 'NONE', *, *, #964, .T. ) ;
#285 = DIRECTION ( 'NONE',  ( -1.000000000000000000, 0.000000000000000000, 0.000000000000000000 ) ) ;
#286 = DIRECTION ( 'NONE',  ( 1.000000000000000000, 0.000000000000000000, 0.000000000000000000 ) ) ;
#287 = PRODUCT_DEFINITION_CONTEXT ( 'detailed design', #1893, 'design' ) ;
#288 = ADVANCED_FACE ( 'NONE', ( #620 ), #1797, .T. ) ;
#289 = B_SPLINE_CURVE_WITH_KNOTS ( 'NONE', 3,
 ( #2200, #301, #3768, #4986, #3430, #2659, #4229, #1456, #3844, #1406, #5011, #715, #247, #1815 ),
 .UNSPECIFIED., .F., .F.,
 ( 4, 2, 2, 2, 2, 2, 4 ),
 ( 0.000000000000000000, 0.0002946116245286736378, 0.0005892232490573472755, 0.0008838348735860208048, 0.001178446498114694551, 0.001767669747172042260, 0.002356892996229389969 ),
 .UNSPECIFIED. ) ;
#290 = CARTESIAN_POINT ( 'NONE',  ( 69.99999999999998579, 2.499999999999996003, -10.00000000000000178 ) ) ;
#291 = CARTESIAN_POINT ( 'NONE',  ( 0.4967769519601289985, 73.69634717512361988, 1.490330855880327654 ) ) ;
#292 = FACE_OUTER_BOUND ( 'NONE', #2127, .T. ) ;
#293 = FACE_OUTER_BOUND ( 'NONE', #3219, .T. ) ;
#294 = ORIENTED_EDGE ( 'NONE', *, *, #2497, .T. ) ;
#295 = DIRECTION ( 'NONE',  ( -1.000000000000000000, 0.000000000000000000, 0.000000000000000000 ) ) ;
#296 = EDGE_CURVE ( 'NONE', #1076, #3338, #362, .T. ) ;
#297 = VECTOR ( 'NONE', #1693, 1000.000000000000000 ) ;
#298 = VECTOR ( 'NONE', #4423, 1000.000000000000000 ) ;
#299 = CARTESIAN_POINT ( 'NONE',  ( 0.000000000000000000, 5.000000000000000000, 0.000000000000000000 ) ) ;
#300 = EDGE_CURVE ( 'NONE', #3194, #1366, #3157, .T. ) ;
#301 = CARTESIAN_POINT ( 'NONE',  ( 0.2303039929152719545, 46.40033402649160621, 1.500000000000000000 ) ) ;
#302 = VECTOR ( 'NONE', #2019, 1000.000000000000000 ) ;
#303 = ORIENTED_EDGE ( 'NONE', *, *, #2044, .T. ) ;
#304 = ORIENTED_EDGE ( 'NONE', *, *, #4298, .F. ) ;
#305 = LINE ( 'NONE', #1839, #2347 ) ;
#306 = CARTESIAN_POINT ( 'NONE',  ( 0.1963848931341958259, 44.99999999999999289, 0.06546163104473279315 ) ) ;
#307 = DIRECTION ( 'NONE',  ( -0.3071847255501460316, -0.9516499064197303515, 0.000000000000000000 ) ) ;
#308 = ORIENTED_EDGE ( 'NONE', *, *, #2092, .T. ) ;
#309 = VECTOR ( 'NONE', #1348, 1000.000000000000000 ) ;
#310 = ORIENTED_EDGE ( 'NONE', *, *, #4697, .T. ) ;
#311 = CARTESIAN_POINT ( 'NONE',  ( 47.50000000000061107, 120.0000000000000142, -2.499999999999974243 ) ) ;
#312 = EDGE_CURVE ( 'NONE', #2431, #4988, #3079, .T. ) ;
#313 = DIRECTION ( 'NONE',  ( 2.775557561564408331E-15, 0.000000000000000000, 1.000000000000000000 ) ) ;
#314 = ORIENTED_EDGE ( 'NONE', *, *, #1441, .T. ) ;
#315 = CARTESIAN_POINT ( 'NONE',  ( 37.50000000000000000, 21.89999999999999503, 3.100000000000000089 ) ) ;
#316 = CARTESIAN_POINT ( 'NONE',  ( 0.000000000000000000, 0.000000000000000000, 0.000000000000000000 ) ) ;
#317 = CARTESIAN_POINT ( 'NONE',  ( 74.50000000000000000, 73.50000000000000000, 1.500000000000000000 ) ) ;
#318 = CARTESIAN_POINT ( 'NONE',  ( 1.130080186835233924, 74.49124015672440180, 0.3766933956117326510 ) ) ;
#319 = CARTESIAN_POINT ( 'NONE',  ( 53.41358205560006667, 59.97377346117848873, 5.000000000000000000 ) ) ;
#320 = CARTESIAN_POINT ( 'NONE',  ( 26.89661543495349250, 54.17378028218959685, 4.599999999999999645 ) ) ;
#321 = DIRECTION ( 'NONE',  ( -0.000000000000000000, -0.000000000000000000, 1.000000000000000000 ) ) ;
#322 = CARTESIAN_POINT ( 'NONE',  ( 60.15309437322863317, 50.81361216108685142, 5.000000000000000000 ) ) ;
#323 = CARTESIAN_POINT ( 'NONE',  ( 61.25000000000001421, 116.2499999999999858, -15.00000000000000000 ) ) ;
#324 = CARTESIAN_POINT ( 'NONE',  ( 16.97589199274863958, 59.84551655870923526, 4.599999999999999645 ) ) ;
#325 = CARTESIAN_POINT ( 'NONE',  ( 7.499999999999989342, 2.499999999999996003, -10.00000000000000178 ) ) ;
#326 = VERTEX_POINT ( 'NONE', #1187 ) ;
#327 = VECTOR ( 'NONE', #4145, 1000.000000000000000 ) ;
#328 = ORIENTED_EDGE ( 'NONE', *, *, #3833, .F. ) ;
#329 = DIRECTION ( 'NONE',  ( -0.000000000000000000, -0.000000000000000000, 1.000000000000000000 ) ) ;
#330 = CARTESIAN_POINT ( 'NONE',  ( 7.499999999999989342, 2.499999999999993783, -12.50000000000000000 ) ) ;
#331 = CARTESIAN_POINT ( 'NONE',  ( 19.62533348695867375, 58.04522673193246618, 5.000000000000000000 ) ) ;
#332 = ORIENTED_EDGE ( 'NONE', *, *, #2963, .F. ) ;
#333 = DIRECTION ( 'NONE',  ( -0.9999976573062886454, -0.002164574307960163285, 0.000000000000000000 ) ) ;
#334 = ADVANCED_FACE ( 'NONE', ( #3854 ), #5071, .F. ) ;
#335 = VECTOR ( 'NONE', #333, 999.9999999999998863 ) ;
#336 = CARTESIAN_POINT ( 'NONE',  ( 22.08331893061677320, 59.95533990403678359, 4.599999999999999645 ) ) ;
#337 = ORIENTED_EDGE ( 'NONE', *, *, #1015, .F. ) ;
#338 = CYLINDRICAL_SURFACE ( 'NONE', #3649, 2.499999999999995115 ) ;
#339 = CARTESIAN_POINT ( 'NONE',  ( 36.14294705659228413, 60.21152601110345159, 4.599999999999999645 ) ) ;
#340 = ADVANCED_FACE ( 'NONE', ( #3056 ), #4678, .F. ) ;
#341 = FACE_OUTER_BOUND ( 'NONE', #1221, .T. ) ;
#342 = ORIENTED_EDGE ( 'NONE', *, *, #4223, .F. ) ;
#343 = DIRECTION ( 'NONE',  ( -0.000000000000000000, 1.000000000000000000, -0.000000000000000000 ) ) ;
#344 = DIRECTION ( 'NONE',  ( -1.000000000000000000, 0.000000000000000000, 0.000000000000000000 ) ) ;
#345 = CARTESIAN_POINT ( 'NONE',  ( 14.04654379219795857, 54.07188900997300607, 5.000000000000000000 ) ) ;
#346 = CIRCLE ( 'NONE', #1173, 2.500000000000002220 ) ;
#347 = ORIENTED_EDGE ( 'NONE', *, *, #3539, .T. ) ;
#348 = CARTESIAN_POINT ( 'NONE',  ( 43.86543613087226845, 62.99724613215688862, 4.599999999999999645 ) ) ;
#349 = CARTESIAN_POINT ( 'NONE',  ( 69.99999999999998579, 5.000000000000000000, 0.000000000000000000 ) ) ;
#350 = VECTOR ( 'NONE', #313, 1000.000000000000000 ) ;
#351 = CARTESIAN_POINT ( 'NONE',  ( 25.84768651253223481, 69.43806486563988756, 4.599999999999999645 ) ) ;
#352 = CARTESIAN_POINT ( 'NONE',  ( 50.49088868411231346, 67.42082781729087060, 5.000000000000000000 ) ) ;
#353 = ORIENTED_EDGE ( 'NONE', *, *, #2963, .T. ) ;
#354 = ORIENTED_EDGE ( 'NONE', *, *, #2707, .T. ) ;
#355 = CARTESIAN_POINT ( 'NONE',  ( 51.27523411172361278, 66.83697843894681512, 4.599999999999999645 ) ) ;
#356 = DIRECTION ( 'NONE',  ( -0.000000000000000000, -0.000000000000000000, 1.000000000000000000 ) ) ;
#357 = ADVANCED_FACE ( 'NONE', ( #3109 ), #3520, .F. ) ;
#358 = CARTESIAN_POINT ( 'NONE',  ( 36.14294705659228413, 60.21152601110345159, 4.599999999999999645 ) ) ;
#359 = VECTOR ( 'NONE', #2494, 1000.000000000000000 ) ;
#360 = VERTEX_POINT ( 'NONE', #4318 ) ;
#361 = EDGE_CURVE ( 'NONE', #1714, #280, #4291, .T. ) ;
#362 = LINE ( 'NONE', #3494, #1467 ) ;
#363 = CARTESIAN_POINT ( 'NONE',  ( 57.57466414737992721, 17.25576323075712182, 4.599999999999999645 ) ) ;
#364 = EDGE_CURVE ( 'NONE', #4238, #1258, #4649, .T. ) ;
#365 = ORIENTED_EDGE ( 'NONE', *, *, #812, .F. ) ;
#366 = CARTESIAN_POINT ( 'NONE',  ( 59.58065994151687761, 69.20067155399181047, 4.599999999999999645 ) ) ;
#367 = EDGE_CURVE ( 'NONE', #4764, #1701, #4265, .T. ) ;
#368 = DIRECTION ( 'NONE',  ( 0.000000000000000000, -1.000000000000000000, -0.000000000000000000 ) ) ;
#369 = AXIS2_PLACEMENT_3D ( 'NONE', #1774, #1395, #623 ) ;
#370 = CARTESIAN_POINT ( 'NONE',  ( 37.50000000000000000, 21.89999999999999503, 0.000000000000000000 ) ) ;
#371 = ORIENTED_EDGE ( 'NONE', *, *, #2615, .T. ) ;
#372 = CARTESIAN_POINT ( 'NONE',  ( 50.00000000000000000, 102.2999999999999972, 0.000000000000000000 ) ) ;
#373 = CARTESIAN_POINT ( 'NONE',  ( 74.55058351250134763, 45.83527324319172891, 1.348249462496324158 ) ) ;
#374 = CARTESIAN_POINT ( 'NONE',  ( 14.03395320428463044, 59.88853312862018896, 4.599999999999999645 ) ) ;
#375 = LINE ( 'NONE', #2271, #1790 ) ;
#376 = DIRECTION ( 'NONE',  ( -1.000000000000000000, 0.000000000000000000, 0.000000000000000000 ) ) ;
#377 = CARTESIAN_POINT ( 'NONE',  ( 73.50000000000000000, 73.50000000000000000, 0.000000000000000000 ) ) ;
#378 = CARTESIAN_POINT ( 'NONE',  ( 16.97589199274863958, 59.84551655870923526, 5.000000000000000000 ) ) ;
#379 = VERTEX_POINT ( 'NONE', #2362 ) ;
#380 = AXIS2_PLACEMENT_3D ( 'NONE', #1134, #2356, #3955 ) ;
#381 = ORIENTED_EDGE ( 'NONE', *, *, #908, .F. ) ;
#382 = CARTESIAN_POINT ( 'NONE',  ( 47.85035056033056122, 66.73785271226965676, 5.000000000000000000 ) ) ;
#383 = CARTESIAN_POINT ( 'NONE',  ( 42.42569968899294253, 59.99584445557870538, 4.599999999999999645 ) ) ;
#384 = DIRECTION ( 'NONE',  ( 0.000000000000000000, 1.000000000000000000, 0.000000000000000000 ) ) ;
#385 = ORIENTED_EDGE ( 'NONE', *, *, #2857, .T. ) ;
#386 = CARTESIAN_POINT ( 'NONE',  ( 41.61370355988124459, 63.57791923454993110, 5.000000000000000000 ) ) ;
#387 = LINE ( 'NONE', #2285, #3223 ) ;
#388 = VERTEX_POINT ( 'NONE', #3934 ) ;
#389 = PLANE ( 'NONE',  #4061 ) ;
#390 = DIRECTION ( 'NONE',  ( -1.000000000000000000, 0.000000000000000000, -0.000000000000000000 ) ) ;
#391 = CARTESIAN_POINT ( 'NONE',  ( 43.44441003206581087, 63.58188194402834625, 4.599999999999999645 ) ) ;
#392 = ORIENTED_EDGE ( 'NONE', *, *, #504, .F. ) ;
#393 = EDGE_CURVE ( 'NONE', #4467, #588, #3837, .T. ) ;
#394 = CARTESIAN_POINT ( 'NONE',  ( 23.56683206712730083, 67.17559582444506816, 4.599999999999999645 ) ) ;
#395 = CARTESIAN_POINT ( 'NONE',  ( 7.499999999999989342, 4.999999999999993783, -12.50000000000000000 ) ) ;
#396 = CARTESIAN_POINT ( 'NONE',  ( 37.50000000000000000, 96.40000000000000568, 0.4999999999999323319 ) ) ;
#397 =( BOUNDED_SURFACE ( )  B_SPLINE_SURFACE ( 3, 2, ( 
 ( #3787, #1425, #1377 ),
 ( #2991, #3296, #4881 ),
 ( #1450, #3016, #940 ),
 ( #2528, #4076, #4100 ),
 ( #578, #2142, #1754 ),
 ( #4900, #1856, #373 ),
 ( #5006, #3425, #3835 ),
 ( #1148, #5029, #2653 ),
 ( #767, #3091, #4221 ),
 ( #2345, #737, #3117 ),
 ( #5081, #2702, #707 ),
 ( #1881, #1526, #3064 ),
 ( #2269, #4662, #4634 ),
 ( #4274, #1116, #2320 ) ),
 .UNSPECIFIED., .F., .F., .F. ) 
 B_SPLINE_SURFACE_WITH_KNOTS ( ( 4, 2, 2, 2, 2, 2, 4 ),
 ( 3, 3 ),
 ( 6.283185307179586232, 6.479534848028948524, 6.675884388878310816, 6.872233929727672219, 7.068583470577034511, 7.461282552275758206, 7.853981633974482790 ),
 ( 0.000000000000000000, 1.000000000000000000 ),
 .UNSPECIFIED. ) 
 GEOMETRIC_REPRESENTATION_ITEM ( )  RATIONAL_B_SPLINE_SURFACE ( (
 ( 1.000000000000000000, 0.7071067811865475727, 1.000000000000000000),
 ( 1.000000000000000000, 0.7070717008705423856, 1.000000000000000000),
 ( 1.000000000000000000, 0.7117460391535094244, 1.000000000000000000),
 ( 1.000000000000000000, 0.7291288573898097036, 1.000000000000000000),
 ( 1.000000000000000000, 0.7418334672881322644, 1.000000000000000000),
 ( 1.000000000000000000, 0.7723967724090701203, 1.000000000000000000),
 ( 1.000000000000000000, 0.7902180514827302771, 1.000000000000000000),
 ( 1.000000000000000000, 0.8275942267606042346, 1.000000000000000000),
 ( 1.000000000000000000, 0.8471316911967897711, 1.000000000000000000),
 ( 1.000000000000000000, 0.9038128289597348042, 1.000000000000000000),
 ( 1.000000000000000000, 0.9386556746367816784, 1.000000000000000000),
 ( 1.000000000000000000, 0.9867291651255324370, 1.000000000000000000),
 ( 1.000000000000000000, 1.000158598892035622, 1.000000000000000000),
 ( 1.000000000000000000, 1.000000000000000000, 1.000000000000000000) ) ) 
 REPRESENTATION_ITEM ( '' )  SURFACE ( )  );
#398 = PLANE ( 'NONE',  #2368 ) ;
#399 = CARTESIAN_POINT ( 'NONE',  ( 29.83130851283739915, 50.95962397155131640, 5.000000000000000000 ) ) ;
#400 = DIRECTION ( 'NONE',  ( 0.000000000000000000, 0.000000000000000000, -1.000000000000000000 ) ) ;
#401 = AXIS2_PLACEMENT_3D ( 'NONE', #1253, #96, #2435 ) ;
#402 = CARTESIAN_POINT ( 'NONE',  ( 15.43487065834723104, 69.41552549916616499, 4.599999999999999645 ) ) ;
#403 = LINE ( 'NONE', #1968, #1778 ) ;
#404 = ORIENTED_EDGE ( 'NONE', *, *, #4976, .T. ) ;
#405 = EDGE_LOOP ( 'NONE', ( #3547, #498, #924, #4548 ) ) ;
#406 = EDGE_CURVE ( 'NONE', #3751, #1365, #3466, .T. ) ;
#407 = B_SPLINE_CURVE_WITH_KNOTS ( 'NONE', 3,
 ( #4915, #1387, #2952, #382 ),
 .UNSPECIFIED., .F., .F.,
 ( 4, 4 ),
 ( 6.000000000000000000, 7.000000000000000000 ),
 .UNSPECIFIED. ) ;
#408 = VERTEX_POINT ( 'NONE', #1978 ) ;
#409 = CARTESIAN_POINT ( 'NONE',  ( 74.78464393234969521, 73.88991565636713688, 1.451752836476856157 ) ) ;
#410 = CARTESIAN_POINT ( 'NONE',  ( 18.96159110272099824, 59.94858267635414251, 4.599999999999999645 ) ) ;
#411 = PLANE ( 'NONE',  #2932 ) ;
#412 = ORIENTED_EDGE ( 'NONE', *, *, #1562, .T. ) ;
#413 = CARTESIAN_POINT ( 'NONE',  ( -0.1374238320307762662, 63.48754560515362755, 4.599999999999999645 ) ) ;
#414 = LINE ( 'NONE', #3467, #3711 ) ;
#415 = ORIENTED_EDGE ( 'NONE', *, *, #4954, .T. ) ;
#416 = CARTESIAN_POINT ( 'NONE',  ( 59.94118143679965982, 68.86282220606143767, 4.599999999999999645 ) ) ;
#417 = EDGE_CURVE ( 'NONE', #1407, #4867, #835, .T. ) ;
#418 = VECTOR ( 'NONE', #1509, 1000.000000000000000 ) ;
#419 = ORIENTED_EDGE ( 'NONE', *, *, #2780, .F. ) ;
#420 = CARTESIAN_POINT ( 'NONE',  ( 58.98905642500519519, 50.81109250854794368, 4.599999999999999645 ) ) ;
#421 = B_SPLINE_CURVE_WITH_KNOTS ( 'NONE', 3,
 ( #1518, #1216, #1953, #4651, #3907, #3521, #7, #4347, #2260, #1875, #1491, #3057, #4426, #475 ),
 .UNSPECIFIED., .F., .F.,
 ( 4, 2, 2, 2, 2, 2, 4 ),
 ( 0.000000000000000000, 0.0002946179475864324992, 0.0005892358951728649983, 0.0008838538427592975517, 0.001178471790345730214, 0.001767707685518624594, 0.002356943580691518974 ),
 .UNSPECIFIED. ) ;
#422 = CARTESIAN_POINT ( 'NONE',  ( 56.98449280162160591, 69.20210790046714067, 5.000000000000000000 ) ) ;
#423 = ORIENTED_EDGE ( 'NONE', *, *, #1782, .F. ) ;
#424 = CARTESIAN_POINT ( 'NONE',  ( 37.87316993195197767, 69.15721150665848427, 4.599999999999999645 ) ) ;
#425 = CARTESIAN_POINT ( 'NONE',  ( 45.34840069594080347, 52.54526264242620215, 4.599999999999999645 ) ) ;
#426 = AXIS2_PLACEMENT_3D ( 'NONE', #2112, #3675, #65 ) ;
#427 = DIRECTION ( 'NONE',  ( -0.000000000000000000, -0.000000000000000000, -1.000000000000000000 ) ) ;
#428 = EDGE_CURVE ( 'NONE', #3312, #829, #2668, .T. ) ;
#429 = CARTESIAN_POINT ( 'NONE',  ( 43.44441003206581087, 63.58188194402834625, 4.599999999999999645 ) ) ;
#430 = ADVANCED_FACE ( 'NONE', ( #2391, #3961 ), #449, .F. ) ;
#431 = LINE ( 'NONE', #3975, #3588 ) ;
#432 = DIRECTION ( 'NONE',  ( 1.249000902703300351E-13, 0.000000000000000000, 1.000000000000000000 ) ) ;
#433 =( BOUNDED_SURFACE ( )  B_SPLINE_SURFACE ( 3, 2, ( 
 ( #4385, #2434, #2073 ),
 ( #532, #4071, #4774 ),
 ( #2094, #3972, #1302 ),
 ( #2501, #143, #897 ),
 ( #937, #552, #872 ),
 ( #4743, #2458, #1252 ),
 ( #3559, #4028, #40 ),
 ( #1689, #1608, #3171 ),
 ( #4000, #1635, #509 ),
 ( #1709, #2886, #1227 ),
 ( #918, #2051, #3637 ),
 ( #2480, #4050, #3658 ),
 ( #3272, #4851, #3222 ),
 ( #461, #1323, #2015 ) ),
 .UNSPECIFIED., .F., .F., .F. ) 
 B_SPLINE_SURFACE_WITH_KNOTS ( ( 4, 2, 2, 2, 2, 2, 4 ),
 ( 3, 3 ),
 ( 4.712388980384689674, 5.105088062083414258, 5.497787143782137953, 5.694136684631500245, 5.890486225480861648, 6.086835766330223940, 6.283185307179586232 ),
 ( 0.000000000000000000, 1.000000000000000000 ),
 .UNSPECIFIED. ) 
 GEOMETRIC_REPRESENTATION_ITEM ( )  RATIONAL_B_SPLINE_SURFACE ( (
 ( 1.000000000000000000, 1.000000000000000000, 1.000000000000000000),
 ( 1.000000000000000000, 1.000158598892021633, 1.000000000000000000),
 ( 1.000000000000000000, 0.9867291651255519769, 1.000000000000000000),
 ( 1.000000000000000000, 0.9386556746367616944, 1.000000000000000000),
 ( 1.000000000000000000, 0.9038128289597350262, 1.000000000000000000),
 ( 1.000000000000000000, 0.8471316911967899932, 1.000000000000000000),
 ( 1.000000000000000000, 0.8275942267606678504, 1.000000000000000000),
 ( 1.000000000000000000, 0.7902180514826775415, 1.000000000000000000),
 ( 1.000000000000000000, 0.7723967724090148312, 1.000000000000000000),
 ( 1.000000000000000000, 0.7418334672881859992, 1.000000000000000000),
 ( 1.000000000000000000, 0.7291288573897718450, 1.000000000000000000),
 ( 1.000000000000000000, 0.7117460391535419539, 1.000000000000000000),
 ( 1.000000000000000000, 0.7070717008705190709, 1.000000000000000000),
 ( 1.000000000000000000, 0.7071067811865475727, 1.000000000000000000) ) ) 
 REPRESENTATION_ITEM ( '' )  SURFACE ( )  );
#434 = CARTESIAN_POINT ( 'NONE',  ( 50.00000000000000000, 102.2999999999999972, 3.100000000000000089 ) ) ;
#435 = AXIS2_PLACEMENT_3D ( 'NONE', #2342, #1904, #1522 ) ;
#436 = DIRECTION ( 'NONE',  ( 1.000000000000000000, 0.000000000000000000, 0.000000000000000000 ) ) ;
#437 = ORIENTED_EDGE ( 'NONE', *, *, #1775, .T. ) ;
#438 = EDGE_CURVE ( 'NONE', #3699, #3102, #727, .T. ) ;
#439 = ADVANCED_FACE ( 'NONE', ( #1517 ), #57, .F. ) ;
#440 = ORIENTED_EDGE ( 'NONE', *, *, #361, .T. ) ;
#441 = CIRCLE ( 'NONE', #1261, 1.600000000000073586 ) ;
#442 = ORIENTED_EDGE ( 'NONE', *, *, #2231, .F. ) ;
#443 = EDGE_CURVE ( 'NONE', #4761, #108, #1622, .T. ) ;
#444 = LINE ( 'NONE', #3570, #1765 ) ;
#445 = CARTESIAN_POINT ( 'NONE',  ( 47.92276532451271720, 52.83655436281766526, 4.599999999999999645 ) ) ;
#446 = DIRECTION ( 'NONE',  ( -0.000000000000000000, -0.000000000000000000, -1.000000000000000000 ) ) ;
#447 = EDGE_CURVE ( 'NONE', #3990, #930, #4759, .T. ) ;
#448 = ORIENTED_EDGE ( 'NONE', *, *, #758, .T. ) ;
#449 = PLANE ( 'NONE',  #1812 ) ;
#450 = EDGE_CURVE ( 'NONE', #3927, #452, #4950, .T. ) ;
#451 = LINE ( 'NONE', #84, #1011 ) ;
#452 = VERTEX_POINT ( 'NONE', #2212 ) ;
#453 = AXIS2_PLACEMENT_3D ( 'NONE', #1269, #889, #2426 ) ;
#454 = DIRECTION ( 'NONE',  ( -0.000000000000000000, -0.000000000000000000, -1.000000000000000000 ) ) ;
#455 = ORIENTED_EDGE ( 'NONE', *, *, #4810, .T. ) ;
#456 = CARTESIAN_POINT ( 'NONE',  ( 34.58037044103966906, 60.18697884857790115, 4.599999999999999645 ) ) ;
#457 = CARTESIAN_POINT ( 'NONE',  ( 33.03116546166571510, 53.98246957253758183, 5.000000000000000000 ) ) ;
#458 = ORIENTED_EDGE ( 'NONE', *, *, #4359, .F. ) ;
#459 = CARTESIAN_POINT ( 'NONE',  ( 17.57029234899437498, 67.16261583822674197, 4.599999999999999645 ) ) ;
#460 = CARTESIAN_POINT ( 'NONE',  ( 0.3975538220526730337, 45.58501535375197022, 1.192661466158059236 ) ) ;
#461 = CARTESIAN_POINT ( 'NONE',  ( 73.50000000000000000, 73.50000000000000000, 0.4999999999999998890 ) ) ;
#462 = DIRECTION ( 'NONE',  ( 0.000000000000000000, 0.000000000000000000, -1.000000000000000000 ) ) ;
#463 = AXIS2_PLACEMENT_3D ( 'NONE', #4763, #1955, #4681 ) ;
#464 = CARTESIAN_POINT ( 'NONE',  ( 24.99999999999999289, 15.99999999999998579, 3.100000000000000089 ) ) ;
#465 = PLANE ( 'NONE',  #600 ) ;
#466 = DIRECTION ( 'NONE',  ( -0.3071847255501460316, -0.9516499064197303515, 0.000000000000000000 ) ) ;
#467 = ORIENTED_EDGE ( 'NONE', *, *, #4837, .F. ) ;
#468 = VERTEX_POINT ( 'NONE', #4189 ) ;
#469 = CARTESIAN_POINT ( 'NONE',  ( 37.50000000000000000, 96.40000000000000568, 3.100000000000000089 ) ) ;
#470 = CARTESIAN_POINT ( 'NONE',  ( 37.50000000000000000, 96.40000000000000568, 3.100000000000000089 ) ) ;
#471 = CARTESIAN_POINT ( 'NONE',  ( 52.50000000000000711, 114.9999999999999289, -10.00000000000000711 ) ) ;
#472 = AXIS2_PLACEMENT_3D ( 'NONE', #2871, #2029, #1262 ) ;
#473 = EDGE_LOOP ( 'NONE', ( #2478, #211, #4442, #2975 ) ) ;
#474 = CARTESIAN_POINT ( 'NONE',  ( 52.07689581311743154, 56.62338243729705312, 4.599999999999999645 ) ) ;
#475 = CARTESIAN_POINT ( 'NONE',  ( 0.2303039929152719822, 73.50000000000000000, 1.500000000000000000 ) ) ;
#476 = ORIENTED_EDGE ( 'NONE', *, *, #4692, .T. ) ;
#477 = AXIS2_PLACEMENT_3D ( 'NONE', #1552, #5053, #4741 ) ;
#478 = FACE_OUTER_BOUND ( 'NONE', #746, .T. ) ;
#479 = ORIENTED_EDGE ( 'NONE', *, *, #254, .T. ) ;
#480 = DIRECTION ( 'NONE',  ( 0.000000000000000000, 0.000000000000000000, -1.000000000000000000 ) ) ;
#481 = ADVANCED_FACE ( 'NONE', ( #3036 ), #1327, .F. ) ;
#482 = CIRCLE ( 'NONE', #3336, 2.099999999999997868 ) ;
#483 = CARTESIAN_POINT ( 'NONE',  ( 56.63175517114320456, 69.20134437186605680, 4.599999999999999645 ) ) ;
#484 = EDGE_LOOP ( 'NONE', ( #3456, #248, #2704, #1591, #2648 ) ) ;
#485 = CARTESIAN_POINT ( 'NONE',  ( 54.53551570398803250, 56.61106762017198690, 4.599999999999999645 ) ) ;
#486 = DIRECTION ( 'NONE',  ( 0.000000000000000000, -1.000000000000000000, 0.000000000000000000 ) ) ;
#487 = CARTESIAN_POINT ( 'NONE',  ( 35.00763628465025334, 51.82798241853258503, 5.000000000000000000 ) ) ;
#488 = VECTOR ( 'NONE', #3303, 1000.000000000000000 ) ;
#489 = LINE ( 'NONE', #1228, #4583 ) ;
#490 = DIRECTION ( 'NONE',  ( 0.06540457701180862893, -0.9978588283449250085, 0.000000000000000000 ) ) ;
#491 = DIRECTION ( 'NONE',  ( 0.9852984844326472258, -0.1708417296058796220, 0.000000000000000000 ) ) ;
#492 = EDGE_CURVE ( 'NONE', #3043, #4173, #1396, .T. ) ;
#493 = ORIENTED_EDGE ( 'NONE', *, *, #1585, .T. ) ;
#494 = ORIENTED_EDGE ( 'NONE', *, *, #1114, .T. ) ;
#495 = VECTOR ( 'NONE', #1872, 1000.000000000000000 ) ;
#496 = LINE ( 'NONE', #4443, #2843 ) ;
#497 = CARTESIAN_POINT ( 'NONE',  ( 35.09940047173320465, 68.10004456002852180, 5.000000000000000000 ) ) ;
#498 = ORIENTED_EDGE ( 'NONE', *, *, #2453, .F. ) ;
#499 = CARTESIAN_POINT ( 'NONE',  ( 47.58123054275102248, 52.55009577986906777, 5.000000000000000000 ) ) ;
#500 = ORIENTED_EDGE ( 'NONE', *, *, #3335, .F. ) ;
#501 = DIRECTION ( 'NONE',  ( 0.000000000000000000, 0.000000000000000000, -1.000000000000000000 ) ) ;
#502 = ORIENTED_EDGE ( 'NONE', *, *, #2161, .T. ) ;
#503 = CARTESIAN_POINT ( 'NONE',  ( -10.21421437156032219, 51.93035535905706013, 4.599999999999999645 ) ) ;
#504 = EDGE_CURVE ( 'NONE', #536, #4094, #2600, .T. ) ;
#505 = FACE_OUTER_BOUND ( 'NONE', #3827, .T. ) ;
#506 = ORIENTED_EDGE ( 'NONE', *, *, #2294, .F. ) ;
#507 = VECTOR ( 'NONE', #4539, 1000.000000000000000 ) ;
#508 = CARTESIAN_POINT ( 'NONE',  ( 0.4744630450125210674, 46.01667645971301113, 1.423389135037541386 ) ) ;
#509 = CARTESIAN_POINT ( 'NONE',  ( 74.55058351250134763, 74.16472675680824977, 1.348249462496324158 ) ) ;
#510 = EDGE_CURVE ( 'NONE', #1761, #4173, #998, .T. ) ;
#511 = CARTESIAN_POINT ( 'NONE',  ( 75.00000000000000000, 44.99999999999999289, 0.09966174935353648567 ) ) ;
#512 = VECTOR ( 'NONE', #5003, 1000.000000000000000 ) ;
#513 = CARTESIAN_POINT ( 'NONE',  ( 38.85478914024159991, 50.76751028877510663, 5.000000000000000000 ) ) ;
#514 = B_SPLINE_SURFACE_WITH_KNOTS ( 'NONE', 3, 1, ( 
 ( #2608, #1835 ),
 ( #3405, #4985 ),
 ( #1455, #1914 ),
 ( #1478, #4720 ),
 ( #3842, #5089 ),
 ( #324, #378 ) ),
 .UNSPECIFIED., .F., .F., .F.,
 ( 4, 2, 4 ),
 ( 2, 2 ),
 ( 0.000000000000000000, 1.000000000000000000, 2.000000000000000000 ),
 ( 0.000000000000000000, 1.000000000000000000 ),
 .UNSPECIFIED. ) ;
#515 = VERTEX_POINT ( 'NONE', #3443 ) ;
#516 = VERTEX_POINT ( 'NONE', #4975 ) ;
#517 = FACE_OUTER_BOUND ( 'NONE', #1588, .T. ) ;
#518 = CARTESIAN_POINT ( 'NONE',  ( 60.15309437322863317, 50.81361216108685142, 4.599999999999999645 ) ) ;
#519 = ORIENTED_EDGE ( 'NONE', *, *, #2421, .F. ) ;
#520 = VECTOR ( 'NONE', #787, 1000.000000000000000 ) ;
#521 = CARTESIAN_POINT ( 'NONE',  ( 25.84768651253223481, 69.43806486563988756, 5.000000000000000000 ) ) ;
#522 = ORIENTED_EDGE ( 'NONE', *, *, #1865, .T. ) ;
#523 = ADVANCED_FACE ( 'NONE', ( #704 ), #3346, .T. ) ;
#524 = DIRECTION ( 'NONE',  ( -1.000000000000000000, 0.000000000000000000, 0.000000000000000000 ) ) ;
#525 = VERTEX_POINT ( 'NONE', #4215 ) ;
#526 = DIRECTION ( 'NONE',  ( 0.006490873785237705890, 0.9999789340568651097, 0.000000000000000000 ) ) ;
#527 = EDGE_CURVE ( 'NONE', #3522, #1519, #261, .T. ) ;
#528 = DIRECTION ( 'NONE',  ( 1.000000000000000000, 0.000000000000000000, 0.000000000000000000 ) ) ;
#529 = ORIENTED_EDGE ( 'NONE', *, *, #1724, .F. ) ;
#530 = EDGE_CURVE ( 'NONE', #615, #601, #2263, .T. ) ;
#531 = CARTESIAN_POINT ( 'NONE',  ( 1.348249462496321271, 45.83527324319172891, 0.4494164874987637281 ) ) ;
#532 = CARTESIAN_POINT ( 'NONE',  ( 74.80361510686536519, 75.00000000000000000, 0.06546163104480420825 ) ) ;
#533 = DIRECTION ( 'NONE',  ( 0.000000000000000000, -1.000000000000000000, 0.000000000000000000 ) ) ;
#534 = DIRECTION ( 'NONE',  ( -0.000000000000000000, -0.000000000000000000, 1.000000000000000000 ) ) ;
#535 = CARTESIAN_POINT ( 'NONE',  ( 35.39999999999999858, 96.40000000000000568, 3.100000000000000089 ) ) ;
#536 = VERTEX_POINT ( 'NONE', #3369 ) ;
#537 = EDGE_LOOP ( 'NONE', ( #2078, #1434, #1104, #4022 ) ) ;
#538 = CIRCLE ( 'NONE', #1107, 5.000000000000000888 ) ;
#539 = EDGE_CURVE ( 'NONE', #3458, #1401, #1039, .T. ) ;
#540 = DIRECTION ( 'NONE',  ( 0.000000000000000000, 0.000000000000000000, -1.000000000000000000 ) ) ;
#541 = CARTESIAN_POINT ( 'NONE',  ( 36.14294705659228413, 60.21152601110345159, 4.599999999999999645 ) ) ;
#542 = VERTEX_POINT ( 'NONE', #1802 ) ;
#543 = CARTESIAN_POINT ( 'NONE',  ( 56.20969273636311669, 68.63604813294755047, 5.000000000000000000 ) ) ;
#544 = EDGE_LOOP ( 'NONE', ( #2303, #5039, #1443, #4938, #4921 ) ) ;
#545 = DIRECTION ( 'NONE',  ( -0.8597468848040501488, -0.5107203677843007439, 0.000000000000000000 ) ) ;
#546 = ORIENTED_EDGE ( 'NONE', *, *, #4230, .T. ) ;
#547 = FACE_OUTER_BOUND ( 'NONE', #1438, .T. ) ;
#548 = AXIS2_PLACEMENT_3D ( 'NONE', #469, #540, #4036 ) ;
#549 = CYLINDRICAL_SURFACE ( 'NONE', #4874, 5.000000000000000000 ) ;
#550 = B_SPLINE_SURFACE_WITH_KNOTS ( 'NONE', 3, 1, ( 
 ( #3813, #5062 ),
 ( #1126, #1097 ),
 ( #2684, #1886 ),
 ( #3453, #3486 ) ),
 .UNSPECIFIED., .F., .F., .F.,
 ( 4, 4 ),
 ( 2, 2 ),
 ( 3.000000000000000000, 4.000000000000000000 ),
 ( 0.000000000000000000, 1.000000000000000000 ),
 .UNSPECIFIED. ) ;
#551 = ORIENTED_EDGE ( 'NONE', *, *, #2640, .F. ) ;
#552 = CARTESIAN_POINT ( 'NONE',  ( 74.31793184591964518, 74.88012564345399369, 0.6820681540805070275 ) ) ;
#553 = VECTOR ( 'NONE', #844, 1000.000000000000114 ) ;
#554 = AXIS2_PLACEMENT_3D ( 'NONE', #3898, #1154, #3537 ) ;
#555 = DIRECTION ( 'NONE',  ( 0.000000000000000000, 0.000000000000000000, 1.000000000000000000 ) ) ;
#556 = FACE_OUTER_BOUND ( 'NONE', #4382, .T. ) ;
#557 = AXIS2_PLACEMENT_3D ( 'NONE', #1160, #2002, #779 ) ;
#558 = ORIENTED_EDGE ( 'NONE', *, *, #1712, .F. ) ;
#559 = ORIENTED_EDGE ( 'NONE', *, *, #3256, .T. ) ;
#560 = CARTESIAN_POINT ( 'NONE',  ( 57.49999999999999289, 120.0000000000000142, -9.999999999999998224 ) ) ;
#561 = CARTESIAN_POINT ( 'NONE',  ( 36.13642652309636105, 63.22390502553643188, 5.000000000000000000 ) ) ;
#562 = ORIENTED_EDGE ( 'NONE', *, *, #3635, .T. ) ;
#563 = EDGE_CURVE ( 'NONE', #2593, #863, #710, .T. ) ;
#564 = FACE_OUTER_BOUND ( 'NONE', #91, .T. ) ;
#565 = EDGE_LOOP ( 'NONE', ( #4113, #1951, #752, #3408 ) ) ;
#566 = CARTESIAN_POINT ( 'NONE',  ( 29.81318971088235159, 69.10801979596014633, 5.000000000000000000 ) ) ;
#567 = ORIENTED_EDGE ( 'NONE', *, *, #539, .T. ) ;
#568 = CARTESIAN_POINT ( 'NONE',  ( 29.89265525571779136, 60.09923018964615693, 4.599999999999999645 ) ) ;
#569 = LINE ( 'NONE', #3616, #1062 ) ;
#570 = CARTESIAN_POINT ( 'NONE',  ( 39.10000000000004405, 21.89999999999999503, 0.000000000000000000 ) ) ;
#571 = ADVANCED_FACE ( 'NONE', ( #1849 ), #3421, .F. ) ;
#572 = EDGE_LOOP ( 'NONE', ( #2311, #1511, #4433, #1388 ) ) ;
#573 = EDGE_CURVE ( 'NONE', #1785, #1407, #4528, .T. ) ;
#574 = CARTESIAN_POINT ( 'NONE',  ( 17.47486356014925235, 52.58369472743159179, 5.000000000000000000 ) ) ;
#575 = CARTESIAN_POINT ( 'NONE',  ( 52.50000000000001421, 99.79999999999999716, 3.100000000000000089 ) ) ;
#576 = CARTESIAN_POINT ( 'NONE',  ( 23.96329594661243689, 60.01231934864183160, 5.000000000000000000 ) ) ;
#577 = EDGE_CURVE ( 'NONE', #3005, #1858, #4445, .T. ) ;
#578 = CARTESIAN_POINT ( 'NONE',  ( 73.57661086496244707, 46.01667645971304665, 0.4744630450125235099 ) ) ;
#579 = DIRECTION ( 'NONE',  ( -0.9999976573062886454, -0.002164574307960163285, 0.000000000000000000 ) ) ;
#580 = ORIENTED_EDGE ( 'NONE', *, *, #5060, .F. ) ;
#581 = EDGE_CURVE ( 'NONE', #3883, #2175, #3829, .T. ) ;
#582 = ORIENTED_EDGE ( 'NONE', *, *, #563, .F. ) ;
#583 = CIRCLE ( 'NONE', #1247, 2.500000000000002220 ) ;
#584 = EDGE_CURVE ( 'NONE', #4613, #3954, #646, .T. ) ;
#585 = CARTESIAN_POINT ( 'NONE',  ( 32.49297329594386241, 48.40096926034961911, 5.000000000000000000 ) ) ;
#586 = EDGE_CURVE ( 'NONE', #3034, #3270, #989, .T. ) ;
#587 = LINE ( 'NONE', #2081, #2274 ) ;
#588 = VERTEX_POINT ( 'NONE', #1111 ) ;
#589 = B_SPLINE_SURFACE_WITH_KNOTS ( 'NONE', 3, 1, ( 
 ( #2389, #4058 ),
 ( #107, #4838 ),
 ( #4424, #561 ),
 ( #4037, #1359 ) ),
 .UNSPECIFIED., .F., .F., .F.,
 ( 4, 4 ),
 ( 2, 2 ),
 ( 19.00000000000000000, 20.00000000000000000 ),
 ( 0.000000000000000000, 1.000000000000000000 ),
 .UNSPECIFIED. ) ;
#590 = EDGE_CURVE ( 'NONE', #3522, #4340, #1808, .T. ) ;
#591 = LINE ( 'NONE', #1002, #2316 ) ;
#592 = VERTEX_POINT ( 'NONE', #1521 ) ;
#593 = FACE_OUTER_BOUND ( 'NONE', #2122, .T. ) ;
#594 = EDGE_CURVE ( 'NONE', #4806, #3194, #4826, .T. ) ;
#595 = ORIENTED_EDGE ( 'NONE', *, *, #2587, .T. ) ;
#596 = AXIS2_PLACEMENT_3D ( 'NONE', #184, #1083, #2188 ) ;
#597 = ORIENTED_EDGE ( 'NONE', *, *, #1486, .F. ) ;
#598 = CARTESIAN_POINT ( 'NONE',  ( 61.71829178137526384, 4.045320493428457453, 5.000000000000000000 ) ) ;
#599 = CARTESIAN_POINT ( 'NONE',  ( 34.94305739570599201, 68.62528759425747182, 4.599999999999999645 ) ) ;
#600 = AXIS2_PLACEMENT_3D ( 'NONE', #3535, #2020, #2410 ) ;
#601 = VERTEX_POINT ( 'NONE', #3084 ) ;
#602 = CARTESIAN_POINT ( 'NONE',  ( 28.99618295937896306, 45.67025248322667608, 4.599999999999999645 ) ) ;
#603 = CARTESIAN_POINT ( 'NONE',  ( 0.2303039929152719822, 0.000000000000000000, 1.500000000000000000 ) ) ;
#604 = DIRECTION ( 'NONE',  ( -0.8620252156715659808, 0.5068653939128120456, 0.000000000000000000 ) ) ;
#606 = CARTESIAN_POINT ( 'NONE',  ( 1.500000000000001110, 73.50000000000000000, 1.500000000000000000 ) ) ;
#605 = VECTOR ( 'NONE', #2865, 1000.000000000000000 ) ;
#607 = DIRECTION ( 'NONE',  ( 1.000000000000000000, 0.000000000000000000, -0.000000000000000000 ) ) ;
#608 = ORIENTED_EDGE ( 'NONE', *, *, #3352, .F. ) ;
#609 = DIRECTION ( 'NONE',  ( -1.000000000000000000, -0.000000000000000000, -0.000000000000000000 ) ) ;
#610 = FACE_OUTER_BOUND ( 'NONE', #3385, .T. ) ;
#611 = VECTOR ( 'NONE', #2614, 1000.000000000000000 ) ;
#612 = ORIENTED_EDGE ( 'NONE', *, *, #1657, .F. ) ;
#613 = VECTOR ( 'NONE', #3129, 1000.000000000000000 ) ;
#614 = CARTESIAN_POINT ( 'NONE',  ( 58.60291684388124622, 51.57570027742514185, 5.000000000000000000 ) ) ;
#615 = VERTEX_POINT ( 'NONE', #3113 ) ;
#616 = CARTESIAN_POINT ( 'NONE',  ( 58.63206800602740287, 51.14542102133970758, 5.000000000000000000 ) ) ;
#617 = CARTESIAN_POINT ( 'NONE',  ( 0.7554284053108978325, 45.18932039044305782, 0.2518094684370357217 ) ) ;
#618 = ORIENTED_EDGE ( 'NONE', *, *, #956, .F. ) ;
#619 = ORIENTED_EDGE ( 'NONE', *, *, #1932, .T. ) ;
#620 = FACE_OUTER_BOUND ( 'NONE', #3277, .T. ) ;
#621 = CARTESIAN_POINT ( 'NONE',  ( 37.50000000000000000, 21.89999999999999503, 3.100000000000000089 ) ) ;
#622 = ORIENTED_EDGE ( 'NONE', *, *, #2939, .T. ) ;
#623 = DIRECTION ( 'NONE',  ( -1.000000000000000000, 0.000000000000000000, 0.000000000000000000 ) ) ;
#624 = EDGE_CURVE ( 'NONE', #168, #1917, #3648, .T. ) ;
#625 = DIRECTION ( 'NONE',  ( 1.000000000000000000, 0.000000000000000000, -0.000000000000000000 ) ) ;
#626 = AXIS2_PLACEMENT_3D ( 'NONE', #1246, #480, #2045 ) ;
#627 = FACE_OUTER_BOUND ( 'NONE', #4213, .T. ) ;
#628 = CARTESIAN_POINT ( 'NONE',  ( 1.500000000000001110, 73.50000000000000000, 1.500000000000000000 ) ) ;
#629 = AXIS2_PLACEMENT_3D ( 'NONE', #3228, #4419, #1304 ) ;
#630 = CARTESIAN_POINT ( 'NONE',  ( 28.50223509472851191, 52.24071647654527339, 5.000000000000000000 ) ) ;
#631 = CARTESIAN_POINT ( 'NONE',  ( 51.17218398280328273, 67.18596718839175708, 4.599999999999999645 ) ) ;
#632 = ORIENTED_EDGE ( 'NONE', *, *, #3298, .F. ) ;
#633 = VECTOR ( 'NONE', #2228, 1000.000000000000000 ) ;
#634 = CARTESIAN_POINT ( 'NONE',  ( 58.60291684388124622, 51.57570027742514185, 4.599999999999999645 ) ) ;
#635 = EDGE_CURVE ( 'NONE', #971, #4704, #2288, .T. ) ;
#636 = AXIS2_PLACEMENT_3D ( 'NONE', #3741, #3101, #4669 ) ;
#637 = PLANE ( 'NONE',  #2469 ) ;
#638 = CARTESIAN_POINT ( 'NONE',  ( 33.01779607714239972, 60.15890489015593090, 5.000000000000000000 ) ) ;
#639 = ORIENTED_EDGE ( 'NONE', *, *, #2887, .F. ) ;
#640 = ORIENTED_EDGE ( 'NONE', *, *, #406, .T. ) ;
#641 = CARTESIAN_POINT ( 'NONE',  ( 60.99528194064776443, 51.21050410893639082, 4.599999999999999645 ) ) ;
#642 = CARTESIAN_POINT ( 'NONE',  ( 0.1308856618477886036, 45.00000000828688940, 0.1308856618477909073 ) ) ;
#643 = EDGE_LOOP ( 'NONE', ( #3769, #3332, #1419, #150 ) ) ;
#644 = VERTEX_POINT ( 'NONE', #5025 ) ;
#645 = DIRECTION ( 'NONE',  ( -0.000000000000000000, -0.000000000000000000, 1.000000000000000000 ) ) ;
#646 = B_SPLINE_CURVE_WITH_KNOTS ( 'NONE', 3,
 ( #602, #5076, #1601, #456 ),
 .UNSPECIFIED., .F., .F.,
 ( 4, 4 ),
 ( 2.000000000000000000, 3.000000000000000000 ),
 .UNSPECIFIED. ) ;
#647 = CARTESIAN_POINT ( 'NONE',  ( 38.25068550026831105, 54.45232843701710834, 5.000000000000000000 ) ) ;
#648 = ORIENTED_EDGE ( 'NONE', *, *, #4567, .F. ) ;
#649 = VECTOR ( 'NONE', #645, 1000.000000000000000 ) ;
#650 = CARTESIAN_POINT ( 'NONE',  ( 39.52096675179606677, 50.99823335541131542, 5.000000000000000000 ) ) ;
#651 = EDGE_CURVE ( 'NONE', #4310, #168, #1956, .T. ) ;
#652 = CARTESIAN_POINT ( 'NONE',  ( 37.41813806569387424, 69.15622655406406238, 5.000000000000000000 ) ) ;
#653 = LINE ( 'NONE', #3759, #4197 ) ;
#654 = CARTESIAN_POINT ( 'NONE',  ( 0.4999999999345511870, 73.59817583765506299, 1.500000000000000000 ) ) ;
#655 = FACE_OUTER_BOUND ( 'NONE', #1653, .T. ) ;
#656 = ADVANCED_FACE ( 'NONE', ( #1167 ), #4709, .T. ) ;
#657 = DIRECTION ( 'NONE',  ( -0.000000000000000000, -0.000000000000000000, 1.000000000000000000 ) ) ;
#658 = EDGE_CURVE ( 'NONE', #3351, #2593, #1902, .T. ) ;
#659 = ORIENTED_EDGE ( 'NONE', *, *, #274, .F. ) ;
#660 = FACE_OUTER_BOUND ( 'NONE', #2464, .T. ) ;
#661 = UNCERTAINTY_MEASURE_WITH_UNIT (LENGTH_MEASURE( 1.000000000000000082E-05 ), #4878, 'distance_accuracy_value', 'NONE');
#662 = DIRECTION ( 'NONE',  ( -0.000000000000000000, -0.000000000000000000, 1.000000000000000000 ) ) ;
#663 = CIRCLE ( 'NONE', #3532, 2.499999999999995115 ) ;
#664 = DIRECTION ( 'NONE',  ( 2.602085213965207190E-16, 0.000000000000000000, 1.000000000000000000 ) ) ;
#665 = EDGE_LOOP ( 'NONE', ( #2588, #4278, #1488, #1981, #1844, #639 ) ) ;
#666 = B_SPLINE_CURVE_WITH_KNOTS ( 'NONE', 3,
 ( #4062, #4373, #2447, #543 ),
 .UNSPECIFIED., .F., .F.,
 ( 4, 4 ),
 ( 0.000000000000000000, 1.000000000000000000 ),
 .UNSPECIFIED. ) ;
#667 = EDGE_LOOP ( 'NONE', ( #3980, #4886, #4486, #1725 ) ) ;
#668 = CARTESIAN_POINT ( 'NONE',  ( 60.15309437322863317, 50.81361216108685852, 4.599999999999999645 ) ) ;
#669 = AXIS2_PLACEMENT_3D ( 'NONE', #1340, #2474, #4796 ) ;
#670 = DIRECTION ( 'NONE',  ( -1.000000000000000000, 0.000000000000000000, 0.000000000000000000 ) ) ;
#671 = LINE ( 'NONE', #988, #633 ) ;
#672 = ORIENTED_EDGE ( 'NONE', *, *, #4335, .T. ) ;
#673 = B_SPLINE_CURVE_WITH_KNOTS ( 'NONE', 3,
 ( #3344, #4554, #4141, #3728 ),
 .UNSPECIFIED., .F., .F.,
 ( 4, 4 ),
 ( 5.000000000000000000, 5.999744496299006080 ),
 .UNSPECIFIED. ) ;
#674 = ORIENTED_EDGE ( 'NONE', *, *, #2691, .T. ) ;
#675 = FACE_OUTER_BOUND ( 'NONE', #2516, .T. ) ;
#676 = EDGE_CURVE ( 'NONE', #3678, #37, #4831, .T. ) ;
#677 = CARTESIAN_POINT ( 'NONE',  ( 35.32993193914360575, 69.15170646614373595, 4.599999999999999645 ) ) ;
#678 = ORIENTED_EDGE ( 'NONE', *, *, #975, .T. ) ;
#679 = CARTESIAN_POINT ( 'NONE',  ( 23.96329594661243689, 60.01231934864183160, 4.599999999999999645 ) ) ;
#680 = DIRECTION ( 'NONE',  ( 0.000000000000000000, 1.000000000000000000, 0.000000000000000000 ) ) ;
#681 = ADVANCED_FACE ( 'NONE', ( #2747 ), #1143, .F. ) ;
#682 = CIRCLE ( 'NONE', #1672, 5.000000000000000000 ) ;
#683 = PLANE ( 'NONE',  #2892 ) ;
#684 = CARTESIAN_POINT ( 'NONE',  ( 0.3926218917841882705, 74.96095898797697998, 0.1308739639280539768 ) ) ;
#685 = LINE ( 'NONE', #2243, #874 ) ;
#686 = LINE ( 'NONE', #4931, #66 ) ;
#687 = VERTEX_POINT ( 'NONE', #2367 ) ;
#688 = CARTESIAN_POINT ( 'NONE',  ( 36.14986462676659329, 57.01572259455750213, 5.000000000000000000 ) ) ;
#689 = CARTESIAN_POINT ( 'NONE',  ( 44.56405526832953967, 53.12911202077057737, 4.599999999999999645 ) ) ;
#690 = CARTESIAN_POINT ( 'NONE',  ( 42.52799392477230356, 59.99606587957203629, 4.599999999999999645 ) ) ;
#691 = EDGE_CURVE ( 'NONE', #2524, #4883, #5050, .T. ) ;
#692 = VERTEX_POINT ( 'NONE', #2698 ) ;
#693 = ORIENTED_EDGE ( 'NONE', *, *, #2033, .T. ) ;
#694 = LINE ( 'NONE', #3433, #3660 ) ;
#695 = CARTESIAN_POINT ( 'NONE',  ( 31.46693423918955190, 54.71983697195834395, 4.599999999999999645 ) ) ;
#696 = CARTESIAN_POINT ( 'NONE',  ( 18.96159110272099824, 59.94858267635414251, 5.000000000000000000 ) ) ;
#697 = VERTEX_POINT ( 'NONE', #4270 ) ;
#698 = ORIENTED_EDGE ( 'NONE', *, *, #741, .F. ) ;
#699 = DIRECTION ( 'NONE',  ( -0.000000000000000000, -0.000000000000000000, 1.000000000000000000 ) ) ;
#700 = AXIS2_PLACEMENT_3D ( 'NONE', #3470, #1626, #4375 ) ;
#701 = CARTESIAN_POINT ( 'NONE',  ( 39.10000000000007248, 96.40000000000000568, 0.000000000000000000 ) ) ;
#702 = ORIENTED_EDGE ( 'NONE', *, *, #1658, .T. ) ;
#703 = CARTESIAN_POINT ( 'NONE',  ( 38.85478914024159991, 50.76751028877510663, 5.000000000000000000 ) ) ;
#704 = FACE_OUTER_BOUND ( 'NONE', #1307, .T. ) ;
#705 = CARTESIAN_POINT ( 'NONE',  ( 28.05576097198110119, 72.73037325243286944, 4.599999999999999645 ) ) ;
#706 = CARTESIAN_POINT ( 'NONE',  ( 0.9774720920581811967, 74.69639340368199498, 0.9774720920581764227 ) ) ;
#707 = CARTESIAN_POINT ( 'NONE',  ( 74.74819053156286941, 45.18932039044305071, 0.7554284053108960562 ) ) ;
#708 = CARTESIAN_POINT ( 'NONE',  ( 52.07689581311743154, 56.62338243729705312, 5.000000000000000000 ) ) ;
#709 = EDGE_LOOP ( 'NONE', ( #4039, #3908, #2471, #127 ) ) ;
#710 = B_SPLINE_CURVE_WITH_KNOTS ( 'NONE', 3,
 ( #1827, #4168, #2548, #652 ),
 .UNSPECIFIED., .F., .F.,
 ( 4, 4 ),
 ( 16.00000000000000000, 17.00000000000000000 ),
 .UNSPECIFIED. ) ;
#711 = DIRECTION ( 'NONE',  ( -0.000000000000000000, -0.000000000000000000, 1.000000000000000000 ) ) ;
#712 = VECTOR ( 'NONE', #711, 1000.000000000000000 ) ;
#713 = DIRECTION ( 'NONE',  ( 0.000000000000000000, 0.000000000000000000, -1.000000000000000000 ) ) ;
#714 = CARTESIAN_POINT ( 'NONE',  ( 14.03395320428463044, 59.88853312862018896, 4.599999999999999645 ) ) ;
#715 = CARTESIAN_POINT ( 'NONE',  ( 0.01249546401159797038, 45.04040982399680360, 0.3970951604480395525 ) ) ;
#716 = EDGE_CURVE ( 'NONE', #2040, #4731, #4942, .T. ) ;
#717 = VECTOR ( 'NONE', #579, 999.9999999999998863 ) ;
#718 = VERTEX_POINT ( 'NONE', #3059 ) ;
#719 = VECTOR ( 'NONE', #3382, 1000.000000000000000 ) ;
#720 = VERTEX_POINT ( 'NONE', #4629 ) ;
#721 = LINE ( 'NONE', #3104, #2754 ) ;
#722 = LINE ( 'NONE', #26, #4717 ) ;
#723 = CARTESIAN_POINT ( 'NONE',  ( 39.20752677072000125, 50.76827381737618339, 4.599999999999999645 ) ) ;
#724 = EDGE_CURVE ( 'NONE', #4340, #4521, #763, .T. ) ;
#725 = AXIS2_PLACEMENT_3D ( 'NONE', #3985, #3184, #1185 ) ;
#726 = VERTEX_POINT ( 'NONE', #1927 ) ;
#727 = LINE ( 'NONE', #2283, #3448 ) ;
#728 = CARTESIAN_POINT ( 'NONE',  ( 35.32993193914360575, 69.15170646614373595, 4.599999999999999645 ) ) ;
#729 = ORIENTED_EDGE ( 'NONE', *, *, #3546, .F. ) ;
#730 = CARTESIAN_POINT ( 'NONE',  ( 25.84768651253223481, 69.43806486563988756, 5.000000000000000000 ) ) ;
#731 = DIRECTION ( 'NONE',  ( -0.2844023902313085883, 0.9587050017762077658, 0.000000000000000000 ) ) ;
#732 = AXIS2_PLACEMENT_3D ( 'NONE', #5008, #5033, #2655 ) ;
#733 = FACE_OUTER_BOUND ( 'NONE', #3230, .T. ) ;
#734 = ADVANCED_FACE ( 'NONE', ( #3499 ), #4683, .F. ) ;
#735 = VERTEX_POINT ( 'NONE', #2859 ) ;
#736 = CARTESIAN_POINT ( 'NONE',  ( 43.08109070326097623, 63.58109551050129937, 4.599999999999999645 ) ) ;
#737 = CARTESIAN_POINT ( 'NONE',  ( 74.31793184591964518, 45.11987435654705081, 0.6820681540805199061 ) ) ;
#738 = DIRECTION ( 'NONE',  ( 0.000000000000000000, 1.000000000000000000, 0.000000000000000000 ) ) ;
#739 = ORIENTED_EDGE ( 'NONE', *, *, #4863, .F. ) ;
#740 = CARTESIAN_POINT ( 'NONE',  ( 50.49088868411232056, 67.42082781729087060, 4.599999999999999645 ) ) ;
#741 = EDGE_CURVE ( 'NONE', #2364, #4451, #913, .T. ) ;
#742 = LINE ( 'NONE', #5061, #3638 ) ;
#743 = DIRECTION ( 'NONE',  ( -0.000000000000000000, -0.000000000000000000, 1.000000000000000000 ) ) ;
#744 = ADVANCED_FACE ( 'NONE', ( #1684 ), #2833, .T. ) ;
#745 = CARTESIAN_POINT ( 'NONE',  ( 62.50000000000001421, 116.2499999999999858, -15.00000000000000000 ) ) ;
#746 = EDGE_LOOP ( 'NONE', ( #2696, #1536, #4869, #4995, #2631, #4109, #4, #4283, #3801, #4233, #4991, #981 ) ) ;
#747 = EDGE_CURVE ( 'NONE', #3901, #2282, #2521, .T. ) ;
#748 = ADVANCED_FACE ( 'NONE', ( #2902 ), #4862, .T. ) ;
#749 = VECTOR ( 'NONE', #3020, 1000.000000000000000 ) ;
#750 = EDGE_CURVE ( 'NONE', #2745, #805, #4431, .T. ) ;
#751 = ADVANCED_FACE ( 'NONE', ( #547 ), #102, .F. ) ;
#752 = ORIENTED_EDGE ( 'NONE', *, *, #3158, .F. ) ;
#753 = DIRECTION ( 'NONE',  ( 0.9999976573062887564, 0.002164574307898256642, 0.000000000000000000 ) ) ;
#754 = CARTESIAN_POINT ( 'NONE',  ( 28.99618295937897017, 74.32974751677330971, 4.599999999999999645 ) ) ;
#755 = LINE ( 'NONE', #2718, #4011 ) ;
#756 = ORIENTED_EDGE ( 'NONE', *, *, #809, .T. ) ;
#757 = CARTESIAN_POINT ( 'NONE',  ( 41.19160789426834413, 63.02673180877590653, 5.000000000000000000 ) ) ;
#758 = EDGE_CURVE ( 'NONE', #83, #2431, #4657, .T. ) ;
#759 = AXIS2_PLACEMENT_3D ( 'NONE', #3395, #680, #2238 ) ;
#760 = CARTESIAN_POINT ( 'NONE',  ( 55.44276670398557627, 16.43885722650673742, 4.599999999999999645 ) ) ;
#761 = ORIENTED_EDGE ( 'NONE', *, *, #4207, .T. ) ;
#762 = CARTESIAN_POINT ( 'NONE',  ( 58.60291684388124622, 51.57570027742514185, 5.000000000000000000 ) ) ;
#763 = LINE ( 'NONE', #2314, #2961 ) ;
#764 = CARTESIAN_POINT ( 'NONE',  ( 69.99999999999998579, 2.499999999999993783, 0.000000000000000000 ) ) ;
#765 = ORIENTED_EDGE ( 'NONE', *, *, #2775, .F. ) ;
#766 = PLANE ( 'NONE',  #4987 ) ;
#767 = CARTESIAN_POINT ( 'NONE',  ( 73.86991981316477052, 45.50875984327559109, 0.3766933956117318738 ) ) ;
#768 = CARTESIAN_POINT ( 'NONE',  ( 23.96329594661243689, 60.01231934864183160, 4.599999999999999645 ) ) ;
#769 = EDGE_LOOP ( 'NONE', ( #137, #4724, #2945, #1847 ) ) ;
#770 = DIRECTION ( 'NONE',  ( -0.1708417403571640125, -0.9852984825684728554, 0.000000000000000000 ) ) ;
#771 = DIRECTION ( 'NONE',  ( 1.000000000000000000, 0.000000000000000000, 0.000000000000000000 ) ) ;
#772 = AXIS2_PLACEMENT_3D ( 'NONE', #349, #1913, #3485 ) ;
#773 = CARTESIAN_POINT ( 'NONE',  ( 75.00000000000000000, 5.000000000000000000, 0.000000000000000000 ) ) ;
#774 = PRODUCT_CONTEXT ( 'NONE', #4099, 'mechanical' ) ;
#775 = ORIENTED_EDGE ( 'NONE', *, *, #2508, .T. ) ;
#776 = VERTEX_POINT ( 'NONE', #2881 ) ;
#777 = CARTESIAN_POINT ( 'NONE',  ( 55.00000000000003553, 120.0000000000000142, -10.00000000000062350 ) ) ;
#778 = CARTESIAN_POINT ( 'NONE',  ( 67.49999999999998579, 4.999999999999990230, -10.00000000000000000 ) ) ;
#779 = DIRECTION ( 'NONE',  ( -1.000000000000000000, 0.000000000000000000, 0.000000000000000000 ) ) ;
#780 = ORIENTED_EDGE ( 'NONE', *, *, #67, .F. ) ;
#781 = CARTESIAN_POINT ( 'NONE',  ( -0.1295671220299760007, 59.85787506458685669, 5.000000000000000000 ) ) ;
#782 = DIRECTION ( 'NONE',  ( -1.000000000000000000, 0.000000000000000000, 0.000000000000000000 ) ) ;
#783 = EDGE_LOOP ( 'NONE', ( #2894, #2564, #3745, #3150 ) ) ;
#784 = CARTESIAN_POINT ( 'NONE',  ( 60.15309437322863317, 50.81361216108685142, 4.599999999999999645 ) ) ;
#785 = CARTESIAN_POINT ( 'NONE',  ( 35.75026295860399017, 54.22116314799411896, 4.599999999999999645 ) ) ;
#786 = VECTOR ( 'NONE', #3523, 1000.000000000000000 ) ;
#787 = DIRECTION ( 'NONE',  ( 0.9999976573062887564, 0.002164574307892184243, 0.000000000000000000 ) ) ;
#788 = ORIENTED_EDGE ( 'NONE', *, *, #4359, .T. ) ;
#789 = LINE ( 'NONE', #4661, #3500 ) ;
#790 = CARTESIAN_POINT ( 'NONE',  ( -10.93025206120001513, 6.426919324222285290, 5.000000000000000000 ) ) ;
#791 = CARTESIAN_POINT ( 'NONE',  ( 57.57466414737992721, 17.25576323075712182, 5.000000000000000000 ) ) ;
#792 = FACE_OUTER_BOUND ( 'NONE', #987, .T. ) ;
#793 = CARTESIAN_POINT ( 'NONE',  ( 41.61370355988124459, 63.57791923454993110, 5.000000000000000000 ) ) ;
#794 = CARTESIAN_POINT ( 'NONE',  ( 52.50000000000001421, 18.49999999999998934, 3.100000000000000089 ) ) ;
#795 = CARTESIAN_POINT ( 'NONE',  ( 26.17347629967592226, 69.52399929548074908, 5.000000000000000000 ) ) ;
#796 = DIRECTION ( 'NONE',  ( -0.000000000000000000, 0.000000000000000000, -1.000000000000000000 ) ) ;
#797 = ORIENTED_EDGE ( 'NONE', *, *, #3782, .T. ) ;
#798 = ORIENTED_EDGE ( 'NONE', *, *, #1174, .F. ) ;
#799 = ADVANCED_FACE ( 'NONE', ( #4066 ), #4473, .F. ) ;
#800 = ORIENTED_EDGE ( 'NONE', *, *, #2252, .F. ) ;
#801 = CARTESIAN_POINT ( 'NONE',  ( 37.62837630339784312, -6.524415688749411579, 5.000000000000000000 ) ) ;
#802 = CARTESIAN_POINT ( 'NONE',  ( 48.65312595226107106, 67.41684983397829001, 5.000000000000000000 ) ) ;
#803 = VECTOR ( 'NONE', #1606, 1000.000000000000000 ) ;
#804 = CARTESIAN_POINT ( 'NONE',  ( 52.50000000000000711, 117.5000000000000000, -10.00000000000062350 ) ) ;
#805 = VERTEX_POINT ( 'NONE', #89 ) ;
#806 = CARTESIAN_POINT ( 'NONE',  ( 43.76239363741270694, 63.34270742456207870, 5.000000000000000000 ) ) ;
#807 = CARTESIAN_POINT ( 'NONE',  ( 35.00763628465025334, 51.82798241853258503, 4.599999999999999645 ) ) ;
#808 = ORIENTED_EDGE ( 'NONE', *, *, #2018, .T. ) ;
#809 = EDGE_CURVE ( 'NONE', #4340, #3693, #161, .T. ) ;
#810 = CARTESIAN_POINT ( 'NONE',  ( 73.50000000000000000, 73.50000000000000000, 0.5000000000000000000 ) ) ;
#811 = VERTEX_POINT ( 'NONE', #4871 ) ;
#812 = EDGE_CURVE ( 'NONE', #3458, #326, #2360, .T. ) ;
#813 = DIRECTION ( 'NONE',  ( 0.9587050017762077658, 0.2844023902313085883, 0.000000000000000000 ) ) ;
#814 = CARTESIAN_POINT ( 'NONE',  ( 0.4999999999999976130, 46.49999999999999289, 1.500000000000000000 ) ) ;
#815 = ORIENTED_EDGE ( 'NONE', *, *, #43, .F. ) ;
#816 = CARTESIAN_POINT ( 'NONE',  ( 61.25000000000001421, 117.5000000000000000, -15.00000000000000000 ) ) ;
#817 = EDGE_CURVE ( 'NONE', #3610, #3312, #583, .T. ) ;
#818 = EDGE_CURVE ( 'NONE', #2107, #4016, #3192, .T. ) ;
#819 = DIRECTION ( 'NONE',  ( 0.000000000000000000, 0.000000000000000000, -1.000000000000000000 ) ) ;
#820 = CARTESIAN_POINT ( 'NONE',  ( 0.4999999999999918954, -6.143812310751091542E-17, 0.5000000000000000000 ) ) ;
#821 = DIRECTION ( 'NONE',  ( 0.000000000000000000, 0.000000000000000000, 1.000000000000000000 ) ) ;
#822 = CARTESIAN_POINT ( 'NONE',  ( 15.24677488885592602, 50.38836122693026454, 4.599999999999999645 ) ) ;
#823 = EDGE_CURVE ( 'NONE', #2150, #2130, #2152, .T. ) ;
#824 = DIRECTION ( 'NONE',  ( -0.000000000000000000, -0.000000000000000000, 1.000000000000000000 ) ) ;
#825 = FACE_OUTER_BOUND ( 'NONE', #4107, .T. ) ;
#826 = EDGE_CURVE ( 'NONE', #4858, #2737, #3216, .T. ) ;
#827 = FACE_OUTER_BOUND ( 'NONE', #4712, .T. ) ;
#828 = ORIENTED_EDGE ( 'NONE', *, *, #2685, .F. ) ;
#829 = VERTEX_POINT ( 'NONE', #3630 ) ;
#830 = ORIENTED_EDGE ( 'NONE', *, *, #3300, .T. ) ;
#831 = LINE ( 'NONE', #1566, #216 ) ;
#832 = DIRECTION ( 'NONE',  ( 0.000000000000000000, 0.000000000000000000, 1.000000000000000000 ) ) ;
#833 = CARTESIAN_POINT ( 'NONE',  ( 36.14986462676659329, 57.01572259455750213, 5.000000000000000000 ) ) ;
#834 = ORIENTED_EDGE ( 'NONE', *, *, #4896, .F. ) ;
#835 = LINE ( 'NONE', #3548, #3209 ) ;
#836 = PLANE ( 'NONE',  #3297 ) ;
#837 = ORIENTED_EDGE ( 'NONE', *, *, #4218, .T. ) ;
#838 = FACE_OUTER_BOUND ( 'NONE', #2897, .T. ) ;
#839 = EDGE_LOOP ( 'NONE', ( #2381, #2837, #2972, #2541 ) ) ;
#840 = DIRECTION ( 'NONE',  ( -1.000000000000000000, 0.000000000000000000, 0.000000000000000000 ) ) ;
#841 = CARTESIAN_POINT ( 'NONE',  ( 56.20969273636310959, 68.63604813294755047, 4.599999999999999645 ) ) ;
#842 = PRODUCT ( 'Ubiquiti-15W', 'Ubiquiti-15W', '', ( #774 ) ) ;
#843 = ORIENTED_EDGE ( 'NONE', *, *, #2414, .T. ) ;
#844 = DIRECTION ( 'NONE',  ( -0.3244355677352885325, -0.9459077980375681927, 0.000000000000000000 ) ) ;
#845 = CARTESIAN_POINT ( 'NONE',  ( 23.96329594661243689, 60.01231934864183160, 4.599999999999999645 ) ) ;
#846 = FACE_OUTER_BOUND ( 'NONE', #4549, .T. ) ;
#847 = CARTESIAN_POINT ( 'NONE',  ( 59.96680715955792351, 68.43253565528095805, 4.599999999999999645 ) ) ;
#848 = EDGE_CURVE ( 'NONE', #3816, #3102, #4519, .T. ) ;
#849 = CARTESIAN_POINT ( 'NONE',  ( 41.19160789426833702, 63.02673180877590653, 4.599999999999999645 ) ) ;
#850 = CARTESIAN_POINT ( 'NONE',  ( 27.10923559923350012, 48.83376798311071809, 4.599999999999999645 ) ) ;
#851 = DIRECTION ( 'NONE',  ( 0.000000000000000000, 0.000000000000000000, 1.000000000000000000 ) ) ;
#852 = VECTOR ( 'NONE', #3676, 999.9999999999998863 ) ;
#853 = VERTEX_POINT ( 'NONE', #1818 ) ;
#854 = ORIENTED_EDGE ( 'NONE', *, *, #3847, .F. ) ;
#855 = AXIS2_PLACEMENT_3D ( 'NONE', #3069, #4887, #713 ) ;
#856 = CARTESIAN_POINT ( 'NONE',  ( 55.44276670398557627, 16.43885722650673742, 4.599999999999999645 ) ) ;
#857 = EDGE_CURVE ( 'NONE', #4312, #1109, #3359, .T. ) ;
#858 = CARTESIAN_POINT ( 'NONE',  ( 1.499999999999997558, 46.49999999999999289, 1.500000000000000000 ) ) ;
#859 = CARTESIAN_POINT ( 'NONE',  ( 0.000000000000000000, 73.50000000000000000, 0.000000000000000000 ) ) ;
#860 = VERTEX_POINT ( 'NONE', #1411 ) ;
#861 = CARTESIAN_POINT ( 'NONE',  ( 52.39487941846498131, 56.38420791783046582, 5.000000000000000000 ) ) ;
#862 = CARTESIAN_POINT ( 'NONE',  ( 17.50000000000000000, 117.5000000000000142, -12.50000000000000000 ) ) ;
#863 = VERTEX_POINT ( 'NONE', #3387 ) ;
#864 = VECTOR ( 'NONE', #3249, 1000.000000000000000 ) ;
#865 = DIRECTION ( 'NONE',  ( -0.5068659995676726426, -0.8620248595500387134, 0.000000000000000000 ) ) ;
#866 = ORIENTED_EDGE ( 'NONE', *, *, #577, .T. ) ;
#867 = CARTESIAN_POINT ( 'NONE',  ( 54.64768155626244805, 56.93935805308353082, 4.599999999999999645 ) ) ;
#868 = DIRECTION ( 'NONE',  ( -0.9725882268247872942, 0.2325341717722711754, 0.000000000000000000 ) ) ;
#869 = ORIENTED_EDGE ( 'NONE', *, *, #3307, .T. ) ;
#870 = CARTESIAN_POINT ( 'NONE',  ( 52.50000000000000711, 112.4999999999999858, -15.00000000000000000 ) ) ;
#871 = CARTESIAN_POINT ( 'NONE',  ( 23.52078599485841082, 52.59678160645988498, 4.599999999999999645 ) ) ;
#872 = CARTESIAN_POINT ( 'NONE',  ( 74.69272661944366121, 74.69950020189061490, 0.9218201416690187111 ) ) ;
#873 = CARTESIAN_POINT ( 'NONE',  ( 59.58065994151687761, 69.20067155399181047, 5.000000000000000000 ) ) ;
#874 = VECTOR ( 'NONE', #3809, 1000.000000000000000 ) ;
#875 = DIRECTION ( 'NONE',  ( -0.9978588283449250085, -0.06540457701180862893, 0.000000000000000000 ) ) ;
#876 = DIRECTION ( 'NONE',  ( 0.000000000000000000, 0.000000000000000000, -1.000000000000000000 ) ) ;
#877 = VERTEX_POINT ( 'NONE', #1459 ) ;
#878 = EDGE_LOOP ( 'NONE', ( #3905, #4788, #1466, #1150 ) ) ;
#879 = CARTESIAN_POINT ( 'NONE',  ( 24.99999999999999289, 15.99999999999998579, 0.000000000000000000 ) ) ;
#880 = ADVANCED_FACE ( 'NONE', ( #2977 ), #1005, .F. ) ;
#881 = DIRECTION ( 'NONE',  ( -0.000000000000000000, -0.000000000000000000, -1.000000000000000000 ) ) ;
#882 = CARTESIAN_POINT ( 'NONE',  ( 43.86543613087226845, 62.99724613215688862, 5.000000000000000000 ) ) ;
#883 = CIRCLE ( 'NONE', #548, 2.099999999999997868 ) ;
#884 = VERTEX_POINT ( 'NONE', #2568 ) ;
#885 = B_SPLINE_SURFACE_WITH_KNOTS ( 'NONE', 3, 1, ( 
 ( #668, #3798 ),
 ( #1030, #1077 ),
 ( #641, #3722 ),
 ( #3337, #4202 ) ),
 .UNSPECIFIED., .F., .F., .F.,
 ( 4, 4 ),
 ( 2, 2 ),
 ( 41.00000000000000000, 42.00000000000000000 ),
 ( 0.000000000000000000, 1.000000000000000000 ),
 .UNSPECIFIED. ) ;
#886 = CARTESIAN_POINT ( 'NONE',  ( 47.92276532451271720, 52.83655436281766526, 4.599999999999999645 ) ) ;
#887 = EDGE_LOOP ( 'NONE', ( #4834, #3291, #2868, #4422 ) ) ;
#888 = VECTOR ( 'NONE', #1556, 1000.000000000000000 ) ;
#889 = DIRECTION ( 'NONE',  ( -1.000000000000000000, 0.000000000000000000, 0.000000000000000000 ) ) ;
#890 = ADVANCED_FACE ( 'NONE', ( #593 ), #2254, .F. ) ;
#891 = EDGE_LOOP ( 'NONE', ( #4178, #648, #834, #830 ) ) ;
#892 = DIRECTION ( 'NONE',  ( 1.000000000000000000, 0.000000000000000000, -3.614007241618347785E-16 ) ) ;
#893 = CARTESIAN_POINT ( 'NONE',  ( 56.98449280162159880, 69.20210790046715488, 4.599999999999999645 ) ) ;
#894 = ORIENTED_EDGE ( 'NONE', *, *, #33, .T. ) ;
#895 = AXIS2_PLACEMENT_3D ( 'NONE', #2586, #5038, #3046 ) ;
#896 = CARTESIAN_POINT ( 'NONE',  ( 23.96329594661243689, 60.01231934864183160, 5.000000000000000000 ) ) ;
#897 = CARTESIAN_POINT ( 'NONE',  ( 74.74819053156286941, 74.81067960955685692, 0.7554284053110906783 ) ) ;
#898 = DIRECTION ( 'NONE',  ( -0.000000000000000000, -1.000000000000000000, 0.000000000000000000 ) ) ;
#899 = DIRECTION ( 'NONE',  ( -0.000000000000000000, -0.000000000000000000, 1.000000000000000000 ) ) ;
#900 = CARTESIAN_POINT ( 'NONE',  ( 61.25000000000001421, 116.2499999999999858, -15.00000000000000000 ) ) ;
#901 = EDGE_LOOP ( 'NONE', ( #5063, #1614, #2858, #1313 ) ) ;
#902 = EDGE_LOOP ( 'NONE', ( #3286, #3519, #2277 ) ) ;
#903 = ADVANCED_FACE ( 'NONE', ( #3771 ), #3254, .F. ) ;
#904 = CARTESIAN_POINT ( 'NONE',  ( 74.50000000000000000, 46.49999999999999289, 1.500000000000000000 ) ) ;
#905 = CARTESIAN_POINT ( 'NONE',  ( 35.89999999999992752, 96.40000000000000568, 0.000000000000000000 ) ) ;
#906 = EDGE_CURVE ( 'NONE', #360, #811, #305, .T. ) ;
#907 = ORIENTED_EDGE ( 'NONE', *, *, #4393, .T. ) ;
#908 = EDGE_CURVE ( 'NONE', #3651, #4882, #4992, .T. ) ;
#909 = CARTESIAN_POINT ( 'NONE',  ( 15.43487065834723104, 69.41552549916616499, 5.000000000000000000 ) ) ;
#910 = ORIENTED_EDGE ( 'NONE', *, *, #975, .F. ) ;
#911 = DIRECTION ( 'NONE',  ( -1.387778780781446267E-15, -5.551115123125786646E-15, -1.000000000000000000 ) ) ;
#912 = ORIENTED_EDGE ( 'NONE', *, *, #3846, .F. ) ;
#913 = LINE ( 'NONE', #1629, #1572 ) ;
#914 = CARTESIAN_POINT ( 'NONE',  ( 7.499999999999989342, 2.499999999999993783, -12.50000000000000000 ) ) ;
#915 = ORIENTED_EDGE ( 'NONE', *, *, #941, .F. ) ;
#916 = AXIS2_PLACEMENT_3D ( 'NONE', #2793, #3951, #4032 ) ;
#917 = CARTESIAN_POINT ( 'NONE',  ( 16.98661193500679900, 54.89307990385177050, 4.599999999999999645 ) ) ;
#918 = CARTESIAN_POINT ( 'NONE',  ( 73.54797501467062659, 73.88892379092469298, 0.4840083284431022093 ) ) ;
#919 =( NAMED_UNIT ( * ) PLANE_ANGLE_UNIT ( ) SI_UNIT ( $, .RADIAN. ) );
#920 = CARTESIAN_POINT ( 'NONE',  ( 18.96159110272099824, 59.94858267635414251, 5.000000000000000000 ) ) ;
#921 = VECTOR ( 'NONE', #840, 1000.000000000000000 ) ;
#922 = CARTESIAN_POINT ( 'NONE',  ( 37.62837630339784312, -6.524415688749411579, 4.599999999999999645 ) ) ;
#923 = ORIENTED_EDGE ( 'NONE', *, *, #1657, .T. ) ;
#924 = ORIENTED_EDGE ( 'NONE', *, *, #2825, .F. ) ;
#925 = DIRECTION ( 'NONE',  ( 0.9579024303185127431, 0.2870939462787172602, 0.000000000000000000 ) ) ;
#926 = CARTESIAN_POINT ( 'NONE',  ( 31.42165254070773628, -10.77726782925159732, 4.599999999999999645 ) ) ;
#927 = ORIENTED_EDGE ( 'NONE', *, *, #3200, .F. ) ;
#928 = VECTOR ( 'NONE', #162, 1000.000000000000000 ) ;
#929 = LINE ( 'NONE', #1721, #3878 ) ;
#930 = VERTEX_POINT ( 'NONE', #4179 ) ;
#931 = CARTESIAN_POINT ( 'NONE',  ( 22.08331893061677320, 59.95533990403678359, 4.599999999999999645 ) ) ;
#932 = ORIENTED_EDGE ( 'NONE', *, *, #1402, .F. ) ;
#933 = CARTESIAN_POINT ( 'NONE',  ( 53.87637639000510603, 56.38741473562489404, 5.000000000000000000 ) ) ;
#934 = CARTESIAN_POINT ( 'NONE',  ( 75.00000000000000000, 0.000000000000000000, 0.000000000000000000 ) ) ;
#935 = ORIENTED_EDGE ( 'NONE', *, *, #4810, .F. ) ;
#936 = CARTESIAN_POINT ( 'NONE',  ( 0.2518094684370333347, 45.18932039044305071, 0.7554284053108960562 ) ) ;
#937 = CARTESIAN_POINT ( 'NONE',  ( 74.07817985833101204, 74.69950020189064332, 0.3072733805563561682 ) ) ;
#938 =( NAMED_UNIT ( * ) SI_UNIT ( $, .STERADIAN. ) SOLID_ANGLE_UNIT ( ) );
#939 = DIRECTION ( 'NONE',  ( 0.000000000000000000, 1.000000000000000000, -0.000000000000000000 ) ) ;
#940 = CARTESIAN_POINT ( 'NONE',  ( 74.50322304803994200, 46.30365282487669276, 1.490330855880394267 ) ) ;
#941 = EDGE_CURVE ( 'NONE', #4761, #3043, #4111, .T. ) ;
#942 = ORIENTED_EDGE ( 'NONE', *, *, #3318, .F. ) ;
#943 = ORIENTED_EDGE ( 'NONE', *, *, #2929, .F. ) ;
#944 = CIRCLE ( 'NONE', #3729, 5.000000000000004441 ) ;
#945 = DIRECTION ( 'NONE',  ( 1.000000000000000000, -0.000000000000000000, -0.000000000000000000 ) ) ;
#946 = FACE_OUTER_BOUND ( 'NONE', #2984, .T. ) ;
#947 = ORIENTED_EDGE ( 'NONE', *, *, #3843, .F. ) ;
#948 = ADVANCED_FACE ( 'NONE', ( #982 ), #885, .F. ) ;
#949 = EDGE_CURVE ( 'NONE', #4566, #1046, #694, .T. ) ;
#950 = DIRECTION ( 'NONE',  ( -0.000000000000000000, -1.000000000000000000, 0.000000000000000000 ) ) ;
#951 = ORIENTED_EDGE ( 'NONE', *, *, #4152, .F. ) ;
#952 = CARTESIAN_POINT ( 'NONE',  ( 19.61719426927506049, 61.80541116459607309, 4.599999999999999645 ) ) ;
#953 = VERTEX_POINT ( 'NONE', #4546 ) ;
#954 = DIRECTION ( 'NONE',  ( 0.000000000000000000, 0.000000000000000000, -1.000000000000000000 ) ) ;
#955 = CARTESIAN_POINT ( 'NONE',  ( 19.62533348695867375, 58.04522673193246618, 5.000000000000000000 ) ) ;
#956 = EDGE_CURVE ( 'NONE', #1365, #3990, #1576, .T. ) ;
#957 = AXIS2_PLACEMENT_3D ( 'NONE', #3044, #1453, #295 ) ;
#958 = CARTESIAN_POINT ( 'NONE',  ( 29.90268027374996151, 55.46778468053395272, 5.000000000000000000 ) ) ;
#959 = B_SPLINE_SURFACE_WITH_KNOTS ( 'NONE', 3, 1, ( 
 ( #2424, #3238 ),
 ( #3263, #4814 ),
 ( #3603, #1292 ),
 ( #3187, #4840 ) ),
 .UNSPECIFIED., .F., .F., .F.,
 ( 4, 4 ),
 ( 2, 2 ),
 ( 0.000000000000000000, 1.000000000000000000 ),
 ( 0.000000000000000000, 1.000000000000000000 ),
 .UNSPECIFIED. ) ;
#960 = ORIENTED_EDGE ( 'NONE', *, *, #4925, .F. ) ;
#961 = EDGE_CURVE ( 'NONE', #4094, #1401, #250, .T. ) ;
#962 = DIRECTION ( 'NONE',  ( 0.000000000000000000, 0.000000000000000000, -1.000000000000000000 ) ) ;
#963 = VECTOR ( 'NONE', #1831, 1000.000000000000000 ) ;
#964 = EDGE_CURVE ( 'NONE', #3102, #1481, #407, .T. ) ;
#965 = VECTOR ( 'NONE', #1074, 1000.000000000000000 ) ;
#966 = CARTESIAN_POINT ( 'NONE',  ( 75.00000000000000000, 46.49999999999999289, 0.000000000000000000 ) ) ;
#967 = EDGE_CURVE ( 'NONE', #3267, #4258, #3248, .T. ) ;
#968 = DIRECTION ( 'NONE',  ( -0.002164574307906533875, 0.9999976573062887564, 0.000000000000000000 ) ) ;
#969 = CARTESIAN_POINT ( 'NONE',  ( 55.44276670398557627, 16.43885722650673742, 5.000000000000000000 ) ) ;
#970 = FACE_OUTER_BOUND ( 'NONE', #4135, .T. ) ;
#971 = VERTEX_POINT ( 'NONE', #4620 ) ;
#972 = ADVANCED_BREP_SHAPE_REPRESENTATION ( 'Ubiquiti-15W', ( #2610, #3750 ), #1623 ) ;
#973 = EDGE_CURVE ( 'NONE', #4184, #3699, #3459, .T. ) ;
#974 = ORIENTED_EDGE ( 'NONE', *, *, #1932, .F. ) ;
#975 = EDGE_CURVE ( 'NONE', #1863, #2822, #1289, .T. ) ;
#976 = CYLINDRICAL_SURFACE ( 'NONE', #4597, 5.000000000000002665 ) ;
#977 = CARTESIAN_POINT ( 'NONE',  ( 49.81101981722417804, 63.73675655674161789, 4.599999999999999645 ) ) ;
#978 = VERTEX_POINT ( 'NONE', #1 ) ;
#979 = B_SPLINE_CURVE_WITH_KNOTS ( 'NONE', 3,
 ( #4030, #511, #2075, #1711, #4053, #2483, #3641, #2098, #124, #3659, #3275, #1066, #3424, #3786 ),
 .UNSPECIFIED., .F., .F.,
 ( 4, 2, 2, 2, 2, 2, 4 ),
 ( 0.000000000000000000, 0.0002946179475864391128, 0.0005892358951728782256, 0.0008838538427593171758, 0.001178471790345756018, 0.001767707685518639773, 0.002356943580691523744 ),
 .UNSPECIFIED. ) ;
#980 = PLANE ( 'NONE',  #855 ) ;
#981 = ORIENTED_EDGE ( 'NONE', *, *, #2714, .F. ) ;
#982 = FACE_OUTER_BOUND ( 'NONE', #2535, .T. ) ;
#983 = ORIENTED_EDGE ( 'NONE', *, *, #4538, .T. ) ;
#984 = VERTEX_POINT ( 'NONE', #1539 ) ;
#985 = DIRECTION ( 'NONE',  ( -0.000000000000000000, -0.000000000000000000, -1.000000000000000000 ) ) ;
#986 = PLANE ( 'NONE',  #1738 ) ;
#987 = EDGE_LOOP ( 'NONE', ( #2617, #2980, #808, #2811 ) ) ;
#988 = CARTESIAN_POINT ( 'NONE',  ( 12.49999999999998934, -9.540979117872439019E-15, -4.999999999999989342 ) ) ;
#989 = LINE ( 'NONE', #1549, #921 ) ;
#990 = AXIS2_PLACEMENT_3D ( 'NONE', #2941, #3373, #3709 ) ;
#991 = DIRECTION ( 'NONE',  ( -1.000000000000000000, 0.000000000000000000, 1.908195823574488050E-16 ) ) ;
#992 = ADVANCED_FACE ( 'NONE', ( #2330 ), #1183, .F. ) ;
#993 = CARTESIAN_POINT ( 'NONE',  ( 18.95884240092216899, 61.21843760784149424, 5.000000000000000000 ) ) ;
#994 = CARTESIAN_POINT ( 'NONE',  ( 28.50223509472851191, 52.24071647654527339, 4.599999999999999645 ) ) ;
#995 = DIRECTION ( 'NONE',  ( -0.9999976573062887564, -0.002164574307904475192, 0.000000000000000000 ) ) ;
#996 = EDGE_CURVE ( 'NONE', #151, #3651, #25, .T. ) ;
#997 = ORIENTED_EDGE ( 'NONE', *, *, #1663, .F. ) ;
#998 = CIRCLE ( 'NONE', #251, 5.000000000000000000 ) ;
#999 = LINE ( 'NONE', #689, #2625 ) ;
#1000 = DIRECTION ( 'NONE',  ( 0.002164574307901916041, -0.9999976573062887564, 0.000000000000000000 ) ) ;
#1001 = ORIENTED_EDGE ( 'NONE', *, *, #4631, .F. ) ;
#1002 = CARTESIAN_POINT ( 'NONE',  ( 38.25068550026831105, 54.45232843701710834, 4.599999999999999645 ) ) ;
#1004 = ADVANCED_FACE ( 'NONE', ( #3543 ), #4259, .F. ) ;
#1003 = VERTEX_POINT ( 'NONE', #5041 ) ;
#1005 = PLANE ( 'NONE',  #1446 ) ;
#1006 = ORIENTED_EDGE ( 'NONE', *, *, #676, .T. ) ;
#1007 = VECTOR ( 'NONE', #4241, 999.9999999999998863 ) ;
#1008 = ORIENTED_EDGE ( 'NONE', *, *, #1803, .F. ) ;
#1009 = CARTESIAN_POINT ( 'NONE',  ( -0.1495181222758735495, 69.07490838016774148, 5.000000000000000000 ) ) ;
#1010 = CARTESIAN_POINT ( 'NONE',  ( 5.000000000000000000, 5.000000000000000000, 5.000000000000000000 ) ) ;
#1011 = VECTOR ( 'NONE', #1312, 1000.000000000000114 ) ;
#1012 = ORIENTED_EDGE ( 'NONE', *, *, #826, .F. ) ;
#1013 = CARTESIAN_POINT ( 'NONE',  ( 7.499999999999989342, 4.999999999999993783, -10.00000000000000000 ) ) ;
#1014 = CARTESIAN_POINT ( 'NONE',  ( 18.12035258729484966, -9.004735323125991897, 4.599999999999999645 ) ) ;
#1015 = EDGE_CURVE ( 'NONE', #4685, #1346, #4819, .T. ) ;
#1016 = DIRECTION ( 'NONE',  ( 0.000000000000000000, 0.000000000000000000, 1.000000000000000000 ) ) ;
#1017 = CARTESIAN_POINT ( 'NONE',  ( 35.78597283154926600, 50.76086759227584366, 5.000000000000000000 ) ) ;
#1019 = CARTESIAN_POINT ( 'NONE',  ( 26.16751767727941314, 50.41905633430118883, 5.000000000000000000 ) ) ;
#1018 = AXIS2_PLACEMENT_3D ( 'NONE', #3214, #178, #524 ) ;
#1020 = FACE_OUTER_BOUND ( 'NONE', #2060, .T. ) ;
#1021 = ORIENTED_EDGE ( 'NONE', *, *, #2408, .T. ) ;
#1022 = CARTESIAN_POINT ( 'NONE',  ( 41.48062131786240769, 24.64097113909109282, 4.599999999999999645 ) ) ;
#1023 = CARTESIAN_POINT ( 'NONE',  ( 35.00763628465025334, 51.82798241853258503, 5.000000000000000000 ) ) ;
#1024 = CARTESIAN_POINT ( 'NONE',  ( -0.1135253844867327028, 52.44685669470982248, 4.599999999999999645 ) ) ;
#1025 = VECTOR ( 'NONE', #260, 1000.000000000000000 ) ;
#1026 = ORIENTED_EDGE ( 'NONE', *, *, #2421, .T. ) ;
#1027 = CARTESIAN_POINT ( 'NONE',  ( 27.11389941078661536, 71.12337289908458615, 5.000000000000000000 ) ) ;
#1028 = EDGE_CURVE ( 'NONE', #2111, #853, #4725, .T. ) ;
#1029 = ORIENTED_EDGE ( 'NONE', *, *, #1470, .F. ) ;
#1030 = CARTESIAN_POINT ( 'NONE',  ( 60.62223606764680994, 50.81462765552436167, 4.599999999999999645 ) ) ;
#1031 = CARTESIAN_POINT ( 'NONE',  ( 13.74999999999999112, 114.9999999999999858, -15.00000000000000000 ) ) ;
#1032 = ORIENTED_EDGE ( 'NONE', *, *, #1654, .F. ) ;
#1033 = EDGE_LOOP ( 'NONE', ( #4798, #1820, #3383, #3888, #4155, #595, #3796, #455, #546, #1696, #4502, #3327, #85, #1837, #4309, #640, #3667, #1492, #2146, #1843, #1680, #404, #4394, #1475, #4042, #2370, #4707, #1457, #756, #385, #3789, #1969, #3514, #1766, #894, #2878, #1661, #3023, #13, #2082, #2382, #4636, #4568, #3134, #3540, #2048 ) ) ;
#1034 = CARTESIAN_POINT ( 'NONE',  ( 29.89265525571779136, 60.09923018964610009, 5.000000000000000000 ) ) ;
#1035 = EDGE_CURVE ( 'NONE', #3595, #829, #721, .T. ) ;
#1036 = DIRECTION ( 'NONE',  ( -0.5068659995676726426, -0.8620248595500387134, 0.000000000000000000 ) ) ;
#1037 = EDGE_LOOP ( 'NONE', ( #118, #1236, #1196, #2487 ) ) ;
#1038 = DIRECTION ( 'NONE',  ( 1.000000000000000000, 0.000000000000000000, 0.000000000000000000 ) ) ;
#1039 = LINE ( 'NONE', #3013, #512 ) ;
#1040 = VECTOR ( 'NONE', #3747, 1000.000000000000000 ) ;
#1041 = CARTESIAN_POINT ( 'NONE',  ( 24.99999999999999289, 18.49999999999998934, 0.000000000000000000 ) ) ;
#1042 = CARTESIAN_POINT ( 'NONE',  ( 22.49999999999998579, 18.49999999999998934, 3.100000000000000089 ) ) ;
#1043 = VECTOR ( 'NONE', #1670, 1000.000000000000000 ) ;
#1044 = CARTESIAN_POINT ( 'NONE',  ( 61.25000000000000711, 114.9999999999999858, 0.000000000000000000 ) ) ;
#1045 = CARTESIAN_POINT ( 'NONE',  ( 53.53553390593275907, 118.5355339059327378, -9.999999999999998224 ) ) ;
#1046 = VERTEX_POINT ( 'NONE', #3850 ) ;
#1047 = LINE ( 'NONE', #1071, #4737 ) ;
#1048 = AXIS2_PLACEMENT_3D ( 'NONE', #1587, #2300, #1942 ) ;
#1049 = LINE ( 'NONE', #2148, #2061 ) ;
#1050 = LINE ( 'NONE', #1836, #1454 ) ;
#1051 = EDGE_CURVE ( 'NONE', #2175, #1746, #831, .T. ) ;
#1052 = ORIENTED_EDGE ( 'NONE', *, *, #4588, .T. ) ;
#1053 = EDGE_LOOP ( 'NONE', ( #3775, #2390, #4365, #3643 ) ) ;
#1054 = DIRECTION ( 'NONE',  ( 0.9812001574316255859, 0.1929928782524191200, 0.000000000000000000 ) ) ;
#1055 = ADVANCED_FACE ( 'NONE', ( #2738 ), #2688, .T. ) ;
#1056 = CARTESIAN_POINT ( 'NONE',  ( 29.83130851283739915, 50.95962397155131640, 4.599999999999999645 ) ) ;
#1057 = ORIENTED_EDGE ( 'NONE', *, *, #4778, .F. ) ;
#1058 = ORIENTED_EDGE ( 'NONE', *, *, #2264, .F. ) ;
#1059 = CARTESIAN_POINT ( 'NONE',  ( 28.05576097198110475, 72.73037325243288365, 4.599999999999999645 ) ) ;
#1060 = CARTESIAN_POINT ( 'NONE',  ( 18.96159110272099824, 59.94858267635414251, 4.599999999999999645 ) ) ;
#1061 = ORIENTED_EDGE ( 'NONE', *, *, #3992, .T. ) ;
#1062 = VECTOR ( 'NONE', #4333, 999.9999999999998863 ) ;
#1063 = FACE_OUTER_BOUND ( 'NONE', #4055, .T. ) ;
#1064 = CARTESIAN_POINT ( 'NONE',  ( 17.51381357382892645, -6.007037960595728698, 4.599999999999999645 ) ) ;
#1065 = DIRECTION ( 'NONE',  ( 0.000000000000000000, 0.7071067811865455743, 0.7071067811865493491 ) ) ;
#1066 = CARTESIAN_POINT ( 'NONE',  ( 74.78285540165003908, 46.10293262095294864, 1.459587691556091249 ) ) ;
#1067 = ADVANCED_FACE ( 'NONE', ( #2000 ), #4562, .T. ) ;
#1068 = LINE ( 'NONE', #2627, #2429 ) ;
#1069 = DIRECTION ( 'NONE',  ( -0.000000000000000000, -0.000000000000000000, -1.000000000000000000 ) ) ;
#1070 = ORIENTED_EDGE ( 'NONE', *, *, #2755, .F. ) ;
#1071 = CARTESIAN_POINT ( 'NONE',  ( 59.96680715955792351, 68.43253565528095805, 4.599999999999999645 ) ) ;
#1072 = CARTESIAN_POINT ( 'NONE',  ( 7.499999999999989342, 3.749999999999994671, -11.25000000000000000 ) ) ;
#1073 = AXIS2_PLACEMENT_3D ( 'NONE', #4122, #1830, #4483 ) ;
#1074 = DIRECTION ( 'NONE',  ( 0.9999976573062887564, 0.002164574307900884748, 0.000000000000000000 ) ) ;
#1075 = ORIENTED_EDGE ( 'NONE', *, *, #1127, .F. ) ;
#1076 = VERTEX_POINT ( 'NONE', #1892 ) ;
#1077 = CARTESIAN_POINT ( 'NONE',  ( 60.62223606764680994, 50.81462765552436167, 5.000000000000000000 ) ) ;
#1078 = CARTESIAN_POINT ( 'NONE',  ( 27.50000000000000000, 112.5000000000000000, -10.00000000000000000 ) ) ;
#1079 = CARTESIAN_POINT ( 'NONE',  ( 16.98661193500679900, 54.89307990385177050, 5.000000000000000000 ) ) ;
#1080 = EDGE_LOOP ( 'NONE', ( #2169, #2232, #2114, #2762, #48, #2087, #3180, #3604, #3550, #3450, #1267, #4841, #4035, #1529, #580, #3929, #4945, #2145, #4300, #4823, #1930, #1915, #332, #1678, #1243, #4201, #494, #2012, #31, #1283, #4722, #4252, #4350, #1099, #2301 ) ) ;
#1081 = VERTEX_POINT ( 'NONE', #355 ) ;
#1082 = CARTESIAN_POINT ( 'NONE',  ( 38.14833781771924492, 54.47679853951059670, 4.599999999999999645 ) ) ;
#1083 = DIRECTION ( 'NONE',  ( 0.2325341717722711754, 0.9725882268247872942, 0.000000000000000000 ) ) ;
#1084 = ORIENTED_EDGE ( 'NONE', *, *, #4478, .F. ) ;
#1085 = CARTESIAN_POINT ( 'NONE',  ( 26.87154115849022773, 65.75768277533703099, 4.599999999999999645 ) ) ;
#1086 = VECTOR ( 'NONE', #3639, 1000.000000000000000 ) ;
#1087 = CARTESIAN_POINT ( 'NONE',  ( 45.34840069594080347, 52.54526264242618794, 4.599999999999999645 ) ) ;
#1088 = VECTOR ( 'NONE', #1640, 1000.000000000000000 ) ;
#1089 = DIRECTION ( 'NONE',  ( -0.000000000000000000, -0.000000000000000000, 1.000000000000000000 ) ) ;
#1090 = CARTESIAN_POINT ( 'NONE',  ( 1.423389135037542497, 73.98332354028698887, 0.4744630450125235099 ) ) ;
#1091 = CYLINDRICAL_SURFACE ( 'NONE', #4220, 4.999999999999998224 ) ;
#1092 = CARTESIAN_POINT ( 'NONE',  ( 39.62958920622759962, 51.33356971989758932, 4.599999999999999645 ) ) ;
#1093 = ORIENTED_EDGE ( 'NONE', *, *, #1118, .F. ) ;
#1094 = CYLINDRICAL_SURFACE ( 'NONE', #957, 2.500000000000002220 ) ;
#1095 = AXIS2_PLACEMENT_3D ( 'NONE', #113, #501, #4868 ) ;
#1096 = EDGE_CURVE ( 'NONE', #1551, #776, #444, .T. ) ;
#1097 = CARTESIAN_POINT ( 'NONE',  ( 34.56461345859662515, 67.13590885259914387, 5.000000000000000000 ) ) ;
#1098 = LINE ( 'NONE', #4151, #719 ) ;
#1099 = ORIENTED_EDGE ( 'NONE', *, *, #2911, .F. ) ;
#1100 = VERTEX_POINT ( 'NONE', #777 ) ;
#1101 = DIRECTION ( 'NONE',  ( -1.000000000000000000, 0.000000000000000000, 0.000000000000000000 ) ) ;
#1102 = CARTESIAN_POINT ( 'NONE',  ( 0.9774720920583955808, 45.30360659631814002, 0.9774720920583900297 ) ) ;
#1103 = CARTESIAN_POINT ( 'NONE',  ( 35.78597283154926600, 50.76086759227583656, 5.000000000000000000 ) ) ;
#1104 = ORIENTED_EDGE ( 'NONE', *, *, #194, .F. ) ;
#1105 = EDGE_CURVE ( 'NONE', #3727, #360, #1928, .T. ) ;
#1106 = DIRECTION ( 'NONE',  ( -1.000000000000000000, 0.000000000000000000, -0.000000000000000000 ) ) ;
#1107 = AXIS2_PLACEMENT_3D ( 'NONE', #1078, #1819, #670 ) ;
#1108 = DIRECTION ( 'NONE',  ( 0.000000000000000000, 1.000000000000000000, 0.000000000000000000 ) ) ;
#1109 = VERTEX_POINT ( 'NONE', #904 ) ;
#1110 = CARTESIAN_POINT ( 'NONE',  ( 14.03395320428463044, 59.88853312862018896, 5.000000000000000000 ) ) ;
#1111 = CARTESIAN_POINT ( 'NONE',  ( 41.19160789426834413, 63.02673180877590653, 5.000000000000000000 ) ) ;
#1112 = EDGE_CURVE ( 'NONE', #1543, #1394, #883, .T. ) ;
#1113 = DIRECTION ( 'NONE',  ( 0.9459077980375388828, -0.3244355677353744638, 0.000000000000000000 ) ) ;
#1114 = EDGE_CURVE ( 'NONE', #360, #3596, #3995, .T. ) ;
#1115 = CARTESIAN_POINT ( 'NONE',  ( 1.035578933988948953E-16, 75.00000000000000000, -2.388989729292219642E-15 ) ) ;
#1116 = CARTESIAN_POINT ( 'NONE',  ( 75.00000000000000000, 44.99999999999999289, -1.715124499442881905E-15 ) ) ;
#1117 = DIRECTION ( 'NONE',  ( 1.000000000000000000, -0.000000000000000000, 0.000000000000000000 ) ) ;
#1118 = EDGE_CURVE ( 'NONE', #3236, #4258, #3412, .T. ) ;
#1119 = AXIS2_PLACEMENT_3D ( 'NONE', #3902, #1973, #3515 ) ;
#1120 = EDGE_CURVE ( 'NONE', #971, #1003, #3206, .T. ) ;
#1121 = VERTEX_POINT ( 'NONE', #4057 ) ;
#1122 = EDGE_CURVE ( 'NONE', #3751, #1701, #2104, .T. ) ;
#1123 = DIRECTION ( 'NONE',  ( 0.000000000000000000, 0.000000000000000000, 1.000000000000000000 ) ) ;
#1124 = VECTOR ( 'NONE', #2198, 1000.000000000000000 ) ;
#1125 = DIRECTION ( 'NONE',  ( 1.000000000000000000, 0.000000000000000000, 0.000000000000000000 ) ) ;
#1126 = CARTESIAN_POINT ( 'NONE',  ( 34.56461345859662515, 67.13590885259914387, 4.599999999999999645 ) ) ;
#1127 = EDGE_CURVE ( 'NONE', #1081, #4735, #3689, .T. ) ;
#1128 = B_SPLINE_CURVE_WITH_KNOTS ( 'NONE', 3,
 ( #4471, #4088, #566, #2131 ),
 .UNSPECIFIED., .F., .F.,
 ( 4, 4 ),
 ( 3.000000000000000000, 4.000000000000000000 ),
 .UNSPECIFIED. ) ;
#1129 = VECTOR ( 'NONE', #4689, 1000.000000000000114 ) ;
#1130 = ORIENTED_EDGE ( 'NONE', *, *, #2569, .F. ) ;
#1131 = ADVANCED_FACE ( 'NONE', ( #4809 ), #3981, .F. ) ;
#1132 = CIRCLE ( 'NONE', #1048, 1.600000000000073586 ) ;
#1133 = VERTEX_POINT ( 'NONE', #2443 ) ;
#1134 = CARTESIAN_POINT ( 'NONE',  ( 47.50000000000000000, 117.5000000000000000, -10.00000000000000888 ) ) ;
#1135 = DIRECTION ( 'NONE',  ( 0.9999976573062887564, 0.002164574307903472522, 0.000000000000000000 ) ) ;
#1136 = CARTESIAN_POINT ( 'NONE',  ( 39.52096675179606677, 50.99823335541131542, 5.000000000000000000 ) ) ;
#1137 = AXIS2_PLACEMENT_3D ( 'NONE', #2256, #5016, #4595 ) ;
#1138 = ORIENTED_EDGE ( 'NONE', *, *, #581, .F. ) ;
#1139 = CARTESIAN_POINT ( 'NONE',  ( 45.90133713412228644, 56.20436685281529066, 4.599999999999999645 ) ) ;
#1140 = CARTESIAN_POINT ( 'NONE',  ( 7.499999999999989342, 2.499999999999993783, 0.000000000000000000 ) ) ;
#1141 = ORIENTED_EDGE ( 'NONE', *, *, #3404, .T. ) ;
#1142 = CARTESIAN_POINT ( 'NONE',  ( 75.00000000000000000, 75.00000000000000000, 0.000000000000000000 ) ) ;
#1143 = PLANE ( 'NONE',  #2139 ) ;
#1144 = AXIS2_PLACEMENT_3D ( 'NONE', #209, #4970, #3438 ) ;
#1145 = CARTESIAN_POINT ( 'NONE',  ( 43.76239363741270694, 63.34270742456207870, 5.000000000000000000 ) ) ;
#1146 = ORIENTED_EDGE ( 'NONE', *, *, #2397, .T. ) ;
#1147 = CARTESIAN_POINT ( 'NONE',  ( 52.75819874726981595, 56.38499435135753401, 4.599999999999999645 ) ) ;
#1148 = CARTESIAN_POINT ( 'NONE',  ( 73.80733853384215593, 45.58501535375167180, 0.3975538220526754762 ) ) ;
#1149 = CARTESIAN_POINT ( 'NONE',  ( 52.75819874726981595, 56.38499435135753401, 5.000000000000000000 ) ) ;
#1150 = ORIENTED_EDGE ( 'NONE', *, *, #724, .T. ) ;
#1151 = CARTESIAN_POINT ( 'NONE',  ( 25.61020819466324028, 50.41079370095809509, 4.599999999999999645 ) ) ;
#1152 = DIRECTION ( 'NONE',  ( 0.000000000000000000, -1.000000000000000000, 0.000000000000000000 ) ) ;
#1153 = FACE_OUTER_BOUND ( 'NONE', #1290, .T. ) ;
#1154 = DIRECTION ( 'NONE',  ( 0.000000000000000000, 0.000000000000000000, -1.000000000000000000 ) ) ;
#1155 = ORIENTED_EDGE ( 'NONE', *, *, #2417, .T. ) ;
#1156 = VECTOR ( 'NONE', #743, 1000.000000000000000 ) ;
#1157 = ORIENTED_EDGE ( 'NONE', *, *, #4024, .T. ) ;
#1158 = CARTESIAN_POINT ( 'NONE',  ( 19.99999999999996803, 120.0000000000000142, -9.999999999999385381 ) ) ;
#1159 = CARTESIAN_POINT ( 'NONE',  ( 33.01779607714239972, 60.15890489015593090, 4.599999999999999645 ) ) ;
#1160 = CARTESIAN_POINT ( 'NONE',  ( 37.50000000000000000, 21.89999999999999503, 3.100000000000000089 ) ) ;
#1161 = VERTEX_POINT ( 'NONE', #560 ) ;
#1162 = DIRECTION ( 'NONE',  ( 0.000000000000000000, 0.000000000000000000, 1.000000000000000000 ) ) ;
#1163 = VECTOR ( 'NONE', #4239, 1000.000000000000000 ) ;
#1164 = CARTESIAN_POINT ( 'NONE',  ( 17.93053125479569232, 74.99553061957149680, 4.599999999999999645 ) ) ;
#1165 = ORIENTED_EDGE ( 'NONE', *, *, #1603, .F. ) ;
#1166 = DIRECTION ( 'NONE',  ( 0.000000000000000000, 0.000000000000000000, 1.000000000000000000 ) ) ;
#1167 = FACE_OUTER_BOUND ( 'NONE', #3018, .T. ) ;
#1168 = CARTESIAN_POINT ( 'NONE',  ( 50.00000000000000000, 18.49999999999998934, 3.100000000000000089 ) ) ;
#1169 = ORIENTED_EDGE ( 'NONE', *, *, #312, .T. ) ;
#1170 = DIRECTION ( 'NONE',  ( -1.000000000000000000, 0.000000000000000000, 0.000000000000000000 ) ) ;
#1171 = CARTESIAN_POINT ( 'NONE',  ( 22.50000000000000000, -0.001000000000014877877, -15.00000000000000000 ) ) ;
#1172 = CARTESIAN_POINT ( 'NONE',  ( 38.23827591779982527, 68.33259183104274825, 4.599999999999999645 ) ) ;
#1173 = AXIS2_PLACEMENT_3D ( 'NONE', #4848, #4410, #4046 ) ;
#1174 = EDGE_CURVE ( 'NONE', #4451, #2593, #3645, .T. ) ;
#1175 = EDGE_LOOP ( 'NONE', ( #284, #1001, #912, #2163 ) ) ;
#1176 = CARTESIAN_POINT ( 'NONE',  ( 50.85420801291714099, 67.42161425081793880, 4.599999999999999645 ) ) ;
#1177 = CARTESIAN_POINT ( 'NONE',  ( 38.85478914024159991, 50.76751028877510663, 4.599999999999999645 ) ) ;
#1178 = CARTESIAN_POINT ( 'NONE',  ( 50.00000000000000000, 18.49999999999998934, 3.100000000000000089 ) ) ;
#1179 = ORIENTED_EDGE ( 'NONE', *, *, #4152, .T. ) ;
#1180 = ORIENTED_EDGE ( 'NONE', *, *, #3477, .T. ) ;
#1181 = ORIENTED_EDGE ( 'NONE', *, *, #2035, .T. ) ;
#1182 = EDGE_CURVE ( 'NONE', #3281, #2189, #496, .T. ) ;
#1183 = PLANE ( 'NONE',  #1119 ) ;
#1184 = CARTESIAN_POINT ( 'NONE',  ( 35.09940047173320465, 68.10004456002852180, 4.599999999999999645 ) ) ;
#1185 = DIRECTION ( 'NONE',  ( -0.9999976573062886454, -0.002164574307960163285, 0.000000000000000000 ) ) ;
#1186 = VERTEX_POINT ( 'NONE', #3621 ) ;
#1187 = CARTESIAN_POINT ( 'NONE',  ( 29.89265525571779136, 60.09923018964615693, 4.599999999999999645 ) ) ;
#1188 = ADVANCED_FACE ( 'NONE', ( #517 ), #4860, .F. ) ;
#1189 = DIRECTION ( 'NONE',  ( 0.9725882268251367924, -0.2325341717708094280, 0.000000000000000000 ) ) ;
#1190 = ORIENTED_EDGE ( 'NONE', *, *, #4015, .T. ) ;
#1191 = LINE ( 'NONE', #3964, #3320 ) ;
#1192 = DIRECTION ( 'NONE',  ( 0.006490873785237705890, 0.9999789340568651097, 0.000000000000000000 ) ) ;
#1193 = VECTOR ( 'NONE', #1135, 1000.000000000000000 ) ;
#1194 = ADVANCED_FACE ( 'NONE', ( #2488 ), #1286, .F. ) ;
#1195 = DIRECTION ( 'NONE',  ( 0.000000000000000000, 0.000000000000000000, -1.000000000000000000 ) ) ;
#1196 = ORIENTED_EDGE ( 'NONE', *, *, #635, .T. ) ;
#1197 = CARTESIAN_POINT ( 'NONE',  ( 38.24081909576754867, 68.78763099782081269, 4.599999999999999645 ) ) ;
#1198 = DIRECTION ( 'NONE',  ( 0.000000000000000000, 1.000000000000000000, 0.000000000000000000 ) ) ;
#1199 = CARTESIAN_POINT ( 'NONE',  ( 37.87316993195197767, 69.15721150665848427, 4.599999999999999645 ) ) ;
#1200 = CARTESIAN_POINT ( 'NONE',  ( 22.08606763532822725, 58.68548362696230924, 5.000000000000000000 ) ) ;
#1201 = CARTESIAN_POINT ( 'NONE',  ( -0.1097077414814782992, 50.68316854231763813, 4.599999999999999645 ) ) ;
#1202 = CARTESIAN_POINT ( 'NONE',  ( -2.417770844642675282E-15, 46.49999999999999289, 0.000000000000000000 ) ) ;
#1203 = B_SPLINE_CURVE_WITH_KNOTS ( 'NONE', 3,
 ( #714, #4668, #402, #351, #3045, #1967 ),
 .UNSPECIFIED., .F., .F.,
 ( 4, 2, 4 ),
 ( 0.000000000000000000, 1.000000000000000000, 2.000000000000000000 ),
 .UNSPECIFIED. ) ;
#1204 = FACE_BOUND ( 'NONE', #4890, .T. ) ;
#1205 = ORIENTED_EDGE ( 'NONE', *, *, #1122, .F. ) ;
#1206 = EDGE_LOOP ( 'NONE', ( #2616, #186, #4348, #2979 ) ) ;
#1207 = VECTOR ( 'NONE', #131, 1000.000000000000000 ) ;
#1208 = VERTEX_POINT ( 'NONE', #879 ) ;
#1209 = CARTESIAN_POINT ( 'NONE',  ( 74.81522388226905207, 74.16669102993677143, 1.347278031071426740 ) ) ;
#1210 = CARTESIAN_POINT ( 'NONE',  ( 34.56461345859662515, 67.13590885259914387, 4.599999999999999645 ) ) ;
#1211 = EDGE_CURVE ( 'NONE', #1686, #1076, #2895, .T. ) ;
#1212 = AXIS2_PLACEMENT_3D ( 'NONE', #1202, #824, #1611 ) ;
#1213 = DIRECTION ( 'NONE',  ( -0.000000000000000000, -0.000000000000000000, 1.000000000000000000 ) ) ;
#1214 = VERTEX_POINT ( 'NONE', #3182 ) ;
#1215 = CARTESIAN_POINT ( 'NONE',  ( 52.50000000000001421, 99.79999999999999716, 0.000000000000000000 ) ) ;
#1216 = CARTESIAN_POINT ( 'NONE',  ( -0.000000000000000000, 75.00000000000000000, 0.09966174935353641628 ) ) ;
#1217 = EDGE_CURVE ( 'NONE', #4882, #1579, #2125, .T. ) ;
#1218 = ORIENTED_EDGE ( 'NONE', *, *, #1182, .F. ) ;
#1219 = LINE ( 'NONE', #4268, #3571 ) ;
#1220 = VECTOR ( 'NONE', #4237, 1000.000000000000000 ) ;
#1221 = EDGE_LOOP ( 'NONE', ( #2203, #1205, #3030, #2742 ) ) ;
#1222 = CARTESIAN_POINT ( 'NONE',  ( 37.79313599863449724, -0.2453156435208566355, 5.000000000000000000 ) ) ;
#1223 = LINE ( 'NONE', #814, #3380 ) ;
#1224 = VERTEX_POINT ( 'NONE', #3598 ) ;
#1225 = DIRECTION ( 'NONE',  ( 0.000000000000000000, 0.000000000000000000, -1.000000000000000000 ) ) ;
#1226 = DIRECTION ( 'NONE',  ( -1.000000000000000000, 0.000000000000000000, 0.000000000000000000 ) ) ;
#1227 = CARTESIAN_POINT ( 'NONE',  ( 74.52553695498737341, 73.98332354028698887, 1.423389135037540276 ) ) ;
#1228 = CARTESIAN_POINT ( 'NONE',  ( 57.69095163281237149, 65.48929132234873407, 4.599999999999999645 ) ) ;
#1229 = CARTESIAN_POINT ( 'NONE',  ( 41.96291306052567904, 63.57867512623392514, 5.000000000000000000 ) ) ;
#1230 = EDGE_CURVE ( 'NONE', #2244, #971, #4755, .T. ) ;
#1231 = LINE ( 'NONE', #2792, #297 ) ;
#1232 = CARTESIAN_POINT ( 'NONE',  ( 56.20969273636311669, 68.63604813294755047, 4.599999999999999645 ) ) ;
#1233 = B_SPLINE_CURVE_WITH_KNOTS ( 'NONE', 3,
 ( #1184, #1975, #2388, #3957 ),
 .UNSPECIFIED., .F., .F.,
 ( 4, 4 ),
 ( 19.00000000000000000, 20.00000000000000000 ),
 .UNSPECIFIED. ) ;
#1234 = CARTESIAN_POINT ( 'NONE',  ( 51.27523411172361278, 66.83697843894681512, 5.000000000000000000 ) ) ;
#1235 = VERTEX_POINT ( 'NONE', #2418 ) ;
#1236 = ORIENTED_EDGE ( 'NONE', *, *, #1230, .T. ) ;
#1237 = CARTESIAN_POINT ( 'NONE',  ( 22.50000000000000000, 116.2500000000000000, -15.00000000000000000 ) ) ;
#1238 = CARTESIAN_POINT ( 'NONE',  ( 36.14294705659228413, 60.21152601110345159, 4.599999999999999645 ) ) ;
#1239 = CYLINDRICAL_SURFACE ( 'NONE', #3831, 2.500000000000002220 ) ;
#1240 = EDGE_LOOP ( 'NONE', ( #519, #1728, #4672, #2899 ) ) ;
#1241 = CARTESIAN_POINT ( 'NONE',  ( 52.07689581311743154, 56.62338243729705312, 5.000000000000000000 ) ) ;
#1242 = CARTESIAN_POINT ( 'NONE',  ( 47.98893882117888410, 53.22823707465383336, 5.000000000000000000 ) ) ;
#1243 = ORIENTED_EDGE ( 'NONE', *, *, #3027, .F. ) ;
#1244 = CARTESIAN_POINT ( 'NONE',  ( 32.46596180904801088, 71.73792631199650316, 5.000000000000000000 ) ) ;
#1245 = VERTEX_POINT ( 'NONE', #2848 ) ;
#1246 = CARTESIAN_POINT ( 'NONE',  ( 24.99999999999999289, 18.49999999999998934, 3.100000000000000089 ) ) ;
#1247 = AXIS2_PLACEMENT_3D ( 'NONE', #4379, #954, #3580 ) ;
#1248 = CARTESIAN_POINT ( 'NONE',  ( 34.59541195506342603, 53.23804725903598722, 5.000000000000000000 ) ) ;
#1249 = EDGE_LOOP ( 'NONE', ( #3203, #3152, #2805, #3163 ) ) ;
#1250 = CARTESIAN_POINT ( 'NONE',  ( 47.50000000000000000, 112.4999999999999858, -10.00000000000000533 ) ) ;
#1251 = CARTESIAN_POINT ( 'NONE',  ( 23.97390899241983675, 55.10926709234449561, 5.000000000000000000 ) ) ;
#1252 = CARTESIAN_POINT ( 'NONE',  ( 74.62330660438824737, 74.49124015672441601, 1.130080186835221268 ) ) ;
#1253 = CARTESIAN_POINT ( 'NONE',  ( 52.50000000000000711, 114.9999999999999858, -15.00000000000000000 ) ) ;
#1254 = CARTESIAN_POINT ( 'NONE',  ( 51.27523411172359147, 66.83697843894680091, 5.000000000000000000 ) ) ;
#1255 = EDGE_CURVE ( 'NONE', #4016, #1224, #4175, .T. ) ;
#1256 = CARTESIAN_POINT ( 'NONE',  ( 0.2928932188134499293, 45.00000000000000000, 0.8786796564403571708 ) ) ;
#1257 = CYLINDRICAL_SURFACE ( 'NONE', #916, 2.099999999999997868 ) ;
#1258 = VERTEX_POINT ( 'NONE', #1759 ) ;
#1259 = ORIENTED_EDGE ( 'NONE', *, *, #1860, .F. ) ;
#1260 = EDGE_CURVE ( 'NONE', #718, #2339, #1787, .T. ) ;
#1261 = AXIS2_PLACEMENT_3D ( 'NONE', #3080, #2337, #3440 ) ;
#1262 = DIRECTION ( 'NONE',  ( -0.1708417403571640125, -0.9852984825684728554, 0.000000000000000000 ) ) ;
#1263 = DIRECTION ( 'NONE',  ( -1.000000000000000000, 0.000000000000000000, 0.000000000000000000 ) ) ;
#1264 = LINE ( 'NONE', #3877, #4996 ) ;
#1265 = ORIENTED_EDGE ( 'NONE', *, *, #1630, .F. ) ;
#1266 = DIRECTION ( 'NONE',  ( -0.000000000000000000, -0.000000000000000000, 1.000000000000000000 ) ) ;
#1267 = ORIENTED_EDGE ( 'NONE', *, *, #3627, .F. ) ;
#1268 = VECTOR ( 'NONE', #2449, 1000.000000000000000 ) ;
#1269 = CARTESIAN_POINT ( 'NONE',  ( 7.499999999999989342, 2.499999999999993783, -12.50000000000000000 ) ) ;
#1270 = VERTEX_POINT ( 'NONE', #1739 ) ;
#1271 = DIRECTION ( 'NONE',  ( 0.000000000000000000, 1.000000000000000000, 0.000000000000000000 ) ) ;
#1272 = CARTESIAN_POINT ( 'NONE',  ( 29.89265525571779136, 60.09923018964615693, 5.000000000000000000 ) ) ;
#1273 = EDGE_LOOP ( 'NONE', ( #3326, #4194, #1157, #493, #619, #2801 ) ) ;
#1274 = CARTESIAN_POINT ( 'NONE',  ( 54.22558589064953338, 56.38817062730887386, 4.599999999999999645 ) ) ;
#1275 = CARTESIAN_POINT ( 'NONE',  ( 23.97390899241983675, 55.10926709234449561, 4.599999999999999645 ) ) ;
#1276 = CARTESIAN_POINT ( 'NONE',  ( 35.23217485934515736, 50.75966885260515227, 5.000000000000000000 ) ) ;
#1277 = EDGE_CURVE ( 'NONE', #4988, #1722, #4587, .T. ) ;
#1278 = EDGE_CURVE ( 'NONE', #63, #1579, #4490, .T. ) ;
#1279 = CARTESIAN_POINT ( 'NONE',  ( 36.14294705659228413, 60.21152601110345159, 5.000000000000000000 ) ) ;
#1280 = LINE ( 'NONE', #2119, #1368 ) ;
#1281 = EDGE_CURVE ( 'NONE', #3577, #379, #3767, .T. ) ;
#1282 = CARTESIAN_POINT ( 'NONE',  ( 30.84107323525157796, -9.955243575954488833, 4.599999999999999645 ) ) ;
#1283 = ORIENTED_EDGE ( 'NONE', *, *, #2976, .F. ) ;
#1284 = EDGE_CURVE ( 'NONE', #720, #592, #999, .T. ) ;
#1285 = VERTEX_POINT ( 'NONE', #3793 ) ;
#1286 = PLANE ( 'NONE',  #4733 ) ;
#1287 = LINE ( 'NONE', #1024, #965 ) ;
#1288 =( BOUNDED_SURFACE ( )  B_SPLINE_SURFACE ( 3, 2, ( 
 ( #1607, #2433, #39 ),
 ( #3999, #2050, #2786 ),
 ( #3170, #4742, #2457 ),
 ( #2863, #4027, #4355 ),
 ( #508, #3636, #119 ),
 ( #4434, #4049, #531 ),
 ( #2752, #2372, #3944 ),
 ( #460, #1102, #4457 ),
 ( #252, #1794, #3028 ),
 ( #3360, #3271, #3851 ),
 ( #936, #4993, #617 ),
 ( #3818, #4593, #1437 ),
 ( #1460, #642, #306 ),
 ( #3003, #2885, #4159 ) ),
 .UNSPECIFIED., .F., .F., .F. ) 
 B_SPLINE_SURFACE_WITH_KNOTS ( ( 4, 2, 2, 2, 2, 2, 4 ),
 ( 3, 3 ),
 ( 6.283185307179586232, 6.479534848028948524, 6.675884388878310816, 6.872233929727672219, 7.068583470577034511, 7.461282552275758206, 7.853981633974482790 ),
 ( 0.000000000000000000, 1.000000000000000000 ),
 .UNSPECIFIED. ) 
 GEOMETRIC_REPRESENTATION_ITEM ( )  RATIONAL_B_SPLINE_SURFACE ( (
 ( 1.000000000000000000, 0.7071067811865475727, 1.000000000000000000),
 ( 1.000000000000000000, 0.7070717008705410533, 1.000000000000000000),
 ( 1.000000000000000000, 0.7117460391535113118, 1.000000000000000000),
 ( 1.000000000000000000, 0.7291288573898078162, 1.000000000000000000),
 ( 1.000000000000000000, 0.7418334672881334857, 1.000000000000000000),
 ( 1.000000000000000000, 0.7723967724090673448, 1.000000000000000000),
 ( 1.000000000000000000, 0.7902180514827672475, 1.000000000000000000),
 ( 1.000000000000000000, 0.8275942267605663760, 1.000000000000000000),
 ( 1.000000000000000000, 0.8471316911967915475, 1.000000000000000000),
 ( 1.000000000000000000, 0.9038128289597299192, 1.000000000000000000),
 ( 1.000000000000000000, 0.9386556746368156512, 1.000000000000000000),
 ( 1.000000000000000000, 0.9867291651254971319, 1.000000000000000000),
 ( 1.000000000000000000, 1.000158598892062045, 1.000000000000000000),
 ( 1.000000000000000000, 1.000000000000000000, 1.000000000000000000) ) ) 
 REPRESENTATION_ITEM ( '' )  SURFACE ( )  );
#1289 = CIRCLE ( 'NONE', #3909, 2.099999999999997868 ) ;
#1290 = EDGE_LOOP ( 'NONE', ( #4690, #2736 ) ) ;
#1291 = B_SPLINE_SURFACE_WITH_KNOTS ( 'NONE', 3, 1, ( 
 ( #1059, #3776 ),
 ( #256, #4918 ),
 ( #4163, #1769 ),
 ( #2595, #2646 ) ),
 .UNSPECIFIED., .F., .F., .F.,
 ( 4, 4 ),
 ( 2, 2 ),
 ( 5.000000000000000000, 6.000000000000000000 ),
 ( 0.000000000000000000, 1.000000000000000000 ),
 .UNSPECIFIED. ) ;
#1292 = CARTESIAN_POINT ( 'NONE',  ( 31.16037302392805231, 49.68205551682147814, 5.000000000000000000 ) ) ;
#1293 = VERTEX_POINT ( 'NONE', #4198 ) ;
#1294 = VECTOR ( 'NONE', #899, 1000.000000000000000 ) ;
#1295 = CARTESIAN_POINT ( 'NONE',  ( 41.48631741186515143, 24.64435482244645925, 4.599999999999999645 ) ) ;
#1296 = VERTEX_POINT ( 'NONE', #4105 ) ;
#1297 = DIRECTION ( 'NONE',  ( 0.000000000000000000, 0.000000000000000000, 1.000000000000000000 ) ) ;
#1298 = VECTOR ( 'NONE', #1730, 1000.000000000000000 ) ;
#1299 = DIRECTION ( 'NONE',  ( 0.000000000000000000, 0.000000000000000000, -1.000000000000000000 ) ) ;
#1300 = VERTEX_POINT ( 'NONE', #4909 ) ;
#1301 = CARTESIAN_POINT ( 'NONE',  ( 17.47486356014925235, 52.58369472743159179, 5.000000000000000000 ) ) ;
#1302 = CARTESIAN_POINT ( 'NONE',  ( 74.86912603607204630, 74.96095898797697998, 0.3926218917841832745 ) ) ;
#1303 = CARTESIAN_POINT ( 'NONE',  ( 30.84107323525157796, -9.955243575954488833, 4.599999999999999645 ) ) ;
#1304 = DIRECTION ( 'NONE',  ( 0.000000000000000000, 0.000000000000000000, 1.000000000000000000 ) ) ;
#1305 = PLANE ( 'NONE',  #4034 ) ;
#1306 = ORIENTED_EDGE ( 'NONE', *, *, #4196, .F. ) ;
#1307 = EDGE_LOOP ( 'NONE', ( #3800, #1736, #3284, #5070 ) ) ;
#1308 = VECTOR ( 'NONE', #3132, 1000.000000000000000 ) ;
#1309 = CARTESIAN_POINT ( 'NONE',  ( 51.27523411172361278, 66.83697843894681512, 4.599999999999999645 ) ) ;
#1310 = DIRECTION ( 'NONE',  ( -0.000000000000000000, -0.000000000000000000, 1.000000000000000000 ) ) ;
#1311 = EDGE_LOOP ( 'NONE', ( #3986, #1983, #927, #3215 ) ) ;
#1312 = DIRECTION ( 'NONE',  ( -0.7071067811865422437, 8.659560562354869996E-17, 0.7071067811865526798 ) ) ;
#1313 = ORIENTED_EDGE ( 'NONE', *, *, #504, .T. ) ;
#1314 = DIRECTION ( 'NONE',  ( 0.000000000000000000, 1.000000000000000000, 0.000000000000000000 ) ) ;
#1315 = B_SPLINE_CURVE_WITH_KNOTS ( 'NONE', 3,
 ( #4389, #2841, #4417, #1279 ),
 .UNSPECIFIED., .F., .F.,
 ( 4, 4 ),
 ( 19.00000000000000000, 20.00000000000000000 ),
 .UNSPECIFIED. ) ;
#1316 =( BOUNDED_CURVE ( )  B_SPLINE_CURVE ( 3, ( #3420, #4602, #2672, #3012 ),
 .UNSPECIFIED., .F., .T. ) 
 B_SPLINE_CURVE_WITH_KNOTS ( ( 4, 4 ),
 ( 0.000000000000000000, 1.570796326794894116 ),
 .UNSPECIFIED. ) 
 CURVE ( )  GEOMETRIC_REPRESENTATION_ITEM ( )  RATIONAL_B_SPLINE_CURVE ( ( 1.000000000000000000, 0.8047378541243654926, 0.8047378541243654926, 1.000000000000000000 ) ) 
 REPRESENTATION_ITEM ( '' )  );
#1317 = EDGE_LOOP ( 'NONE', ( #1006, #1570 ) ) ;
#1318 = CARTESIAN_POINT ( 'NONE',  ( 54.22558589064953338, 56.38817062730887386, 5.000000000000000000 ) ) ;
#1319 = PLANE ( 'NONE',  #2147 ) ;
#1320 = ORIENTED_EDGE ( 'NONE', *, *, #2249, .T. ) ;
#1321 = VECTOR ( 'NONE', #2581, 999.9999999999998863 ) ;
#1322 = FACE_BOUND ( 'NONE', #2700, .T. ) ;
#1323 = CARTESIAN_POINT ( 'NONE',  ( 73.50000000000000000, 73.50000000000000000, 1.500000000000000000 ) ) ;
#1324 = CARTESIAN_POINT ( 'NONE',  ( 74.50000000000000000, 73.50000000000000000, 0.5000000000000000000 ) ) ;
#1325 = FACE_OUTER_BOUND ( 'NONE', #1053, .T. ) ;
#1326 = CARTESIAN_POINT ( 'NONE',  ( 41.48062131786240769, 24.64097113909109282, 4.599999999999999645 ) ) ;
#1327 = B_SPLINE_SURFACE_WITH_KNOTS ( 'NONE', 3, 1, ( 
 ( #2164, #1421 ),
 ( #1878, #2192 ),
 ( #1445, #2986 ),
 ( #1087, #2650 ) ),
 .UNSPECIFIED., .F., .F., .F.,
 ( 4, 4 ),
 ( 2, 2 ),
 ( 27.00000000000000000, 28.00000000000000000 ),
 ( 0.000000000000000000, 1.000000000000000000 ),
 .UNSPECIFIED. ) ;
#1328 = EDGE_CURVE ( 'NONE', #2663, #3312, #2247, .T. ) ;
#1329 = VERTEX_POINT ( 'NONE', #172 ) ;
#1330 = ORIENTED_EDGE ( 'NONE', *, *, #4010, .T. ) ;
#1331 = DIRECTION ( 'NONE',  ( 0.2842690850060091146, -0.9587445370430259795, 0.000000000000000000 ) ) ;
#1332 = CARTESIAN_POINT ( 'NONE',  ( 50.00000000000000000, 102.2999999999999972, 3.100000000000000089 ) ) ;
#1333 = ADVANCED_FACE ( 'NONE', ( #2995, #3740 ), #637, .T. ) ;
#1334 = ORIENTED_EDGE ( 'NONE', *, *, #3855, .T. ) ;
#1335 = VECTOR ( 'NONE', #1846, 1000.000000000000000 ) ;
#1336 = CARTESIAN_POINT ( 'NONE',  ( 35.78597283154926600, 50.76086759227584366, 4.599999999999999645 ) ) ;
#1337 = ORIENTED_EDGE ( 'NONE', *, *, #3477, .F. ) ;
#1338 = DIRECTION ( 'NONE',  ( -0.000000000000000000, -0.000000000000000000, -1.000000000000000000 ) ) ;
#1339 = ORIENTED_EDGE ( 'NONE', *, *, #2453, .T. ) ;
#1340 = CARTESIAN_POINT ( 'NONE',  ( 75.00000000000000000, 46.49999999999999289, 1.500000000000000000 ) ) ;
#1341 = EDGE_CURVE ( 'NONE', #4858, #3651, #2533, .T. ) ;
#1342 = EDGE_CURVE ( 'NONE', #388, #3700, #1390, .T. ) ;
#1343 = CARTESIAN_POINT ( 'NONE',  ( 59.15031960174529502, 69.19974004816644708, 4.599999999999999645 ) ) ;
#1344 = STYLED_ITEM ( 'NONE', ( #1752 ), #2610 ) ;
#1345 = DIRECTION ( 'NONE',  ( -1.387778780781446267E-15, 0.000000000000000000, -1.000000000000000000 ) ) ;
#1346 = VERTEX_POINT ( 'NONE', #2915 ) ;
#1347 = EDGE_CURVE ( 'NONE', #4575, #515, #1049, .T. ) ;
#1348 = DIRECTION ( 'NONE',  ( 0.000000000000000000, -1.000000000000000000, 0.000000000000000000 ) ) ;
#1349 = ADVANCED_FACE ( 'NONE', ( #1814 ), #976, .F. ) ;
#1350 = EDGE_CURVE ( 'NONE', #2750, #687, #1382, .T. ) ;
#1351 = DIRECTION ( 'NONE',  ( -0.000000000000000000, -0.000000000000000000, 1.000000000000000000 ) ) ;
#1352 = CARTESIAN_POINT ( 'NONE',  ( 19.61719426927506049, 61.80541116459607309, 5.000000000000000000 ) ) ;
#1353 = LINE ( 'NONE', #969, #1321 ) ;
#1354 = LINE ( 'NONE', #4172, #2444 ) ;
#1355 = ORIENTED_EDGE ( 'NONE', *, *, #3288, .F. ) ;
#1356 = ORIENTED_EDGE ( 'NONE', *, *, #198, .F. ) ;
#1357 = VECTOR ( 'NONE', #486, 1000.000000000000000 ) ;
#1358 = CARTESIAN_POINT ( 'NONE',  ( 34.59541195506342603, 53.23804725903598722, 5.000000000000000000 ) ) ;
#1359 = CARTESIAN_POINT ( 'NONE',  ( 36.14294705659228413, 60.21152601110345159, 5.000000000000000000 ) ) ;
#1360 = EDGE_CURVE ( 'NONE', #3334, #2465, #4935, .T. ) ;
#1361 = ORIENTED_EDGE ( 'NONE', *, *, #3946, .T. ) ;
#1362 = CARTESIAN_POINT ( 'NONE',  ( 31.45523698125404621, 60.12377736324087607, 5.000000000000000000 ) ) ;
#1363 = ORIENTED_EDGE ( 'NONE', *, *, #2102, .F. ) ;
#1364 = DIRECTION ( 'NONE',  ( -1.000000000000000000, 0.000000000000000000, 0.000000000000000000 ) ) ;
#1365 = VERTEX_POINT ( 'NONE', #4961 ) ;
#1366 = VERTEX_POINT ( 'NONE', #1023 ) ;
#1367 = CARTESIAN_POINT ( 'NONE',  ( 59.94118143679965982, 68.86282220606143767, 4.599999999999999645 ) ) ;
#1368 = VECTOR ( 'NONE', #2890, 1000.000000000000000 ) ;
#1369 = CARTESIAN_POINT ( 'NONE',  ( 22.08057022590531560, 61.22519618111125084, 4.599999999999999645 ) ) ;
#1370 = B_SPLINE_SURFACE_WITH_KNOTS ( 'NONE', 3, 1, ( 
 ( #2690, #1750 ),
 ( #723, #2526 ),
 ( #2138, #1136 ),
 ( #3411, #4994 ) ),
 .UNSPECIFIED., .F., .F., .F.,
 ( 4, 4 ),
 ( 2, 2 ),
 ( 23.00000000000000000, 24.00000000000000000 ),
 ( 0.000000000000000000, 1.000000000000000000 ),
 .UNSPECIFIED. ) ;
#1371 = EDGE_LOOP ( 'NONE', ( #3721, #4262, #3863, #4321 ) ) ;
#1372 = ADVANCED_FACE ( 'NONE', ( #4150 ), #514, .T. ) ;
#1373 = CARTESIAN_POINT ( 'NONE',  ( 23.96329594661243689, 60.01231934864183160, 5.000000000000000000 ) ) ;
#1374 = VECTOR ( 'NONE', #1582, 1000.000000000000000 ) ;
#1375 = CARTESIAN_POINT ( 'NONE',  ( 17.93053125479569232, 74.99553061957149680, 5.000000000000000000 ) ) ;
#1376 = CARTESIAN_POINT ( 'NONE',  ( 22.08331893061677320, 59.95533990403678359, 5.000000000000000000 ) ) ;
#1377 = CARTESIAN_POINT ( 'NONE',  ( 74.50000000000000000, 46.49999999999999289, 1.500000000000000000 ) ) ;
#1378 = CARTESIAN_POINT ( 'NONE',  ( 69.99999999999998579, 2.499999999999993783, -12.50000000000000000 ) ) ;
#1379 = ORIENTED_EDGE ( 'NONE', *, *, #2836, .F. ) ;
#1380 = ORIENTED_EDGE ( 'NONE', *, *, #4925, .T. ) ;
#1381 = ADVANCED_FACE ( 'NONE', ( #1558 ), #550, .F. ) ;
#1382 = LINE ( 'NONE', #225, #749 ) ;
#1383 = DIRECTION ( 'NONE',  ( 2.602085213965211135E-16, 0.000000000000000000, 1.000000000000000000 ) ) ;
#1384 = ORIENTED_EDGE ( 'NONE', *, *, #1853, .F. ) ;
#1385 = CARTESIAN_POINT ( 'NONE',  ( 59.41939945595165540, 50.81202402019854958, 5.000000000000000000 ) ) ;
#1386 = VERTEX_POINT ( 'NONE', #773 ) ;
#1387 = CARTESIAN_POINT ( 'NONE',  ( 48.25805883730210155, 67.41599467984798366, 5.000000000000000000 ) ) ;
#1388 = ORIENTED_EDGE ( 'NONE', *, *, #2936, .F. ) ;
#1389 = ADVANCED_FACE ( 'NONE', ( #3512 ), #4228, .T. ) ;
#1390 = B_SPLINE_CURVE_WITH_KNOTS ( 'NONE', 3,
 ( #4512, #585, #1358, #3381 ),
 .UNSPECIFIED., .F., .F.,
 ( 4, 4 ),
 ( 2.000000000000000000, 3.000000000000000000 ),
 .UNSPECIFIED. ) ;
#1391 = ORIENTED_EDGE ( 'NONE', *, *, #590, .F. ) ;
#1392 = LINE ( 'NONE', #1082, #649 ) ;
#1393 = FACE_OUTER_BOUND ( 'NONE', #1371, .T. ) ;
#1394 = VERTEX_POINT ( 'NONE', #3123 ) ;
#1395 = DIRECTION ( 'NONE',  ( -0.000000000000000000, -0.000000000000000000, 1.000000000000000000 ) ) ;
#1396 = LINE ( 'NONE', #316, #2882 ) ;
#1397 = CARTESIAN_POINT ( 'NONE',  ( 17.50000000000000000, 120.0000000000000000, -15.00000000000000000 ) ) ;
#1398 = CARTESIAN_POINT ( 'NONE',  ( 0.3072733805563561682, 74.69950020189062911, 0.9218201416690000594 ) ) ;
#1399 = CARTESIAN_POINT ( 'NONE',  ( 57.49999999999999289, 120.0000000000000000, -12.50000000000000000 ) ) ;
#1400 = CARTESIAN_POINT ( 'NONE',  ( -0.1295671220299760007, 59.85787506458685669, 4.599999999999999645 ) ) ;
#1401 = VERTEX_POINT ( 'NONE', #795 ) ;
#1402 = EDGE_CURVE ( 'NONE', #3244, #1346, #5037, .T. ) ;
#1403 = VECTOR ( 'NONE', #35, 1000.000000000000114 ) ;
#1404 = CARTESIAN_POINT ( 'NONE',  ( 28.05576097198110119, 72.73037325243286944, 4.599999999999999645 ) ) ;
#1405 = CARTESIAN_POINT ( 'NONE',  ( 47.50000000000000000, -0.001000000000014877877, -10.00000000000000533 ) ) ;
#1406 = CARTESIAN_POINT ( 'NONE',  ( 0.08403613695285461205, 45.30220759057471014, 0.9236132688777051181 ) ) ;
#1407 = VERTEX_POINT ( 'NONE', #1532 ) ;
#1408 = EDGE_CURVE ( 'NONE', #2923, #860, #2760, .T. ) ;
#1409 = CARTESIAN_POINT ( 'NONE',  ( 31.45523698125404621, 60.12377736324087607, 4.599999999999999645 ) ) ;
#1410 = EDGE_LOOP ( 'NONE', ( #1181, #2967, #4492, #4572 ) ) ;
#1411 = CARTESIAN_POINT ( 'NONE',  ( 50.00000000000000000, 102.2999999999999972, 3.100000000000000089 ) ) ;
#1412 = CARTESIAN_POINT ( 'NONE',  ( 22.49999999999999289, 114.9999999999999858, -15.00000000000000000 ) ) ;
#1413 = VERTEX_POINT ( 'NONE', #3925 ) ;
#1414 = CONICAL_SURFACE ( 'NONE', #2560, 1.600000000000045830, 0.7853981633974552734 ) ;
#1415 = ORIENTED_EDGE ( 'NONE', *, *, #2481, .F. ) ;
#1416 = CYLINDRICAL_SURFACE ( 'NONE', #3764, 1.500000000000000000 ) ;
#1417 = CARTESIAN_POINT ( 'NONE',  ( 18.95884240092216899, 61.21843760784149424, 5.000000000000000000 ) ) ;
#1418 = CIRCLE ( 'NONE', #2644, 5.000000000000002665 ) ;
#1419 = ORIENTED_EDGE ( 'NONE', *, *, #33, .F. ) ;
#1420 = CARTESIAN_POINT ( 'NONE',  ( 25.84768651253223481, 69.43806486563988756, 4.599999999999999645 ) ) ;
#1421 = CARTESIAN_POINT ( 'NONE',  ( 44.56405526832952546, 53.12911202077057737, 5.000000000000000000 ) ) ;
#1422 = CARTESIAN_POINT ( 'NONE',  ( 75.00000000000000000, 75.00000000000000000, 0.000000000000000000 ) ) ;
#1423 = CARTESIAN_POINT ( 'NONE',  ( 0.5373072040764269586, 74.92874584100017898, 0.5373072040764261814 ) ) ;
#1424 = ADVANCED_FACE ( 'NONE', ( #4694 ), #4254, .F. ) ;
#1425 = CARTESIAN_POINT ( 'NONE',  ( 73.50000000000000000, 46.49999999999999289, 1.500000000000000000 ) ) ;
#1426 = CARTESIAN_POINT ( 'NONE',  ( 51.27523411172361278, 66.83697843894681512, 4.599999999999999645 ) ) ;
#1427 = ORIENTED_EDGE ( 'NONE', *, *, #1096, .T. ) ;
#1428 = CARTESIAN_POINT ( 'NONE',  ( 72.50000000000000000, 4.999999999999993783, -12.50000000000000000 ) ) ;
#1429 = ADVANCED_FACE ( 'NONE', ( #3070 ), #3871, .T. ) ;
#1430 = DIRECTION ( 'NONE',  ( -0.000000000000000000, -0.000000000000000000, 1.000000000000000000 ) ) ;
#1431 = EDGE_CURVE ( 'NONE', #3011, #1214, #1203, .T. ) ;
#1432 = CARTESIAN_POINT ( 'NONE',  ( 28.05446503742488318, 47.25554083441714681, 5.000000000000000000 ) ) ;
#1433 = AXIS2_PLACEMENT_3D ( 'NONE', #1599, #2723, #1166 ) ;
#1434 = ORIENTED_EDGE ( 'NONE', *, *, #2383, .F. ) ;
#1435 = ORIENTED_EDGE ( 'NONE', *, *, #3694, .T. ) ;
#1436 = CARTESIAN_POINT ( 'NONE',  ( 58.98905642500519519, 50.81109250854794368, 4.599999999999999645 ) ) ;
#1437 = CARTESIAN_POINT ( 'NONE',  ( 0.3926218917843692369, 45.03904101202306265, 0.1308739639280551703 ) ) ;
#1438 = EDGE_LOOP ( 'NONE', ( #3205, #170, #4374, #3647 ) ) ;
#1439 = ORIENTED_EDGE ( 'NONE', *, *, #3956, .T. ) ;
#1440 = CARTESIAN_POINT ( 'NONE',  ( 35.78597283154926600, 50.76086759227584366, 4.599999999999999645 ) ) ;
#1441 = EDGE_CURVE ( 'NONE', #4571, #4048, #259, .T. ) ;
#1442 = DIRECTION ( 'NONE',  ( 0.000000000000000000, 0.000000000000000000, -1.000000000000000000 ) ) ;
#1443 = ORIENTED_EDGE ( 'NONE', *, *, #3694, .F. ) ;
#1444 = DIRECTION ( 'NONE',  ( 0.000000000000000000, 0.000000000000000000, 1.000000000000000000 ) ) ;
#1445 = CARTESIAN_POINT ( 'NONE',  ( 44.98508136713597594, 52.54447620889911974, 4.599999999999999645 ) ) ;
#1446 = AXIS2_PLACEMENT_3D ( 'NONE', #2590, #2639, #3026 ) ;
#1447 = CARTESIAN_POINT ( 'NONE',  ( 22.50000000000000000, -0.001000000000014877877, -10.00000000000000178 ) ) ;
#1448 = CARTESIAN_POINT ( 'NONE',  ( 23.96329594661243689, 60.01231934864183160, 4.599999999999999645 ) ) ;
#1449 = VECTOR ( 'NONE', #2909, 1000.000000000000000 ) ;
#1450 = CARTESIAN_POINT ( 'NONE',  ( 73.50966914411959863, 46.30365282487669276, 0.4967769519601262784 ) ) ;
#1451 = CARTESIAN_POINT ( 'NONE',  ( 13.74999999999998757, 116.2500000000000000, -15.00000000000000000 ) ) ;
#1452 = ORIENTED_EDGE ( 'NONE', *, *, #3881, .T. ) ;
#1453 = DIRECTION ( 'NONE',  ( -0.000000000000000000, -0.000000000000000000, -1.000000000000000000 ) ) ;
#1454 = VECTOR ( 'NONE', #272, 1000.000000000000000 ) ;
#1455 = CARTESIAN_POINT ( 'NONE',  ( 23.56683206712730083, 67.17559582444506816, 4.599999999999999645 ) ) ;
#1456 = CARTESIAN_POINT ( 'NONE',  ( 0.1439703314412274782, 45.58488622643438504, 1.192529075109650227 ) ) ;
#1457 = ORIENTED_EDGE ( 'NONE', *, *, #590, .T. ) ;
#1458 = ORIENTED_EDGE ( 'NONE', *, *, #4395, .F. ) ;
#1459 = CARTESIAN_POINT ( 'NONE',  ( 0.2303039929152719822, 46.49999999999999289, 1.500000000000000000 ) ) ;
#1460 = CARTESIAN_POINT ( 'NONE',  ( 0.06546163104472947636, 44.99999999999999289, 0.1963848931341954929 ) ) ;
#1461 = CARTESIAN_POINT ( 'NONE',  ( 12.49999999999998934, 4.999999999999990230, -4.999999999999989342 ) ) ;
#1462 = ORIENTED_EDGE ( 'NONE', *, *, #1431, .T. ) ;
#1463 = ORIENTED_EDGE ( 'NONE', *, *, #4397, .F. ) ;
#1464 = CARTESIAN_POINT ( 'NONE',  ( 0.000000000000000000, 46.49999999999999289, 0.000000000000000000 ) ) ;
#1465 = CARTESIAN_POINT ( 'NONE',  ( 19.61719426927506049, 61.80541116459607309, 4.599999999999999645 ) ) ;
#1466 = ORIENTED_EDGE ( 'NONE', *, *, #809, .F. ) ;
#1467 = VECTOR ( 'NONE', #1952, 1000.000000000000000 ) ;
#1468 = CARTESIAN_POINT ( 'NONE',  ( 26.87154115849022773, 65.75768277533703099, 5.000000000000000000 ) ) ;
#1469 = CARTESIAN_POINT ( 'NONE',  ( 62.49999999999999289, -9.540979117872439019E-15, -9.999999999999998224 ) ) ;
#1470 = EDGE_CURVE ( 'NONE', #2693, #151, #4308, .T. ) ;
#1471 = DIRECTION ( 'NONE',  ( -1.000000000000000000, 0.000000000000000000, 0.000000000000000000 ) ) ;
#1472 = CARTESIAN_POINT ( 'NONE',  ( 1.477205669890326201, 73.82492459606895352, 1.477205669890325535 ) ) ;
#1473 = DIRECTION ( 'NONE',  ( 0.000000000000000000, 0.000000000000000000, 1.000000000000000000 ) ) ;
#1474 = CARTESIAN_POINT ( 'NONE',  ( 1.500000000000000888, 73.50000000000000000, 0.000000000000000000 ) ) ;
#1475 = ORIENTED_EDGE ( 'NONE', *, *, #2037, .T. ) ;
#1476 = CARTESIAN_POINT ( 'NONE',  ( 33.03116546166571510, 53.98246957253758183, 4.599999999999999645 ) ) ;
#1477 = ADVANCED_FACE ( 'NONE', ( #1153, #1204 ), #3147, .T. ) ;
#1478 = CARTESIAN_POINT ( 'NONE',  ( 17.57029234899437498, 67.16261583822674197, 4.599999999999999645 ) ) ;
#1479 = ADVANCED_FACE ( 'NONE', ( #825 ), #4615, .F. ) ;
#1480 = CARTESIAN_POINT ( 'NONE',  ( 0.8786796564403539511, 44.99999999999999289, 0.2928932188134519277 ) ) ;
#1481 = VERTEX_POINT ( 'NONE', #3618 ) ;
#1482 = ORIENTED_EDGE ( 'NONE', *, *, #4753, .F. ) ;
#1483 = B_SPLINE_CURVE_WITH_KNOTS ( 'NONE', 3,
 ( #2776, #416, #366, #1926 ),
 .UNSPECIFIED., .F., .F.,
 ( 4, 4 ),
 ( 43.00000000000000000, 44.00000000000000000 ),
 .UNSPECIFIED. ) ;
#1484 = DIRECTION ( 'NONE',  ( -1.000000000000000000, 4.625929269271485914E-16, 2.602085213965211135E-16 ) ) ;
#1485 = DIRECTION ( 'NONE',  ( -0.000000000000000000, -0.000000000000000000, 1.000000000000000000 ) ) ;
#1486 = EDGE_CURVE ( 'NONE', #3281, #3267, #3593, .T. ) ;
#1487 = LINE ( 'NONE', #4622, #1220 ) ;
#1488 = ORIENTED_EDGE ( 'NONE', *, *, #2397, .F. ) ;
#1489 = ADVANCED_FACE ( 'NONE', ( #149 ), #1305, .F. ) ;
#1490 = FACE_OUTER_BOUND ( 'NONE', #1650, .T. ) ;
#1491 = CARTESIAN_POINT ( 'NONE',  ( 0.1738834292028910156, 74.25720397868252576, 1.309465871075918164 ) ) ;
#1492 = ORIENTED_EDGE ( 'NONE', *, *, #447, .T. ) ;
#1493 = DIRECTION ( 'NONE',  ( 0.9999976573062887564, 0.002164574307901916041, 0.000000000000000000 ) ) ;
#1494 = EDGE_CURVE ( 'NONE', #3797, #2155, #2296, .T. ) ;
#1495 = CIRCLE ( 'NONE', #1986, 2.500000000000002220 ) ;
#1496 = EDGE_CURVE ( 'NONE', #5091, #3402, #4269, .T. ) ;
#1497 = DIRECTION ( 'NONE',  ( 0.000000000000000000, 0.000000000000000000, -1.000000000000000000 ) ) ;
#1498 = CIRCLE ( 'NONE', #2815, 1.250000000000001110 ) ;
#1499 = CARTESIAN_POINT ( 'NONE',  ( 28.05446503742488318, 47.25554083441714681, 5.000000000000000000 ) ) ;
#1500 = ADVANCED_FACE ( 'NONE', ( #3229 ), #4054, .F. ) ;
#1501 = CARTESIAN_POINT ( 'NONE',  ( 1.192661466157838079, 74.41498464624837084, 0.3975538220526756428 ) ) ;
#1502 = CARTESIAN_POINT ( 'NONE',  ( 29.83130851283739915, 50.95962397155131640, 5.000000000000000000 ) ) ;
#1503 = EDGE_CURVE ( 'NONE', #3513, #8, #4855, .T. ) ;
#1504 = LINE ( 'NONE', #4222, #3174 ) ;
#1505 = VERTEX_POINT ( 'NONE', #4805 ) ;
#1506 = CARTESIAN_POINT ( 'NONE',  ( 35.09940047173320465, 68.10004456002852180, 4.599999999999999645 ) ) ;
#1507 = CIRCLE ( 'NONE', #3474, 2.099999999999997868 ) ;
#1508 = DIRECTION ( 'NONE',  ( -1.000000000000000000, 0.000000000000000000, 0.000000000000000000 ) ) ;
#1509 = DIRECTION ( 'NONE',  ( 1.000000000000000000, -0.000000000000000000, -0.000000000000000000 ) ) ;
#1510 = APPLICATION_PROTOCOL_DEFINITION ( 'draft international standard', 'automotive_design', 1998, #1893 ) ;
#1511 = ORIENTED_EDGE ( 'NONE', *, *, #67, .T. ) ;
#1512 = ORIENTED_EDGE ( 'NONE', *, *, #1733, .F. ) ;
#1513 = DIRECTION ( 'NONE',  ( -0.05953976485936679497, 0.9982259345461282907, 0.000000000000000000 ) ) ;
#1514 = CARTESIAN_POINT ( 'NONE',  ( 36.14294705659228413, 60.21152601110345159, 5.000000000000000000 ) ) ;
#1515 = CARTESIAN_POINT ( 'NONE',  ( 18.96159110272099824, 59.94858267635414251, 4.599999999999999645 ) ) ;
#1516 = ORIENTED_EDGE ( 'NONE', *, *, #4024, .F. ) ;
#1517 = FACE_OUTER_BOUND ( 'NONE', #2766, .T. ) ;
#1518 = CARTESIAN_POINT ( 'NONE',  ( 0.000000000000000000, 75.00000000000000000, 0.000000000000000000 ) ) ;
#1519 = VERTEX_POINT ( 'NONE', #513 ) ;
#1520 = DIRECTION ( 'NONE',  ( -0.000000000000000000, -0.000000000000000000, 1.000000000000000000 ) ) ;
#1521 = CARTESIAN_POINT ( 'NONE',  ( 44.56405526832953967, 53.12911202077057737, 5.000000000000000000 ) ) ;
#1522 = DIRECTION ( 'NONE',  ( 0.9812001574316255859, 0.1929928782524191755, 0.000000000000000000 ) ) ;
#1523 = ORIENTED_EDGE ( 'NONE', *, *, #3983, .F. ) ;
#1524 = ADVANCED_FACE ( 'NONE', ( #4006 ), #1257, .T. ) ;
#1525 = LINE ( 'NONE', #3090, #1855 ) ;
#1526 = CARTESIAN_POINT ( 'NONE',  ( 74.73490832186008959, 45.01258334307127029, 0.2650916781409399792 ) ) ;
#1527 = CARTESIAN_POINT ( 'NONE',  ( 74.76969600708471830, 46.49999999999999289, 1.500000000000000000 ) ) ;
#1528 = VECTOR ( 'NONE', #2634, 1000.000000000000000 ) ;
#1529 = ORIENTED_EDGE ( 'NONE', *, *, #2939, .F. ) ;
#1530 = CARTESIAN_POINT ( 'NONE',  ( 69.99999999999998579, 0.000000000000000000, 0.000000000000000000 ) ) ;
#1531 = DIRECTION ( 'NONE',  ( -0.000000000000000000, -0.000000000000000000, 1.000000000000000000 ) ) ;
#1532 = CARTESIAN_POINT ( 'NONE',  ( 56.98449280162159880, 69.20210790046715488, 4.599999999999999645 ) ) ;
#1533 = APPLICATION_PROTOCOL_DEFINITION ( 'draft international standard', 'automotive_design', 1998, #4099 ) ;
#1534 = ADVANCED_FACE ( 'NONE', ( #3642 ), #2462, .F. ) ;
#1535 = VECTOR ( 'NONE', #1117, 1000.000000000000000 ) ;
#1536 = ORIENTED_EDGE ( 'NONE', *, *, #2559, .T. ) ;
#1537 = AXIS2_PLACEMENT_3D ( 'NONE', #2971, #4962, #664 ) ;
#1538 = ORIENTED_EDGE ( 'NONE', *, *, #3311, .F. ) ;
#1539 = CARTESIAN_POINT ( 'NONE',  ( 50.00000000000000000, 15.99999999999998934, 3.100000000000000089 ) ) ;
#1540 = LINE ( 'NONE', #1159, #3237 ) ;
#1541 = FACE_OUTER_BOUND ( 'NONE', #230, .T. ) ;
#1542 = VECTOR ( 'NONE', #1213, 1000.000000000000000 ) ;
#1543 = VERTEX_POINT ( 'NONE', #535 ) ;
#1544 = DIRECTION ( 'NONE',  ( 0.9516499134411965377, -0.3071847037978341910, 0.000000000000000000 ) ) ;
#1545 = CARTESIAN_POINT ( 'NONE',  ( 27.50000000000061462, 120.0000000000000142, -2.499999999999972022 ) ) ;
#1546 = ORIENTED_EDGE ( 'NONE', *, *, #563, .T. ) ;
#1547 = CARTESIAN_POINT ( 'NONE',  ( 74.12132034355964549, 75.00000000000000000, 0.2928932188134522052 ) ) ;
#1548 = ADVANCED_FACE ( 'NONE', ( #1694 ), #3253, .T. ) ;
#1549 = CARTESIAN_POINT ( 'NONE',  ( 22.49999999999999289, 114.9999999999999858, 0.000000000000000000 ) ) ;
#1550 = CARTESIAN_POINT ( 'NONE',  ( 43.86543613087225424, 62.99724613215688862, 4.599999999999999645 ) ) ;
#1551 = VERTEX_POINT ( 'NONE', #1232 ) ;
#1552 = CARTESIAN_POINT ( 'NONE',  ( -6.938893903907228378E-15, 120.0000000000000000, -12.50000000000000000 ) ) ;
#1553 = DIRECTION ( 'NONE',  ( 0.2870939721814941836, -0.9579024225551636684, 0.000000000000000000 ) ) ;
#1554 = CARTESIAN_POINT ( 'NONE',  ( 24.99999999999999289, 102.2999999999999972, 3.100000000000000089 ) ) ;
#1555 = EDGE_LOOP ( 'NONE', ( #2366, #4206, #4317, #3389 ) ) ;
#1556 = DIRECTION ( 'NONE',  ( -0.000000000000000000, -0.000000000000000000, -1.000000000000000000 ) ) ;
#1557 = LINE ( 'NONE', #3896, #4080 ) ;
#1558 = FACE_OUTER_BOUND ( 'NONE', #3413, .T. ) ;
#1559 = CARTESIAN_POINT ( 'NONE',  ( 74.50000000000000000, 45.62132034355963839, 1.500000000000000000 ) ) ;
#1560 = ORIENTED_EDGE ( 'NONE', *, *, #2333, .F. ) ;
#1561 = EDGE_CURVE ( 'NONE', #3055, #4345, #4830, .T. ) ;
#1562 = EDGE_CURVE ( 'NONE', #1003, #3034, #76, .T. ) ;
#1563 = ORIENTED_EDGE ( 'NONE', *, *, #1028, .T. ) ;
#1564 = VECTOR ( 'NONE', #2867, 1000.000000000000000 ) ;
#1565 = VERTEX_POINT ( 'NONE', #46 ) ;
#1566 = CARTESIAN_POINT ( 'NONE',  ( -0.1218020318880143754, 56.27053139211767530, 5.000000000000000000 ) ) ;
#1567 = CARTESIAN_POINT ( 'NONE',  ( 51.97385331965853794, 56.96884372970191635, 4.599999999999999645 ) ) ;
#1568 = CARTESIAN_POINT ( 'NONE',  ( 35.75026295860399017, 54.22116314799411896, 5.000000000000000000 ) ) ;
#1569 = EDGE_CURVE ( 'NONE', #1996, #1785, #4392, .T. ) ;
#1570 = ORIENTED_EDGE ( 'NONE', *, *, #4586, .T. ) ;
#1571 = CARTESIAN_POINT ( 'NONE',  ( 35.00763628465025334, 51.82798241853258503, 4.599999999999999645 ) ) ;
#1572 = VECTOR ( 'NONE', #526, 1000.000000000000114 ) ;
#1573 = DIRECTION ( 'NONE',  ( -1.000000000000000000, 0.000000000000000000, 0.000000000000000000 ) ) ;
#1574 = ORIENTED_EDGE ( 'NONE', *, *, #64, .T. ) ;
#1575 = DIRECTION ( 'NONE',  ( 0.000000000000000000, 0.000000000000000000, -1.000000000000000000 ) ) ;
#1576 = B_SPLINE_CURVE_WITH_KNOTS ( 'NONE', 3,
 ( #231, #2539, #1793, #4157 ),
 .UNSPECIFIED., .F., .F.,
 ( 4, 4 ),
 ( 12.00000000000000000, 13.00000000000000000 ),
 .UNSPECIFIED. ) ;
#1577 = CARTESIAN_POINT ( 'NONE',  ( 36.14986462676659329, 57.01572259455750213, 4.599999999999999645 ) ) ;
#1578 = DIRECTION ( 'NONE',  ( -1.228762462150238276E-16, -1.000000000000000000, 0.000000000000000000 ) ) ;
#1579 = VERTEX_POINT ( 'NONE', #1713 ) ;
#1580 = DIRECTION ( 'NONE',  ( 0.000000000000000000, -0.000000000000000000, -1.000000000000000000 ) ) ;
#1581 = LINE ( 'NONE', #4250, #5054 ) ;
#1582 = DIRECTION ( 'NONE',  ( -0.2870939462787172047, 0.9579024303185126321, 0.000000000000000000 ) ) ;
#1583 = CARTESIAN_POINT ( 'NONE',  ( 21.45251452048412588, 58.04918181031906244, 4.599999999999999645 ) ) ;
#1584 = DIRECTION ( 'NONE',  ( -0.000000000000000000, -0.000000000000000000, 1.000000000000000000 ) ) ;
#1585 = EDGE_CURVE ( 'NONE', #5012, #3574, #3276, .T. ) ;
#1586 = CARTESIAN_POINT ( 'NONE',  ( 47.98893882117888410, 53.22823707465383336, 4.599999999999999645 ) ) ;
#1587 = CARTESIAN_POINT ( 'NONE',  ( 37.50000000000000000, 96.40000000000000568, 0.000000000000000000 ) ) ;
#1588 = EDGE_LOOP ( 'NONE', ( #1743, #2828, #2495, #2645 ) ) ;
#1589 = ORIENTED_EDGE ( 'NONE', *, *, #1217, .T. ) ;
#1590 = ADVANCED_FACE ( 'NONE', ( #4461 ), #1612, .F. ) ;
#1591 = ORIENTED_EDGE ( 'NONE', *, *, #3843, .T. ) ;
#1592 = CARTESIAN_POINT ( 'NONE',  ( 21.46446609406724448, 118.5355339059327520, -9.999999999999996447 ) ) ;
#1593 = CARTESIAN_POINT ( 'NONE',  ( 22.08331893061677320, 59.95533990403678359, 4.599999999999999645 ) ) ;
#1594 = FACE_OUTER_BOUND ( 'NONE', #3815, .T. ) ;
#1595 = ORIENTED_EDGE ( 'NONE', *, *, #4836, .F. ) ;
#1596 = DIRECTION ( 'NONE',  ( -0.000000000000000000, -0.000000000000000000, 1.000000000000000000 ) ) ;
#1597 = LINE ( 'NONE', #336, #5036 ) ;
#1598 = ORIENTED_EDGE ( 'NONE', *, *, #1717, .F. ) ;
#1599 = CARTESIAN_POINT ( 'NONE',  ( 69.99999999999998579, 0.000000000000000000, 0.000000000000000000 ) ) ;
#1600 = VERTEX_POINT ( 'NONE', #1044 ) ;
#1601 = CARTESIAN_POINT ( 'NONE',  ( 34.59541195506342603, 53.23804725903598722, 4.599999999999999645 ) ) ;
#1602 = AXIS2_PLACEMENT_3D ( 'NONE', #4714, #819, #1226 ) ;
#1603 = EDGE_CURVE ( 'NONE', #3255, #280, #191, .T. ) ;
#1604 = CARTESIAN_POINT ( 'NONE',  ( 59.15031960174529502, 69.19974004816646129, 5.000000000000000000 ) ) ;
#1605 = ORIENTED_EDGE ( 'NONE', *, *, #4588, .F. ) ;
#1606 = DIRECTION ( 'NONE',  ( -0.000000000000000000, -0.000000000000000000, 1.000000000000000000 ) ) ;
#1607 = CARTESIAN_POINT ( 'NONE',  ( 0.4999999999999975020, 46.49999999999999289, 1.500000000000000000 ) ) ;
#1608 = CARTESIAN_POINT ( 'NONE',  ( 73.87179947255803825, 74.55402460371043105, 1.128200527441372669 ) ) ;
#1609 = CARTESIAN_POINT ( 'NONE',  ( 22.08606763532822725, 58.68548362696230924, 4.599999999999999645 ) ) ;
#1610 = FACE_OUTER_BOUND ( 'NONE', #1206, .T. ) ;
#1611 = DIRECTION ( 'NONE',  ( -1.000000000000000000, 0.000000000000000000, 0.000000000000000000 ) ) ;
#1612 = PLANE ( 'NONE',  #1648 ) ;
#1613 = SHAPE_DEFINITION_REPRESENTATION ( #3703, #972 ) ;
#1614 = ORIENTED_EDGE ( 'NONE', *, *, #539, .F. ) ;
#1615 = VERTEX_POINT ( 'NONE', #2167 ) ;
#1616 = VECTOR ( 'NONE', #3478, 1000.000000000000000 ) ;
#1617 = CARTESIAN_POINT ( 'NONE',  ( 63.35690349420030998, 18.98876614253688899, 5.000000000000000000 ) ) ;
#1618 = DIRECTION ( 'NONE',  ( -0.000000000000000000, -0.000000000000000000, 1.000000000000000000 ) ) ;
#1619 = VECTOR ( 'NONE', #2642, 1000.000000000000000 ) ;
#1620 = DIRECTION ( 'NONE',  ( -1.000000000000000000, 0.000000000000000000, 0.000000000000000000 ) ) ;
#1621 = ORIENTED_EDGE ( 'NONE', *, *, #2707, .F. ) ;
#1622 = LINE ( 'NONE', #3186, #2302 ) ;
#1623 =( GEOMETRIC_REPRESENTATION_CONTEXT ( 3 ) GLOBAL_UNCERTAINTY_ASSIGNED_CONTEXT ( ( #3792 ) ) GLOBAL_UNIT_ASSIGNED_CONTEXT ( ( #4282, #2380, #3978 ) ) REPRESENTATION_CONTEXT ( 'NONE', 'WORKASPACE' ) );
#1624 = CARTESIAN_POINT ( 'NONE',  ( 0.000000000000000000, 0.000000000000000000, 4.599999999999999645 ) ) ;
#1625 = EDGE_LOOP ( 'NONE', ( #4353, #1699, #258, #3663 ) ) ;
#1626 = DIRECTION ( 'NONE',  ( -0.000000000000000000, 0.000000000000000000, -1.000000000000000000 ) ) ;
#1627 = VECTOR ( 'NONE', #153, 1000.000000000000000 ) ;
#1628 = ORIENTED_EDGE ( 'NONE', *, *, #2987, .F. ) ;
#1629 = CARTESIAN_POINT ( 'NONE',  ( 37.79313599863449724, -0.2453156435208566355, 4.599999999999999645 ) ) ;
#1630 = EDGE_CURVE ( 'NONE', #1076, #1161, #663, .T. ) ;
#1631 = CARTESIAN_POINT ( 'NONE',  ( 56.31831518861017827, 68.97138550662481293, 4.599999999999999645 ) ) ;
#1632 = VERTEX_POINT ( 'NONE', #4979 ) ;
#1633 = LINE ( 'NONE', #816, #2758 ) ;
#1634 = DIRECTION ( 'NONE',  ( 0.000000000000000000, 0.000000000000000000, 1.000000000000000000 ) ) ;
#1635 = CARTESIAN_POINT ( 'NONE',  ( 73.79777450375253522, 74.46556032481962006, 1.202225496247733449 ) ) ;
#1636 = EDGE_CURVE ( 'NONE', #2594, #592, #1353, .T. ) ;
#1637 = CLOSED_SHELL ( 'NONE', ( #1067, #2817, #2239, #4264, #3444, #2546, #1718, #2999, #1349, #4843, #3631, #2340, #3848, #1891, #1333, #4928, #288, #3022, #41, #2996, #3321, #1389, #2338, #3461, #3384, #3377, #148, #1489, #1004, #523, #2315, #144, #4225, #1907, #4249, #1424, #4466, #4138, #1590, #4017, #4012, #4699, #3785, #3856, #2129, #1524, #656, #5055, #571, #2784, #1798, #4578, #744, #3093, #2284, #3439, #1479, #334, #2174, #2558, #269, #4710, #357, #2789, #734, #1873, #4315, #3739, #4459, #50, #1691, #2946, #2920, #4210, #1055, #2412, #2933, #880, #1688, #1372, #2185, #4439, #1864, #1477, #4453, #948, #4018, #903, #3533, #3142, #2870, #751, #2309, #439, #3247, #2791, #1500, #3264, #4744, #481, #1194, #4933, #340, #4488, #4989, #4475, #4754, #4762, #3226, #3679, #3795, #4293, #3009, #890, #4092, #3524, #2809, #1131, #4990, #1188, #2123, #992, #4162, #681, #4607, #1534, #2876, #4216, #799, #130, #2176, #3668, #1381, #2937, #2415, #3304, #204, #3472, #3063, #3399, #4158, #4060, #1669, #264, #1429, #430, #3085, #56, #3345, #1916, #748, #1548, #4040, #3690, #2764, #4859 ) ) ;
#1638 = PLANE ( 'NONE',  #401 ) ;
#1639 = CARTESIAN_POINT ( 'NONE',  ( 27.10923559923350012, 48.83376798311071809, 5.000000000000000000 ) ) ;
#1640 = DIRECTION ( 'NONE',  ( -0.000000000000000000, -1.000000000000000000, -0.000000000000000000 ) ) ;
#1641 = DIRECTION ( 'NONE',  ( -0.7071067811865456854, 0.7071067811865494601, 1.962615573355786620E-15 ) ) ;
#1642 = EDGE_LOOP ( 'NONE', ( #4403, #4846, #3553 ) ) ;
#1643 = VERTEX_POINT ( 'NONE', #3734 ) ;
#1644 = DIRECTION ( 'NONE',  ( -1.000000000000000000, 0.000000000000000000, 0.000000000000000000 ) ) ;
#1645 = CARTESIAN_POINT ( 'NONE',  ( 47.85035056033056122, 66.73785271226967097, 5.000000000000000000 ) ) ;
#1646 = DIRECTION ( 'NONE',  ( 0.000000000000000000, 0.000000000000000000, -1.000000000000000000 ) ) ;
#1647 = ORIENTED_EDGE ( 'NONE', *, *, #3151, .T. ) ;
#1648 = AXIS2_PLACEMENT_3D ( 'NONE', #434, #1995, #851 ) ;
#1649 = CARTESIAN_POINT ( 'NONE',  ( 52.50000000000001421, 99.79999999999999716, 0.000000000000000000 ) ) ;
#1650 = EDGE_LOOP ( 'NONE', ( #4518, #3432, #4446 ) ) ;
#1651 = EDGE_CURVE ( 'NONE', #3954, #3700, #266, .T. ) ;
#1652 = LINE ( 'NONE', #3401, #4650 ) ;
#1653 = EDGE_LOOP ( 'NONE', ( #3356, #659, #1516, #4973 ) ) ;
#1654 = EDGE_CURVE ( 'NONE', #2257, #3281, #3282, .T. ) ;
#1655 = DIRECTION ( 'NONE',  ( -0.5068653939128120456, -0.8620252156715659808, 0.000000000000000000 ) ) ;
#1656 = AXIS2_PLACEMENT_3D ( 'NONE', #1469, #4605, #3806 ) ;
#1657 = EDGE_CURVE ( 'NONE', #2473, #1300, #4558, .T. ) ;
#1658 = EDGE_CURVE ( 'NONE', #1293, #2830, #3685, .T. ) ;
#1659 = B_SPLINE_CURVE_WITH_KNOTS ( 'NONE', 3,
 ( #2689, #1210, #3154, #754 ),
 .UNSPECIFIED., .F., .F.,
 ( 4, 4 ),
 ( 3.000000000000000000, 4.000000000000000000 ),
 .UNSPECIFIED. ) ;
#1660 = DIRECTION ( 'NONE',  ( 1.000000000000000000, -0.000000000000000000, -0.000000000000000000 ) ) ;
#1661 = ORIENTED_EDGE ( 'NONE', *, *, #1724, .T. ) ;
#1662 = CARTESIAN_POINT ( 'NONE',  ( 53.87637639000512024, 56.38741473562488693, 4.599999999999999645 ) ) ;
#1663 = EDGE_CURVE ( 'NONE', #1505, #4125, #4770, .T. ) ;
#1664 = EDGE_CURVE ( 'NONE', #2290, #468, #4930, .T. ) ;
#1665 = CARTESIAN_POINT ( 'NONE',  ( 44.66710539870615548, 52.78012259853174726, 4.599999999999999645 ) ) ;
#1666 = CARTESIAN_POINT ( 'NONE',  ( 34.84299446063909045, 51.29851711344042542, 5.000000000000000000 ) ) ;
#1667 = CARTESIAN_POINT ( 'NONE',  ( 54.22558589064953338, 56.38817062730887386, 5.000000000000000000 ) ) ;
#1668 = CARTESIAN_POINT ( 'NONE',  ( 5.000000000000000000, 5.000000000000000000, 0.000000000000000000 ) ) ;
#1669 = ADVANCED_FACE ( 'NONE', ( #655 ), #2144, .F. ) ;
#1670 = DIRECTION ( 'NONE',  ( 0.9999976573062887564, 0.002164574307900884748, 0.000000000000000000 ) ) ;
#1671 = CARTESIAN_POINT ( 'NONE',  ( -6.938893903907228378E-15, 117.5000000000000142, -12.50000000000000000 ) ) ;
#1672 = AXIS2_PLACEMENT_3D ( 'NONE', #97, #4029, #1731 ) ;
#1673 = ORIENTED_EDGE ( 'NONE', *, *, #2628, .F. ) ;
#1674 = ORIENTED_EDGE ( 'NONE', *, *, #2120, .T. ) ;
#1675 = AXIS2_PLACEMENT_3D ( 'NONE', #1742, #1791, #2537 ) ;
#1676 = DIRECTION ( 'NONE',  ( -0.000000000000000000, -0.000000000000000000, 1.000000000000000000 ) ) ;
#1677 = CARTESIAN_POINT ( 'NONE',  ( 67.50000000000000000, 4.999999999999993783, -12.50000000000000000 ) ) ;
#1678 = ORIENTED_EDGE ( 'NONE', *, *, #3471, .F. ) ;
#1679 = CARTESIAN_POINT ( 'NONE',  ( 47.98893882117888410, 53.22823707465383336, 4.599999999999999645 ) ) ;
#1680 = ORIENTED_EDGE ( 'NONE', *, *, #4447, .T. ) ;
#1681 = AXIS2_PLACEMENT_3D ( 'NONE', #2482, #3707, #2053 ) ;
#1682 = CARTESIAN_POINT ( 'NONE',  ( 21.44437530280051263, 61.80936624298266935, 4.599999999999999645 ) ) ;
#1683 = EDGE_LOOP ( 'NONE', ( #3538, #1029, #2468, #4065 ) ) ;
#1684 = FACE_OUTER_BOUND ( 'NONE', #2132, .T. ) ;
#1685 = DIRECTION ( 'NONE',  ( 0.000000000000000000, -1.000000000000000000, 0.000000000000000000 ) ) ;
#1686 = VERTEX_POINT ( 'NONE', #3761 ) ;
#1687 = CARTESIAN_POINT ( 'NONE',  ( 44.56405526832953967, 53.12911202077057737, 4.599999999999999645 ) ) ;
#1688 = ADVANCED_FACE ( 'NONE', ( #2505 ), #242, .F. ) ;
#1689 = CARTESIAN_POINT ( 'NONE',  ( 73.69825262925007792, 74.25172605281026961, 0.4339157902498683717 ) ) ;
#1690 = AXIS2_PLACEMENT_3D ( 'NONE', #315, #3805, #3756 ) ;
#1691 = ADVANCED_FACE ( 'NONE', ( #4956 ), #397, .F. ) ;
#1692 = LINE ( 'NONE', #1303, #2324 ) ;
#1693 = DIRECTION ( 'NONE',  ( -0.000000000000000000, -1.000000000000000000, -0.000000000000000000 ) ) ;
#1694 = FACE_OUTER_BOUND ( 'NONE', #2446, .T. ) ;
#1695 = EDGE_LOOP ( 'NONE', ( #4997, #1141, #2598, #1259 ) ) ;
#1696 = ORIENTED_EDGE ( 'NONE', *, *, #2046, .T. ) ;
#1697 = CARTESIAN_POINT ( 'NONE',  ( 74.94563355144116201, 74.80938657795199731, 0.7573604411477068421 ) ) ;
#1698 = LINE ( 'NONE', #3666, #1861 ) ;
#1699 = ORIENTED_EDGE ( 'NONE', *, *, #3251, .F. ) ;
#1700 = CARTESIAN_POINT ( 'NONE',  ( 14.03395320428463044, 59.88853312862018896, 5.000000000000000000 ) ) ;
#1701 = VERTEX_POINT ( 'NONE', #4302 ) ;
#1702 = AXIS2_PLACEMENT_3D ( 'NONE', #4390, #875, #490 ) ;
#1703 = CARTESIAN_POINT ( 'NONE',  ( 22.08057022590531560, 61.22519618111125084, 4.599999999999999645 ) ) ;
#1704 = ORIENTED_EDGE ( 'NONE', *, *, #3088, .F. ) ;
#1705 = CARTESIAN_POINT ( 'NONE',  ( 56.20969273636311669, 68.63604813294755047, 4.599999999999999645 ) ) ;
#1706 = EDGE_CURVE ( 'NONE', #2958, #2750, #2678, .T. ) ;
#1707 = ORIENTED_EDGE ( 'NONE', *, *, #4767, .F. ) ;
#1708 = CARTESIAN_POINT ( 'NONE',  ( 0.000000000000000000, 75.00000000000000000, 0.000000000000000000 ) ) ;
#1709 = CARTESIAN_POINT ( 'NONE',  ( 73.57661086496244707, 73.98332354028694624, 0.4744630450125239540 ) ) ;
#1710 = DIRECTION ( 'NONE',  ( -0.000000000000000000, -0.000000000000000000, 1.000000000000000000 ) ) ;
#1711 = CARTESIAN_POINT ( 'NONE',  ( 74.98570217814943817, 45.04825511024879603, 0.3899492020818434712 ) ) ;
#1712 = EDGE_CURVE ( 'NONE', #2339, #3095, #1581, .T. ) ;
#1713 = CARTESIAN_POINT ( 'NONE',  ( 51.97385331965853794, 56.96884372970191635, 5.000000000000000000 ) ) ;
#1714 = VERTEX_POINT ( 'NONE', #319 ) ;
#1715 = ORIENTED_EDGE ( 'NONE', *, *, #1278, .F. ) ;
#1716 = CARTESIAN_POINT ( 'NONE',  ( 74.91596386304713917, 74.69779240942528986, 0.9236132688777062283 ) ) ;
#1717 = EDGE_CURVE ( 'NONE', #3078, #408, #3920, .T. ) ;
#1718 = ADVANCED_FACE ( 'NONE', ( #2292 ), #3865, .F. ) ;
#1719 = DIRECTION ( 'NONE',  ( 0.3244355677353744083, 0.9459077980375387718, 0.000000000000000000 ) ) ;
#1720 = EDGE_LOOP ( 'NONE', ( #4584, #4161, #4117, #3257 ) ) ;
#1721 = CARTESIAN_POINT ( 'NONE',  ( -8.933467110627823615, 45.41887459687293216, 4.599999999999999645 ) ) ;
#1722 = VERTEX_POINT ( 'NONE', #395 ) ;
#1723 = DIRECTION ( 'NONE',  ( 0.5107203677843006329, -0.8597468848040500378, 0.000000000000000000 ) ) ;
#1724 = EDGE_CURVE ( 'NONE', #2737, #63, #2729, .T. ) ;
#1725 = ORIENTED_EDGE ( 'NONE', *, *, #3040, .T. ) ;
#1726 = CARTESIAN_POINT ( 'NONE',  ( 20.88358404535131641, -6.741047825046448949, 4.599999999999999645 ) ) ;
#1727 = CARTESIAN_POINT ( 'NONE',  ( 28.99618295937897372, 45.67025248322667608, 4.599999999999999645 ) ) ;
#1728 = ORIENTED_EDGE ( 'NONE', *, *, #2033, .F. ) ;
#1729 = VECTOR ( 'NONE', #2222, 1000.000000000000000 ) ;
#1730 = DIRECTION ( 'NONE',  ( -1.000000000000000000, -0.000000000000000000, 1.908195823574487804E-16 ) ) ;
#1731 = DIRECTION ( 'NONE',  ( 0.000000000000000000, 0.000000000000000000, -1.000000000000000000 ) ) ;
#1732 = CARTESIAN_POINT ( 'NONE',  ( 21.44437530280051263, 61.80936624298266935, 5.000000000000000000 ) ) ;
#1733 = EDGE_CURVE ( 'NONE', #3402, #1600, #1933, .T. ) ;
#1734 = CARTESIAN_POINT ( 'NONE',  ( 29.90268027374996151, 55.46778468053395272, 4.599999999999999645 ) ) ;
#1735 = B_SPLINE_SURFACE_WITH_KNOTS ( 'NONE', 3, 1, ( 
 ( #1060, #5000 ),
 ( #236, #1417 ),
 ( #1465, #4164 ),
 ( #3702, #4893 ),
 ( #1369, #2930 ),
 ( #2957, #3033 ) ),
 .UNSPECIFIED., .F., .F., .F.,
 ( 4, 2, 4 ),
 ( 2, 2 ),
 ( 0.000000000000000000, 1.000000000000000000, 2.000000000000000000 ),
 ( 0.000000000000000000, 1.000000000000000000 ),
 .UNSPECIFIED. ) ;
#1736 = ORIENTED_EDGE ( 'NONE', *, *, #3684, .F. ) ;
#1737 = ORIENTED_EDGE ( 'NONE', *, *, #3881, .F. ) ;
#1738 = AXIS2_PLACEMENT_3D ( 'NONE', #1799, #4524, #4186 ) ;
#1739 = CARTESIAN_POINT ( 'NONE',  ( 22.50000000000000000, 117.5000000000000000, -9.999999999999378275 ) ) ;
#1740 = CARTESIAN_POINT ( 'NONE',  ( 65.35148764806179145, 19.38669273430911844, 4.599999999999999645 ) ) ;
#1741 = ORIENTED_EDGE ( 'NONE', *, *, #4919, .F. ) ;
#1742 = CARTESIAN_POINT ( 'NONE',  ( 13.74999999999998757, 116.2500000000000000, -15.00000000000000000 ) ) ;
#1743 = ORIENTED_EDGE ( 'NONE', *, *, #4320, .T. ) ;
#1744 = CARTESIAN_POINT ( 'NONE',  ( 0.2303039929152719822, 73.50000000000000000, 1.500000000000000000 ) ) ;
#1745 = ORIENTED_EDGE ( 'NONE', *, *, #3168, .F. ) ;
#1746 = VERTEX_POINT ( 'NONE', #4687 ) ;
#1747 = CARTESIAN_POINT ( 'NONE',  ( 43.08109070326097623, 63.58109551050129937, 4.599999999999999645 ) ) ;
#1748 = FACE_OUTER_BOUND ( 'NONE', #4864, .T. ) ;
#1749 = ORIENTED_EDGE ( 'NONE', *, *, #367, .F. ) ;
#1750 = CARTESIAN_POINT ( 'NONE',  ( 38.85478914024159991, 50.76751028877509953, 5.000000000000000000 ) ) ;
#1751 = EDGE_CURVE ( 'NONE', #3496, #1224, #1961, .T. ) ;
#1752 = PRESENTATION_STYLE_ASSIGNMENT (( #165 ) ) ;
#1753 = PLANE ( 'NONE',  #4153 ) ;
#1754 = CARTESIAN_POINT ( 'NONE',  ( 74.52553695498737341, 46.01667645971301113, 1.423389135037541386 ) ) ;
#1755 = PLANE ( 'NONE',  #2924 ) ;
#1756 = ORIENTED_EDGE ( 'NONE', *, *, #4010, .F. ) ;
#1757 = ORIENTED_EDGE ( 'NONE', *, *, #2778, .F. ) ;
#1758 = VECTOR ( 'NONE', #1553, 1000.000000000000114 ) ;
#1759 = CARTESIAN_POINT ( 'NONE',  ( 45.90133713412228644, 56.20436685281529066, 5.000000000000000000 ) ) ;
#1760 = CARTESIAN_POINT ( 'NONE',  ( 27.50000000000000000, -0.001000000000014877877, -5.000000000000000000 ) ) ;
#1761 = VERTEX_POINT ( 'NONE', #4581 ) ;
#1762 = FACE_OUTER_BOUND ( 'NONE', #4680, .T. ) ;
#1763 = ORIENTED_EDGE ( 'NONE', *, *, #823, .F. ) ;
#1764 = DIRECTION ( 'NONE',  ( -0.000000000000000000, -0.000000000000000000, 1.000000000000000000 ) ) ;
#1765 = VECTOR ( 'NONE', #52, 1000.000000000000000 ) ;
#1766 = ORIENTED_EDGE ( 'NONE', *, *, #2008, .T. ) ;
#1767 = B_SPLINE_CURVE_WITH_KNOTS ( 'NONE', 3,
 ( #322, #4148, #3790, #1884 ),
 .UNSPECIFIED., .F., .F.,
 ( 4, 4 ),
 ( 41.00000000000000000, 42.00000000000000000 ),
 .UNSPECIFIED. ) ;
#1768 = ORIENTED_EDGE ( 'NONE', *, *, #5077, .T. ) ;
#1769 = CARTESIAN_POINT ( 'NONE',  ( 33.00451068268754540, 66.29653818033413870, 5.000000000000000000 ) ) ;
#1770 = AXIS2_PLACEMENT_3D ( 'NONE', #1786, #2968, #3353 ) ;
#1771 = CARTESIAN_POINT ( 'NONE',  ( 67.50000000000000000, 0.000000000000000000, 0.000000000000000000 ) ) ;
#1772 = B_SPLINE_SURFACE_WITH_KNOTS ( 'NONE', 3, 1, ( 
 ( #1980, #5022 ),
 ( #728, #3549 ),
 ( #4319, #30 ),
 ( #2363, #3882 ) ),
 .UNSPECIFIED., .F., .F., .F.,
 ( 4, 4 ),
 ( 2, 2 ),
 ( 18.00000000000000000, 19.00000000000000000 ),
 ( 0.000000000000000000, 1.000000000000000000 ),
 .UNSPECIFIED. ) ;
#1773 = ORIENTED_EDGE ( 'NONE', *, *, #4976, .F. ) ;
#1774 = CARTESIAN_POINT ( 'NONE',  ( 8.998878031629684830E-16, 73.50000000000000000, 0.000000000000000000 ) ) ;
#1775 = EDGE_CURVE ( 'NONE', #2244, #3267, #1068, .T. ) ;
#1776 = VECTOR ( 'NONE', #2912, 1000.000000000000000 ) ;
#1777 = CARTESIAN_POINT ( 'NONE',  ( 27.11389941078662247, 71.12337289908460036, 4.599999999999999645 ) ) ;
#1778 = VECTOR ( 'NONE', #4750, 1000.000000000000000 ) ;
#1779 = CARTESIAN_POINT ( 'NONE',  ( 0.000000000000000000, 46.49999999999999289, 0.000000000000000000 ) ) ;
#1780 = CARTESIAN_POINT ( 'NONE',  ( 67.50000000000000000, -9.540979117872439019E-15, 0.000000000000000000 ) ) ;
#1781 = CARTESIAN_POINT ( 'NONE',  ( 37.50000000000000000, 96.40000000000000568, 0.4999999999999323319 ) ) ;
#1782 = EDGE_CURVE ( 'NONE', #3979, #2278, #685, .T. ) ;
#1783 = DIRECTION ( 'NONE',  ( 0.4450203073841546564, 0.8955204777199191613, 0.000000000000000000 ) ) ;
#1784 = CIRCLE ( 'NONE', #557, 2.099999999999997868 ) ;
#1785 = VERTEX_POINT ( 'NONE', #3041 ) ;
#1786 = CARTESIAN_POINT ( 'NONE',  ( 22.50000000000000000, 117.5000000000000000, -9.999999999999374722 ) ) ;
#1787 = LINE ( 'NONE', #2947, #2671 ) ;
#1788 = CARTESIAN_POINT ( 'NONE',  ( -0.1296663786469602064, 59.90372998772974711, 4.599999999999999645 ) ) ;
#1789 = ORIENTED_EDGE ( 'NONE', *, *, #1182, .T. ) ;
#1790 = VECTOR ( 'NONE', #321, 1000.000000000000000 ) ;
#1791 = DIRECTION ( 'NONE',  ( -0.000000000000000000, -0.000000000000000000, 1.000000000000000000 ) ) ;
#1792 = ORIENTED_EDGE ( 'NONE', *, *, #2249, .F. ) ;
#1793 = CARTESIAN_POINT ( 'NONE',  ( 41.30377374508643840, 63.35502291448069911, 4.599999999999999645 ) ) ;
#1794 = CARTESIAN_POINT ( 'NONE',  ( 0.9011831294467259612, 45.24832144976077331, 0.9011831294467242959 ) ) ;
#1795 = ORIENTED_EDGE ( 'NONE', *, *, #4447, .F. ) ;
#1796 = ORIENTED_EDGE ( 'NONE', *, *, #2117, .F. ) ;
#1797 = PLANE ( 'NONE',  #2202 ) ;
#1798 = ADVANCED_FACE ( 'NONE', ( #292 ), #1091, .F. ) ;
#1799 = CARTESIAN_POINT ( 'NONE',  ( 73.50000000000000000, 75.00000000000000000, 1.500000000000000000 ) ) ;
#1800 = ORIENTED_EDGE ( 'NONE', *, *, #906, .T. ) ;
#1801 = LINE ( 'NONE', #2649, #3483 ) ;
#1802 = CARTESIAN_POINT ( 'NONE',  ( 33.01779607714239972, 60.15890489015593090, 5.000000000000000000 ) ) ;
#1803 = EDGE_CURVE ( 'NONE', #720, #1413, #3987, .T. ) ;
#1804 = AXIS2_PLACEMENT_3D ( 'NONE', #922, #491, #4749 ) ;
#1805 = LINE ( 'NONE', #3423, #2724 ) ;
#1806 = EDGE_CURVE ( 'NONE', #2737, #4882, #2839, .T. ) ;
#1807 = CARTESIAN_POINT ( 'NONE',  ( 1.500000000000000888, 73.59817583765506299, 0.4999999999345502988 ) ) ;
#1808 = B_SPLINE_CURVE_WITH_KNOTS ( 'NONE', 3,
 ( #3861, #11, #4297, #3164 ),
 .UNSPECIFIED., .F., .F.,
 ( 4, 4 ),
 ( 23.00000000000000000, 24.00000000000000000 ),
 .UNSPECIFIED. ) ;
#1809 = DIRECTION ( 'NONE',  ( -1.000000000000000000, 0.000000000000000000, 0.000000000000000000 ) ) ;
#1810 = CARTESIAN_POINT ( 'NONE',  ( 19.99999999999996803, 120.0000000000000142, -9.999999999999385381 ) ) ;
#1811 = ORIENTED_EDGE ( 'NONE', *, *, #4999, .F. ) ;
#1812 = AXIS2_PLACEMENT_3D ( 'NONE', #58, #4625, #1106 ) ;
#1813 = FACE_OUTER_BOUND ( 'NONE', #1410, .T. ) ;
#1814 = FACE_OUTER_BOUND ( 'NONE', #2571, .T. ) ;
#1815 = CARTESIAN_POINT ( 'NONE',  ( -3.980102097228902570E-15, 44.99999999999999289, 0.000000000000000000 ) ) ;
#1816 = ORIENTED_EDGE ( 'NONE', *, *, #4366, .T. ) ;
#1817 = ORIENTED_EDGE ( 'NONE', *, *, #2785, .T. ) ;
#1818 = CARTESIAN_POINT ( 'NONE',  ( 59.96680715955792351, 68.43253565528095805, 5.000000000000000000 ) ) ;
#1819 = DIRECTION ( 'NONE',  ( -4.625929269271485914E-16, -1.000000000000000000, -0.000000000000000000 ) ) ;
#1820 = ORIENTED_EDGE ( 'NONE', *, *, #2264, .T. ) ;
#1821 = VECTOR ( 'NONE', #4630, 1000.000000000000000 ) ;
#1822 = ORIENTED_EDGE ( 'NONE', *, *, #156, .F. ) ;
#1823 = CARTESIAN_POINT ( 'NONE',  ( 67.50000000000000000, 2.499999999999993783, 0.000000000000000000 ) ) ;
#1824 = PLANE ( 'NONE',  #596 ) ;
#1825 = ORIENTED_EDGE ( 'NONE', *, *, #1874, .F. ) ;
#1826 = CARTESIAN_POINT ( 'NONE',  ( 39.62958920622759962, 51.33356971989758932, 5.000000000000000000 ) ) ;
#1827 = CARTESIAN_POINT ( 'NONE',  ( 38.23827591779982527, 68.33259183104274825, 5.000000000000000000 ) ) ;
#1828 = CARTESIAN_POINT ( 'NONE',  ( 31.14016907216635133, 70.42308002101647446, 4.599999999999999645 ) ) ;
#1829 = CARTESIAN_POINT ( 'NONE',  ( 50.00000000000000000, 15.99999999999998934, 0.000000000000000000 ) ) ;
#1830 = DIRECTION ( 'NONE',  ( 1.000000000000000000, 0.000000000000000000, 0.000000000000000000 ) ) ;
#1831 = DIRECTION ( 'NONE',  ( -0.000000000000000000, -0.000000000000000000, 1.000000000000000000 ) ) ;
#1832 =( BOUNDED_CURVE ( )  B_SPLINE_CURVE ( 3, ( #4307, #3098, #1256, #3122 ),
 .UNSPECIFIED., .F., .F. ) 
 B_SPLINE_CURVE_WITH_KNOTS ( ( 4, 4 ),
 ( 0.000000000000000000, 1.570796326794896780 ),
 .UNSPECIFIED. ) 
 CURVE ( )  GEOMETRIC_REPRESENTATION_ITEM ( )  RATIONAL_B_SPLINE_CURVE ( ( 1.000000000000000000, 0.8047378541243649375, 0.8047378541243649375, 1.000000000000000000 ) ) 
 REPRESENTATION_ITEM ( '' )  );
#1833 = ORIENTED_EDGE ( 'NONE', *, *, #1585, .F. ) ;
#1834 = CARTESIAN_POINT ( 'NONE',  ( 35.75026295860399017, 54.22116314799411896, 5.000000000000000000 ) ) ;
#1835 = CARTESIAN_POINT ( 'NONE',  ( 23.96329594661243689, 60.01231934864183160, 5.000000000000000000 ) ) ;
#1836 = CARTESIAN_POINT ( 'NONE',  ( 27.50000000000000000, -0.001000000000014877877, -5.000000000000000000 ) ) ;
#1837 = ORIENTED_EDGE ( 'NONE', *, *, #3227, .T. ) ;
#1838 = ORIENTED_EDGE ( 'NONE', *, *, #4292, .F. ) ;
#1839 = CARTESIAN_POINT ( 'NONE',  ( 75.00000000000000000, 0.000000000000000000, 0.000000000000000000 ) ) ;
#1840 = CARTESIAN_POINT ( 'NONE',  ( 37.50000000000000000, 21.89999999999999503, 0.000000000000000000 ) ) ;
#1841 = PLANE ( 'NONE',  #1137 ) ;
#1842 = EDGE_CURVE ( 'NONE', #4258, #1270, #3613, .T. ) ;
#1843 = ORIENTED_EDGE ( 'NONE', *, *, #741, .T. ) ;
#1844 = ORIENTED_EDGE ( 'NONE', *, *, #64, .F. ) ;
#1845 = CARTESIAN_POINT ( 'NONE',  ( 29.89265525571779136, 60.09923018964610009, 4.599999999999999645 ) ) ;
#1846 = DIRECTION ( 'NONE',  ( -0.000000000000000000, 1.000000000000000000, -0.000000000000000000 ) ) ;
#1847 = ORIENTED_EDGE ( 'NONE', *, *, #1782, .T. ) ;
#1848 = CARTESIAN_POINT ( 'NONE',  ( 0.000000000000000000, 0.000000000000000000, 4.599999999999999645 ) ) ;
#1849 = FACE_OUTER_BOUND ( 'NONE', #4948, .T. ) ;
#1850 = AXIS2_PLACEMENT_3D ( 'NONE', #4082, #925, #152 ) ;
#1851 = EDGE_CURVE ( 'NONE', #1386, #4173, #944, .T. ) ;
#1852 = CARTESIAN_POINT ( 'NONE',  ( 0.000000000000000000, 75.00000000000000000, 0.000000000000000000 ) ) ;
#1853 = EDGE_CURVE ( 'NONE', #2663, #3595, #1989, .T. ) ;
#1854 = CARTESIAN_POINT ( 'NONE',  ( 1.499999994035268402, 73.66387239871134796, 1.499999994035267292 ) ) ;
#1855 = VECTOR ( 'NONE', #4799, 1000.000000000000000 ) ;
#1856 = CARTESIAN_POINT ( 'NONE',  ( 73.79777450375253522, 45.53443967518049362, 1.202225496247621761 ) ) ;
#1857 = FACE_OUTER_BOUND ( 'NONE', #4267, .T. ) ;
#1858 = VERTEX_POINT ( 'NONE', #3221 ) ;
#1859 = LINE ( 'NONE', #3428, #1124 ) ;
#1860 = EDGE_CURVE ( 'NONE', #4312, #3727, #3245, .T. ) ;
#1861 = VECTOR ( 'NONE', #2896, 1000.000000000000000 ) ;
#1862 = CARTESIAN_POINT ( 'NONE',  ( 0.000000000000000000, 0.000000000000000000, 4.599999999999999645 ) ) ;
#1863 = VERTEX_POINT ( 'NONE', #2072 ) ;
#1864 = ADVANCED_FACE ( 'NONE', ( #4800 ), #3211, .T. ) ;
#1865 = EDGE_CURVE ( 'NONE', #4545, #1565, #3808, .T. ) ;
#1866 = ORIENTED_EDGE ( 'NONE', *, *, #5085, .F. ) ;
#1867 = DIRECTION ( 'NONE',  ( -0.3244355677352885325, -0.9459077980375681927, 0.000000000000000000 ) ) ;
#1868 = FACE_BOUND ( 'NONE', #665, .T. ) ;
#1869 = CARTESIAN_POINT ( 'NONE',  ( 12.49999999999998757, 4.999999999999990230, -9.999999999999991118 ) ) ;
#1870 = ORIENTED_EDGE ( 'NONE', *, *, #1842, .F. ) ;
#1871 = EDGE_LOOP ( 'NONE', ( #4339, #4059, #4944, #4449, #412 ) ) ;
#1872 = DIRECTION ( 'NONE',  ( -1.000000000000000000, 0.000000000000000000, 1.301042606982605321E-16 ) ) ;
#1873 = ADVANCED_FACE ( 'NONE', ( #142 ), #1288, .F. ) ;
#1874 = EDGE_CURVE ( 'NONE', #1046, #1133, #538, .T. ) ;
#1875 = CARTESIAN_POINT ( 'NONE',  ( 0.1435955076937531771, 74.42339376299733544, 1.197963648748552767 ) ) ;
#1876 = EDGE_LOOP ( 'NONE', ( #1987, #310, #1265, #4695 ) ) ;
#1877 = LINE ( 'NONE', #3035, #4468 ) ;
#1878 = CARTESIAN_POINT ( 'NONE',  ( 44.66710539870615548, 52.78012259853174726, 4.599999999999999645 ) ) ;
#1879 = CARTESIAN_POINT ( 'NONE',  ( 52.50000000000000711, -0.001000000000014877877, -10.00000000000000711 ) ) ;
#1880 = CARTESIAN_POINT ( 'NONE',  ( 0.3766933956117335947, 74.49124015672440180, 1.130080186835233036 ) ) ;
#1881 = CARTESIAN_POINT ( 'NONE',  ( 74.60737810821601101, 45.03904101202291343, 0.1308739639280551426 ) ) ;
#1882 = LINE ( 'NONE', #4663, #2031 ) ;
#1883 = CYLINDRICAL_SURFACE ( 'NONE', #3107, 1.000000000000000000 ) ;
#1884 = CARTESIAN_POINT ( 'NONE',  ( 60.96604679571537133, 51.67958202849354876, 5.000000000000000000 ) ) ;
#1885 = LINE ( 'NONE', #202, #4376 ) ;
#1886 = CARTESIAN_POINT ( 'NONE',  ( 32.46596180904801088, 71.73792631199650316, 5.000000000000000000 ) ) ;
#1887 = DIRECTION ( 'NONE',  ( -0.7071067811865493491, -0.7071067811865455743, -0.000000000000000000 ) ) ;
#1888 = EDGE_LOOP ( 'NONE', ( #4056, #1458, #1792, #2722 ) ) ;
#1889 = VECTOR ( 'NONE', #4142, 1000.000000000000114 ) ;
#1890 = ORIENTED_EDGE ( 'NONE', *, *, #4877, .T. ) ;
#1891 = ADVANCED_FACE ( 'NONE', ( #3388, #1868, #1322, #3434, #3748 ), #2500, .F. ) ;
#1892 = CARTESIAN_POINT ( 'NONE',  ( 57.49999999999999289, 117.5000000000000142, -12.50000000000000000 ) ) ;
#1893 = APPLICATION_CONTEXT ( 'automotive_design' ) ;
#1894 = DIRECTION ( 'NONE',  ( -4.163336342344356748E-15, 1.000000000000000000, 0.000000000000000000 ) ) ;
#1895 = CARTESIAN_POINT ( 'NONE',  ( 47.50000000000000000, 112.4999999999999574, -5.000000000000002665 ) ) ;
#1896 = EDGE_LOOP ( 'NONE', ( #3724, #1870, #1093, #5074 ) ) ;
#1897 = CARTESIAN_POINT ( 'NONE',  ( 41.30377374508643840, 63.35502291448069911, 5.000000000000000000 ) ) ;
#1898 = CARTESIAN_POINT ( 'NONE',  ( 22.08331893061677320, 59.95533990403678359, 4.599999999999999645 ) ) ;
#1899 = ORIENTED_EDGE ( 'NONE', *, *, #3762, .F. ) ;
#1900 = CARTESIAN_POINT ( 'NONE',  ( 23.96329594661243689, 60.01231934864183160, 4.599999999999999645 ) ) ;
#1901 = CIRCLE ( 'NONE', #4789, 1.250000000000001110 ) ;
#1902 = LINE ( 'NONE', #1222, #4275 ) ;
#1903 = VECTOR ( 'NONE', #1573, 1000.000000000000000 ) ;
#1904 = DIRECTION ( 'NONE',  ( 0.1929928782524192032, -0.9812001574316256969, 0.000000000000000000 ) ) ;
#1905 = ORIENTED_EDGE ( 'NONE', *, *, #3677, .F. ) ;
#1906 = CYLINDRICAL_SURFACE ( 'NONE', #477, 2.499999999999995115 ) ;
#1907 = ADVANCED_FACE ( 'NONE', ( #2641 ), #3772, .F. ) ;
#1908 = CARTESIAN_POINT ( 'NONE',  ( 63.35690349420030998, 18.98876614253688899, 4.599999999999999645 ) ) ;
#1909 = DIRECTION ( 'NONE',  ( -1.000000000000000000, 0.000000000000000000, 0.000000000000000000 ) ) ;
#1910 = ORIENTED_EDGE ( 'NONE', *, *, #1211, .T. ) ;
#1911 = CARTESIAN_POINT ( 'NONE',  ( 31.46693423918955190, 54.71983697195834395, 5.000000000000000000 ) ) ;
#1912 = AXIS2_PLACEMENT_3D ( 'NONE', #122, #898, #146 ) ;
#1913 = DIRECTION ( 'NONE',  ( 0.000000000000000000, 1.000000000000000000, 0.000000000000000000 ) ) ;
#1914 = CARTESIAN_POINT ( 'NONE',  ( 23.56683206712730083, 67.17559582444506816, 5.000000000000000000 ) ) ;
#1915 = ORIENTED_EDGE ( 'NONE', *, *, #1494, .F. ) ;
#1916 = ADVANCED_FACE ( 'NONE', ( #277 ), #201, .T. ) ;
#1917 = VERTEX_POINT ( 'NONE', #2591 ) ;
#1918 = CARTESIAN_POINT ( 'NONE',  ( 74.76969600708471830, 73.59966597350837958, 1.499999999999999778 ) ) ;
#1919 = AXIS2_PLACEMENT_3D ( 'NONE', #1848, #2599, #3828 ) ;
#1920 = LINE ( 'NONE', #53, #2907 ) ;
#1921 = LINE ( 'NONE', #27, #2765 ) ;
#1922 = ORIENTED_EDGE ( 'NONE', *, *, #4901, .F. ) ;
#1923 = CARTESIAN_POINT ( 'NONE',  ( 0.000000000000000000, 2.499999999999996003, -10.00000000000000178 ) ) ;
#1924 = PLANE ( 'NONE',  #114 ) ;
#1925 = ORIENTED_EDGE ( 'NONE', *, *, #2245, .T. ) ;
#1926 = CARTESIAN_POINT ( 'NONE',  ( 59.15031960174529502, 69.19974004816646129, 4.599999999999999645 ) ) ;
#1927 = CARTESIAN_POINT ( 'NONE',  ( 24.99999999999999289, 102.2999999999999972, 0.000000000000000000 ) ) ;
#1928 = B_SPLINE_CURVE_WITH_KNOTS ( 'NONE', 3,
 ( #3930, #1918, #5066, #409, #4673, #1209, #4342, #3051, #106, #1716, #1697, #3234, #3259, #4785 ),
 .UNSPECIFIED., .F., .F.,
 ( 4, 2, 2, 2, 2, 2, 4 ),
 ( 0.000000000000000000, 0.0002946116245286738546, 0.0005892232490573477092, 0.0008838348735860214554, 0.001178446498114695418, 0.001767669747172043561, 0.002356892996229391704 ),
 .UNSPECIFIED. ) ;
#1929 = CARTESIAN_POINT ( 'NONE',  ( 69.99999999999998579, 5.000000000000000000, -12.50000000000000000 ) ) ;
#1930 = ORIENTED_EDGE ( 'NONE', *, *, #3454, .F. ) ;
#1931 = CARTESIAN_POINT ( 'NONE',  ( 17.51381357382892645, -6.007037960595728698, 5.000000000000000000 ) ) ;
#1932 = EDGE_CURVE ( 'NONE', #3574, #1643, #4908, .T. ) ;
#1933 = LINE ( 'NONE', #3506, #2331 ) ;
#1934 = CARTESIAN_POINT ( 'NONE',  ( 14.03395320428463044, 59.88853312862018896, 5.000000000000000000 ) ) ;
#1935 = VECTOR ( 'NONE', #4286, 1000.000000000000000 ) ;
#1936 = FACE_OUTER_BOUND ( 'NONE', #2918, .T. ) ;
#1937 = CARTESIAN_POINT ( 'NONE',  ( 41.61370355988124459, 63.57791923454993110, 4.599999999999999645 ) ) ;
#1938 = AXIS2_PLACEMENT_3D ( 'NONE', #2527, #939, #4879 ) ;
#1939 = EDGE_CURVE ( 'NONE', #3139, #3351, #2181, .T. ) ;
#1940 = CARTESIAN_POINT ( 'NONE',  ( 1.500000000000000888, 73.50000000000000000, 0.5000000000000000000 ) ) ;
#1941 = DIRECTION ( 'NONE',  ( 1.000000000000000000, -0.000000000000000000, 0.000000000000000000 ) ) ;
#1942 = DIRECTION ( 'NONE',  ( -1.000000000000000000, 0.000000000000000000, 0.000000000000000000 ) ) ;
#1943 = CIRCLE ( 'NONE', #4240, 2.500000000000002220 ) ;
#1944 = ORIENTED_EDGE ( 'NONE', *, *, #1717, .T. ) ;
#1945 = B_SPLINE_CURVE_WITH_KNOTS ( 'NONE', 3,
 ( #1662, #1274, #485, #3220 ),
 .UNSPECIFIED., .F., .F.,
 ( 4, 4 ),
 ( 35.00000000000000000, 36.00000000000000000 ),
 .UNSPECIFIED. ) ;
#1946 = VECTOR ( 'NONE', #1887, 1000.000000000000114 ) ;
#1947 = ORIENTED_EDGE ( 'NONE', *, *, #1503, .T. ) ;
#1948 = CARTESIAN_POINT ( 'NONE',  ( 22.50000000000000000, 117.5000000000000142, -12.50000000000000000 ) ) ;
#1949 = DIRECTION ( 'NONE',  ( -0.000000000000000000, -0.000000000000000000, 1.000000000000000000 ) ) ;
#1950 = LINE ( 'NONE', #3208, #3422 ) ;
#1951 = ORIENTED_EDGE ( 'NONE', *, *, #1284, .F. ) ;
#1952 = DIRECTION ( 'NONE',  ( -0.000000000000000000, -0.000000000000000000, 1.000000000000000000 ) ) ;
#1953 = CARTESIAN_POINT ( 'NONE',  ( 0.002974755088711726701, 74.99016721007923536, 0.1975481995049487294 ) ) ;
#1954 = EDGE_LOOP ( 'NONE', ( #3686, #3718, #1058, #4894 ) ) ;
#1955 = DIRECTION ( 'NONE',  ( 0.000000000000000000, 1.000000000000000000, 0.000000000000000000 ) ) ;
#1956 = LINE ( 'NONE', #2673, #1403 ) ;
#1957 = EDGE_CURVE ( 'NONE', #2680, #1300, #3048, .T. ) ;
#1958 = CARTESIAN_POINT ( 'NONE',  ( 59.58065994151687761, 69.20067155399181047, 5.000000000000000000 ) ) ;
#1959 = ORIENTED_EDGE ( 'NONE', *, *, #3480, .F. ) ;
#1960 = FACE_BOUND ( 'NONE', #3265, .T. ) ;
#1961 = LINE ( 'NONE', #790, #3894 ) ;
#1962 = LINE ( 'NONE', #1554, #4418 ) ;
#1963 = EDGE_CURVE ( 'NONE', #3342, #3522, #4943, .T. ) ;
#1964 = DIRECTION ( 'NONE',  ( 1.000000000000000000, 0.000000000000000000, 0.000000000000000000 ) ) ;
#1965 = LINE ( 'NONE', #1201, #4482 ) ;
#1966 = DIRECTION ( 'NONE',  ( 0.9999976573062887564, 0.002164574307892184243, 0.000000000000000000 ) ) ;
#1967 = CARTESIAN_POINT ( 'NONE',  ( 26.88347510842798016, 60.24439457978235168, 4.599999999999999645 ) ) ;
#1968 = CARTESIAN_POINT ( 'NONE',  ( 59.41939945595165540, 50.81202402019854958, 4.599999999999999645 ) ) ;
#1969 = ORIENTED_EDGE ( 'NONE', *, *, #1803, .T. ) ;
#1970 = ORIENTED_EDGE ( 'NONE', *, *, #4391, .F. ) ;
#1971 = VECTOR ( 'NONE', #2910, 1000.000000000000000 ) ;
#1972 = ORIENTED_EDGE ( 'NONE', *, *, #4837, .T. ) ;
#1973 = DIRECTION ( 'NONE',  ( -0.002164574307904652134, 0.9999976573062887564, 0.000000000000000000 ) ) ;
#1974 = EDGE_CURVE ( 'NONE', #4704, #3270, #4235, .T. ) ;
#1975 = CARTESIAN_POINT ( 'NONE',  ( 35.77095332533829009, 65.84749438515547126, 4.599999999999999645 ) ) ;
#1976 = CARTESIAN_POINT ( 'NONE',  ( 35.00763628465025334, 51.82798241853258503, 5.000000000000000000 ) ) ;
#1977 = ORIENTED_EDGE ( 'NONE', *, *, #300, .T. ) ;
#1978 = CARTESIAN_POINT ( 'NONE',  ( 31.45523698125404621, 60.12377736324087607, 5.000000000000000000 ) ) ;
#1979 = VECTOR ( 'NONE', #3607, 1000.000000000000000 ) ;
#1980 = CARTESIAN_POINT ( 'NONE',  ( 35.87667499726751430, 69.15288993489288316, 4.599999999999999645 ) ) ;
#1981 = ORIENTED_EDGE ( 'NONE', *, *, #1342, .F. ) ;
#1982 = CARTESIAN_POINT ( 'NONE',  ( 72.50000000000000000, 4.999999999999993783, 0.000000000000000000 ) ) ;
#1983 = ORIENTED_EDGE ( 'NONE', *, *, #2120, .F. ) ;
#1984 = CARTESIAN_POINT ( 'NONE',  ( 58.63206800602740287, 51.14542102133970758, 4.599999999999999645 ) ) ;
#1985 = CARTESIAN_POINT ( 'NONE',  ( 43.86543613087225424, 62.99724613215688862, 5.000000000000000000 ) ) ;
#1986 = AXIS2_PLACEMENT_3D ( 'NONE', #1168, #2289, #2699 ) ;
#1987 = ORIENTED_EDGE ( 'NONE', *, *, #4232, .F. ) ;
#1988 = FACE_OUTER_BOUND ( 'NONE', #2455, .T. ) ;
#1989 = LINE ( 'NONE', #3196, #1357 ) ;
#1990 = CARTESIAN_POINT ( 'NONE',  ( 27.50000000000062528, 117.5000000000000000, -4.999999999999997335 ) ) ;
#1991 = AXIS2_PLACEMENT_3D ( 'NONE', #4947, #2983, #1036 ) ;
#1992 = CARTESIAN_POINT ( 'NONE',  ( 61.25000000000000711, 114.9999999999999858, 0.000000000000000000 ) ) ;
#1993 = CARTESIAN_POINT ( 'NONE',  ( 35.39999999999999858, 96.40000000000000568, 0.4999999999999323319 ) ) ;
#1994 = PLANE ( 'NONE',  #1702 ) ;
#1995 = DIRECTION ( 'NONE',  ( 0.000000000000000000, 1.000000000000000000, -0.000000000000000000 ) ) ;
#1996 = VERTEX_POINT ( 'NONE', #4180 ) ;
#1997 = VERTEX_POINT ( 'NONE', #3052 ) ;
#1998 = VECTOR ( 'NONE', #1314, 1000.000000000000000 ) ;
#1999 = EDGE_LOOP ( 'NONE', ( #1811, #869, #997, #1538 ) ) ;
#2000 = FACE_OUTER_BOUND ( 'NONE', #1999, .T. ) ;
#2001 = CARTESIAN_POINT ( 'NONE',  ( -0.1457004807266669422, 67.31122090056931029, 4.599999999999999645 ) ) ;
#2002 = DIRECTION ( 'NONE',  ( 0.000000000000000000, 0.000000000000000000, -1.000000000000000000 ) ) ;
#2003 = ORIENTED_EDGE ( 'NONE', *, *, #2887, .T. ) ;
#2004 = DIRECTION ( 'NONE',  ( -0.000000000000000000, 0.000000000000000000, 1.000000000000000000 ) ) ;
#2005 = DIRECTION ( 'NONE',  ( -0.000000000000000000, -0.000000000000000000, 1.000000000000000000 ) ) ;
#2006 = ORIENTED_EDGE ( 'NONE', *, *, #4765, .F. ) ;
#2007 = CARTESIAN_POINT ( 'NONE',  ( 7.499999999999989342, -9.540979117872439019E-15, 2.168404344971008868E-14 ) ) ;
#2008 = EDGE_CURVE ( 'NONE', #978, #2693, #2630, .T. ) ;
#2009 = ORIENTED_EDGE ( 'NONE', *, *, #2097, .T. ) ;
#2010 = CARTESIAN_POINT ( 'NONE',  ( 59.41939945595165540, 50.81202402019854958, 4.599999999999999645 ) ) ;
#2011 = DIRECTION ( 'NONE',  ( 0.3244355677353744083, 0.9459077980375387718, 0.000000000000000000 ) ) ;
#2012 = ORIENTED_EDGE ( 'NONE', *, *, #3040, .F. ) ;
#2013 = DIRECTION ( 'NONE',  ( 1.000000000000000000, -0.000000000000000000, -0.000000000000000000 ) ) ;
#2014 = CARTESIAN_POINT ( 'NONE',  ( 17.47486356014925235, 52.58369472743159179, 4.599999999999999645 ) ) ;
#2015 = CARTESIAN_POINT ( 'NONE',  ( 74.50000000000000000, 73.50000000000000000, 1.500000000000000000 ) ) ;
#2016 = EDGE_CURVE ( 'NONE', #692, #3078, #722, .T. ) ;
#2017 = CARTESIAN_POINT ( 'NONE',  ( 59.96680715955792351, 68.43253565528095805, 5.000000000000000000 ) ) ;
#2018 = EDGE_CURVE ( 'NONE', #3239, #2862, #4654, .T. ) ;
#2019 = DIRECTION ( 'NONE',  ( 1.000000000000000000, -0.000000000000000000, -0.000000000000000000 ) ) ;
#2020 = DIRECTION ( 'NONE',  ( -0.000000000000000000, 0.000000000000000000, 1.000000000000000000 ) ) ;
#2021 = AXIS2_PLACEMENT_3D ( 'NONE', #2716, #329, #2304 ) ;
#2022 = CARTESIAN_POINT ( 'NONE',  ( 52.49999999999997868, 117.5000000000000000, -19.99999999999515765 ) ) ;
#2023 = CARTESIAN_POINT ( 'NONE',  ( 0.000000000000000000, 0.000000000000000000, 0.000000000000000000 ) ) ;
#2024 = B_SPLINE_CURVE_WITH_KNOTS ( 'NONE', 3,
 ( #4960, #1476, #270, #4982 ),
 .UNSPECIFIED., .F., .F.,
 ( 4, 4 ),
 ( 0.000000000000000000, 1.000000000000000000 ),
 .UNSPECIFIED. ) ;
#2025 = VERTEX_POINT ( 'NONE', #1514 ) ;
#2026 = EDGE_LOOP ( 'NONE', ( #907, #354, #2612, #3125 ) ) ;
#2027 = EDGE_CURVE ( 'NONE', #3954, #2107, #1659, .T. ) ;
#2028 = AXIS2_PLACEMENT_3D ( 'NONE', #4719, #2708, #2437 ) ;
#2029 = DIRECTION ( 'NONE',  ( -0.9852984825684729664, 0.1708417403571640403, 0.000000000000000000 ) ) ;
#2030 = CARTESIAN_POINT ( 'NONE',  ( 47.91652405408409265, 67.12953676969294747, 4.599999999999999645 ) ) ;
#2031 = VECTOR ( 'NONE', #738, 1000.000000000000000 ) ;
#2032 = CARTESIAN_POINT ( 'NONE',  ( 62.49999999999999289, 4.999999999999990230, -5.000000000000000000 ) ) ;
#2033 = EDGE_CURVE ( 'NONE', #1214, #1296, #3076, .T. ) ;
#2034 = VERTEX_POINT ( 'NONE', #2332 ) ;
#2035 = EDGE_CURVE ( 'NONE', #1186, #468, #2769, .T. ) ;
#2036 = CARTESIAN_POINT ( 'NONE',  ( 52.39487941846498131, 56.38420791783046582, 4.599999999999999645 ) ) ;
#2037 = EDGE_CURVE ( 'NONE', #3979, #4806, #1233, .T. ) ;
#2038 = EDGE_CURVE ( 'NONE', #3334, #4009, #2502, .T. ) ;
#2039 = CARTESIAN_POINT ( 'NONE',  ( 47.18616342779203876, 52.54924062573876853, 5.000000000000000000 ) ) ;
#2040 = VERTEX_POINT ( 'NONE', #778 ) ;
#2041 = CARTESIAN_POINT ( 'NONE',  ( 0.000000000000000000, 120.0000000000000000, 5.000000000000000000 ) ) ;
#2042 = VECTOR ( 'NONE', #3260, 1000.000000000000000 ) ;
#2043 = ORIENTED_EDGE ( 'NONE', *, *, #2027, .F. ) ;
#2044 = EDGE_CURVE ( 'NONE', #452, #3034, #3876, .T. ) ;
#2045 = DIRECTION ( 'NONE',  ( -1.000000000000000000, 0.000000000000000000, 0.000000000000000000 ) ) ;
#2046 = EDGE_CURVE ( 'NONE', #4184, #3816, #3183, .T. ) ;
#2047 = FACE_OUTER_BOUND ( 'NONE', #273, .T. ) ;
#2048 = ORIENTED_EDGE ( 'NONE', *, *, #4765, .T. ) ;
#2049 = CARTESIAN_POINT ( 'NONE',  ( 2.499999999999998668, 4.999999999999993783, 0.000000000000000000 ) ) ;
#2050 = CARTESIAN_POINT ( 'NONE',  ( 1.499999994035233097, 46.33612760128816888, 1.499999994035267292 ) ) ;
#2051 = CARTESIAN_POINT ( 'NONE',  ( 73.60576933443482517, 74.11837504407677102, 1.394230665565161509 ) ) ;
#2052 = CARTESIAN_POINT ( 'NONE',  ( 51.97385331965853794, 56.96884372970191635, 4.599999999999999645 ) ) ;
#2053 = DIRECTION ( 'NONE',  ( 1.000000000000000000, 0.000000000000000000, 0.000000000000000000 ) ) ;
#2054 = DIRECTION ( 'NONE',  ( -0.000000000000000000, 0.000000000000000000, -1.000000000000000000 ) ) ;
#2055 = DIRECTION ( 'NONE',  ( -0.000000000000000000, 0.000000000000000000, 1.000000000000000000 ) ) ;
#2056 = ORIENTED_EDGE ( 'NONE', *, *, #4110, .F. ) ;
#2057 = EDGE_LOOP ( 'NONE', ( #3736, #3103 ) ) ;
#2058 = DIRECTION ( 'NONE',  ( -0.000000000000000000, -0.000000000000000000, 1.000000000000000000 ) ) ;
#2059 = DIRECTION ( 'NONE',  ( 0.000000000000000000, 0.000000000000000000, 1.000000000000000000 ) ) ;
#2060 = EDGE_LOOP ( 'NONE', ( #1673, #3653, #3838, #3566 ) ) ;
#2061 = VECTOR ( 'NONE', #196, 1000.000000000000000 ) ;
#2062 = B_SPLINE_CURVE_WITH_KNOTS ( 'NONE', 3,
 ( #4523, #3415, #2208, #1440 ),
 .UNSPECIFIED., .F., .F.,
 ( 4, 4 ),
 ( 21.00000000000000000, 22.00000000000000000 ),
 .UNSPECIFIED. ) ;
#2063 = DIRECTION ( 'NONE',  ( -0.2844023902313086438, 0.9587050017762077658, 0.000000000000000000 ) ) ;
#2064 = ORIENTED_EDGE ( 'NONE', *, *, #2405, .F. ) ;
#2065 = LINE ( 'NONE', #3605, #1268 ) ;
#2066 = EDGE_LOOP ( 'NONE', ( #279, #1380, #1363 ) ) ;
#2067 = DIRECTION ( 'NONE',  ( 0.9812001574316255859, 0.1929928782524191200, 0.000000000000000000 ) ) ;
#2068 = VECTOR ( 'NONE', #2398, 1000.000000000000000 ) ;
#2069 = CARTESIAN_POINT ( 'NONE',  ( 67.50000000000000000, 2.499999999999993783, -12.50000000000000000 ) ) ;
#2070 = B_SPLINE_SURFACE_WITH_KNOTS ( 'NONE', 3, 1, ( 
 ( #2348, #4474 ),
 ( #1609, #1200 ),
 ( #1583, #2375 ),
 ( #4091, #955 ),
 ( #182, #3143 ),
 ( #4002, #2756 ) ),
 .UNSPECIFIED., .F., .F., .F.,
 ( 4, 2, 4 ),
 ( 2, 2 ),
 ( 2.000000000000000000, 3.000000000000000000, 4.000000000000000000 ),
 ( 0.000000000000000000, 1.000000000000000000 ),
 .UNSPECIFIED. ) ;
#2071 = ORIENTED_EDGE ( 'NONE', *, *, #3362, .F. ) ;
#2072 = CARTESIAN_POINT ( 'NONE',  ( 35.39999999999999858, 21.89999999999999503, 0.4999999999999449329 ) ) ;
#2073 = CARTESIAN_POINT ( 'NONE',  ( 75.00000000000000000, 75.00000000000000000, -2.755455298081542313E-16 ) ) ;
#2074 = CARTESIAN_POINT ( 'NONE',  ( 67.50000000000000000, 2.499999999999993783, -12.50000000000000000 ) ) ;
#2075 = CARTESIAN_POINT ( 'NONE',  ( 74.99702524491128486, 45.00983278992073622, 0.1975481995049482575 ) ) ;
#2076 = DIRECTION ( 'NONE',  ( -0.9516499064197303515, 0.3071847255501460316, 0.000000000000000000 ) ) ;
#2077 = VECTOR ( 'NONE', #1351, 1000.000000000000000 ) ;
#2078 = ORIENTED_EDGE ( 'NONE', *, *, #2778, .T. ) ;
#2079 = EDGE_LOOP ( 'NONE', ( #2777, #3620, #4815 ) ) ;
#2080 = CARTESIAN_POINT ( 'NONE',  ( 27.50000000000000000, 120.0000000000000142, -10.00000000000000000 ) ) ;
#2081 = CARTESIAN_POINT ( 'NONE',  ( 16.97589199274863958, 59.84551655870923526, 4.599999999999999645 ) ) ;
#2082 = ORIENTED_EDGE ( 'NONE', *, *, #3900, .T. ) ;
#2083 = EDGE_CURVE ( 'NONE', #1997, #542, #1540, .T. ) ;
#2084 = LINE ( 'NONE', #3989, #3054 ) ;
#2085 = ORIENTED_EDGE ( 'NONE', *, *, #428, .F. ) ;
#2086 = LINE ( 'NONE', #4793, #3973 ) ;
#2087 = ORIENTED_EDGE ( 'NONE', *, *, #2849, .T. ) ;
#2088 = B_SPLINE_CURVE_WITH_KNOTS ( 'NONE', 3,
 ( #2629, #4193, #4146, #3810 ),
 .UNSPECIFIED., .F., .F.,
 ( 4, 4 ),
 ( 29.00000000000000000, 30.00000000000000000 ),
 .UNSPECIFIED. ) ;
#2089 = DIRECTION ( 'NONE',  ( 0.000000000000000000, -0.000000000000000000, 1.000000000000000000 ) ) ;
#2090 = DIRECTION ( 'NONE',  ( 0.000000000000000000, 1.000000000000000000, 0.000000000000000000 ) ) ;
#2091 = EDGE_LOOP ( 'NONE', ( #4026, #141, #3127, #672 ) ) ;
#2092 = EDGE_CURVE ( 'NONE', #3577, #2111, #1920, .T. ) ;
#2093 = DIRECTION ( 'NONE',  ( -1.000000000000000000, 0.000000000000000000, 0.000000000000000000 ) ) ;
#2094 = CARTESIAN_POINT ( 'NONE',  ( 74.60737810821622418, 74.96095898797715051, 0.1308739639280513956 ) ) ;
#2095 = VECTOR ( 'NONE', #2978, 1000.000000000000000 ) ;
#2096 = CARTESIAN_POINT ( 'NONE',  ( 53.87637639000512024, 56.38741473562488693, 4.599999999999999645 ) ) ;
#2097 = EDGE_CURVE ( 'NONE', #4806, #2025, #3516, .T. ) ;
#2098 = CARTESIAN_POINT ( 'NONE',  ( 74.91620153717042285, 45.30760537661343079, 0.9152915009332560636 ) ) ;
#2099 = DIRECTION ( 'NONE',  ( 1.000000000000000000, 0.000000000000000000, 0.000000000000000000 ) ) ;
#2100 = EDGE_LOOP ( 'NONE', ( #3231, #1180, #442 ) ) ;
#2101 = ORIENTED_EDGE ( 'NONE', *, *, #3890, .F. ) ;
#2102 = EDGE_CURVE ( 'NONE', #2386, #3993, #4368, .T. ) ;
#2103 = EDGE_CURVE ( 'NONE', #3693, #2955, #2717, .T. ) ;
#2104 = LINE ( 'NONE', #4835, #298 ) ;
#2105 = DIRECTION ( 'NONE',  ( 0.000000000000000000, 1.000000000000000000, -0.000000000000000000 ) ) ;
#2106 = VECTOR ( 'NONE', #2466, 1000.000000000000000 ) ;
#2107 = VERTEX_POINT ( 'NONE', #3491 ) ;
#2108 = CARTESIAN_POINT ( 'NONE',  ( 26.87154115849022773, 65.75768277533703099, 5.000000000000000000 ) ) ;
#2109 = ORIENTED_EDGE ( 'NONE', *, *, #4901, .T. ) ;
#2110 = FACE_OUTER_BOUND ( 'NONE', #2079, .T. ) ;
#2111 = VERTEX_POINT ( 'NONE', #5067 ) ;
#2112 = CARTESIAN_POINT ( 'NONE',  ( -0.1495104866752860751, 69.07138085878806066, 4.599999999999999645 ) ) ;
#2113 = FACE_OUTER_BOUND ( 'NONE', #544, .T. ) ;
#2114 = ORIENTED_EDGE ( 'NONE', *, *, #3233, .F. ) ;
#2115 = VECTOR ( 'NONE', #2710, 1000.000000000000000 ) ;
#2116 = CARTESIAN_POINT ( 'NONE',  ( 47.18616342779203876, 52.54924062573878274, 4.599999999999999645 ) ) ;
#2117 = EDGE_CURVE ( 'NONE', #63, #3883, #4051, .T. ) ;
#2118 = LINE ( 'NONE', #2074, #1086 ) ;
#2119 = CARTESIAN_POINT ( 'NONE',  ( 52.49999999999999289, 116.2500000000000000, -15.00000000000000000 ) ) ;
#2120 = EDGE_CURVE ( 'NONE', #4988, #108, #2, .T. ) ;
#2121 = CARTESIAN_POINT ( 'NONE',  ( 53.31128781982069853, 59.97355203718512939, 4.599999999999999645 ) ) ;
#2122 = EDGE_LOOP ( 'NONE', ( #1334, #3185, #3527, #2846 ) ) ;
#2123 = ADVANCED_FACE ( 'NONE', ( #4702 ), #4525, .F. ) ;
#2124 = ORIENTED_EDGE ( 'NONE', *, *, #2395, .F. ) ;
#2125 = LINE ( 'NONE', #1617, #3082 ) ;
#2126 = DIRECTION ( 'NONE',  ( -0.000000000000000000, -0.000000000000000000, -1.000000000000000000 ) ) ;
#2127 = EDGE_LOOP ( 'NONE', ( #4813, #4839, #4832, #866, #788 ) ) ;
#2128 = LINE ( 'NONE', #2153, #4535 ) ;
#2130 = VERTEX_POINT ( 'NONE', #3984 ) ;
#2129 = ADVANCED_FACE ( 'NONE', ( #4400 ), #4786, .T. ) ;
#2131 = CARTESIAN_POINT ( 'NONE',  ( 27.11389941078662247, 71.12337289908460036, 5.000000000000000000 ) ) ;
#2132 = EDGE_LOOP ( 'NONE', ( #3629, #4341, #951, #2413, #4591, #2425, #3306, #1052, #49, #2545 ) ) ;
#2133 = ORIENTED_EDGE ( 'NONE', *, *, #973, .F. ) ;
#2134 = CARTESIAN_POINT ( 'NONE',  ( 54.64768155626245516, 56.93935805308352371, 5.000000000000000000 ) ) ;
#2135 = CARTESIAN_POINT ( 'NONE',  ( 34.59541195506342603, 53.23804725903598722, 4.599999999999999645 ) ) ;
#2136 = EDGE_LOOP ( 'NONE', ( #4370, #3626, #1008, #3804 ) ) ;
#2137 = B_SPLINE_CURVE_WITH_KNOTS ( 'NONE', 3,
 ( #920, #993, #1352, #1732, #4898, #1376 ),
 .UNSPECIFIED., .F., .F.,
 ( 4, 2, 4 ),
 ( 0.000000000000000000, 1.000000000000000000, 2.000000000000000000 ),
 .UNSPECIFIED. ) ;
#2138 = CARTESIAN_POINT ( 'NONE',  ( 39.52096675179606677, 50.99823335541131542, 4.599999999999999645 ) ) ;
#2139 = AXIS2_PLACEMENT_3D ( 'NONE', #4324, #813, #731 ) ;
#2140 = FILL_AREA_STYLE_COLOUR ( '', #121 ) ;
#2141 = CARTESIAN_POINT ( 'NONE',  ( 50.49088868411231346, 67.42082781729087060, 5.000000000000000000 ) ) ;
#2142 = CARTESIAN_POINT ( 'NONE',  ( 73.66391708182916886, 45.75207113318916896, 1.336082918170693912 ) ) ;
#2143 = CARTESIAN_POINT ( 'NONE',  ( 37.79313599863449724, -0.2453156435208566355, 4.599999999999999645 ) ) ;
#2144 = B_SPLINE_SURFACE_WITH_KNOTS ( 'NONE', 3, 1, ( 
 ( #2216, #2195 ),
 ( #1734, #3324 ),
 ( #994, #630 ),
 ( #4533, #1019 ) ),
 .UNSPECIFIED., .F., .F., .F.,
 ( 4, 4 ),
 ( 2, 2 ),
 ( 0.000000000000000000, 1.000000000000000000 ),
 ( 0.000000000000000000, 1.000000000000000000 ),
 .UNSPECIFIED. ) ;
#2145 = ORIENTED_EDGE ( 'NONE', *, *, #450, .F. ) ;
#2146 = ORIENTED_EDGE ( 'NONE', *, *, #3000, .T. ) ;
#2147 = AXIS2_PLACEMENT_3D ( 'NONE', #2069, #2835, #4820 ) ;
#2148 = CARTESIAN_POINT ( 'NONE',  ( -0.1495104866752860751, 69.07138085878806066, 5.000000000000000000 ) ) ;
#2149 = CARTESIAN_POINT ( 'NONE',  ( 35.87667499726751430, 69.15288993489288316, 5.000000000000000000 ) ) ;
#2150 = VERTEX_POINT ( 'NONE', #2211 ) ;
#2151 = AXIS2_PLACEMENT_3D ( 'NONE', #323, #4913, #1125 ) ;
#2152 = CIRCLE ( 'NONE', #626, 2.500000000000002220 ) ;
#2153 = CARTESIAN_POINT ( 'NONE',  ( 74.50000000000000000, 0.000000000000000000, 1.500000000000000000 ) ) ;
#2154 = EDGE_CURVE ( 'NONE', #193, #1519, #1801, .T. ) ;
#2155 = VERTEX_POINT ( 'NONE', #4974 ) ;
#2156 = DIRECTION ( 'NONE',  ( -0.5068659995676726426, -0.8620248595500387134, 0.000000000000000000 ) ) ;
#2157 = EDGE_LOOP ( 'NONE', ( #440, #1165, #181, #4421 ) ) ;
#2158 = ORIENTED_EDGE ( 'NONE', *, *, #1733, .T. ) ;
#2159 = DIRECTION ( 'NONE',  ( -0.000000000000000000, 1.000000000000000000, -0.000000000000000000 ) ) ;
#2160 = CIRCLE ( 'NONE', #3886, 1.500000000000001332 ) ;
#2161 = EDGE_CURVE ( 'NONE', #1401, #953, #673, .T. ) ;
#2162 = CARTESIAN_POINT ( 'NONE',  ( 35.09940047173320465, 68.10004456002852180, 4.599999999999999645 ) ) ;
#2163 = ORIENTED_EDGE ( 'NONE', *, *, #848, .T. ) ;
#2164 = CARTESIAN_POINT ( 'NONE',  ( 44.56405526832952546, 53.12911202077057737, 4.599999999999999645 ) ) ;
#2165 = DIRECTION ( 'NONE',  ( -0.000000000000000000, 1.000000000000000000, -0.000000000000000000 ) ) ;
#2166 = CARTESIAN_POINT ( 'NONE',  ( 61.25000000000001421, 116.2499999999999858, -15.00000000000000000 ) ) ;
#2167 = CARTESIAN_POINT ( 'NONE',  ( 57.49999999999999289, 120.0000000000000000, 0.000000000000000000 ) ) ;
#2168 = CYLINDRICAL_SURFACE ( 'NONE', #4489, 2.099999999999997868 ) ;
#2169 = ORIENTED_EDGE ( 'NONE', *, *, #747, .F. ) ;
#2170 = VECTOR ( 'NONE', #1485, 1000.000000000000000 ) ;
#2171 = CARTESIAN_POINT ( 'NONE',  ( 36.14294705659228413, 60.21152601110345159, 5.000000000000000000 ) ) ;
#2172 = DIRECTION ( 'NONE',  ( -0.05953976485936679497, 0.9982259345461282907, 0.000000000000000000 ) ) ;
#2173 = PLANE ( 'NONE',  #636 ) ;
#2174 = ADVANCED_FACE ( 'NONE', ( #3368 ), #4628, .F. ) ;
#2175 = VERTEX_POINT ( 'NONE', #2262 ) ;
#2176 = ADVANCED_FACE ( 'NONE', ( #4923 ), #3442, .T. ) ;
#2177 = CARTESIAN_POINT ( 'NONE',  ( 58.63206800602740287, 51.14542102133970758, 5.000000000000000000 ) ) ;
#2178 = VERTEX_POINT ( 'NONE', #238 ) ;
#2179 = DIRECTION ( 'NONE',  ( 0.000000000000000000, 1.000000000000000000, 0.000000000000000000 ) ) ;
#2180 = EDGE_CURVE ( 'NONE', #2750, #2832, #1316, .T. ) ;
#2181 = LINE ( 'NONE', #2665, #611 ) ;
#2182 = VECTOR ( 'NONE', #4941, 1000.000000000000000 ) ;
#2183 = ORIENTED_EDGE ( 'NONE', *, *, #3416, .T. ) ;
#2184 = ORIENTED_EDGE ( 'NONE', *, *, #438, .F. ) ;
#2185 = ADVANCED_FACE ( 'NONE', ( #2621 ), #4411, .T. ) ;
#2186 = LINE ( 'NONE', #4599, #2864 ) ;
#2187 = AXIS2_PLACEMENT_3D ( 'NONE', #1250, #2812, #1170 ) ;
#2188 = DIRECTION ( 'NONE',  ( -0.9725882268247872942, 0.2325341717722711754, 0.000000000000000000 ) ) ;
#2189 = VERTEX_POINT ( 'NONE', #212 ) ;
#2190 = DIRECTION ( 'NONE',  ( -1.000000000000000000, 0.000000000000000000, -0.000000000000000000 ) ) ;
#2191 = AXIS2_PLACEMENT_3D ( 'NONE', #2787, #4458, #4356 ) ;
#2192 = CARTESIAN_POINT ( 'NONE',  ( 44.66710539870615548, 52.78012259853174726, 5.000000000000000000 ) ) ;
#2193 = PLANE ( 'NONE',  #435 ) ;
#2194 = CARTESIAN_POINT ( 'NONE',  ( 0.2518094684370378311, 74.81067960955685692, 0.7554284053110944530 ) ) ;
#2195 = CARTESIAN_POINT ( 'NONE',  ( 29.89265525571779136, 60.09923018964615693, 5.000000000000000000 ) ) ;
#2196 = DIRECTION ( 'NONE',  ( 1.000000000000000000, 0.000000000000000000, 0.000000000000000000 ) ) ;
#2197 = ORIENTED_EDGE ( 'NONE', *, *, #1569, .F. ) ;
#2198 = DIRECTION ( 'NONE',  ( -0.000000000000000000, -0.000000000000000000, -1.000000000000000000 ) ) ;
#2199 = CARTESIAN_POINT ( 'NONE',  ( 52.50000000000001421, 99.79999999999999716, 3.100000000000000089 ) ) ;
#2200 = CARTESIAN_POINT ( 'NONE',  ( 0.2303039929152719822, 46.49999999999999289, 1.500000000000000000 ) ) ;
#2201 = EDGE_LOOP ( 'NONE', ( #5045, #2322, #837, #4795 ) ) ;
#2202 = AXIS2_PLACEMENT_3D ( 'NONE', #3365, #2336, #3880 ) ;
#2203 = ORIENTED_EDGE ( 'NONE', *, *, #367, .T. ) ;
#2204 = CARTESIAN_POINT ( 'NONE',  ( 58.60291684388123912, 51.57570027742514185, 5.000000000000000000 ) ) ;
#2205 = CARTESIAN_POINT ( 'NONE',  ( 0.000000000000000000, 0.000000000000000000, 5.000000000000000000 ) ) ;
#2206 = VERTEX_POINT ( 'NONE', #679 ) ;
#2207 = ORIENTED_EDGE ( 'NONE', *, *, #3719, .F. ) ;
#2208 = CARTESIAN_POINT ( 'NONE',  ( 35.23217485934515736, 50.75966885260515227, 4.599999999999999645 ) ) ;
#2209 = FACE_OUTER_BOUND ( 'NONE', #887, .T. ) ;
#2210 = ORIENTED_EDGE ( 'NONE', *, *, #4110, .T. ) ;
#2211 = CARTESIAN_POINT ( 'NONE',  ( 24.99999999999999289, 15.99999999999998579, 3.100000000000000089 ) ) ;
#2212 = CARTESIAN_POINT ( 'NONE',  ( 22.50000000000000355, 112.5000000000000000, 0.000000000000000000 ) ) ;
#2213 = VECTOR ( 'NONE', #2820, 1000.000000000000000 ) ;
#2214 = DIRECTION ( 'NONE',  ( -0.000000000000000000, 1.000000000000000000, -0.000000000000000000 ) ) ;
#2215 = CARTESIAN_POINT ( 'NONE',  ( 0.3975538220526765865, 74.41498464624837084, 1.192661466157837191 ) ) ;
#2216 = CARTESIAN_POINT ( 'NONE',  ( 29.89265525571779136, 60.09923018964615693, 4.599999999999999645 ) ) ;
#2217 = DIRECTION ( 'NONE',  ( 0.000000000000000000, 1.000000000000000000, 0.000000000000000000 ) ) ;
#2218 = FACE_OUTER_BOUND ( 'NONE', #1037, .T. ) ;
#2219 = B_SPLINE_CURVE_WITH_KNOTS ( 'NONE', 3,
 ( #893, #483, #1631, #1705 ),
 .UNSPECIFIED., .F., .F.,
 ( 4, 4 ),
 ( 0.000000000000000000, 1.000000000000000000 ),
 .UNSPECIFIED. ) ;
#2220 = VECTOR ( 'NONE', #2577, 1000.000000000000114 ) ;
#2221 = PLANE ( 'NONE',  #4646 ) ;
#2222 = DIRECTION ( 'NONE',  ( -0.000000000000000000, -0.000000000000000000, 1.000000000000000000 ) ) ;
#2223 = PLANE ( 'NONE',  #1537 ) ;
#2224 = ORIENTED_EDGE ( 'NONE', *, *, #4640, .T. ) ;
#2225 = ORIENTED_EDGE ( 'NONE', *, *, #510, .F. ) ;
#2226 = CARTESIAN_POINT ( 'NONE',  ( 0.000000000000000000, 46.49999999999999289, 1.500000000000000000 ) ) ;
#2227 = DIRECTION ( 'NONE',  ( -1.000000000000000000, 0.000000000000000000, -0.000000000000000000 ) ) ;
#2228 = DIRECTION ( 'NONE',  ( -1.000000000000000000, -0.000000000000000000, 1.908195823574487804E-16 ) ) ;
#2229 = ORIENTED_EDGE ( 'NONE', *, *, #4378, .F. ) ;
#2230 = VECTOR ( 'NONE', #868, 1000.000000000000000 ) ;
#2231 = EDGE_CURVE ( 'NONE', #4345, #2680, #4808, .T. ) ;
#2232 = ORIENTED_EDGE ( 'NONE', *, *, #2417, .F. ) ;
#2233 = CARTESIAN_POINT ( 'NONE',  ( 29.88269561313709133, 64.70051189553737458, 4.599999999999999645 ) ) ;
#2234 = CARTESIAN_POINT ( 'NONE',  ( 22.50000000000000355, 112.5000000000000000, -15.00000000000000000 ) ) ;
#2235 = ORIENTED_EDGE ( 'NONE', *, *, #2562, .F. ) ;
#2236 = CARTESIAN_POINT ( 'NONE',  ( 14.03395320428463044, 59.88853312862018896, 4.599999999999999645 ) ) ;
#2237 = PRODUCT_DEFINITION ( 'UNKNOWN', '', #2520, #287 ) ;
#2238 = DIRECTION ( 'NONE',  ( 0.000000000000000000, 0.000000000000000000, 1.000000000000000000 ) ) ;
#2239 = ADVANCED_FACE ( 'NONE', ( #1063 ), #4576, .T. ) ;
#2240 = PLANE ( 'NONE',  #3633 ) ;
#2241 = EDGE_CURVE ( 'NONE', #984, #2150, #1877, .T. ) ;
#2242 = CARTESIAN_POINT ( 'NONE',  ( 0.06546163104477492611, 75.00000000000000000, 0.1963848931343219473 ) ) ;
#2243 = CARTESIAN_POINT ( 'NONE',  ( 35.09940047173320465, 68.10004456002852180, 4.599999999999999645 ) ) ;
#2244 = VERTEX_POINT ( 'NONE', #3394 ) ;
#2245 = EDGE_CURVE ( 'NONE', #1519, #4521, #3669, .T. ) ;
#2246 = DIRECTION ( 'NONE',  ( -1.000000000000000000, 0.000000000000000000, 0.000000000000000000 ) ) ;
#2247 = LINE ( 'NONE', #2199, #3363 ) ;
#2248 = DIRECTION ( 'NONE',  ( -0.9999976573062887564, -0.002164574307906533442, 0.000000000000000000 ) ) ;
#2249 = EDGE_CURVE ( 'NONE', #697, #2923, #3398, .T. ) ;
#2250 = VECTOR ( 'NONE', #3572, 1000.000000000000000 ) ;
#2251 = VERTEX_POINT ( 'NONE', #1013 ) ;
#2252 = EDGE_CURVE ( 'NONE', #3043, #3005, #4166, .T. ) ;
#2253 = ORIENTED_EDGE ( 'NONE', *, *, #1328, .T. ) ;
#2254 = PLANE ( 'NONE',  #4984 ) ;
#2255 = CARTESIAN_POINT ( 'NONE',  ( 0.5000000000000007772, 74.37867965644035451, 1.500000000000000000 ) ) ;
#2256 = CARTESIAN_POINT ( 'NONE',  ( 12.49999999999998757, -9.540979117872439019E-15, -9.999999999999991118 ) ) ;
#2257 = VERTEX_POINT ( 'NONE', #4653 ) ;
#2258 = ORIENTED_EDGE ( 'NONE', *, *, #750, .T. ) ;
#2259 = DIRECTION ( 'NONE',  ( 1.000000000000000000, 0.000000000000000000, 0.000000000000000000 ) ) ;
#2260 = CARTESIAN_POINT ( 'NONE',  ( 0.09884803827792058850, 74.62950804072157496, 0.9917937397773900488 ) ) ;
#2261 = ORIENTED_EDGE ( 'NONE', *, *, #2767, .F. ) ;
#2262 = CARTESIAN_POINT ( 'NONE',  ( 52.75819874726981595, 56.38499435135753401, 5.000000000000000000 ) ) ;
#2263 = LINE ( 'NONE', #1375, #4520 ) ;
#2264 = EDGE_CURVE ( 'NONE', #379, #1996, #1483, .T. ) ;
#2265 = AXIS2_PLACEMENT_3D ( 'NONE', #2166, #147, #2866 ) ;
#2266 = DIRECTION ( 'NONE',  ( -0.000000000000000000, 1.000000000000000000, -0.000000000000000000 ) ) ;
#2267 = CARTESIAN_POINT ( 'NONE',  ( 1.452024985329368745, 73.88892379092472140, 0.4840083284431023203 ) ) ;
#2268 = AXIS2_PLACEMENT_3D ( 'NONE', #2790, #2706, #376 ) ;
#2269 = CARTESIAN_POINT ( 'NONE',  ( 74.80361510686550730, 44.99999999999999289, 0.06546163104475538619 ) ) ;
#2270 = LINE ( 'NONE', #1990, #1129 ) ;
#2271 = CARTESIAN_POINT ( 'NONE',  ( 14.03395320428463044, 59.88853312862018896, 4.599999999999999645 ) ) ;
#2272 = CARTESIAN_POINT ( 'NONE',  ( 22.49999999999998579, 99.79999999999999716, 3.100000000000000089 ) ) ;
#2273 = CARTESIAN_POINT ( 'NONE',  ( 61.25000000000000711, 114.9999999999999858, -15.00000000000000000 ) ) ;
#2274 = VECTOR ( 'NONE', #1310, 1000.000000000000000 ) ;
#2275 = CARTESIAN_POINT ( 'NONE',  ( 74.12132034355964549, 45.00000000000000000, 0.2928932188134523718 ) ) ;
#2276 = CARTESIAN_POINT ( 'NONE',  ( 1.499999999999997558, 46.49999999999999289, 0.5000000000000000000 ) ) ;
#2277 = ORIENTED_EDGE ( 'NONE', *, *, #510, .T. ) ;
#2278 = VERTEX_POINT ( 'NONE', #3162 ) ;
#2279 = DIRECTION ( 'NONE',  ( -0.000000000000000000, -0.000000000000000000, -1.000000000000000000 ) ) ;
#2280 = CARTESIAN_POINT ( 'NONE',  ( -0.1097077414813996121, 50.68316854231772339, 4.599999999999999645 ) ) ;
#2281 = CARTESIAN_POINT ( 'NONE',  ( 18.96433980743245939, 58.67872639927966816, 5.000000000000000000 ) ) ;
#2282 = VERTEX_POINT ( 'NONE', #1982 ) ;
#2283 = CARTESIAN_POINT ( 'NONE',  ( -0.1457004807266669422, 67.31122090056931029, 5.000000000000000000 ) ) ;
#2284 = ADVANCED_FACE ( 'NONE', ( #9 ), #3910, .T. ) ;
#2285 = CARTESIAN_POINT ( 'NONE',  ( 7.499999999999987566, -9.540979117872439019E-15, -9.999999999999991118 ) ) ;
#2286 = ORIENTED_EDGE ( 'NONE', *, *, #2767, .T. ) ;
#2287 = LINE ( 'NONE', #2007, #4205 ) ;
#2288 = LINE ( 'NONE', #3554, #3623 ) ;
#2289 = DIRECTION ( 'NONE',  ( 0.000000000000000000, 0.000000000000000000, -1.000000000000000000 ) ) ;
#2290 = VERTEX_POINT ( 'NONE', #784 ) ;
#2291 = CARTESIAN_POINT ( 'NONE',  ( 0.1963848931343230297, 75.00000000000000000, 0.06546163104477407957 ) ) ;
#2292 = FACE_OUTER_BOUND ( 'NONE', #4498, .T. ) ;
#2293 = CARTESIAN_POINT ( 'NONE',  ( 15.24677488885592602, 50.38836122693026454, 4.599999999999999645 ) ) ;
#2294 = EDGE_CURVE ( 'NONE', #360, #2393, #2860, .T. ) ;
#2295 = ORIENTED_EDGE ( 'NONE', *, *, #1842, .T. ) ;
#2296 = CIRCLE ( 'NONE', #92, 1.250000000000001110 ) ;
#2297 = CARTESIAN_POINT ( 'NONE',  ( 14.03395320428463044, 59.88853312862018896, 4.599999999999999645 ) ) ;
#2298 = SPHERICAL_SURFACE ( 'NONE', #772, 5.000000000000000000 ) ;
#2299 = DIRECTION ( 'NONE',  ( -0.000000000000000000, -0.000000000000000000, -1.000000000000000000 ) ) ;
#2300 = DIRECTION ( 'NONE',  ( 0.000000000000000000, 0.000000000000000000, -1.000000000000000000 ) ) ;
#2301 = ORIENTED_EDGE ( 'NONE', *, *, #3560, .F. ) ;
#2302 = VECTOR ( 'NONE', #2803, 1000.000000000000000 ) ;
#2303 = ORIENTED_EDGE ( 'NONE', *, *, #3159, .F. ) ;
#2304 = DIRECTION ( 'NONE',  ( 1.000000000000000000, 0.000000000000000000, 0.000000000000000000 ) ) ;
#2305 = DIRECTION ( 'NONE',  ( -0.000000000000000000, -1.000000000000000000, -0.000000000000000000 ) ) ;
#2306 = DIRECTION ( 'NONE',  ( 0.9999976573062887564, 0.002164574307900884748, 0.000000000000000000 ) ) ;
#2307 = ORIENTED_EDGE ( 'NONE', *, *, #205, .T. ) ;
#2308 = CARTESIAN_POINT ( 'NONE',  ( 8.998878031629684830E-16, 73.50000000000000000, 1.500000000000000000 ) ) ;
#2309 = ADVANCED_FACE ( 'NONE', ( #2697 ), #389, .F. ) ;
#2310 = FACE_OUTER_BOUND ( 'NONE', #3031, .T. ) ;
#2311 = ORIENTED_EDGE ( 'NONE', *, *, #2463, .F. ) ;
#2312 = CARTESIAN_POINT ( 'NONE',  ( 1.500000000000001110, 75.00000000000000000, 0.000000000000000000 ) ) ;
#2313 = VECTOR ( 'NONE', #2214, 1000.000000000000000 ) ;
#2314 = CARTESIAN_POINT ( 'NONE',  ( 39.62958920622759962, 51.33356971989758932, 4.599999999999999645 ) ) ;
#2315 = ADVANCED_FACE ( 'NONE', ( #2746 ), #3859, .F. ) ;
#2316 = VECTOR ( 'NONE', #4227, 1000.000000000000000 ) ;
#2317 = CARTESIAN_POINT ( 'NONE',  ( 33.01779607714239972, 60.15890489015593090, 5.000000000000000000 ) ) ;
#2318 = ORIENTED_EDGE ( 'NONE', *, *, #1051, .F. ) ;
#2319 = CARTESIAN_POINT ( 'NONE',  ( 38.23827591779982527, 68.33259183104274825, 5.000000000000000000 ) ) ;
#2320 = CARTESIAN_POINT ( 'NONE',  ( 75.00000000000000000, 44.99999999999999289, -2.572686749164322364E-15 ) ) ;
#2321 = CARTESIAN_POINT ( 'NONE',  ( 26.88347510842798016, 60.24439457978235168, 5.000000000000000000 ) ) ;
#2322 = ORIENTED_EDGE ( 'NONE', *, *, #2180, .T. ) ;
#2323 = CYLINDRICAL_SURFACE ( 'NONE', #2268, 2.500000000000002220 ) ;
#2324 = VECTOR ( 'NONE', #3274, 1000.000000000000000 ) ;
#2325 = DIRECTION ( 'NONE',  ( -0.000000000000000000, -0.000000000000000000, 1.000000000000000000 ) ) ;
#2326 = CARTESIAN_POINT ( 'NONE',  ( 0.000000000000000000, 0.000000000000000000, 4.599999999999999645 ) ) ;
#2327 = DIRECTION ( 'NONE',  ( 1.000000000000000000, -0.000000000000000000, -0.000000000000000000 ) ) ;
#2328 = ORIENTED_EDGE ( 'NONE', *, *, #3940, .T. ) ;
#2329 = ORIENTED_EDGE ( 'NONE', *, *, #949, .F. ) ;
#2330 = FACE_OUTER_BOUND ( 'NONE', #473, .T. ) ;
#2331 = VECTOR ( 'NONE', #3529, 1000.000000000000000 ) ;
#2332 = CARTESIAN_POINT ( 'NONE',  ( 14.03395320428463044, 59.88853312862018896, 5.000000000000000000 ) ) ;
#2333 = EDGE_CURVE ( 'NONE', #3342, #193, #32, .T. ) ;
#2334 = CARTESIAN_POINT ( 'NONE',  ( 36.14294705659228413, 60.21152601110345159, 5.000000000000000000 ) ) ;
#2335 = ORIENTED_EDGE ( 'NONE', *, *, #1939, .T. ) ;
#2336 = DIRECTION ( 'NONE',  ( 1.000000000000000000, 0.000000000000000000, -1.387778780781445676E-15 ) ) ;
#2337 = DIRECTION ( 'NONE',  ( 0.000000000000000000, 0.000000000000000000, -1.000000000000000000 ) ) ;
#2338 = ADVANCED_FACE ( 'NONE', ( #838 ), #5075, .T. ) ;
#2339 = VERTEX_POINT ( 'NONE', #2394 ) ;
#2340 = ADVANCED_FACE ( 'NONE', ( #4734 ), #338, .F. ) ;
#2341 = CARTESIAN_POINT ( 'NONE',  ( 58.60291684388124622, 51.57570027742514185, 4.599999999999999645 ) ) ;
#2342 = CARTESIAN_POINT ( 'NONE',  ( -10.21421437156032219, 51.93035535905706013, 4.599999999999999645 ) ) ;
#2343 = EDGE_LOOP ( 'NONE', ( #4304, #207 ) ) ;
#2344 = CARTESIAN_POINT ( 'NONE',  ( 38.23827591779982527, 68.33259183104274825, 4.599999999999999645 ) ) ;
#2345 = CARTESIAN_POINT ( 'NONE',  ( 74.07817985833101204, 45.30049979810934957, 0.3072733805563603315 ) ) ;
#2346 = CARTESIAN_POINT ( 'NONE',  ( 16.98661193500679900, 54.89307990385177050, 4.599999999999999645 ) ) ;
#2347 = VECTOR ( 'NONE', #2179, 1000.000000000000000 ) ;
#2348 = CARTESIAN_POINT ( 'NONE',  ( 22.08331893061677320, 59.95533990403678359, 4.599999999999999645 ) ) ;
#2349 = CARTESIAN_POINT ( 'NONE',  ( 53.87637639000512024, 56.38741473562488693, 4.599999999999999645 ) ) ;
#2350 = EDGE_CURVE ( 'NONE', #2178, #2774, #1219, .T. ) ;
#2351 = CARTESIAN_POINT ( 'NONE',  ( 1.500000000000000444, 74.37867965644035451, 0.4999999999999996669 ) ) ;
#2352 = DIRECTION ( 'NONE',  ( -0.000000000000000000, 0.000000000000000000, 1.000000000000000000 ) ) ;
#2353 = VERTEX_POINT ( 'NONE', #762 ) ;
#2354 = ORIENTED_EDGE ( 'NONE', *, *, #3992, .F. ) ;
#2355 = ORIENTED_EDGE ( 'NONE', *, *, #1278, .T. ) ;
#2356 = DIRECTION ( 'NONE',  ( -0.000000000000000000, -1.000000000000000000, 0.000000000000000000 ) ) ;
#2357 = CARTESIAN_POINT ( 'NONE',  ( 47.58123054275102248, 52.55009577986906777, 4.599999999999999645 ) ) ;
#2358 = FACE_OUTER_BOUND ( 'NONE', #3845, .T. ) ;
#2359 =( BOUNDED_SURFACE ( )  B_SPLINE_SURFACE ( 3, 2, ( 
 ( #5005, #628, #4144 ),
 ( #1807, #1854, #654 ),
 ( #241, #1472, #291 ),
 ( #2267, #4608, #4978 ),
 ( #1090, #4170, #3834 ),
 ( #4955, #2652, #3372 ),
 ( #4219, #4191, #3446 ),
 ( #1501, #706, #2215 ),
 ( #318, #2626, #1880 ),
 ( #3348, #2989, #1398 ),
 ( #265, #1423, #2194 ),
 ( #684, #2676, #4248 ),
 ( #2291, #2964, #2242 ),
 ( #4632, #218, #1115 ) ),
 .UNSPECIFIED., .F., .F., .T. ) 
 B_SPLINE_SURFACE_WITH_KNOTS ( ( 4, 2, 2, 2, 2, 2, 4 ),
 ( 3, 3 ),
 ( 3.141592653589793116, 3.337942194439155408, 3.534291735288517255, 3.730641276137879103, 3.926990816987241395, 4.319689898685965090, 4.712388980384689674 ),
 ( 0.000000000000000000, 1.000000000000000000 ),
 .UNSPECIFIED. ) 
 GEOMETRIC_REPRESENTATION_ITEM ( )  RATIONAL_B_SPLINE_SURFACE ( (
 ( 1.000000000000000000, 0.7071067811865475727, 1.000000000000000000),
 ( 1.000000000000000000, 0.7070717008705199591, 1.000000000000000000),
 ( 1.000000000000000000, 0.7117460391535399555, 1.000000000000000000),
 ( 1.000000000000000000, 0.7291288573897736214, 1.000000000000000000),
 ( 1.000000000000000000, 0.7418334672881859992, 1.000000000000000000),
 ( 1.000000000000000000, 0.7723967724090149423, 1.000000000000000000),
 ( 1.000000000000000000, 0.7902180514826961932, 1.000000000000000000),
 ( 1.000000000000000000, 0.8275942267606491987, 1.000000000000000000),
 ( 1.000000000000000000, 0.8471316911967866625, 1.000000000000000000),
 ( 1.000000000000000000, 0.9038128289597403553, 1.000000000000000000),
 ( 1.000000000000000000, 0.9386556746367950010, 1.000000000000000000),
 ( 1.000000000000000000, 0.9867291651255160057, 1.000000000000000000),
 ( 1.000000000000000000, 1.000158598892048500, 1.000000000000000000),
 ( 1.000000000000000000, 1.000000000000000000, 1.000000000000000000) ) ) 
 REPRESENTATION_ITEM ( '' )  SURFACE ( )  );
#2360 = B_SPLINE_CURVE_WITH_KNOTS ( 'NONE', 3,
 ( #4766, #116, #2808, #568 ),
 .UNSPECIFIED., .F., .F.,
 ( 4, 4 ),
 ( 5.000000000000000000, 5.999744496299006080 ),
 .UNSPECIFIED. ) ;
#2361 = ORIENTED_EDGE ( 'NONE', *, *, #949, .T. ) ;
#2362 = CARTESIAN_POINT ( 'NONE',  ( 59.96680715955792351, 68.43253565528095805, 4.599999999999999645 ) ) ;
#2363 = CARTESIAN_POINT ( 'NONE',  ( 35.09940047173320465, 68.10004456002852180, 4.599999999999999645 ) ) ;
#2364 = VERTEX_POINT ( 'NONE', #4708 ) ;
#2365 = LINE ( 'NONE', #1900, #190 ) ;
#2366 = ORIENTED_EDGE ( 'NONE', *, *, #3821, .T. ) ;
#2367 = CARTESIAN_POINT ( 'NONE',  ( 69.99999999999998579, 2.499999999999996003, 0.000000000000000000 ) ) ;
#2368 = AXIS2_PLACEMENT_3D ( 'NONE', #4872, #1964, #3531 ) ;
#2369 = CARTESIAN_POINT ( 'NONE',  ( 43.08109070326097623, 63.58109551050128516, 5.000000000000000000 ) ) ;
#2370 = ORIENTED_EDGE ( 'NONE', *, *, #213, .T. ) ;
#2371 = LINE ( 'NONE', #1931, #553 ) ;
#2372 = CARTESIAN_POINT ( 'NONE',  ( 1.128200527441172385, 45.44597539628943395, 1.128200527441183265 ) ) ;
#2373 = FACE_OUTER_BOUND ( 'NONE', #4758, .T. ) ;
#2374 = B_SPLINE_CURVE_WITH_KNOTS ( 'NONE', 3,
 ( #3943, #4713, #3585, #2751 ),
 .UNSPECIFIED., .F., .F.,
 ( 4, 4 ),
 ( 6.000000000000000000, 7.000000000000000000 ),
 .UNSPECIFIED. ) ;
#2375 = CARTESIAN_POINT ( 'NONE',  ( 21.45251452048412588, 58.04918181031906244, 5.000000000000000000 ) ) ;
#2376 = B_SPLINE_CURVE_WITH_KNOTS ( 'NONE', 3,
 ( #4937, #4541, #3814, #638 ),
 .UNSPECIFIED., .F., .F.,
 ( 4, 4 ),
 ( 5.000000000000000000, 6.000000000000000000 ),
 .UNSPECIFIED. ) ;
#2377 = CARTESIAN_POINT ( 'NONE',  ( 41.30377374508643840, 63.35502291448069911, 4.599999999999999645 ) ) ;
#2378 = LINE ( 'NONE', #45, #4899 ) ;
#2379 = DIRECTION ( 'NONE',  ( 0.000000000000000000, 0.000000000000000000, 1.000000000000000000 ) ) ;
#2380 =( NAMED_UNIT ( * ) PLANE_ANGLE_UNIT ( ) SI_UNIT ( $, .RADIAN. ) );
#2381 = ORIENTED_EDGE ( 'NONE', *, *, #4196, .T. ) ;
#2382 = ORIENTED_EDGE ( 'NONE', *, *, #4822, .T. ) ;
#2383 = EDGE_CURVE ( 'NONE', #697, #516, #1191, .T. ) ;
#2384 = B_SPLINE_CURVE_WITH_KNOTS ( 'NONE', 3,
 ( #4334, #2732, #1151, #822, #18, #2297 ),
 .UNSPECIFIED., .F., .F.,
 ( 4, 2, 4 ),
 ( 2.000000000000000000, 3.000000000000000000, 4.000000000000000000 ),
 .UNSPECIFIED. ) ;
#2385 = AXIS2_PLACEMENT_3D ( 'NONE', #900, #876, #2484 ) ;
#2386 = VERTEX_POINT ( 'NONE', #4323 ) ;
#2387 = DIRECTION ( 'NONE',  ( 0.000000000000000000, 0.000000000000000000, 1.000000000000000000 ) ) ;
#2388 = CARTESIAN_POINT ( 'NONE',  ( 36.13642652309636105, 63.22390502553643188, 4.599999999999999645 ) ) ;
#2389 = CARTESIAN_POINT ( 'NONE',  ( 35.09940047173320465, 68.10004456002852180, 4.599999999999999645 ) ) ;
#2390 = ORIENTED_EDGE ( 'NONE', *, *, #1255, .F. ) ;
#2391 = FACE_OUTER_BOUND ( 'NONE', #1317, .T. ) ;
#2392 = CARTESIAN_POINT ( 'NONE',  ( 47.92276532451271720, 52.83655436281766526, 5.000000000000000000 ) ) ;
#2393 = VERTEX_POINT ( 'NONE', #810 ) ;
#2394 = CARTESIAN_POINT ( 'NONE',  ( 5.000000000000000000, 120.0000000000000000, 5.000000000000000000 ) ) ;
#2395 = EDGE_CURVE ( 'NONE', #4009, #4761, #2287, .T. ) ;
#2396 = ORIENTED_EDGE ( 'NONE', *, *, #2587, .F. ) ;
#2397 = EDGE_CURVE ( 'NONE', #3700, #3496, #4811, .T. ) ;
#2398 = DIRECTION ( 'NONE',  ( -0.000000000000000000, -0.000000000000000000, 1.000000000000000000 ) ) ;
#2399 = CARTESIAN_POINT ( 'NONE',  ( 56.20969273636310959, 68.63604813294755047, 5.000000000000000000 ) ) ;
#2400 = VECTOR ( 'NONE', #2669, 1000.000000000000000 ) ;
#2401 = EDGE_LOOP ( 'NONE', ( #4677, #3464, #1190, #4102, #3584, #133 ) ) ;
#2402 = LINE ( 'NONE', #2701, #4565 ) ;
#2403 = DIRECTION ( 'NONE',  ( 0.000000000000000000, 0.000000000000000000, -1.000000000000000000 ) ) ;
#2404 = CARTESIAN_POINT ( 'NONE',  ( 74.50000000000000000, 73.50000000000000000, 1.500000000000000000 ) ) ;
#2405 = EDGE_CURVE ( 'NONE', #2206, #3678, #2365, .T. ) ;
#2406 = VECTOR ( 'NONE', #3857, 1000.000000000000000 ) ;
#2407 = CARTESIAN_POINT ( 'NONE',  ( 53.87637639000512024, 56.38741473562488693, 5.000000000000000000 ) ) ;
#2408 = EDGE_CURVE ( 'NONE', #4345, #2386, #3083, .T. ) ;
#2409 = CARTESIAN_POINT ( 'NONE',  ( 41.19160789426833702, 63.02673180877590653, 5.000000000000000000 ) ) ;
#2410 = DIRECTION ( 'NONE',  ( 1.000000000000000000, 0.000000000000000000, 0.000000000000000000 ) ) ;
#2411 = DIRECTION ( 'NONE',  ( -1.000000000000000000, 0.000000000000000000, 0.000000000000000000 ) ) ;
#2412 = ADVANCED_FACE ( 'NONE', ( #2110 ), #3673, .F. ) ;
#2413 = ORIENTED_EDGE ( 'NONE', *, *, #3714, .T. ) ;
#2414 = EDGE_CURVE ( 'NONE', #4891, #2958, #2065, .T. ) ;
#2415 = ADVANCED_FACE ( 'NONE', ( #3240 ), #158, .F. ) ;
#2416 = ORIENTED_EDGE ( 'NONE', *, *, #1120, .F. ) ;
#2417 = EDGE_CURVE ( 'NONE', #4817, #3901, #3232, .T. ) ;
#2418 = CARTESIAN_POINT ( 'NONE',  ( 0.4999999999999976130, 46.49999999999999289, 1.500000000000000000 ) ) ;
#2419 = CARTESIAN_POINT ( 'NONE',  ( 52.07689581311743154, 56.62338243729705312, 4.599999999999999645 ) ) ;
#2420 = PLANE ( 'NONE',  #725 ) ;
#2421 = EDGE_CURVE ( 'NONE', #1296, #2034, #4380, .T. ) ;
#2422 = EDGE_LOOP ( 'NONE', ( #1574, #21, #2071, #4619 ) ) ;
#2423 = CARTESIAN_POINT ( 'NONE',  ( 51.97385331965852373, 56.96884372970191635, 4.599999999999999645 ) ) ;
#2424 = CARTESIAN_POINT ( 'NONE',  ( 33.01779607714239972, 60.15890489015593090, 4.599999999999999645 ) ) ;
#2425 = ORIENTED_EDGE ( 'NONE', *, *, #4218, .F. ) ;
#2426 = DIRECTION ( 'NONE',  ( 0.000000000000000000, 0.000000000000000000, 1.000000000000000000 ) ) ;
#2427 = ORIENTED_EDGE ( 'NONE', *, *, #1341, .T. ) ;
#2428 = CARTESIAN_POINT ( 'NONE',  ( 2.499999999999998668, 4.999999999999993783, -12.50000000000000000 ) ) ;
#2429 = VECTOR ( 'NONE', #4192, 1000.000000000000000 ) ;
#2430 = CARTESIAN_POINT ( 'NONE',  ( 67.49999999999998579, -9.540979117872439019E-15, -10.00000000000000000 ) ) ;
#2431 = VERTEX_POINT ( 'NONE', #4021 ) ;
#2432 = CARTESIAN_POINT ( 'NONE',  ( 45.34840069594080347, 52.54526264242620215, 5.000000000000000000 ) ) ;
#2433 = CARTESIAN_POINT ( 'NONE',  ( 1.499999999999997335, 46.49999999999999289, 1.500000000000000000 ) ) ;
#2434 = CARTESIAN_POINT ( 'NONE',  ( 75.00000000000000000, 75.00000000000000000, -1.836970198721028701E-16 ) ) ;
#2435 = DIRECTION ( 'NONE',  ( -0.000000000000000000, 0.000000000000000000, 1.000000000000000000 ) ) ;
#2436 = LINE ( 'NONE', #4003, #3873 ) ;
#2437 = DIRECTION ( 'NONE',  ( -0.9999976573062887564, -0.002164574307904475192, 0.000000000000000000 ) ) ;
#2438 = VECTOR ( 'NONE', #1764, 1000.000000000000000 ) ;
#2439 = CARTESIAN_POINT ( 'NONE',  ( -0.1495104866752860751, 69.07138085878806066, 4.599999999999999645 ) ) ;
#2440 = ORIENTED_EDGE ( 'NONE', *, *, #3000, .F. ) ;
#2441 = ORIENTED_EDGE ( 'NONE', *, *, #3923, .F. ) ;
#2442 = AXIS2_PLACEMENT_3D ( 'NONE', #4829, #604, #3323 ) ;
#2443 = CARTESIAN_POINT ( 'NONE',  ( 22.50000000000000355, 112.5000000000000000, -10.00000000000000000 ) ) ;
#2444 = VECTOR ( 'NONE', #657, 1000.000000000000000 ) ;
#2445 = CARTESIAN_POINT ( 'NONE',  ( 34.94305739570599201, 68.62528759425747182, 5.000000000000000000 ) ) ;
#2446 = EDGE_LOOP ( 'NONE', ( #2715, #233, #1922 ) ) ;
#2447 = CARTESIAN_POINT ( 'NONE',  ( 56.31831518861017827, 68.97138550662481293, 5.000000000000000000 ) ) ;
#2448 = EDGE_LOOP ( 'NONE', ( #1947, #622, #1218, #3556, #3089, #3469 ) ) ;
#2449 = DIRECTION ( 'NONE',  ( -0.000000000000000000, -0.7071067811865474617, 0.7071067811865476838 ) ) ;
#2450 = CIRCLE ( 'NONE', #4085, 1.000000000000000000 ) ;
#2451 = ORIENTED_EDGE ( 'NONE', *, *, #1174, .T. ) ;
#2452 = CARTESIAN_POINT ( 'NONE',  ( 61.25000000000001421, 117.5000000000000000, -15.00000000000000000 ) ) ;
#2453 = EDGE_CURVE ( 'NONE', #984, #3743, #4816, .T. ) ;
#2454 = CARTESIAN_POINT ( 'NONE',  ( 67.50000000000000000, 2.499999999999996003, -10.00000000000000178 ) ) ;
#2455 = EDGE_LOOP ( 'NONE', ( #3687, #4187, #4104, #4087, #1320, #4601, #4257, #2880 ) ) ;
#2456 = B_SPLINE_CURVE_WITH_KNOTS ( 'NONE', 3,
 ( #1426, #631, #4484, #4101 ),
 .UNSPECIFIED., .F., .F.,
 ( 4, 4 ),
 ( 4.000000000000000000, 5.000000000000000000 ),
 .UNSPECIFIED. ) ;
#2457 = CARTESIAN_POINT ( 'NONE',  ( 1.490330855880392269, 46.30365282487669276, 0.4967769519601262784 ) ) ;
#2458 = CARTESIAN_POINT ( 'NONE',  ( 74.09881687055322175, 74.75167855023863694, 0.9011831294467211873 ) ) ;
#2459 = VECTOR ( 'NONE', #985, 1000.000000000000000 ) ;
#2460 = DIRECTION ( 'NONE',  ( -1.000000000000000000, 0.000000000000000000, 0.000000000000000000 ) ) ;
#2461 = CARTESIAN_POINT ( 'NONE',  ( 2.499999999999998668, 4.999999999999993783, -12.50000000000000000 ) ) ;
#2462 = PLANE ( 'NONE',  #3774 ) ;
#2463 = EDGE_CURVE ( 'NONE', #1565, #4545, #3305, .T. ) ;
#2464 = EDGE_LOOP ( 'NONE', ( #4641, #2295, #371 ) ) ;
#2465 = VERTEX_POINT ( 'NONE', #4450 ) ;
#2466 = DIRECTION ( 'NONE',  ( -0.000000000000000000, -0.000000000000000000, 1.000000000000000000 ) ) ;
#2467 = CARTESIAN_POINT ( 'NONE',  ( 0.000000000000000000, 73.50000000000000000, 1.500000000000000000 ) ) ;
#2468 = ORIENTED_EDGE ( 'NONE', *, *, #2008, .F. ) ;
#2469 = AXIS2_PLACEMENT_3D ( 'NONE', #3302, #4884, #2561 ) ;
#2470 = DIRECTION ( 'NONE',  ( 0.000000000000000000, 1.000000000000000000, -0.000000000000000000 ) ) ;
#2471 = ORIENTED_EDGE ( 'NONE', *, *, #2661, .F. ) ;
#2472 = CARTESIAN_POINT ( 'NONE',  ( 35.87667499726751430, 69.15288993489288316, 4.599999999999999645 ) ) ;
#2473 = VERTEX_POINT ( 'NONE', #1744 ) ;
#2474 = DIRECTION ( 'NONE',  ( 0.000000000000000000, 0.000000000000000000, 1.000000000000000000 ) ) ;
#2475 = EDGE_CURVE ( 'NONE', #2862, #3239, #3146, .T. ) ;
#2476 = VECTOR ( 'NONE', #2694, 1000.000000000000000 ) ;
#2477 = CARTESIAN_POINT ( 'NONE',  ( 28.99618295937897372, 45.67025248322667608, 5.000000000000000000 ) ) ;
#2478 = ORIENTED_EDGE ( 'NONE', *, *, #438, .T. ) ;
#2479 = CARTESIAN_POINT ( 'NONE',  ( 44.98508136713597594, 52.54447620889911974, 4.599999999999999645 ) ) ;
#2480 = CARTESIAN_POINT ( 'NONE',  ( 73.50966914411966968, 73.69634717512364830, 0.4967769519601279993 ) ) ;
#2481 = EDGE_CURVE ( 'NONE', #1686, #2745, #2086, .T. ) ;
#2482 = CARTESIAN_POINT ( 'NONE',  ( -2.417770844642675282E-15, 46.49999999999999289, 1.500000000000000000 ) ) ;
#2483 = CARTESIAN_POINT ( 'NONE',  ( 74.95617666767023479, 45.15278095438171846, 0.6668159076367717875 ) ) ;
#2484 = DIRECTION ( 'NONE',  ( -1.000000000000000000, 0.000000000000000000, 0.000000000000000000 ) ) ;
#2485 = VECTOR ( 'NONE', #3193, 1000.000000000000000 ) ;
#2486 = ORIENTED_EDGE ( 'NONE', *, *, #2350, .T. ) ;
#2487 = ORIENTED_EDGE ( 'NONE', *, *, #3096, .T. ) ;
#2488 = FACE_OUTER_BOUND ( 'NONE', #565, .T. ) ;
#2489 = LINE ( 'NONE', #2467, #3099 ) ;
#2490 = ORIENTED_EDGE ( 'NONE', *, *, #4586, .F. ) ;
#2491 = CARTESIAN_POINT ( 'NONE',  ( 65.35148764806179145, 19.38669273430911844, 5.000000000000000000 ) ) ;
#2492 = ORIENTED_EDGE ( 'NONE', *, *, #1974, .T. ) ;
#2493 = EDGE_CURVE ( 'NONE', #1329, #1121, #2856, .T. ) ;
#2494 = DIRECTION ( 'NONE',  ( -1.228762462150238276E-16, -1.000000000000000000, 0.000000000000000000 ) ) ;
#2495 = ORIENTED_EDGE ( 'NONE', *, *, #4131, .F. ) ;
#2496 = CARTESIAN_POINT ( 'NONE',  ( 5.000000000000000888, 2.499999999999996003, -10.00000000000000178 ) ) ;
#2497 = EDGE_CURVE ( 'NONE', #408, #4094, #1128, .T. ) ;
#2498 = DIRECTION ( 'NONE',  ( 0.000000000000000000, -0.000000000000000000, 1.000000000000000000 ) ) ;
#2499 = ORIENTED_EDGE ( 'NONE', *, *, #1561, .T. ) ;
#2500 = PLANE ( 'NONE',  #4971 ) ;
#2501 = CARTESIAN_POINT ( 'NONE',  ( 74.24457159468852296, 74.81067960955668639, 0.2518094684370367209 ) ) ;
#2502 = CIRCLE ( 'NONE', #282, 5.000000000000000888 ) ;
#2503 = SURFACE_STYLE_FILL_AREA ( #4480 ) ;
#2504 = CARTESIAN_POINT ( 'NONE',  ( 27.50000000000000000, -0.001000000000014877877, -10.00000000000000000 ) ) ;
#2505 = FACE_OUTER_BOUND ( 'NONE', #22, .T. ) ;
#2506 = ORIENTED_EDGE ( 'NONE', *, *, #3454, .T. ) ;
#2507 = EDGE_LOOP ( 'NONE', ( #943, #2085, #3966, #112, #304, #1757, #2261, #1745 ) ) ;
#2508 = EDGE_CURVE ( 'NONE', #2958, #2040, #3266, .T. ) ;
#2509 = CARTESIAN_POINT ( 'NONE',  ( 75.00000000000000000, 73.50000000000000000, 0.000000000000000000 ) ) ;
#2510 = CARTESIAN_POINT ( 'NONE',  ( 52.50000000000000711, -0.001000000000014877877, -10.00000000000000711 ) ) ;
#2511 = AXIS2_PLACEMENT_3D ( 'NONE', #2272, #2246, #1123 ) ;
#2512 = VECTOR ( 'NONE', #4367, 1000.000000000000000 ) ;
#2513 = ORIENTED_EDGE ( 'NONE', *, *, #3917, .T. ) ;
#2514 = B_SPLINE_SURFACE_WITH_KNOTS ( 'NONE', 3, 1, ( 
 ( #2344, #2319 ),
 ( #1197, #2728 ),
 ( #424, #38 ),
 ( #3169, #4301 ) ),
 .UNSPECIFIED., .F., .F., .F.,
 ( 4, 4 ),
 ( 2, 2 ),
 ( 16.00000000000000000, 17.00000000000000000 ),
 ( 0.000000000000000000, 1.000000000000000000 ),
 .UNSPECIFIED. ) ;
#2515 = CARTESIAN_POINT ( 'NONE',  ( 1.500000000000001110, 75.00000000000000000, 1.500000000000000000 ) ) ;
#2516 = EDGE_LOOP ( 'NONE', ( #502, #4700, #365, #567 ) ) ;
#2517 = VECTOR ( 'NONE', #2602, 1000.000000000000000 ) ;
#2518 = CARTESIAN_POINT ( 'NONE',  ( 67.50000000000000000, -9.540979117872439019E-15, -9.999999999999998224 ) ) ;
#2519 = ORIENTED_EDGE ( 'NONE', *, *, #3094, .F. ) ;
#2520 = PRODUCT_DEFINITION_FORMATION_WITH_SPECIFIED_SOURCE ( 'ANY', '', #842, .NOT_KNOWN. ) ;
#2521 = LINE ( 'NONE', #4818, #3541 ) ;
#2522 = LINE ( 'NONE', #1992, #3681 ) ;
#2523 = CARTESIAN_POINT ( 'NONE',  ( 32.49297329594386241, 48.40096926034961911, 4.599999999999999645 ) ) ;
#2524 = VERTEX_POINT ( 'NONE', #2472 ) ;
#2525 = VECTOR ( 'NONE', #4504, 1000.000000000000000 ) ;
#2526 = CARTESIAN_POINT ( 'NONE',  ( 39.20752677072000125, 50.76827381737618339, 5.000000000000000000 ) ) ;
#2527 = CARTESIAN_POINT ( 'NONE',  ( 27.50000000000000000, 120.0000000000000142, -10.00000000000000000 ) ) ;
#2528 = CARTESIAN_POINT ( 'NONE',  ( 73.54797501467069765, 46.11107620907489490, 0.4840083284431040966 ) ) ;
#2529 = CARTESIAN_POINT ( 'NONE',  ( 72.50000000000000000, 4.999999999999993783, -12.50000000000000000 ) ) ;
#2530 = ORIENTED_EDGE ( 'NONE', *, *, #4532, .F. ) ;
#2531 = ORIENTED_EDGE ( 'NONE', *, *, #3539, .F. ) ;
#2532 = EDGE_CURVE ( 'NONE', #1394, #1543, #1507, .T. ) ;
#2533 = LINE ( 'NONE', #4563, #1729 ) ;
#2534 = PLANE ( 'NONE',  #4912 ) ;
#2535 = EDGE_LOOP ( 'NONE', ( #1361, #4128, #2006, #4472 ) ) ;
#2536 = EDGE_CURVE ( 'NONE', #536, #3458, #2925, .T. ) ;
#2537 = DIRECTION ( 'NONE',  ( 1.000000000000000000, 0.000000000000000000, 0.000000000000000000 ) ) ;
#2538 = ORIENTED_EDGE ( 'NONE', *, *, #3568, .F. ) ;
#2539 = CARTESIAN_POINT ( 'NONE',  ( 41.61370355988124459, 63.57791923454993110, 4.599999999999999645 ) ) ;
#2540 = EDGE_LOOP ( 'NONE', ( #3868, #5013, #4875 ) ) ;
#2541 = ORIENTED_EDGE ( 'NONE', *, *, #1122, .T. ) ;
#2542 = DIRECTION ( 'NONE',  ( -0.000000000000000000, -0.000000000000000000, 1.000000000000000000 ) ) ;
#2543 = B_SPLINE_CURVE_WITH_KNOTS ( 'NONE', 3,
 ( #2407, #1667, #2788, #2134 ),
 .UNSPECIFIED., .F., .F.,
 ( 4, 4 ),
 ( 35.00000000000000000, 36.00000000000000000 ),
 .UNSPECIFIED. ) ;
#2544 = CARTESIAN_POINT ( 'NONE',  ( 31.42165254070773628, -10.77726782925159732, 5.000000000000000000 ) ) ;
#2545 = ORIENTED_EDGE ( 'NONE', *, *, #4511, .T. ) ;
#2546 = ADVANCED_FACE ( 'NONE', ( #478 ), #4406, .F. ) ;
#2547 = CARTESIAN_POINT ( 'NONE',  ( 39.10000000000004405, 21.89999999999999503, 0.000000000000000000 ) ) ;
#2548 = CARTESIAN_POINT ( 'NONE',  ( 37.87316993195197767, 69.15721150665848427, 5.000000000000000000 ) ) ;
#2549 = VECTOR ( 'NONE', #3781, 1000.000000000000000 ) ;
#2550 = LINE ( 'NONE', #603, #262 ) ;
#2551 = CARTESIAN_POINT ( 'NONE',  ( 49.81101981722417804, 63.73675655674161789, 5.000000000000000000 ) ) ;
#2552 = EDGE_CURVE ( 'NONE', #2278, #2025, #1315, .T. ) ;
#2553 = DIRECTION ( 'NONE',  ( 0.000000000000000000, 0.000000000000000000, 1.000000000000000000 ) ) ;
#2554 = DIRECTION ( 'NONE',  ( 0.000000000000000000, -0.000000000000000000, 1.000000000000000000 ) ) ;
#2555 = B_SPLINE_SURFACE_WITH_KNOTS ( 'NONE', 3, 1, ( 
 ( #3941, #422 ),
 ( #2781, #3555 ),
 ( #36, #3501 ),
 ( #841, #2399 ) ),
 .UNSPECIFIED., .F., .F., .F.,
 ( 4, 4 ),
 ( 2, 2 ),
 ( 0.000000000000000000, 1.000000000000000000 ),
 ( 0.000000000000000000, 1.000000000000000000 ),
 .UNSPECIFIED. ) ;
#2556 = EDGE_CURVE ( 'NONE', #3513, #2244, #4828, .T. ) ;
#2557 = ORIENTED_EDGE ( 'NONE', *, *, #527, .T. ) ;
#2558 = ADVANCED_FACE ( 'NONE', ( #4803 ), #4072, .F. ) ;
#2559 = EDGE_CURVE ( 'NONE', #1100, #3244, #5044, .T. ) ;
#2560 = AXIS2_PLACEMENT_3D ( 'NONE', #370, #4684, #3138 ) ;
#2561 = DIRECTION ( 'NONE',  ( -1.000000000000000000, 0.000000000000000000, -0.000000000000000000 ) ) ;
#2562 = EDGE_CURVE ( 'NONE', #2869, #4048, #2160, .T. ) ;
#2563 = DIRECTION ( 'NONE',  ( 0.9999976573062887564, 0.002164574307901916041, 0.000000000000000000 ) ) ;
#2564 = ORIENTED_EDGE ( 'NONE', *, *, #527, .F. ) ;
#2565 = VECTOR ( 'NONE', #3650, 1000.000000000000114 ) ;
#2566 = DIRECTION ( 'NONE',  ( 1.000000000000000000, 0.000000000000000000, 0.000000000000000000 ) ) ;
#2567 = EDGE_LOOP ( 'NONE', ( #5040, #135, #1647, #2643, #558, #2852, #3579, #559 ) ) ;
#2568 = CARTESIAN_POINT ( 'NONE',  ( 39.59999999999999432, 21.89999999999999503, 3.100000000000000089 ) ) ;
#2569 = EDGE_CURVE ( 'NONE', #2393, #4456, #3060, .T. ) ;
#2570 = VERTEX_POINT ( 'NONE', #3322 ) ;
#2571 = EDGE_LOOP ( 'NONE', ( #337, #4063, #828, #3188, #4739 ) ) ;
#2572 = CARTESIAN_POINT ( 'NONE',  ( 26.17347629967592226, 69.52399929548074908, 5.000000000000000000 ) ) ;
#2573 = AXIS2_PLACEMENT_3D ( 'NONE', #1295, #545, #1723 ) ;
#2574 = CARTESIAN_POINT ( 'NONE',  ( 13.74999999999998757, 116.2500000000000000, -15.00000000000000000 ) ) ;
#2575 = ORIENTED_EDGE ( 'NONE', *, *, #213, .F. ) ;
#2576 = CARTESIAN_POINT ( 'NONE',  ( 26.88347510842798016, 60.24439457978235168, 4.599999999999999645 ) ) ;
#2577 = DIRECTION ( 'NONE',  ( -0.3244355677352885325, -0.9459077980375681927, 0.000000000000000000 ) ) ;
#2578 = CARTESIAN_POINT ( 'NONE',  ( 22.49999999999998579, 99.79999999999999716, 0.000000000000000000 ) ) ;
#2579 = LINE ( 'NONE', #1780, #3913 ) ;
#2580 = AXIS2_PLACEMENT_3D ( 'NONE', #1840, #4966, #3410 ) ;
#2581 = DIRECTION ( 'NONE',  ( 0.2842690850060091146, -0.9587445370430260905, 0.000000000000000000 ) ) ;
#2582 = CARTESIAN_POINT ( 'NONE',  ( 24.99999999999998579, 99.79999999999999716, 0.000000000000000000 ) ) ;
#2583 = EDGE_LOOP ( 'NONE', ( #3712, #1169, #1674, #60 ) ) ;
#2584 = LINE ( 'NONE', #1428, #3331 ) ;
#2585 = CARTESIAN_POINT ( 'NONE',  ( 28.05576097198110119, 72.73037325243286944, 4.599999999999999645 ) ) ;
#2586 = CARTESIAN_POINT ( 'NONE',  ( 0.4999999999999976130, 46.49999999999999289, 0.5000000000000000000 ) ) ;
#2587 = EDGE_CURVE ( 'NONE', #1551, #735, #1692, .T. ) ;
#2588 = ORIENTED_EDGE ( 'NONE', *, *, #4958, .F. ) ;
#2589 = ORIENTED_EDGE ( 'NONE', *, *, #2154, .F. ) ;
#2590 = CARTESIAN_POINT ( 'NONE',  ( 0.000000000000000000, 4.999999999999993783, -12.50000000000000000 ) ) ;
#2591 = CARTESIAN_POINT ( 'NONE',  ( 59.41939945595165540, 50.81202402019854958, 4.599999999999999645 ) ) ;
#2592 = AXIS2_PLACEMENT_3D ( 'NONE', #2768, #3875, #4644 ) ;
#2593 = VERTEX_POINT ( 'NONE', #4853 ) ;
#2594 = VERTEX_POINT ( 'NONE', #188 ) ;
#2595 = CARTESIAN_POINT ( 'NONE',  ( 33.01779607714239972, 60.15890489015593090, 4.599999999999999645 ) ) ;
#2596 = CIRCLE ( 'NONE', #2187, 5.000000000000004441 ) ;
#2597 = FACE_OUTER_BOUND ( 'NONE', #901, .T. ) ;
#2598 = ORIENTED_EDGE ( 'NONE', *, *, #4836, .T. ) ;
#2599 = DIRECTION ( 'NONE',  ( -0.000000000000000000, 0.000000000000000000, 1.000000000000000000 ) ) ;
#2600 = LINE ( 'NONE', #1777, #2549 ) ;
#2601 = CARTESIAN_POINT ( 'NONE',  ( 47.50000000000062528, 117.5000000000000000, -5.000000000000004441 ) ) ;
#2602 = DIRECTION ( 'NONE',  ( -0.000000000000000000, -0.000000000000000000, -1.000000000000000000 ) ) ;
#2603 = DIRECTION ( 'NONE',  ( -0.000000000000000000, -0.000000000000000000, 1.000000000000000000 ) ) ;
#2604 = DIRECTION ( 'NONE',  ( 0.000000000000000000, -0.000000000000000000, 1.000000000000000000 ) ) ;
#2605 = ORIENTED_EDGE ( 'NONE', *, *, #1402, .T. ) ;
#2606 = CARTESIAN_POINT ( 'NONE',  ( 35.39999999999999858, 21.89999999999999503, 3.100000000000000089 ) ) ;
#2607 = EDGE_CURVE ( 'NONE', #735, #1714, #4097, .T. ) ;
#2608 = CARTESIAN_POINT ( 'NONE',  ( 23.96329594661243689, 60.01231934864183160, 4.599999999999999645 ) ) ;
#2609 = DIRECTION ( 'NONE',  ( 0.002164574307892184243, -0.9999976573062887564, 0.000000000000000000 ) ) ;
#2610 = MANIFOLD_SOLID_BREP ( 'Enl\X2\00e8\X0\vement de mati\X2\00e8\X0\re-Balayage1', #1637 ) ;
#2611 = EDGE_LOOP ( 'NONE', ( #1070, #2662, #1789, #1816 ) ) ;
#2612 = ORIENTED_EDGE ( 'NONE', *, *, #1260, .T. ) ;
#2613 = CARTESIAN_POINT ( 'NONE',  ( 17.51381357382892645, -6.007037960595728698, 4.599999999999999645 ) ) ;
#2614 = DIRECTION ( 'NONE',  ( -0.9725882268247872942, 0.2325341717722711754, 0.000000000000000000 ) ) ;
#2615 = EDGE_CURVE ( 'NONE', #1270, #3267, #2436, .T. ) ;
#2616 = ORIENTED_EDGE ( 'NONE', *, *, #817, .T. ) ;
#2617 = ORIENTED_EDGE ( 'NONE', *, *, #4540, .F. ) ;
#2618 = DIRECTION ( 'NONE',  ( -0.000000000000000000, -0.000000000000000000, 1.000000000000000000 ) ) ;
#2619 = LINE ( 'NONE', #4920, #1335 ) ;
#2620 = ORIENTED_EDGE ( 'NONE', *, *, #4402, .F. ) ;
#2621 = FACE_OUTER_BOUND ( 'NONE', #3997, .T. ) ;
#2622 = EDGE_CURVE ( 'NONE', #1121, #2339, #682, .T. ) ;
#2623 = EDGE_CURVE ( 'NONE', #3095, #4906, #180, .T. ) ;
#2624 = DIRECTION ( 'NONE',  ( -1.000000000000000000, 4.625929269271485914E-16, 0.000000000000000000 ) ) ;
#2625 = VECTOR ( 'NONE', #1430, 1000.000000000000000 ) ;
#2626 = CARTESIAN_POINT ( 'NONE',  ( 0.9011831294467331777, 74.75167855023860852, 0.9011831294467274045 ) ) ;
#2627 = CARTESIAN_POINT ( 'NONE',  ( 22.50000000000000000, 117.5000000000000000, -15.00000000000065192 ) ) ;
#2628 = EDGE_CURVE ( 'NONE', #2958, #160, #2118, .T. ) ;
#2629 = CARTESIAN_POINT ( 'NONE',  ( 47.18616342779203876, 52.54924062573878274, 5.000000000000000000 ) ) ;
#2630 = B_SPLINE_CURVE_WITH_KNOTS ( 'NONE', 3,
 ( #4850, #2357, #445, #5042 ),
 .UNSPECIFIED., .F., .F.,
 ( 4, 4 ),
 ( 29.00000000000000000, 30.00000000000000000 ),
 .UNSPECIFIED. ) ;
#2631 = ORIENTED_EDGE ( 'NONE', *, *, #5083, .F. ) ;
#2632 = AXIS2_PLACEMENT_3D ( 'NONE', #4090, #1297, #3242 ) ;
#2633 = CARTESIAN_POINT ( 'NONE',  ( 26.16751767727940958, 50.41905633430118883, 4.599999999999999645 ) ) ;
#2634 = DIRECTION ( 'NONE',  ( 0.000000000000000000, 0.7071067811865474617, -0.7071067811865476838 ) ) ;
#2635 = LINE ( 'NONE', #2997, #3508 ) ;
#2636 = ORIENTED_EDGE ( 'NONE', *, *, #2038, .T. ) ;
#2637 = CIRCLE ( 'NONE', #3960, 2.099999999999997868 ) ;
#2638 = EDGE_LOOP ( 'NONE', ( #1546, #3542, #1795, #2451 ) ) ;
#2639 = DIRECTION ( 'NONE',  ( 0.000000000000000000, 0.7071067811865476838, 0.7071067811865474617 ) ) ;
#2640 = EDGE_CURVE ( 'NONE', #4165, #1746, #3682, .T. ) ;
#2641 = FACE_OUTER_BOUND ( 'NONE', #1871, .T. ) ;
#2642 = DIRECTION ( 'NONE',  ( -1.000000000000000000, 0.000000000000000000, 0.000000000000000000 ) ) ;
#2643 = ORIENTED_EDGE ( 'NONE', *, *, #2623, .F. ) ;
#2644 = AXIS2_PLACEMENT_3D ( 'NONE', #4469, #950, #432 ) ;
#2645 = ORIENTED_EDGE ( 'NONE', *, *, #4631, .T. ) ;
#2646 = CARTESIAN_POINT ( 'NONE',  ( 33.01779607714239972, 60.15890489015593090, 5.000000000000000000 ) ) ;
#2647 = LINE ( 'NONE', #4574, #23 ) ;
#2648 = ORIENTED_EDGE ( 'NONE', *, *, #2713, .T. ) ;
#2649 = CARTESIAN_POINT ( 'NONE',  ( -0.1097077414813996121, 50.68316854231772339, 5.000000000000000000 ) ) ;
#2650 = CARTESIAN_POINT ( 'NONE',  ( 45.34840069594080347, 52.54526264242618794, 5.000000000000000000 ) ) ;
#2651 = DIRECTION ( 'NONE',  ( -9.199760500100218944E-17, 0.7071067811865494601, -0.7071067811865456854 ) ) ;
#2652 = CARTESIAN_POINT ( 'NONE',  ( 1.202225496247727676, 74.46556032481937848, 1.202225496247726344 ) ) ;
#2653 = CARTESIAN_POINT ( 'NONE',  ( 74.60244617794749900, 45.58501535375197022, 1.192661466158059236 ) ) ;
#2654 = CYLINDRICAL_SURFACE ( 'NONE', #3591, 1.000000000000000000 ) ;
#2655 = DIRECTION ( 'NONE',  ( 1.000000000000000000, 0.000000000000000000, -0.000000000000000000 ) ) ;
#2656 = CARTESIAN_POINT ( 'NONE',  ( 29.90268027374996151, 55.46778468053395272, 4.599999999999999645 ) ) ;
#2657 = FACE_OUTER_BOUND ( 'NONE', #2448, .T. ) ;
#2658 = CARTESIAN_POINT ( 'NONE',  ( 50.00000000000000000, 102.2999999999999972, 3.100000000000000089 ) ) ;
#2659 = CARTESIAN_POINT ( 'NONE',  ( 0.1847761177309279745, 45.83330897006320725, 1.347278031071429849 ) ) ;
#2660 = VECTOR ( 'NONE', #4773, 1000.000000000000114 ) ;
#2661 = EDGE_CURVE ( 'NONE', #4016, #1997, #4617, .T. ) ;
#2662 = ORIENTED_EDGE ( 'NONE', *, *, #1654, .T. ) ;
#2663 = VERTEX_POINT ( 'NONE', #575 ) ;
#2664 = CARTESIAN_POINT ( 'NONE',  ( 63.82145453975622473, 3.806667673894479798, 5.000000000000000000 ) ) ;
#2665 = CARTESIAN_POINT ( 'NONE',  ( 14.38323494084624166, 60.15874940231086043, 5.000000000000000000 ) ) ;
#2666 = CARTESIAN_POINT ( 'NONE',  ( 0.2303039929152719822, 46.49999999999999289, 1.500000000000000000 ) ) ;
#2667 = ORIENTED_EDGE ( 'NONE', *, *, #2252, .T. ) ;
#2668 = LINE ( 'NONE', #1215, #4038 ) ;
#2669 = DIRECTION ( 'NONE',  ( -0.000000000000000000, -1.000000000000000000, -0.000000000000000000 ) ) ;
#2670 = EDGE_LOOP ( 'NONE', ( #5018, #1337, #3953 ) ) ;
#2671 = VECTOR ( 'NONE', #609, 1000.000000000000000 ) ;
#2672 = CARTESIAN_POINT ( 'NONE',  ( 72.49999999999998579, 3.535533905932731980, -11.03553390593273953 ) ) ;
#2673 = CARTESIAN_POINT ( 'NONE',  ( 61.71829178137526384, 4.045320493428457453, 4.599999999999999645 ) ) ;
#2674 = VECTOR ( 'NONE', #2325, 1000.000000000000000 ) ;
#2675 = CARTESIAN_POINT ( 'NONE',  ( 5.000000000000000000, 0.000000000000000000, 0.000000000000000000 ) ) ;
#2676 = CARTESIAN_POINT ( 'NONE',  ( 0.2650916781406461031, 74.98741665692840286, 0.2650916781406452705 ) ) ;
#2677 = AXIS2_PLACEMENT_3D ( 'NONE', #3197, #4415, #3246 ) ;
#2678 = LINE ( 'NONE', #5056, #4513 ) ;
#2679 = CARTESIAN_POINT ( 'NONE',  ( 16.97589199274863958, 59.84551655870923526, 4.599999999999999645 ) ) ;
#2680 = VERTEX_POINT ( 'NONE', #1852 ) ;
#2681 = CARTESIAN_POINT ( 'NONE',  ( 5.000000000000000000, 2.499999999999993783, -12.50000000000000000 ) ) ;
#2682 = FACE_OUTER_BOUND ( 'NONE', #902, .T. ) ;
#2683 = CIRCLE ( 'NONE', #4658, 2.500000000000002220 ) ;
#2684 = CARTESIAN_POINT ( 'NONE',  ( 32.46596180904801088, 71.73792631199650316, 4.599999999999999645 ) ) ;
#2685 = EDGE_CURVE ( 'NONE', #2795, #4728, #3347, .T. ) ;
#2686 = ORIENTED_EDGE ( 'NONE', *, *, #296, .T. ) ;
#2687 = ORIENTED_EDGE ( 'NONE', *, *, #1035, .F. ) ;
#2688 = CYLINDRICAL_SURFACE ( 'NONE', #2021, 2.500000000000003997 ) ;
#2689 = CARTESIAN_POINT ( 'NONE',  ( 34.58037044103966906, 60.18697884857790115, 4.599999999999999645 ) ) ;
#2690 = CARTESIAN_POINT ( 'NONE',  ( 38.85478914024159991, 50.76751028877509953, 4.599999999999999645 ) ) ;
#2691 = EDGE_CURVE ( 'NONE', #2822, #1863, #4529, .T. ) ;
#2692 = VECTOR ( 'NONE', #4946, 1000.000000000000000 ) ;
#2693 = VERTEX_POINT ( 'NONE', #217 ) ;
#2694 = DIRECTION ( 'NONE',  ( -0.000000000000000000, -0.000000000000000000, 1.000000000000000000 ) ) ;
#2695 = DIRECTION ( 'NONE',  ( 0.000000000000000000, 1.000000000000000000, 0.000000000000000000 ) ) ;
#2696 = ORIENTED_EDGE ( 'NONE', *, *, #4697, .F. ) ;
#2697 = FACE_OUTER_BOUND ( 'NONE', #4914, .T. ) ;
#2698 = CARTESIAN_POINT ( 'NONE',  ( 26.16751767727940958, 50.41905633430118883, 5.000000000000000000 ) ) ;
#2699 = DIRECTION ( 'NONE',  ( -1.000000000000000000, 0.000000000000000000, 0.000000000000000000 ) ) ;
#2700 = EDGE_LOOP ( 'NONE', ( #1379, #3823, #3167, #3482, #608, #3081, #4008, #4114, #4536, #2318, #1970, #5052, #381, #4916, #1838, #3567, #4470, #3749, #4069, #1959, #4784, #2589, #4377, #2441, #3963, #3261, #1822, #582, #3358, #24, #3619, #2931, #1306, #1749, #2229, #4515, #4089, #5048, #2184, #3569, #1355, #4477, #1084, #632, #1628, #4522 ) ) ;
#2701 = CARTESIAN_POINT ( 'NONE',  ( 22.50000000000000000, -0.001000000000014877877, -10.00000000000000178 ) ) ;
#2702 = CARTESIAN_POINT ( 'NONE',  ( 74.46269279592280554, 45.07125415900014076, 0.5373072040761216472 ) ) ;
#2703 = CARTESIAN_POINT ( 'NONE',  ( 17.47486356014925235, 52.58369472743159179, 4.599999999999999645 ) ) ;
#2704 = ORIENTED_EDGE ( 'NONE', *, *, #1874, .T. ) ;
#2705 = VECTOR ( 'NONE', #3202, 1000.000000000000000 ) ;
#2706 = DIRECTION ( 'NONE',  ( -0.000000000000000000, -0.000000000000000000, -1.000000000000000000 ) ) ;
#2707 = EDGE_CURVE ( 'NONE', #1761, #718, #1805, .T. ) ;
#2708 = DIRECTION ( 'NONE',  ( -0.002164574307904475192, 0.9999976573062887564, 0.000000000000000000 ) ) ;
#2709 = DIRECTION ( 'NONE',  ( 2.943923360034934810E-15, -0.7071067811865455743, -0.7071067811865493491 ) ) ;
#2710 = DIRECTION ( 'NONE',  ( -0.000000000000000000, -1.000000000000000000, -0.000000000000000000 ) ) ;
#2711 = VERTEX_POINT ( 'NONE', #3807 ) ;
#2712 = AXIS2_PLACEMENT_3D ( 'NONE', #4924, #4505, #3758 ) ;
#2713 = EDGE_CURVE ( 'NONE', #1003, #1270, #5026, .T. ) ;
#2714 = EDGE_CURVE ( 'NONE', #1161, #1615, #3396, .T. ) ;
#2715 = ORIENTED_EDGE ( 'NONE', *, *, #4232, .T. ) ;
#2716 = CARTESIAN_POINT ( 'NONE',  ( 5.000000000000000000, 5.000000000000000000, -12.50000000000000000 ) ) ;
#2717 = LINE ( 'NONE', #383, #2739 ) ;
#2718 = CARTESIAN_POINT ( 'NONE',  ( -6.938893903907228378E-15, 120.0000000000000142, -9.999999999999998224 ) ) ;
#2719 = ORIENTED_EDGE ( 'NONE', *, *, #393, .T. ) ;
#2720 = DIRECTION ( 'NONE',  ( 1.000000000000000000, 0.000000000000000000, 0.000000000000000000 ) ) ;
#2721 = DIRECTION ( 'NONE',  ( -0.000000000000000000, -0.000000000000000000, 1.000000000000000000 ) ) ;
#2722 = ORIENTED_EDGE ( 'NONE', *, *, #2383, .T. ) ;
#2723 = DIRECTION ( 'NONE',  ( 0.000000000000000000, 1.000000000000000000, 0.000000000000000000 ) ) ;
#2724 = VECTOR ( 'NONE', #4190, 1000.000000000000000 ) ;
#2725 = CARTESIAN_POINT ( 'NONE',  ( 0.000000000000000000, 0.000000000000000000, 0.000000000000000000 ) ) ;
#2726 = CARTESIAN_POINT ( 'NONE',  ( 43.44441003206581087, 63.58188194402834625, 5.000000000000000000 ) ) ;
#2727 = ORIENTED_EDGE ( 'NONE', *, *, #2976, .T. ) ;
#2728 = CARTESIAN_POINT ( 'NONE',  ( 38.24081909576754867, 68.78763099782081269, 5.000000000000000000 ) ) ;
#2729 = LINE ( 'NONE', #1908, #1758 ) ;
#2730 = CARTESIAN_POINT ( 'NONE',  ( 38.23827591779982527, 68.33259183104274825, 4.599999999999999645 ) ) ;
#2731 = LINE ( 'NONE', #3893, #4845 ) ;
#2732 = CARTESIAN_POINT ( 'NONE',  ( 26.89661543495349250, 54.17378028218959685, 4.599999999999999645 ) ) ;
#2733 = CARTESIAN_POINT ( 'NONE',  ( 28.99618295937897017, 74.32974751677330971, 4.599999999999999645 ) ) ;
#2734 = CARTESIAN_POINT ( 'NONE',  ( 75.00000000000000000, 44.99999999999999289, 0.000000000000000000 ) ) ;
#2735 = VERTEX_POINT ( 'NONE', #3371 ) ;
#2736 = ORIENTED_EDGE ( 'NONE', *, *, #4073, .F. ) ;
#2737 = VERTEX_POINT ( 'NONE', #4953 ) ;
#2738 = FACE_OUTER_BOUND ( 'NONE', #3713, .T. ) ;
#2739 = VECTOR ( 'NONE', #1949, 1000.000000000000000 ) ;
#2740 = DIRECTION ( 'NONE',  ( -0.000000000000000000, -0.000000000000000000, 1.000000000000000000 ) ) ;
#2741 = LINE ( 'NONE', #2799, #1542 ) ;
#2742 = ORIENTED_EDGE ( 'NONE', *, *, #4081, .T. ) ;
#2743 = CARTESIAN_POINT ( 'NONE',  ( 20.88358404535131641, -6.741047825046448949, 4.599999999999999645 ) ) ;
#2744 = LINE ( 'NONE', #363, #2406 ) ;
#2745 = VERTEX_POINT ( 'NONE', #5004 ) ;
#2746 = FACE_OUTER_BOUND ( 'NONE', #4364, .T. ) ;
#2747 = FACE_OUTER_BOUND ( 'NONE', #3149, .T. ) ;
#2748 = CARTESIAN_POINT ( 'NONE',  ( 73.50000000000000000, 46.49999999999999289, 0.000000000000000000 ) ) ;
#2749 = B_SPLINE_SURFACE_WITH_KNOTS ( 'NONE', 3, 1, ( 
 ( #3590, #1639 ),
 ( #3199, #399 ),
 ( #5086, #1911 ),
 ( #4306, #3121 ) ),
 .UNSPECIFIED., .F., .F., .F.,
 ( 4, 4 ),
 ( 2, 2 ),
 ( 2.000000000000000000, 3.000000000000000000 ),
 ( 0.000000000000000000, 1.000000000000000000 ),
 .UNSPECIFIED. ) ;
#2750 = VERTEX_POINT ( 'NONE', #290 ) ;
#2751 = CARTESIAN_POINT ( 'NONE',  ( 47.85035056033056122, 66.73785271226965676, 4.599999999999999645 ) ) ;
#2752 = CARTESIAN_POINT ( 'NONE',  ( 0.4339157902498672059, 45.74827394718922591, 1.301747370749582799 ) ) ;
#2753 = CARTESIAN_POINT ( 'NONE',  ( 0.000000000000000000, 5.000000000000000000, 5.000000000000000000 ) ) ;
#2754 = VECTOR ( 'NONE', #2279, 1000.000000000000000 ) ;
#2755 = EDGE_CURVE ( 'NONE', #2257, #1329, #4169, .T. ) ;
#2756 = CARTESIAN_POINT ( 'NONE',  ( 18.96159110272099824, 59.94858267635414251, 5.000000000000000000 ) ) ;
#2757 = DIRECTION ( 'NONE',  ( 0.9999976573062887564, 0.002164574307903472522, 0.000000000000000000 ) ) ;
#2758 = VECTOR ( 'NONE', #3970, 1000.000000000000000 ) ;
#2759 = CARTESIAN_POINT ( 'NONE',  ( 17.93053125479569232, 74.99553061957149680, 4.599999999999999645 ) ) ;
#2760 = LINE ( 'NONE', #2658, #418 ) ;
#2761 = CARTESIAN_POINT ( 'NONE',  ( 73.50000000000000000, 75.00000000000000000, 0.5000000000000000000 ) ) ;
#2762 = ORIENTED_EDGE ( 'NONE', *, *, #443, .F. ) ;
#2763 = ORIENTED_EDGE ( 'NONE', *, *, #4926, .T. ) ;
#2764 = ADVANCED_FACE ( 'NONE', ( #4506 ), #683, .T. ) ;
#2765 = VECTOR ( 'NONE', #384, 1000.000000000000000 ) ;
#2766 = EDGE_LOOP ( 'NONE', ( #5079, #1138, #1796, #2355 ) ) ;
#2767 = EDGE_CURVE ( 'NONE', #1208, #3502, #3706, .T. ) ;
#2768 = CARTESIAN_POINT ( 'NONE',  ( 61.25000000000001421, 117.5000000000000000, -15.00000000000000000 ) ) ;
#2769 = LINE ( 'NONE', #2798, #1193 ) ;
#2770 = DIRECTION ( 'NONE',  ( 0.000000000000000000, 0.000000000000000000, -1.000000000000000000 ) ) ;
#2771 = ORIENTED_EDGE ( 'NONE', *, *, #4478, .T. ) ;
#2772 = DIRECTION ( 'NONE',  ( 0.000000000000000000, -1.000000000000000000, 0.000000000000000000 ) ) ;
#2773 = LINE ( 'NONE', #3826, #350 ) ;
#2774 = VERTEX_POINT ( 'NONE', #4579 ) ;
#2775 = EDGE_CURVE ( 'NONE', #1785, #515, #653, .T. ) ;
#2776 = CARTESIAN_POINT ( 'NONE',  ( 59.96680715955792351, 68.43253565528095805, 4.599999999999999645 ) ) ;
#2777 = ORIENTED_EDGE ( 'NONE', *, *, #3191, .F. ) ;
#2778 = EDGE_CURVE ( 'NONE', #3502, #516, #4217, .T. ) ;
#2779 = CARTESIAN_POINT ( 'NONE',  ( 23.56683206712730083, 67.17559582444506816, 5.000000000000000000 ) ) ;
#2780 = EDGE_CURVE ( 'NONE', #4456, #360, #4129, .T. ) ;
#2781 = CARTESIAN_POINT ( 'NONE',  ( 56.63175517114320456, 69.20134437186605680, 4.599999999999999645 ) ) ;
#2782 = ORIENTED_EDGE ( 'NONE', *, *, #1360, .F. ) ;
#2783 = CARTESIAN_POINT ( 'NONE',  ( 50.00000000000000000, 15.99999999999998934, 3.100000000000000089 ) ) ;
#2784 = ADVANCED_FACE ( 'NONE', ( #2988 ), #2240, .T. ) ;
#2785 = EDGE_CURVE ( 'NONE', #877, #2473, #2550, .T. ) ;
#2786 = CARTESIAN_POINT ( 'NONE',  ( 1.499999999999997335, 46.40182416234465990, 0.4999999999345502988 ) ) ;
#2787 = CARTESIAN_POINT ( 'NONE',  ( 52.50000000000001421, 99.79999999999999716, 3.100000000000000089 ) ) ;
#2788 = CARTESIAN_POINT ( 'NONE',  ( 54.53551570398803250, 56.61106762017198690, 5.000000000000000000 ) ) ;
#2789 = ADVANCED_FACE ( 'NONE', ( #2962 ), #3732, .F. ) ;
#2790 = CARTESIAN_POINT ( 'NONE',  ( 50.00000000000000711, 99.79999999999999716, 3.100000000000000089 ) ) ;
#2791 = ADVANCED_FACE ( 'NONE', ( #627 ), #2193, .F. ) ;
#2792 = CARTESIAN_POINT ( 'NONE',  ( 0.000000000000000000, 0.000000000000000000, 0.000000000000000000 ) ) ;
#2793 = CARTESIAN_POINT ( 'NONE',  ( 37.50000000000000000, 21.89999999999999503, 3.100000000000000089 ) ) ;
#2794 = CARTESIAN_POINT ( 'NONE',  ( 13.74999999999998757, 116.2500000000000000, 0.000000000000000000 ) ) ;
#2795 = VERTEX_POINT ( 'NONE', #5078 ) ;
#2796 = ORIENTED_EDGE ( 'NONE', *, *, #676, .F. ) ;
#2797 = CARTESIAN_POINT ( 'NONE',  ( 38.23827591779982527, 68.33259183104274825, 4.599999999999999645 ) ) ;
#2798 = CARTESIAN_POINT ( 'NONE',  ( -0.1097077414814782992, 50.68316854231763813, 5.000000000000000000 ) ) ;
#2799 = CARTESIAN_POINT ( 'NONE',  ( 59.15031960174529502, 69.19974004816646129, 4.599999999999999645 ) ) ;
#2800 = VECTOR ( 'NONE', #3287, 1000.000000000000114 ) ;
#2801 = ORIENTED_EDGE ( 'NONE', *, *, #110, .T. ) ;
#2802 = B_SPLINE_SURFACE_WITH_KNOTS ( 'NONE', 3, 1, ( 
 ( #3507, #2321 ),
 ( #320, #4251 ),
 ( #3449, #4611 ),
 ( #2293, #3141 ),
 ( #3867, #345 ),
 ( #374, #1934 ) ),
 .UNSPECIFIED., .F., .F., .F.,
 ( 4, 2, 4 ),
 ( 2, 2 ),
 ( 2.000000000000000000, 3.000000000000000000, 4.000000000000000000 ),
 ( 0.000000000000000000, 1.000000000000000000 ),
 .UNSPECIFIED. ) ;
#2803 = DIRECTION ( 'NONE',  ( 0.000000000000000000, 1.000000000000000000, 0.000000000000000000 ) ) ;
#2804 = LINE ( 'NONE', #2491, #4124 ) ;
#2805 = ORIENTED_EDGE ( 'NONE', *, *, #573, .F. ) ;
#2806 = CARTESIAN_POINT ( 'NONE',  ( 28.99618295937897017, 74.32974751677330971, 5.000000000000000000 ) ) ;
#2807 = EDGE_LOOP ( 'NONE', ( #4242, #227, #3119, #3476 ) ) ;
#2808 = CARTESIAN_POINT ( 'NONE',  ( 29.88269561313709133, 64.70051189553737458, 4.599999999999999645 ) ) ;
#2809 = ADVANCED_FACE ( 'NONE', ( #341 ), #4865, .F. ) ;
#2810 = FACE_OUTER_BOUND ( 'NONE', #2567, .T. ) ;
#2811 = ORIENTED_EDGE ( 'NONE', *, *, #4603, .T. ) ;
#2812 = DIRECTION ( 'NONE',  ( -4.625929269271485914E-16, -1.000000000000000000, -0.000000000000000000 ) ) ;
#2813 = CARTESIAN_POINT ( 'NONE',  ( 16.97589199274863958, 59.84551655870923526, 5.000000000000000000 ) ) ;
#2814 = CARTESIAN_POINT ( 'NONE',  ( 35.00763628465025334, 51.82798241853258503, 4.599999999999999645 ) ) ;
#2815 = AXIS2_PLACEMENT_3D ( 'NONE', #4638, #2950, #1508 ) ;
#2816 = LINE ( 'NONE', #4746, #4667 ) ;
#2817 = ADVANCED_FACE ( 'NONE', ( #3968 ), #1414, .T. ) ;
#2818 = CARTESIAN_POINT ( 'NONE',  ( 50.85420801291714099, 67.42161425081793880, 5.000000000000000000 ) ) ;
#2819 = CARTESIAN_POINT ( 'NONE',  ( 13.74999999999998401, 117.5000000000000000, -15.00000000000000000 ) ) ;
#2820 = DIRECTION ( 'NONE',  ( -0.000000000000000000, -0.000000000000000000, 1.000000000000000000 ) ) ;
#2821 = ORIENTED_EDGE ( 'NONE', *, *, #2414, .F. ) ;
#2822 = VERTEX_POINT ( 'NONE', #3087 ) ;
#2823 = VECTOR ( 'NONE', #1338, 1000.000000000000000 ) ;
#2824 = DIRECTION ( 'NONE',  ( 8.187894806610494145E-14, 0.000000000000000000, 1.000000000000000000 ) ) ;
#2825 = EDGE_CURVE ( 'NONE', #3595, #984, #1495, .T. ) ;
#2826 = CARTESIAN_POINT ( 'NONE',  ( 48.25805883730210155, 67.41599467984798366, 5.000000000000000000 ) ) ;
#2827 = CARTESIAN_POINT ( 'NONE',  ( 28.99618295937896306, 45.67025248322667608, 4.599999999999999645 ) ) ;
#2828 = ORIENTED_EDGE ( 'NONE', *, *, #1658, .F. ) ;
#2829 = CARTESIAN_POINT ( 'NONE',  ( 14.02141606605299806, 65.68048437519374261, 5.000000000000000000 ) ) ;
#2830 = VERTEX_POINT ( 'NONE', #4326 ) ;
#2831 = CARTESIAN_POINT ( 'NONE',  ( -10.92803065941448004, 6.425623486521693017, 4.599999999999999645 ) ) ;
#2832 = VERTEX_POINT ( 'NONE', #4299 ) ;
#2833 = PLANE ( 'NONE',  #5021 ) ;
#2834 = VECTOR ( 'NONE', #94, 1000.000000000000000 ) ;
#2835 = DIRECTION ( 'NONE',  ( 1.000000000000000000, -0.000000000000000000, 0.000000000000000000 ) ) ;
#2836 = EDGE_CURVE ( 'NONE', #853, #4575, #3640, .T. ) ;
#2837 = ORIENTED_EDGE ( 'NONE', *, *, #3465, .F. ) ;
#2838 = CARTESIAN_POINT ( 'NONE',  ( 44.66710539870615548, 52.78012259853174726, 5.000000000000000000 ) ) ;
#2839 = LINE ( 'NONE', #3558, #2834 ) ;
#2840 = FACE_OUTER_BOUND ( 'NONE', #4200, .T. ) ;
#2841 = CARTESIAN_POINT ( 'NONE',  ( 35.77095332533829009, 65.84749438515547126, 5.000000000000000000 ) ) ;
#2842 = FACE_OUTER_BOUND ( 'NONE', #484, .T. ) ;
#2843 = VECTOR ( 'NONE', #2058, 1000.000000000000000 ) ;
#2844 = CARTESIAN_POINT ( 'NONE',  ( 13.74999999999998401, 117.5000000000000000, -15.00000000000000000 ) ) ;
#2845 = EDGE_LOOP ( 'NONE', ( #3414, #314, #2235 ) ) ;
#2846 = ORIENTED_EDGE ( 'NONE', *, *, #208, .T. ) ;
#2847 = CIRCLE ( 'NONE', #629, 5.000000000000000000 ) ;
#2848 = CARTESIAN_POINT ( 'NONE',  ( 37.41813806569387424, 69.15622655406406238, 4.599999999999999645 ) ) ;
#2849 = EDGE_CURVE ( 'NONE', #2913, #4906, #4455, .T. ) ;
#2850 = VECTOR ( 'NONE', #307, 1000.000000000000000 ) ;
#2851 = CARTESIAN_POINT ( 'NONE',  ( 74.50000000000000000, 46.49999999999999289, 0.5000000000000000000 ) ) ;
#2852 = ORIENTED_EDGE ( 'NONE', *, *, #2622, .F. ) ;
#2853 = CONICAL_SURFACE ( 'NONE', #3262, 7.499999999999944045, 0.7853981633974510546 ) ;
#2854 = CARTESIAN_POINT ( 'NONE',  ( 39.10000000000007248, 96.40000000000000568, 0.000000000000000000 ) ) ;
#2855 = VERTEX_POINT ( 'NONE', #3526 ) ;
#2856 = LINE ( 'NONE', #2900, #2982 ) ;
#2857 = EDGE_CURVE ( 'NONE', #3693, #4959, #4271, .T. ) ;
#2858 = ORIENTED_EDGE ( 'NONE', *, *, #2536, .F. ) ;
#2859 = CARTESIAN_POINT ( 'NONE',  ( 53.41358205560006667, 59.97377346117848873, 4.599999999999999645 ) ) ;
#2860 =( BOUNDED_CURVE ( )  B_SPLINE_CURVE ( 3, ( #1142, #1547, #3884, #3937 ),
 .UNSPECIFIED., .F., .F. ) 
 B_SPLINE_CURVE_WITH_KNOTS ( ( 4, 4 ),
 ( 4.712388980384689674, 6.283185307179586232 ),
 .UNSPECIFIED. ) 
 CURVE ( )  GEOMETRIC_REPRESENTATION_ITEM ( )  RATIONAL_B_SPLINE_CURVE ( ( 1.000000000000000000, 0.8047378541243649375, 0.8047378541243649375, 1.000000000000000000 ) ) 
 REPRESENTATION_ITEM ( '' )  );
#2861 = FACE_OUTER_BOUND ( 'NONE', #2583, .T. ) ;
#2862 = VERTEX_POINT ( 'NONE', #4352 ) ;
#2863 = CARTESIAN_POINT ( 'NONE',  ( 0.4840083284431017097, 46.11107620907489490, 1.452024985329295914 ) ) ;
#2864 = VECTOR ( 'NONE', #2159, 1000.000000000000000 ) ;
#2865 = DIRECTION ( 'NONE',  ( 1.000000000000000000, -0.000000000000000000, -0.000000000000000000 ) ) ;
#2866 = DIRECTION ( 'NONE',  ( -1.000000000000000000, 0.000000000000000000, 0.000000000000000000 ) ) ;
#2867 = DIRECTION ( 'NONE',  ( 0.000000000000000000, 0.000000000000000000, -1.000000000000000000 ) ) ;
#2868 = ORIENTED_EDGE ( 'NONE', *, *, #3608, .F. ) ;
#2869 = VERTEX_POINT ( 'NONE', #2748 ) ;
#2870 = ADVANCED_FACE ( 'NONE', ( #3914 ), #12, .F. ) ;
#2871 = CARTESIAN_POINT ( 'NONE',  ( 35.21975722808575426, -6.106783605428752537, 4.599999999999999645 ) ) ;
#2872 = CARTESIAN_POINT ( 'NONE',  ( 1.500000000000000888, 73.50000000000000000, 0.5000000000000000000 ) ) ;
#2873 = EDGE_CURVE ( 'NONE', #1300, #1235, #1223, .T. ) ;
#2874 = ORIENTED_EDGE ( 'NONE', *, *, #1347, .T. ) ;
#2875 = AXIS2_PLACEMENT_3D ( 'NONE', #2326, #4337, #3897 ) ;
#2876 = ADVANCED_FACE ( 'NONE', ( #733 ), #2555, .F. ) ;
#2877 = DIRECTION ( 'NONE',  ( 0.000000000000000000, 0.000000000000000000, 1.000000000000000000 ) ) ;
#2878 = ORIENTED_EDGE ( 'NONE', *, *, #826, .T. ) ;
#2879 = CARTESIAN_POINT ( 'NONE',  ( 50.00000000000000000, 15.99999999999998934, 3.100000000000000089 ) ) ;
#2880 = ORIENTED_EDGE ( 'NONE', *, *, #1853, .T. ) ;
#2881 = CARTESIAN_POINT ( 'NONE',  ( 56.20969273636311669, 68.63604813294755047, 5.000000000000000000 ) ) ;
#2882 = VECTOR ( 'NONE', #286, 1000.000000000000000 ) ;
#2883 = LINE ( 'NONE', #3632, #928 ) ;
#2884 = ORIENTED_EDGE ( 'NONE', *, *, #3288, .T. ) ;
#2885 = CARTESIAN_POINT ( 'NONE',  ( -4.132895344085557778E-15, 44.99999999999999289, -1.715124499442881905E-15 ) ) ;
#2886 = CARTESIAN_POINT ( 'NONE',  ( 73.66391708182916886, 74.24792886681069604, 1.336082918170570233 ) ) ;
#2887 = EDGE_CURVE ( 'NONE', #542, #4917, #3386, .T. ) ;
#2888 =( BOUNDED_CURVE ( )  B_SPLINE_CURVE ( 3, ( #4564, #1480, #4176, #2276 ),
 .UNSPECIFIED., .F., .F. ) 
 B_SPLINE_CURVE_WITH_KNOTS ( ( 4, 4 ),
 ( 4.712388980384688786, 6.283185307179586232 ),
 .UNSPECIFIED. ) 
 CURVE ( )  GEOMETRIC_REPRESENTATION_ITEM ( )  RATIONAL_B_SPLINE_CURVE ( ( 1.000000000000000000, 0.8047378541243648264, 0.8047378541243648264, 1.000000000000000000 ) ) 
 REPRESENTATION_ITEM ( '' )  );
#2889 = SURFACE_SIDE_STYLE ('',( #2503 ) ) ;
#2890 = DIRECTION ( 'NONE',  ( 0.000000000000000000, 1.000000000000000000, 0.000000000000000000 ) ) ;
#2891 = DIRECTION ( 'NONE',  ( 0.5107203677843021872, -0.8597468848040491496, 0.000000000000000000 ) ) ;
#2892 = AXIS2_PLACEMENT_3D ( 'NONE', #2601, #2651, #1065 ) ;
#2893 = ORIENTED_EDGE ( 'NONE', *, *, #51, .T. ) ;
#2894 = ORIENTED_EDGE ( 'NONE', *, *, #2154, .T. ) ;
#2895 = LINE ( 'NONE', #4464, #3738 ) ;
#2896 = DIRECTION ( 'NONE',  ( -0.000000000000000000, -0.000000000000000000, 1.000000000000000000 ) ) ;
#2897 = EDGE_LOOP ( 'NONE', ( #2926, #4643, #1800, #3301, #1621, #1356, #2727, #3723 ) ) ;
#2898 = FACE_OUTER_BOUND ( 'NONE', #4177, .T. ) ;
#2899 = ORIENTED_EDGE ( 'NONE', *, *, #43, .T. ) ;
#2900 = CARTESIAN_POINT ( 'NONE',  ( 0.000000000000000000, 120.0000000000000000, 0.000000000000000000 ) ) ;
#2901 = ORIENTED_EDGE ( 'NONE', *, *, #5083, .T. ) ;
#2902 = FACE_OUTER_BOUND ( 'NONE', #1625, .T. ) ;
#2903 = LINE ( 'NONE', #4716, #4922 ) ;
#2904 = LINE ( 'NONE', #4381, #2230 ) ;
#2905 = ORIENTED_EDGE ( 'NONE', *, *, #4999, .T. ) ;
#2906 = DIRECTION ( 'NONE',  ( -0.000000000000000000, 1.000000000000000000, -0.000000000000000000 ) ) ;
#2907 = VECTOR ( 'NONE', #1618, 1000.000000000000000 ) ;
#2908 = CARTESIAN_POINT ( 'NONE',  ( 53.41358205560006667, 59.97377346117848873, 4.599999999999999645 ) ) ;
#2909 = DIRECTION ( 'NONE',  ( -0.000000000000000000, -0.000000000000000000, 1.000000000000000000 ) ) ;
#2910 = DIRECTION ( 'NONE',  ( -0.000000000000000000, -0.000000000000000000, 1.000000000000000000 ) ) ;
#2911 = EDGE_CURVE ( 'NONE', #687, #160, #3061, .T. ) ;
#2912 = DIRECTION ( 'NONE',  ( -0.000000000000000000, -0.000000000000000000, 1.000000000000000000 ) ) ;
#2913 = VERTEX_POINT ( 'NONE', #2675 ) ;
#2914 = ORIENTED_EDGE ( 'NONE', *, *, #200, .F. ) ;
#2915 = CARTESIAN_POINT ( 'NONE',  ( 47.50000000000062528, 117.5000000000000000, -5.000000000000095035 ) ) ;
#2916 = CARTESIAN_POINT ( 'NONE',  ( 60.99528194064776443, 51.21050410893639082, 4.599999999999999645 ) ) ;
#2917 = CIRCLE ( 'NONE', #5068, 1.000000000000000000 ) ;
#2918 = EDGE_LOOP ( 'NONE', ( #3437, #4462, #3969, #1866 ) ) ;
#2919 = B_SPLINE_SURFACE_WITH_KNOTS ( 'NONE', 3, 1, ( 
 ( #1727, #2477 ),
 ( #2523, #4093 ),
 ( #2135, #1248 ),
 ( #4797, #4476 ) ),
 .UNSPECIFIED., .F., .F., .F.,
 ( 4, 4 ),
 ( 2, 2 ),
 ( 2.000000000000000000, 3.000000000000000000 ),
 ( 0.000000000000000000, 1.000000000000000000 ),
 .UNSPECIFIED. ) ;
#2920 = ADVANCED_FACE ( 'NONE', ( #3862 ), #3887, .T. ) ;
#2921 = EDGE_CURVE ( 'NONE', #1407, #1551, #2219, .T. ) ;
#2922 = DIRECTION ( 'NONE',  ( 0.000000000000000000, 1.000000000000000000, 0.000000000000000000 ) ) ;
#2923 = VERTEX_POINT ( 'NONE', #3269 ) ;
#2924 = AXIS2_PLACEMENT_3D ( 'NONE', #1378, #2217, #2554 ) ;
#2925 = LINE ( 'NONE', #2831, #4802 ) ;
#2926 = ORIENTED_EDGE ( 'NONE', *, *, #1860, .T. ) ;
#2927 = ORIENTED_EDGE ( 'NONE', *, *, #450, .T. ) ;
#2928 = CARTESIAN_POINT ( 'NONE',  ( 59.15031960174529502, 69.19974004816644708, 5.000000000000000000 ) ) ;
#2929 = EDGE_CURVE ( 'NONE', #829, #3743, #346, .T. ) ;
#2930 = CARTESIAN_POINT ( 'NONE',  ( 22.08057022590531560, 61.22519618111125084, 5.000000000000000000 ) ) ;
#2931 = ORIENTED_EDGE ( 'NONE', *, *, #393, .F. ) ;
#2932 = AXIS2_PLACEMENT_3D ( 'NONE', #4787, #3573, #2306 ) ;
#2933 = ADVANCED_FACE ( 'NONE', ( #2861 ), #90, .F. ) ;
#2934 = LINE ( 'NONE', #4876, #309 ) ;
#2935 = DIRECTION ( 'NONE',  ( 0.9725882268251367924, -0.2325341717708094280, 0.000000000000000000 ) ) ;
#2936 = EDGE_CURVE ( 'NONE', #4545, #2822, #4432, .T. ) ;
#2937 = ADVANCED_FACE ( 'NONE', ( #2047 ), #2919, .F. ) ;
#2938 = DIRECTION ( 'NONE',  ( -1.908195823574488050E-16, 0.000000000000000000, -1.000000000000000000 ) ) ;
#2939 = EDGE_CURVE ( 'NONE', #8, #2189, #3655, .T. ) ;
#2940 = LINE ( 'NONE', #2461, #219 ) ;
#2941 = CARTESIAN_POINT ( 'NONE',  ( 0.000000000000000000, 4.999999999999993783, -12.50000000000000000 ) ) ;
#2942 = CARTESIAN_POINT ( 'NONE',  ( 52.50000000000000000, 117.5000000000000000, -12.50000000000000000 ) ) ;
#2943 = ORIENTED_EDGE ( 'NONE', *, *, #492, .T. ) ;
#2944 = EDGE_CURVE ( 'NONE', #953, #692, #4497, .T. ) ;
#2945 = ORIENTED_EDGE ( 'NONE', *, *, #2037, .F. ) ;
#2946 = ADVANCED_FACE ( 'NONE', ( #505 ), #1319, .F. ) ;
#2947 = CARTESIAN_POINT ( 'NONE',  ( 0.000000000000000000, 120.0000000000000000, 5.000000000000000000 ) ) ;
#2948 = FACE_OUTER_BOUND ( 'NONE', #1311, .T. ) ;
#2949 = ORIENTED_EDGE ( 'NONE', *, *, #2016, .T. ) ;
#2950 = DIRECTION ( 'NONE',  ( 0.000000000000000000, 0.000000000000000000, -1.000000000000000000 ) ) ;
#2951 = ORIENTED_EDGE ( 'NONE', *, *, #428, .T. ) ;
#2952 = CARTESIAN_POINT ( 'NONE',  ( 47.91652405408409265, 67.12953676969294747, 5.000000000000000000 ) ) ;
#2953 = ORIENTED_EDGE ( 'NONE', *, *, #1015, .T. ) ;
#2954 = AXIS2_PLACEMENT_3D ( 'NONE', #299, #1941, #3100 ) ;
#2955 = VERTEX_POINT ( 'NONE', #3217 ) ;
#2956 = LINE ( 'NONE', #3391, #3518 ) ;
#2957 = CARTESIAN_POINT ( 'NONE',  ( 22.08331893061677320, 59.95533990403678359, 4.599999999999999645 ) ) ;
#2958 = VERTEX_POINT ( 'NONE', #2454 ) ;
#2959 = CARTESIAN_POINT ( 'NONE',  ( 24.99999999999998579, 99.79999999999999716, 3.100000000000000089 ) ) ;
#2960 = DIRECTION ( 'NONE',  ( -0.000000000000000000, -0.000000000000000000, 1.000000000000000000 ) ) ;
#2961 = VECTOR ( 'NONE', #3885, 1000.000000000000000 ) ;
#2962 = FACE_OUTER_BOUND ( 'NONE', #4295, .T. ) ;
#2963 = EDGE_CURVE ( 'NONE', #3338, #3797, #2883, .T. ) ;
#2964 = CARTESIAN_POINT ( 'NONE',  ( 0.1308856618478879130, 74.99999999171568277, 0.1308856618478870248 ) ) ;
#2965 = CARTESIAN_POINT ( 'NONE',  ( 60.15309437322863317, 50.81361216108685142, 4.599999999999999645 ) ) ;
#2966 = PLANE ( 'NONE',  #5072 ) ;
#2967 = ORIENTED_EDGE ( 'NONE', *, *, #1664, .F. ) ;
#2968 = DIRECTION ( 'NONE',  ( 0.7071067811865456854, 0.7071067811865494601, 0.000000000000000000 ) ) ;
#2969 = AXIS2_PLACEMENT_3D ( 'NONE', #1668, #533, #3225 ) ;
#2970 = DIRECTION ( 'NONE',  ( -0.000000000000000000, -0.000000000000000000, 1.000000000000000000 ) ) ;
#2971 = CARTESIAN_POINT ( 'NONE',  ( 7.499999999999989342, -9.540979117872439019E-15, 2.168404344971008868E-14 ) ) ;
#2972 = ORIENTED_EDGE ( 'NONE', *, *, #406, .F. ) ;
#2973 = VECTOR ( 'NONE', #3744, 999.9999999999998863 ) ;
#2974 = CARTESIAN_POINT ( 'NONE',  ( 29.81318971088235159, 69.10801979596014633, 4.599999999999999645 ) ) ;
#2976 = EDGE_CURVE ( 'NONE', #1386, #4048, #4454, .T. ) ;
#2975 = ORIENTED_EDGE ( 'NONE', *, *, #973, .T. ) ;
#2977 = FACE_OUTER_BOUND ( 'NONE', #128, .T. ) ;
#2978 = DIRECTION ( 'NONE',  ( 0.9999976573062887564, 0.002164574307901916041, 0.000000000000000000 ) ) ;
#2979 = ORIENTED_EDGE ( 'NONE', *, *, #4772, .T. ) ;
#2980 = ORIENTED_EDGE ( 'NONE', *, *, #3165, .F. ) ;
#2981 = CARTESIAN_POINT ( 'NONE',  ( 29.88269561313709133, 64.70051189553737458, 5.000000000000000000 ) ) ;
#2982 = VECTOR ( 'NONE', #3991, 1000.000000000000000 ) ;
#2983 = DIRECTION ( 'NONE',  ( -0.8620248595500388245, 0.5068659995676727537, 0.000000000000000000 ) ) ;
#2984 = EDGE_LOOP ( 'NONE', ( #2953, #932, #4652, #2109 ) ) ;
#2985 = CARTESIAN_POINT ( 'NONE',  ( 26.88347510842798016, 60.24439457978235168, 5.000000000000000000 ) ) ;
#2986 = CARTESIAN_POINT ( 'NONE',  ( 44.98508136713597594, 52.54447620889911974, 5.000000000000000000 ) ) ;
#2987 = EDGE_CURVE ( 'NONE', #515, #4867, #4068, .T. ) ;
#2988 = FACE_OUTER_BOUND ( 'NONE', #4981, .T. ) ;
#2989 = CARTESIAN_POINT ( 'NONE',  ( 0.6820681540804921505, 74.88012564345402211, 0.6820681540804992560 ) ) ;
#2990 = AXIS2_PLACEMENT_3D ( 'NONE', #2959, #4527, #1038 ) ;
#2991 = CARTESIAN_POINT ( 'NONE',  ( 73.50000000000000000, 46.40182416234465990, 0.4999999999345502988 ) ) ;
#2992 = LINE ( 'NONE', #1400, #717 ) ;
#2993 = ORIENTED_EDGE ( 'NONE', *, *, #4230, .F. ) ;
#2994 = DIRECTION ( 'NONE',  ( -0.000000000000000000, -0.000000000000000000, -1.000000000000000000 ) ) ;
#2995 = FACE_BOUND ( 'NONE', #2507, .T. ) ;
#2996 = ADVANCED_FACE ( 'NONE', ( #2810 ), #549, .T. ) ;
#2997 = CARTESIAN_POINT ( 'NONE',  ( -0.1495181222758735495, 69.07490838016774148, 4.599999999999999645 ) ) ;
#2998 = EDGE_LOOP ( 'NONE', ( #4660, #4499, #3179, #2492 ) ) ;
#2999 = ADVANCED_FACE ( 'NONE', ( #2113 ), #3996, .F. ) ;
#3000 = EDGE_CURVE ( 'NONE', #930, #2364, #2904, .T. ) ;
#3001 = EDGE_LOOP ( 'NONE', ( #2949, #4596, #1833, #3393 ) ) ;
#3002 = CARTESIAN_POINT ( 'NONE',  ( 59.41939945595165540, 50.81202402019855668, 5.000000000000000000 ) ) ;
#3003 = CARTESIAN_POINT ( 'NONE',  ( -3.275333094364116728E-15, 44.99999999999999289, -2.572686749164322364E-15 ) ) ;
#3004 = VECTOR ( 'NONE', #2156, 1000.000000000000114 ) ;
#3005 = VERTEX_POINT ( 'NONE', #2430 ) ;
#3006 = ORIENTED_EDGE ( 'NONE', *, *, #3840, .T. ) ;
#3007 = LINE ( 'NONE', #1009, #2692 ) ;
#3008 = AXIS2_PLACEMENT_3D ( 'NONE', #5080, #1225, #4771 ) ;
#3009 = ADVANCED_FACE ( 'NONE', ( #1748 ), #1824, .F. ) ;
#3010 = DIRECTION ( 'NONE',  ( -1.000000000000000000, 0.000000000000000000, 0.000000000000000000 ) ) ;
#3011 = VERTEX_POINT ( 'NONE', #3392 ) ;
#3012 = CARTESIAN_POINT ( 'NONE',  ( 72.50000000000000000, 4.999999999999993783, -12.50000000000000000 ) ) ;
#3013 = CARTESIAN_POINT ( 'NONE',  ( 26.17347629967591871, 69.52399929548073487, 4.599999999999999645 ) ) ;
#3014 = DIRECTION ( 'NONE',  ( 0.000000000000000000, 0.000000000000000000, -1.000000000000000000 ) ) ;
#3015 = CARTESIAN_POINT ( 'NONE',  ( 74.76969600708471830, 73.50000000000000000, 1.500000000000000000 ) ) ;
#3016 = CARTESIAN_POINT ( 'NONE',  ( 73.52279433010944842, 46.17507540393180676, 1.477205669890446105 ) ) ;
#3017 = PLANE ( 'NONE',  #4004 ) ;
#3018 = EDGE_LOOP ( 'NONE', ( #195, #2905 ) ) ;
#3019 = CARTESIAN_POINT ( 'NONE',  ( -0.1097077414814782992, 50.68316854231763813, 4.599999999999999645 ) ) ;
#3020 = DIRECTION ( 'NONE',  ( -0.000000000000000000, -0.000000000000000000, 1.000000000000000000 ) ) ;
#3021 = DIRECTION ( 'NONE',  ( 0.9999976573062887564, 0.002164574307892184243, 0.000000000000000000 ) ) ;
#3022 = ADVANCED_FACE ( 'NONE', ( #3753 ), #210, .F. ) ;
#3023 = ORIENTED_EDGE ( 'NONE', *, *, #2117, .T. ) ;
#3024 = VECTOR ( 'NONE', #4346, 1000.000000000000000 ) ;
#3025 = VERTEX_POINT ( 'NONE', #283 ) ;
#3026 = DIRECTION ( 'NONE',  ( 0.000000000000000000, -0.7071067811865474617, 0.7071067811865476838 ) ) ;
#3027 = EDGE_CURVE ( 'NONE', #811, #1615, #2647, .T. ) ;
#3028 = CARTESIAN_POINT ( 'NONE',  ( 1.130080186835222600, 45.50875984327557688, 0.3766933956117318738 ) ) ;
#3029 = CARTESIAN_POINT ( 'NONE',  ( 22.08606763532822725, 58.68548362696230924, 5.000000000000000000 ) ) ;
#3030 = ORIENTED_EDGE ( 'NONE', *, *, #88, .F. ) ;
#3031 = EDGE_LOOP ( 'NONE', ( #1890, #423, #2519, #203 ) ) ;
#3032 = LINE ( 'NONE', #3725, #2459 ) ;
#3033 = CARTESIAN_POINT ( 'NONE',  ( 22.08331893061677320, 59.95533990403678359, 5.000000000000000000 ) ) ;
#3034 = VERTEX_POINT ( 'NONE', #4972 ) ;
#3035 = CARTESIAN_POINT ( 'NONE',  ( 50.00000000000000000, 15.99999999999998934, 3.100000000000000089 ) ) ;
#3036 = FACE_OUTER_BOUND ( 'NONE', #2136, .T. ) ;
#3037 = VECTOR ( 'NONE', #3661, 1000.000000000000000 ) ;
#3038 = DIRECTION ( 'NONE',  ( 0.000000000000000000, 0.000000000000000000, 1.000000000000000000 ) ) ;
#3039 = LINE ( 'NONE', #3062, #4416 ) ;
#3040 = EDGE_CURVE ( 'NONE', #2869, #3596, #2619, .T. ) ;
#3041 = CARTESIAN_POINT ( 'NONE',  ( 56.98098263606785707, 69.19504434610479393, 4.599999999999999645 ) ) ;
#3042 = DIRECTION ( 'NONE',  ( -1.000000000000000000, 0.000000000000000000, 1.301042606982605321E-16 ) ) ;
#3043 = VERTEX_POINT ( 'NONE', #1771 ) ;
#3044 = CARTESIAN_POINT ( 'NONE',  ( 24.99999999999998579, 99.79999999999999716, 3.100000000000000089 ) ) ;
#3045 = CARTESIAN_POINT ( 'NONE',  ( 26.87154115849022773, 65.75768277533703099, 4.599999999999999645 ) ) ;
#3046 = DIRECTION ( 'NONE',  ( 0.000000000000000000, 0.000000000000000000, -1.000000000000000000 ) ) ;
#3047 = EDGE_LOOP ( 'NONE', ( #2874, #765, #2197, #476 ) ) ;
#3048 =( BOUNDED_CURVE ( )  B_SPLINE_CURVE ( 3, ( #1708, #232, #2255, #5015 ),
 .UNSPECIFIED., .F., .F. ) 
 B_SPLINE_CURVE_WITH_KNOTS ( ( 4, 4 ),
 ( 1.570796326794896336, 3.141592653589793116 ),
 .UNSPECIFIED. ) 
 CURVE ( )  GEOMETRIC_REPRESENTATION_ITEM ( )  RATIONAL_B_SPLINE_CURVE ( ( 1.000000000000000000, 0.8047378541243649375, 0.8047378541243649375, 1.000000000000000000 ) ) 
 REPRESENTATION_ITEM ( '' )  );
#3049 = VECTOR ( 'NONE', #4977, 1000.000000000000000 ) ;
#3050 = ORIENTED_EDGE ( 'NONE', *, *, #2607, .F. ) ;
#3051 = CARTESIAN_POINT ( 'NONE',  ( 74.85602966855876161, 74.41511377356557944, 1.192529075109655112 ) ) ;
#3052 = CARTESIAN_POINT ( 'NONE',  ( 33.01779607714239972, 60.15890489015593090, 4.599999999999999645 ) ) ;
#3053 = CARTESIAN_POINT ( 'NONE',  ( 23.97390899241983675, 55.10926709234449561, 5.000000000000000000 ) ) ;
#3054 = VECTOR ( 'NONE', #2005, 1000.000000000000000 ) ;
#3055 = VERTEX_POINT ( 'NONE', #4212 ) ;
#3056 = FACE_OUTER_BOUND ( 'NONE', #878, .T. ) ;
#3057 = CARTESIAN_POINT ( 'NONE',  ( 0.2171445983499538379, 73.89706737904704426, 1.459587691556089695 ) ) ;
#3058 = ORIENTED_EDGE ( 'NONE', *, *, #2241, .F. ) ;
#3059 = CARTESIAN_POINT ( 'NONE',  ( 69.99999999999998579, 120.0000000000000000, 5.000000000000000000 ) ) ;
#3060 = CIRCLE ( 'NONE', #4542, 1.000000000000000000 ) ;
#3061 = LINE ( 'NONE', #764, #1821 ) ;
#3062 = CARTESIAN_POINT ( 'NONE',  ( -8.933467110627823615, 45.41887459687293216, 5.000000000000000000 ) ) ;
#3063 = ADVANCED_FACE ( 'NONE', ( #2597 ), #4139, .F. ) ;
#3064 = CARTESIAN_POINT ( 'NONE',  ( 74.86912603607204630, 45.03904101202306975, 0.3926218917843757317 ) ) ;
#3065 = DIRECTION ( 'NONE',  ( 1.000000000000000000, 0.000000000000000000, 0.000000000000000000 ) ) ;
#3066 = CARTESIAN_POINT ( 'NONE',  ( 74.50000000000000000, 0.000000000000000000, 0.5000000000000000000 ) ) ;
#3067 = CARTESIAN_POINT ( 'NONE',  ( 41.19160789426834413, 63.02673180877590653, 4.599999999999999645 ) ) ;
#3068 = EDGE_CURVE ( 'NONE', #2774, #615, #3418, .T. ) ;
#3069 = CARTESIAN_POINT ( 'NONE',  ( 17.50000000000000000, 117.5000000000000000, -15.00000000000000000 ) ) ;
#3070 = FACE_OUTER_BOUND ( 'NONE', #1273, .T. ) ;
#3071 = CARTESIAN_POINT ( 'NONE',  ( -6.938893903907228378E-15, 120.0000000000000142, -9.999999999999998224 ) ) ;
#3072 = VECTOR ( 'NONE', #4645, 1000.000000000000000 ) ;
#3073 = ORIENTED_EDGE ( 'NONE', *, *, #2475, .F. ) ;
#3074 = VERTEX_POINT ( 'NONE', #701 ) ;
#3075 = CARTESIAN_POINT ( 'NONE',  ( 50.49088868411231346, 67.42082781729087060, 4.599999999999999645 ) ) ;
#3076 = LINE ( 'NONE', #3903, #3072 ) ;
#3077 = DIRECTION ( 'NONE',  ( -0.000000000000000000, -0.000000000000000000, 1.000000000000000000 ) ) ;
#3078 = VERTEX_POINT ( 'NONE', #3341 ) ;
#3079 = LINE ( 'NONE', #1923, #3024 ) ;
#3080 = CARTESIAN_POINT ( 'NONE',  ( 37.50000000000000000, 96.40000000000000568, 0.000000000000000000 ) ) ;
#3081 = ORIENTED_EDGE ( 'NONE', *, *, #254, .F. ) ;
#3082 = VECTOR ( 'NONE', #4013, 1000.000000000000114 ) ;
#3083 = LINE ( 'NONE', #2312, #359 ) ;
#3084 = CARTESIAN_POINT ( 'NONE',  ( 57.69095163281237149, 65.48929132234873407, 5.000000000000000000 ) ) ;
#3085 = ADVANCED_FACE ( 'NONE', ( #1393 ), #1735, .T. ) ;
#3086 = CIRCLE ( 'NONE', #4827, 2.500000000000002220 ) ;
#3087 = CARTESIAN_POINT ( 'NONE',  ( 39.59999999999999432, 21.89999999999999503, 0.4999999999999449329 ) ) ;
#3088 = EDGE_CURVE ( 'NONE', #1285, #884, #2637, .T. ) ;
#3089 = ORIENTED_EDGE ( 'NONE', *, *, #1775, .F. ) ;
#3090 = CARTESIAN_POINT ( 'NONE',  ( 28.05446503742488318, 47.25554083441714681, 4.599999999999999645 ) ) ;
#3091 = CARTESIAN_POINT ( 'NONE',  ( 74.09881687055320754, 45.24832144976078041, 0.9011831294467208542 ) ) ;
#3092 = CARTESIAN_POINT ( 'NONE',  ( 47.50000000000062528, 117.5000000000000000, -5.000000000000004441 ) ) ;
#3093 = ADVANCED_FACE ( 'NONE', ( #4501 ), #986, .F. ) ;
#3094 = EDGE_CURVE ( 'NONE', #2524, #3979, #4844, .T. ) ;
#3095 = VERTEX_POINT ( 'NONE', #1010 ) ;
#3096 = EDGE_CURVE ( 'NONE', #4704, #3513, #1901, .T. ) ;
#3097 = FACE_OUTER_BOUND ( 'NONE', #3754, .T. ) ;
#3098 = CARTESIAN_POINT ( 'NONE',  ( 0.4999999999999975020, 45.62132034355963128, 1.500000000000000000 ) ) ;
#3099 = VECTOR ( 'NONE', #3280, 1000.000000000000000 ) ;
#3100 = DIRECTION ( 'NONE',  ( 0.000000000000000000, 0.000000000000000000, -1.000000000000000000 ) ) ;
#3101 = DIRECTION ( 'NONE',  ( -0.1929928782507674689, 0.9812001574319505481, 0.000000000000000000 ) ) ;
#3102 = VERTEX_POINT ( 'NONE', #4552 ) ;
#3103 = ORIENTED_EDGE ( 'NONE', *, *, #4540, .T. ) ;
#3104 = CARTESIAN_POINT ( 'NONE',  ( 52.50000000000001421, 18.49999999999998934, 3.100000000000000089 ) ) ;
#3105 = DIRECTION ( 'NONE',  ( -0.000000000000000000, -0.000000000000000000, 1.000000000000000000 ) ) ;
#3106 = DIRECTION ( 'NONE',  ( -0.000000000000000000, 1.000000000000000000, -0.000000000000000000 ) ) ;
#3107 = AXIS2_PLACEMENT_3D ( 'NONE', #3066, #3509, #821 ) ;
#3108 = ORIENTED_EDGE ( 'NONE', *, *, #1706, .F. ) ;
#3109 = FACE_OUTER_BOUND ( 'NONE', #1642, .T. ) ;
#3110 = CARTESIAN_POINT ( 'NONE',  ( 63.35690349420030998, 18.98876614253688899, 4.599999999999999645 ) ) ;
#3111 = ORIENTED_EDGE ( 'NONE', *, *, #624, .F. ) ;
#3112 = CARTESIAN_POINT ( 'NONE',  ( 35.78597283154926600, 50.76086759227584366, 4.599999999999999645 ) ) ;
#3113 = CARTESIAN_POINT ( 'NONE',  ( 57.58860395026325563, 65.51376142484208742, 5.000000000000000000 ) ) ;
#3114 = CARTESIAN_POINT ( 'NONE',  ( 59.94118143679965982, 68.86282220606143767, 5.000000000000000000 ) ) ;
#3115 = ORIENTED_EDGE ( 'NONE', *, *, #1865, .F. ) ;
#3116 = CARTESIAN_POINT ( 'NONE',  ( 61.25000000000001421, 117.5000000000000000, 0.000000000000000000 ) ) ;
#3117 = CARTESIAN_POINT ( 'NONE',  ( 74.69272661944366121, 45.30049979810937799, 0.9218201416690275929 ) ) ;
#3118 = DIRECTION ( 'NONE',  ( -0.1708417403571640125, -0.9852984825684728554, 0.000000000000000000 ) ) ;
#3119 = ORIENTED_EDGE ( 'NONE', *, *, #2714, .T. ) ;
#3120 = AXIS2_PLACEMENT_3D ( 'NONE', #2022, #1641, #4361 ) ;
#3121 = CARTESIAN_POINT ( 'NONE',  ( 31.45523698125404621, 60.12377736324087607, 5.000000000000000000 ) ) ;
#3122 = CARTESIAN_POINT ( 'NONE',  ( -3.980102097228902570E-15, 44.99999999999999289, 0.000000000000000000 ) ) ;
#3123 = CARTESIAN_POINT ( 'NONE',  ( 39.59999999999999432, 96.40000000000000568, 3.100000000000000089 ) ) ;
#3124 = ORIENTED_EDGE ( 'NONE', *, *, #3200, .T. ) ;
#3125 = ORIENTED_EDGE ( 'NONE', *, *, #1712, .T. ) ;
#3126 = VECTOR ( 'NONE', #4118, 1000.000000000000000 ) ;
#3127 = ORIENTED_EDGE ( 'NONE', *, *, #214, .T. ) ;
#3128 = DIRECTION ( 'NONE',  ( 1.000000000000000000, 0.000000000000000000, 0.000000000000000000 ) ) ;
#3129 = DIRECTION ( 'NONE',  ( -0.000000000000000000, -0.000000000000000000, 1.000000000000000000 ) ) ;
#3130 = CARTESIAN_POINT ( 'NONE',  ( 35.00763628465025334, 51.82798241853258503, 4.599999999999999645 ) ) ;
#3131 = ORIENTED_EDGE ( 'NONE', *, *, #4402, .T. ) ;
#3132 = DIRECTION ( 'NONE',  ( -0.000000000000000000, -0.000000000000000000, 1.000000000000000000 ) ) ;
#3133 = LINE ( 'NONE', #760, #1007 ) ;
#3134 = ORIENTED_EDGE ( 'NONE', *, *, #624, .T. ) ;
#3135 = DIRECTION ( 'NONE',  ( -0.000000000000000000, -0.000000000000000000, 1.000000000000000000 ) ) ;
#3136 = VECTOR ( 'NONE', #2266, 1000.000000000000000 ) ;
#3137 = DIRECTION ( 'NONE',  ( -1.000000000000000000, 0.000000000000000000, 0.000000000000000000 ) ) ;
#3138 = DIRECTION ( 'NONE',  ( 1.000000000000000000, 0.000000000000000000, 0.000000000000000000 ) ) ;
#3139 = VERTEX_POINT ( 'NONE', #647 ) ;
#3140 = CARTESIAN_POINT ( 'NONE',  ( 7.499999999999989342, 4.999999999999993783, -12.50000000000000000 ) ) ;
#3141 = CARTESIAN_POINT ( 'NONE',  ( 15.24677488885592602, 50.38836122693026454, 5.000000000000000000 ) ) ;
#3142 = ADVANCED_FACE ( 'NONE', ( #2209 ), #3778, .F. ) ;
#3143 = CARTESIAN_POINT ( 'NONE',  ( 18.96433980743245939, 58.67872639927966816, 5.000000000000000000 ) ) ;
#3144 = CARTESIAN_POINT ( 'NONE',  ( 41.30377374508643840, 63.35502291448069911, 5.000000000000000000 ) ) ;
#3145 = LINE ( 'NONE', #3175, #1088 ) ;
#3146 = B_SPLINE_CURVE_WITH_KNOTS ( 'NONE', 3,
 ( #4428, #4842, #952, #1682, #1703, #931 ),
 .UNSPECIFIED., .F., .F.,
 ( 4, 2, 4 ),
 ( 0.000000000000000000, 1.000000000000000000, 2.000000000000000000 ),
 .UNSPECIFIED. ) ;
#3147 = PLANE ( 'NONE',  #2875 ) ;
#3148 = LINE ( 'NONE', #2761, #2115 ) ;
#3149 = EDGE_LOOP ( 'NONE', ( #2884, #1075, #935, #103 ) ) ;
#3150 = ORIENTED_EDGE ( 'NONE', *, *, #2333, .T. ) ;
#3151 = EDGE_CURVE ( 'NONE', #3644, #4906, #3935, .T. ) ;
#3152 = ORIENTED_EDGE ( 'NONE', *, *, #417, .F. ) ;
#3153 = CARTESIAN_POINT ( 'NONE',  ( 22.49999999999999289, 117.5000000000000284, -11.03553390593273953 ) ) ;
#3154 = CARTESIAN_POINT ( 'NONE',  ( 32.46596180904801088, 71.73792631199650316, 4.599999999999999645 ) ) ;
#3155 = DIRECTION ( 'NONE',  ( -0.000000000000000000, -0.000000000000000000, 1.000000000000000000 ) ) ;
#3156 = ORIENTED_EDGE ( 'NONE', *, *, #3352, .T. ) ;
#3157 = LINE ( 'NONE', #1571, #1308 ) ;
#3158 = EDGE_CURVE ( 'NONE', #4959, #720, #3133, .T. ) ;
#3159 = EDGE_CURVE ( 'NONE', #1686, #4685, #2773, .T. ) ;
#3160 = FACE_OUTER_BOUND ( 'NONE', #3339, .T. ) ;
#3161 = ORIENTED_EDGE ( 'NONE', *, *, #1562, .F. ) ;
#3162 = CARTESIAN_POINT ( 'NONE',  ( 35.09940047173320465, 68.10004456002852180, 5.000000000000000000 ) ) ;
#3163 = ORIENTED_EDGE ( 'NONE', *, *, #2775, .T. ) ;
#3164 = CARTESIAN_POINT ( 'NONE',  ( 39.62958920622759962, 51.33356971989758932, 4.599999999999999645 ) ) ;
#3165 = EDGE_CURVE ( 'NONE', #3239, #644, #1597, .T. ) ;
#3166 = CARTESIAN_POINT ( 'NONE',  ( -0.1296663786469602064, 59.90372998772974711, 4.599999999999999645 ) ) ;
#3167 = ORIENTED_EDGE ( 'NONE', *, *, #3946, .F. ) ;
#3168 = EDGE_CURVE ( 'NONE', #3743, #1208, #4706, .T. ) ;
#3169 = CARTESIAN_POINT ( 'NONE',  ( 37.41813806569387424, 69.15622655406406238, 4.599999999999999645 ) ) ;
#3170 = CARTESIAN_POINT ( 'NONE',  ( 0.4967769519601238914, 46.30365282487669276, 1.490330855880394267 ) ) ;
#3171 = CARTESIAN_POINT ( 'NONE',  ( 74.56608420974995965, 74.25172605281045435, 1.301747370749794408 ) ) ;
#3172 = CARTESIAN_POINT ( 'NONE',  ( 31.45523698125404621, 60.12377736324087607, 4.599999999999999645 ) ) ;
#3173 = CARTESIAN_POINT ( 'NONE',  ( 43.86543613087226845, 62.99724613215688862, 4.599999999999999645 ) ) ;
#3174 = VECTOR ( 'NONE', #3118, 1000.000000000000114 ) ;
#3175 = CARTESIAN_POINT ( 'NONE',  ( 57.49999999999999289, 117.5000000000000000, 0.000000000000000000 ) ) ;
#3176 = B_SPLINE_CURVE_WITH_KNOTS ( 'NONE', 3,
 ( #614, #2177, #4939, #1385 ),
 .UNSPECIFIED., .F., .F.,
 ( 4, 4 ),
 ( 39.00000000000000000, 40.00000000000000000 ),
 .UNSPECIFIED. ) ;
#3177 = DIRECTION ( 'NONE',  ( -1.000000000000000000, 0.000000000000000000, 0.000000000000000000 ) ) ;
#3178 = CARTESIAN_POINT ( 'NONE',  ( 26.16751767727940958, 50.41905633430118883, 4.599999999999999645 ) ) ;
#3179 = ORIENTED_EDGE ( 'NONE', *, *, #3096, .F. ) ;
#3180 = ORIENTED_EDGE ( 'NONE', *, *, #3151, .F. ) ;
#3181 = VECTOR ( 'NONE', #3077, 1000.000000000000000 ) ;
#3182 = CARTESIAN_POINT ( 'NONE',  ( 26.88347510842798016, 60.24439457978235168, 4.599999999999999645 ) ) ;
#3183 = LINE ( 'NONE', #2001, #2250 ) ;
#3184 = DIRECTION ( 'NONE',  ( -0.002164574307960163285, 0.9999976573062886454, 0.000000000000000000 ) ) ;
#3185 = ORIENTED_EDGE ( 'NONE', *, *, #3376, .F. ) ;
#3186 = CARTESIAN_POINT ( 'NONE',  ( 7.499999999999989342, -9.540979117872439019E-15, 2.168404344971008868E-14 ) ) ;
#3187 = CARTESIAN_POINT ( 'NONE',  ( 28.05446503742489384, 47.25554083441714681, 4.599999999999999645 ) ) ;
#3188 = ORIENTED_EDGE ( 'NONE', *, *, #3833, .T. ) ;
#3189 = CARTESIAN_POINT ( 'NONE',  ( 34.56461345859662515, 67.13590885259914387, 5.000000000000000000 ) ) ;
#3190 = ORIENTED_EDGE ( 'NONE', *, *, #4767, .T. ) ;
#3191 = EDGE_CURVE ( 'NONE', #4988, #2251, #387, .T. ) ;
#3192 = LINE ( 'NONE', #4023, #4112 ) ;
#3193 = DIRECTION ( 'NONE',  ( 0.000000000000000000, 1.000000000000000000, 0.000000000000000000 ) ) ;
#3194 = VERTEX_POINT ( 'NONE', #807 ) ;
#3195 = FACE_OUTER_BOUND ( 'NONE', #2638, .T. ) ;
#3196 = CARTESIAN_POINT ( 'NONE',  ( 52.50000000000001421, 99.79999999999999716, 3.100000000000000089 ) ) ;
#3197 = CARTESIAN_POINT ( 'NONE',  ( 63.82145453975622473, 3.806667673894479798, 4.599999999999999645 ) ) ;
#3198 = DIRECTION ( 'NONE',  ( -0.000000000000000000, -0.000000000000000000, 1.000000000000000000 ) ) ;
#3199 = CARTESIAN_POINT ( 'NONE',  ( 29.83130851283739915, 50.95962397155131640, 4.599999999999999645 ) ) ;
#3200 = EDGE_CURVE ( 'NONE', #4009, #4988, #414, .T. ) ;
#3201 = CARTESIAN_POINT ( 'NONE',  ( 28.99618295937897017, 74.32974751677330971, 5.000000000000000000 ) ) ;
#3202 = DIRECTION ( 'NONE',  ( 1.000000000000000000, -0.000000000000000000, -0.000000000000000000 ) ) ;
#3203 = ORIENTED_EDGE ( 'NONE', *, *, #2987, .T. ) ;
#3204 = AXIS2_PLACEMENT_3D ( 'NONE', #1781, #4171, #3349 ) ;
#3205 = ORIENTED_EDGE ( 'NONE', *, *, #98, .T. ) ;
#3206 = LINE ( 'NONE', #4398, #1207 ) ;
#3207 = CARTESIAN_POINT ( 'NONE',  ( 47.85035056033056122, 66.73785271226967097, 4.599999999999999645 ) ) ;
#3208 = CARTESIAN_POINT ( 'NONE',  ( 47.85035056033056122, 66.73785271226965676, 4.599999999999999645 ) ) ;
#3209 = VECTOR ( 'NONE', #1596, 1000.000000000000000 ) ;
#3210 = ORIENTED_EDGE ( 'NONE', *, *, #312, .F. ) ;
#3211 = B_SPLINE_SURFACE_WITH_KNOTS ( 'NONE', 3, 1, ( 
 ( #4824, #2813 ),
 ( #917, #4384 ),
 ( #2014, #1301 ),
 ( #871, #4330 ),
 ( #1275, #1251 ),
 ( #845, #896 ) ),
 .UNSPECIFIED., .F., .F., .F.,
 ( 4, 2, 4 ),
 ( 2, 2 ),
 ( 2.000000000000000000, 3.000000000000000000, 4.000000000000000000 ),
 ( 0.000000000000000000, 1.000000000000000000 ),
 .UNSPECIFIED. ) ;
#3212 = LINE ( 'NONE', #3962, #4289 ) ;
#3213 = ORIENTED_EDGE ( 'NONE', *, *, #3256, .F. ) ;
#3214 = CARTESIAN_POINT ( 'NONE',  ( 5.000000000000000000, 5.000000000000000000, 0.000000000000000000 ) ) ;
#3215 = ORIENTED_EDGE ( 'NONE', *, *, #2395, .T. ) ;
#3216 = LINE ( 'NONE', #503, #3252 ) ;
#3217 = CARTESIAN_POINT ( 'NONE',  ( 42.42569968899294253, 59.99584445557870538, 5.000000000000000000 ) ) ;
#3218 = AXIS2_PLACEMENT_3D ( 'NONE', #3289, #4873, #1345 ) ;
#3219 = EDGE_LOOP ( 'NONE', ( #3704, #798, #698, #4553 ) ) ;
#3220 = CARTESIAN_POINT ( 'NONE',  ( 54.64768155626245516, 56.93935805308352371, 4.599999999999999645 ) ) ;
#3221 = CARTESIAN_POINT ( 'NONE',  ( 62.49999999999999289, -9.540979117872439019E-15, -5.000000000000000000 ) ) ;
#3222 = CARTESIAN_POINT ( 'NONE',  ( 74.50000000006538414, 73.59817583765511984, 1.500000000000000000 ) ) ;
#3223 = VECTOR ( 'NONE', #1108, 1000.000000000000000 ) ;
#3224 = DIRECTION ( 'NONE',  ( -0.7071067811865525687, 8.659560562354994488E-17, 0.7071067811865425767 ) ) ;
#3225 = DIRECTION ( 'NONE',  ( 0.000000000000000000, 0.000000000000000000, -1.000000000000000000 ) ) ;
#3226 = ADVANCED_FACE ( 'NONE', ( #2310 ), #1772, .F. ) ;
#3227 = EDGE_CURVE ( 'NONE', #4238, #4182, #2744, .T. ) ;
#3228 = CARTESIAN_POINT ( 'NONE',  ( 5.000000000000000000, 5.000000000000000000, 0.000000000000000000 ) ) ;
#3229 = FACE_OUTER_BOUND ( 'NONE', #643, .T. ) ;
#3230 = EDGE_LOOP ( 'NONE', ( #5065, #4396, #4208, #4430 ) ) ;
#3231 = ORIENTED_EDGE ( 'NONE', *, *, #1561, .F. ) ;
#3232 = CIRCLE ( 'NONE', #1018, 2.500000000000003997 ) ;
#3233 = EDGE_CURVE ( 'NONE', #108, #4817, #4266, .T. ) ;
#3234 = CARTESIAN_POINT ( 'NONE',  ( 74.98750453598840693, 74.95959017600318930, 0.3970951604480458252 ) ) ;
#3235 = DIRECTION ( 'NONE',  ( -0.000000000000000000, 1.000000000000000000, -0.000000000000000000 ) ) ;
#3236 = VERTEX_POINT ( 'NONE', #1545 ) ;
#3237 = VECTOR ( 'NONE', #2740, 1000.000000000000000 ) ;
#3238 = CARTESIAN_POINT ( 'NONE',  ( 33.01779607714239972, 60.15890489015593090, 5.000000000000000000 ) ) ;
#3239 = VERTEX_POINT ( 'NONE', #1898 ) ;
#3240 = FACE_OUTER_BOUND ( 'NONE', #2422, .T. ) ;
#3241 = ORIENTED_EDGE ( 'NONE', *, *, #2083, .T. ) ;
#3242 = DIRECTION ( 'NONE',  ( 1.000000000000000000, 0.000000000000000000, 0.000000000000000000 ) ) ;
#3243 = CARTESIAN_POINT ( 'NONE',  ( 17.50000000000000000, 117.5000000000000000, 0.000000000000000000 ) ) ;
#3244 = VERTEX_POINT ( 'NONE', #5047 ) ;
#3245 = LINE ( 'NONE', #4414, #4551 ) ;
#3246 = DIRECTION ( 'NONE',  ( -0.05953976485936680885, 0.9982259345461282907, 0.000000000000000000 ) ) ;
#3247 = ADVANCED_FACE ( 'NONE', ( #3160 ), #1924, .F. ) ;
#3248 =( BOUNDED_CURVE ( )  B_SPLINE_CURVE ( 3, ( #1948, #3153, #1592, #1158 ),
 .UNSPECIFIED., .F., .F. ) 
 B_SPLINE_CURVE_WITH_KNOTS ( ( 4, 4 ),
 ( 0.000000000000000000, 1.570796326794902109 ),
 .UNSPECIFIED. ) 
 CURVE ( )  GEOMETRIC_REPRESENTATION_ITEM ( )  RATIONAL_B_SPLINE_CURVE ( ( 1.000000000000000000, 0.8047378541243637162, 0.8047378541243637162, 1.000000000000000000 ) ) 
 REPRESENTATION_ITEM ( '' )  );
#3249 = DIRECTION ( 'NONE',  ( -0.000000000000000000, -0.000000000000000000, 1.000000000000000000 ) ) ;
#3250 = CYLINDRICAL_SURFACE ( 'NONE', #3258, 5.000000000000000888 ) ;
#3251 = EDGE_CURVE ( 'NONE', #3074, #4769, #441, .T. ) ;
#3252 = VECTOR ( 'NONE', #2067, 1000.000000000000000 ) ;
#3253 = PLANE ( 'NONE',  #3120 ) ;
#3254 = B_SPLINE_SURFACE_WITH_KNOTS ( 'NONE', 3, 1, ( 
 ( #5014, #2204 ),
 ( #4133, #616 ),
 ( #1436, #4569 ),
 ( #3409, #3002 ) ),
 .UNSPECIFIED., .F., .F., .F.,
 ( 4, 4 ),
 ( 2, 2 ),
 ( 39.00000000000000000, 40.00000000000000000 ),
 ( 0.000000000000000000, 1.000000000000000000 ),
 .UNSPECIFIED. ) ;
#3255 = VERTEX_POINT ( 'NONE', #4730 ) ;
#3256 = EDGE_CURVE ( 'NONE', #2680, #2473, #421, .T. ) ;
#3257 = ORIENTED_EDGE ( 'NONE', *, *, #364, .T. ) ;
#3258 = AXIS2_PLACEMENT_3D ( 'NONE', #2504, #3683, #4098 ) ;
#3259 = CARTESIAN_POINT ( 'NONE',  ( 75.00000000000002842, 75.00000000000000000, 0.1993198068520182775 ) ) ;
#3260 = DIRECTION ( 'NONE',  ( -0.2844023902313086438, 0.9587050017762077658, 0.000000000000000000 ) ) ;
#3261 = ORIENTED_EDGE ( 'NONE', *, *, #4877, .F. ) ;
#3262 = AXIS2_PLACEMENT_3D ( 'NONE', #4083, #4910, #2059 ) ;
#3263 = CARTESIAN_POINT ( 'NONE',  ( 33.03116546166571510, 53.98246957253758183, 4.599999999999999645 ) ) ;
#3265 = EDGE_LOOP ( 'NONE', ( #1704, #3313 ) ) ;
#3264 = ADVANCED_FACE ( 'NONE', ( #4791 ), #4362, .F. ) ;
#3266 = LINE ( 'NONE', #2518, #1998 ) ;
#3267 = VERTEX_POINT ( 'NONE', #155 ) ;
#3268 = CARTESIAN_POINT ( 'NONE',  ( 53.87637639000510603, 56.38741473562489404, 4.599999999999999645 ) ) ;
#3269 = CARTESIAN_POINT ( 'NONE',  ( 24.99999999999999289, 102.2999999999999972, 3.100000000000000089 ) ) ;
#3270 = VERTEX_POINT ( 'NONE', #4041 ) ;
#3271 = CARTESIAN_POINT ( 'NONE',  ( 0.6820681540804989229, 45.11987435654705081, 0.6820681540805102472 ) ) ;
#3272 = CARTESIAN_POINT ( 'NONE',  ( 73.50000000000000000, 73.59817583765502036, 0.4999999999345502988 ) ) ;
#3273 = CIRCLE ( 'NONE', #1144, 5.000000000000000000 ) ;
#3274 = DIRECTION ( 'NONE',  ( -0.3071847255501460316, -0.9516499064197303515, 0.000000000000000000 ) ) ;
#3275 = CARTESIAN_POINT ( 'NONE',  ( 74.82611657079711165, 45.74279602131743871, 1.309465871075917942 ) ) ;
#3276 = LINE ( 'NONE', #1326, #3860 ) ;
#3277 = EDGE_LOOP ( 'NONE', ( #3634, #28, #1899, #2667 ) ) ;
#3278 = EDGE_LOOP ( 'NONE', ( #294, #392, #3431, #1972 ) ) ;
#3279 = DIRECTION ( 'NONE',  ( -0.000000000000000000, -0.000000000000000000, 1.000000000000000000 ) ) ;
#3280 = DIRECTION ( 'NONE',  ( 1.000000000000000000, 0.000000000000000000, 0.000000000000000000 ) ) ;
#3281 = VERTEX_POINT ( 'NONE', #862 ) ;
#3282 = CIRCLE ( 'NONE', #1073, 2.499999999999995115 ) ;
#3283 = DIRECTION ( 'NONE',  ( -0.9812001574319504371, -0.1929928782507674412, 0.000000000000000000 ) ) ;
#3284 = ORIENTED_EDGE ( 'NONE', *, *, #3847, .T. ) ;
#3285 = CARTESIAN_POINT ( 'NONE',  ( 15.24677488885592602, 50.38836122693026454, 5.000000000000000000 ) ) ;
#3286 = ORIENTED_EDGE ( 'NONE', *, *, #1851, .F. ) ;
#3287 = DIRECTION ( 'NONE',  ( 0.3071847037978341355, 0.9516499134411965377, 0.000000000000000000 ) ) ;
#3288 = EDGE_CURVE ( 'NONE', #280, #4735, #2804, .T. ) ;
#3289 = CARTESIAN_POINT ( 'NONE',  ( 52.50000000000000000, -0.001000000000014877877, -15.00000000000000711 ) ) ;
#3290 = B_SPLINE_SURFACE_WITH_KNOTS ( 'NONE', 3, 1, ( 
 ( #1409, #1362 ),
 ( #4086, #3870 ),
 ( #2974, #3308 ),
 ( #4544, #1027 ) ),
 .UNSPECIFIED., .F., .F., .F.,
 ( 4, 4 ),
 ( 2, 2 ),
 ( 3.000000000000000000, 4.000000000000000000 ),
 ( 0.000000000000000000, 1.000000000000000000 ),
 .UNSPECIFIED. ) ;
#3291 = ORIENTED_EDGE ( 'NONE', *, *, #51, .F. ) ;
#3292 = CARTESIAN_POINT ( 'NONE',  ( 73.50000000000000000, 46.49999999999999289, 0.5000000000000000000 ) ) ;
#3293 = AXIS2_PLACEMENT_3D ( 'NONE', #1929, #68, #528 ) ;
#3294 = CARTESIAN_POINT ( 'NONE',  ( 17.50000000000000000, 117.5000000000000000, -15.00000000000000000 ) ) ;
#3295 = CARTESIAN_POINT ( 'NONE',  ( 42.42569968899294253, 59.99584445557870538, 4.599999999999999645 ) ) ;
#3296 = CARTESIAN_POINT ( 'NONE',  ( 73.50000000596422467, 46.33612760128817598, 1.499999994035267514 ) ) ;
#3297 = AXIS2_PLACEMENT_3D ( 'NONE', #1624, #3841, #2566 ) ;
#3298 = EDGE_CURVE ( 'NONE', #4867, #776, #666, .T. ) ;
#3299 = EDGE_LOOP ( 'NONE', ( #177, #1560, #2575, #1977 ) ) ;
#3300 = EDGE_CURVE ( 'NONE', #1413, #1632, #2084, .T. ) ;
#3301 = ORIENTED_EDGE ( 'NONE', *, *, #4604, .F. ) ;
#3302 = CARTESIAN_POINT ( 'NONE',  ( 0.000000000000000000, 0.000000000000000000, 0.000000000000000000 ) ) ;
#3303 = DIRECTION ( 'NONE',  ( -1.000000000000000000, 0.000000000000000000, 0.000000000000000000 ) ) ;
#3304 = ADVANCED_FACE ( 'NONE', ( #4404 ), #959, .F. ) ;
#3305 = CIRCLE ( 'NONE', #1095, 1.600000000000045830 ) ;
#3306 = ORIENTED_EDGE ( 'NONE', *, *, #3940, .F. ) ;
#3307 = EDGE_CURVE ( 'NONE', #4769, #4125, #451, .T. ) ;
#3308 = CARTESIAN_POINT ( 'NONE',  ( 29.81318971088235159, 69.10801979596014633, 5.000000000000000000 ) ) ;
#3309 = EDGE_LOOP ( 'NONE', ( #2771, #3050, #2396, #1427 ) ) ;
#3310 = CARTESIAN_POINT ( 'NONE',  ( 14.04654379219795857, 54.07188900997300607, 5.000000000000000000 ) ) ;
#3311 = EDGE_CURVE ( 'NONE', #3074, #1505, #3576, .T. ) ;
#3312 = VERTEX_POINT ( 'NONE', #1649 ) ;
#3313 = ORIENTED_EDGE ( 'NONE', *, *, #4640, .F. ) ;
#3314 = EDGE_CURVE ( 'NONE', #326, #953, #3212, .T. ) ;
#3315 = CARTESIAN_POINT ( 'NONE',  ( 7.499999999999989342, 2.499999999999993783, 0.000000000000000000 ) ) ;
#3316 = DIRECTION ( 'NONE',  ( 0.3244355677353744083, 0.9459077980375387718, 0.000000000000000000 ) ) ;
#3317 = ORIENTED_EDGE ( 'NONE', *, *, #4926, .F. ) ;
#3318 = EDGE_CURVE ( 'NONE', #2034, #1296, #171, .T. ) ;
#3319 = CARTESIAN_POINT ( 'NONE',  ( 22.08331893061677320, 59.95533990403678359, 5.000000000000000000 ) ) ;
#3320 = VECTOR ( 'NONE', #454, 1000.000000000000000 ) ;
#3321 = ADVANCED_FACE ( 'NONE', ( #3671 ), #3625, .T. ) ;
#3322 = CARTESIAN_POINT ( 'NONE',  ( 47.85035056033056122, 66.73785271226965676, 4.599999999999999645 ) ) ;
#3323 = DIRECTION ( 'NONE',  ( -0.5068653939128120456, -0.8620252156715659808, 0.000000000000000000 ) ) ;
#3324 = CARTESIAN_POINT ( 'NONE',  ( 29.90268027374996151, 55.46778468053395272, 5.000000000000000000 ) ) ;
#3325 = CARTESIAN_POINT ( 'NONE',  ( 52.50000000000001421, 117.5000000000000142, -11.03553390593273775 ) ) ;
#3326 = ORIENTED_EDGE ( 'NONE', *, *, #2536, .T. ) ;
#3327 = ORIENTED_EDGE ( 'NONE', *, *, #4131, .T. ) ;
#3328 = VECTOR ( 'NONE', #662, 1000.000000000000000 ) ;
#3329 = CARTESIAN_POINT ( 'NONE',  ( 63.82145453975622473, 3.806667673894479798, 4.599999999999999645 ) ) ;
#3330 = CARTESIAN_POINT ( 'NONE',  ( 60.62223606764680994, 50.81462765552436167, 4.599999999999999645 ) ) ;
#3331 = VECTOR ( 'NONE', #3737, 1000.000000000000000 ) ;
#3332 = ORIENTED_EDGE ( 'NONE', *, *, #1341, .F. ) ;
#3333 = DIRECTION ( 'NONE',  ( 1.000000000000000000, -1.228762462150238276E-16, 0.000000000000000000 ) ) ;
#3334 = VERTEX_POINT ( 'NONE', #134 ) ;
#3335 = EDGE_CURVE ( 'NONE', #1293, #4238, #929, .T. ) ;
#3336 = AXIS2_PLACEMENT_3D ( 'NONE', #396, #4303, #1909 ) ;
#3337 = CARTESIAN_POINT ( 'NONE',  ( 60.96604679571536423, 51.67958202849354166, 4.599999999999999645 ) ) ;
#3338 = VERTEX_POINT ( 'NONE', #4866 ) ;
#3339 = EDGE_LOOP ( 'NONE', ( #1589, #1715, #529, #3436 ) ) ;
#3340 = CARTESIAN_POINT ( 'NONE',  ( 26.16751767727940958, 50.41905633430118883, 4.599999999999999645 ) ) ;
#3341 = CARTESIAN_POINT ( 'NONE',  ( 27.10923559923350012, 48.83376798311071809, 5.000000000000000000 ) ) ;
#3342 = VERTEX_POINT ( 'NONE', #1336 ) ;
#3343 = VECTOR ( 'NONE', #3106, 1000.000000000000000 ) ;
#3344 = CARTESIAN_POINT ( 'NONE',  ( 26.17347629967592226, 69.52399929548074908, 5.000000000000000000 ) ) ;
#3345 = ADVANCED_FACE ( 'NONE', ( #2898 ), #836, .T. ) ;
#3346 = CYLINDRICAL_SURFACE ( 'NONE', #2712, 1.250000000000001110 ) ;
#3347 = LINE ( 'NONE', #1879, #4284 ) ;
#3348 = CARTESIAN_POINT ( 'NONE',  ( 0.9218201416690011696, 74.69950020189062911, 0.3072733805563552245 ) ) ;
#3349 = DIRECTION ( 'NONE',  ( -1.000000000000000000, 0.000000000000000000, 0.000000000000000000 ) ) ;
#3350 = DIRECTION ( 'NONE',  ( -1.000000000000000000, 0.000000000000000000, 0.000000000000000000 ) ) ;
#3351 = VERTEX_POINT ( 'NONE', #4108 ) ;
#3352 = EDGE_CURVE ( 'NONE', #2353, #1186, #3176, .T. ) ;
#3353 = DIRECTION ( 'NONE',  ( -0.7071067811865493491, 0.7071067811865455743, 0.000000000000000000 ) ) ;
#3354 = DIRECTION ( 'NONE',  ( -0.000000000000000000, -0.000000000000000000, -1.000000000000000000 ) ) ;
#3355 = PLANE ( 'NONE',  #4740 ) ;
#3356 = ORIENTED_EDGE ( 'NONE', *, *, #2944, .T. ) ;
#3357 = FACE_OUTER_BOUND ( 'NONE', #3278, .T. ) ;
#3358 = ORIENTED_EDGE ( 'NONE', *, *, #658, .F. ) ;
#3359 = LINE ( 'NONE', #2226, #2182 ) ;
#3360 = CARTESIAN_POINT ( 'NONE',  ( 0.3072733805563578890, 45.30049979810937799, 0.9218201416690275929 ) ) ;
#3361 = ORIENTED_EDGE ( 'NONE', *, *, #2405, .T. ) ;
#3362 = EDGE_CURVE ( 'NONE', #4963, #4613, #4494, .T. ) ;
#3363 = VECTOR ( 'NONE', #3354, 1000.000000000000000 ) ;
#3364 = EDGE_LOOP ( 'NONE', ( #2719, #3488, #618, #4427 ) ) ;
#3365 = CARTESIAN_POINT ( 'NONE',  ( 67.50000000000000000, -9.540979117872439019E-15, 0.000000000000000000 ) ) ;
#3366 = DIRECTION ( 'NONE',  ( 1.000000000000000000, 0.000000000000000000, 0.000000000000000000 ) ) ;
#3367 = EDGE_LOOP ( 'NONE', ( #4671, #597, #1032, #2901 ) ) ;
#3368 = FACE_OUTER_BOUND ( 'NONE', #253, .T. ) ;
#3369 = CARTESIAN_POINT ( 'NONE',  ( 27.11389941078662247, 71.12337289908460036, 4.599999999999999645 ) ) ;
#3370 = AXIS2_PLACEMENT_3D ( 'NONE', #2725, #3912, #390 ) ;
#3371 = CARTESIAN_POINT ( 'NONE',  ( 27.50000000000062528, 117.5000000000000000, -5.000000000000001776 ) ) ;
#3372 = CARTESIAN_POINT ( 'NONE',  ( 0.4494164874987646163, 74.16472675680824977, 1.348249462496324158 ) ) ;
#3373 = DIRECTION ( 'NONE',  ( 0.000000000000000000, 0.7071067811865476838, 0.7071067811865474617 ) ) ;
#3374 = DIRECTION ( 'NONE',  ( 0.9999789340568651097, -0.006490873785237705890, 0.000000000000000000 ) ) ;
#3375 = ORIENTED_EDGE ( 'NONE', *, *, #577, .F. ) ;
#3376 = EDGE_CURVE ( 'NONE', #930, #3139, #591, .T. ) ;
#3377 = ADVANCED_FACE ( 'NONE', ( #2657 ), #980, .F. ) ;
#3378 = CARTESIAN_POINT ( 'NONE',  ( 52.50000000000000711, 112.4999999999999858, 0.000000000000000000 ) ) ;
#3379 =( BOUNDED_CURVE ( )  B_SPLINE_CURVE ( 3, ( #1940, #2351, #4693, #4748 ),
 .UNSPECIFIED., .F., .T. ) 
 B_SPLINE_CURVE_WITH_KNOTS ( ( 4, 4 ),
 ( 3.141592653589793116, 4.712388980384689674 ),
 .UNSPECIFIED. ) 
 CURVE ( )  GEOMETRIC_REPRESENTATION_ITEM ( )  RATIONAL_B_SPLINE_CURVE ( ( 1.000000000000000000, 0.8047378541243649375, 0.8047378541243649375, 1.000000000000000000 ) ) 
 REPRESENTATION_ITEM ( '' )  );
#3380 = VECTOR ( 'NONE', #1578, 1000.000000000000000 ) ;
#3381 = CARTESIAN_POINT ( 'NONE',  ( 34.58037044103966906, 60.18697884857790115, 5.000000000000000000 ) ) ;
#3382 = DIRECTION ( 'NONE',  ( 0.9999976573062887564, 0.002164574307898256642, 0.000000000000000000 ) ) ;
#3383 = ORIENTED_EDGE ( 'NONE', *, *, #1569, .T. ) ;
#3384 = ADVANCED_FACE ( 'NONE', ( #229 ), #3452, .T. ) ;
#3385 = EDGE_LOOP ( 'NONE', ( #3419, #87, #500, #702 ) ) ;
#3386 = B_SPLINE_CURVE_WITH_KNOTS ( 'NONE', 3,
 ( #2317, #457, #3583, #1499 ),
 .UNSPECIFIED., .F., .F.,
 ( 4, 4 ),
 ( 0.000000000000000000, 1.000000000000000000 ),
 .UNSPECIFIED. ) ;
#3387 = CARTESIAN_POINT ( 'NONE',  ( 37.41813806569387424, 69.15622655406406238, 5.000000000000000000 ) ) ;
#3388 = FACE_BOUND ( 'NONE', #4440, .T. ) ;
#3389 = ORIENTED_EDGE ( 'NONE', *, *, #4395, .T. ) ;
#3390 = ORIENTED_EDGE ( 'NONE', *, *, #2944, .F. ) ;
#3391 = CARTESIAN_POINT ( 'NONE',  ( 41.19160789426834413, 63.02673180877590653, 4.599999999999999645 ) ) ;
#3392 = CARTESIAN_POINT ( 'NONE',  ( 14.03395320428463044, 59.88853312862018896, 4.599999999999999645 ) ) ;
#3393 = ORIENTED_EDGE ( 'NONE', *, *, #274, .T. ) ;
#3394 = CARTESIAN_POINT ( 'NONE',  ( 22.50000000000000000, 117.5000000000000000, -15.00000000000000000 ) ) ;
#3395 = CARTESIAN_POINT ( 'NONE',  ( 12.49999999999998757, -9.540979117872439019E-15, -9.999999999999991118 ) ) ;
#3396 = LINE ( 'NONE', #4556, #4952 ) ;
#3397 = CARTESIAN_POINT ( 'NONE',  ( 35.23217485934515736, 50.75966885260515227, 5.000000000000000000 ) ) ;
#3398 = CIRCLE ( 'NONE', #2990, 2.500000000000002220 ) ;
#3399 = ADVANCED_FACE ( 'NONE', ( #3357 ), #3290, .F. ) ;
#3400 = DIRECTION ( 'NONE',  ( 1.000000000000000000, -0.000000000000000000, 0.000000000000000000 ) ) ;
#3401 = CARTESIAN_POINT ( 'NONE',  ( -0.1374238320307762662, 63.48754560515362755, 5.000000000000000000 ) ) ;
#3402 = VERTEX_POINT ( 'NONE', #2273 ) ;
#3403 = CARTESIAN_POINT ( 'NONE',  ( 34.58037044103966906, 60.18697884857790115, 4.599999999999999645 ) ) ;
#3404 = EDGE_CURVE ( 'NONE', #1109, #4456, #2128, .T. ) ;
#3405 = CARTESIAN_POINT ( 'NONE',  ( 23.95290432188574670, 64.81307871474692206, 4.599999999999999645 ) ) ;
#3406 = CARTESIAN_POINT ( 'NONE',  ( 52.50000000000000711, 117.5000000000000000, -10.00000000000062350 ) ) ;
#3407 = EDGE_LOOP ( 'NONE', ( #3156, #4044, #3111, #1439 ) ) ;
#3408 = ORIENTED_EDGE ( 'NONE', *, *, #4223, .T. ) ;
#3409 = CARTESIAN_POINT ( 'NONE',  ( 59.41939945595165540, 50.81202402019855668, 4.599999999999999645 ) ) ;
#3410 = DIRECTION ( 'NONE',  ( 1.000000000000000000, 0.000000000000000000, 0.000000000000000000 ) ) ;
#3411 = CARTESIAN_POINT ( 'NONE',  ( 39.62958920622759962, 51.33356971989759643, 4.599999999999999645 ) ) ;
#3412 = CIRCLE ( 'NONE', #4322, 7.500000000000032863 ) ;
#3413 = EDGE_LOOP ( 'NONE', ( #1146, #2538, #2043, #4463 ) ) ;
#3414 = ORIENTED_EDGE ( 'NONE', *, *, #123, .F. ) ;
#3415 = CARTESIAN_POINT ( 'NONE',  ( 34.84299446063909045, 51.29851711344042542, 4.599999999999999645 ) ) ;
#3416 = EDGE_CURVE ( 'NONE', #1245, #863, #1885, .T. ) ;
#3417 = CIRCLE ( 'NONE', #1212, 1.500000000000000000 ) ;
#3418 = LINE ( 'NONE', #2544, #4870 ) ;
#3419 = ORIENTED_EDGE ( 'NONE', *, *, #3730, .T. ) ;
#3420 = CARTESIAN_POINT ( 'NONE',  ( 69.99999999999998579, 2.499999999999996003, -10.00000000000000178 ) ) ;
#3421 = CYLINDRICAL_SURFACE ( 'NONE', #759, 5.000000000000000888 ) ;
#3422 = VECTOR ( 'NONE', #3155, 1000.000000000000000 ) ;
#3423 = CARTESIAN_POINT ( 'NONE',  ( 69.99999999999998579, 0.000000000000000000, 5.000000000000000000 ) ) ;
#3424 = CARTESIAN_POINT ( 'NONE',  ( 74.76969600708474673, 46.30067417839163113, 1.499999999999999112 ) ) ;
#3425 = CARTESIAN_POINT ( 'NONE',  ( 73.87179947255832246, 45.44597539628917104, 1.128200527441270307 ) ) ;
#3426 = LINE ( 'NONE', #4559, #963 ) ;
#3427 = CARTESIAN_POINT ( 'NONE',  ( 16.97589199274863958, 59.84551655870923526, 5.000000000000000000 ) ) ;
#3428 = CARTESIAN_POINT ( 'NONE',  ( 39.59999999999999432, 21.89999999999999503, 3.100000000000000089 ) ) ;
#3429 = DIRECTION ( 'NONE',  ( 1.000000000000000000, 0.000000000000000000, 0.000000000000000000 ) ) ;
#3430 = CARTESIAN_POINT ( 'NONE',  ( 0.2065101041644589186, 46.01457104072670035, 1.422671342195630517 ) ) ;
#3431 = ORIENTED_EDGE ( 'NONE', *, *, #110, .F. ) ;
#3432 = ORIENTED_EDGE ( 'NONE', *, *, #3503, .T. ) ;
#3433 = CARTESIAN_POINT ( 'NONE',  ( 27.50000000000005329, 112.5000000000000000, -5.000000000000000000 ) ) ;
#3434 = FACE_OUTER_BOUND ( 'NONE', #2026, .T. ) ;
#3435 = CARTESIAN_POINT ( 'NONE',  ( 21.45251452048412588, 58.04918181031906244, 5.000000000000000000 ) ) ;
#3436 = ORIENTED_EDGE ( 'NONE', *, *, #1806, .T. ) ;
#3437 = ORIENTED_EDGE ( 'NONE', *, *, #2569, .T. ) ;
#3438 = DIRECTION ( 'NONE',  ( 0.000000000000000000, 0.000000000000000000, -1.000000000000000000 ) ) ;
#3439 = ADVANCED_FACE ( 'NONE', ( #1762 ), #3720, .F. ) ;
#3440 = DIRECTION ( 'NONE',  ( -1.000000000000000000, 0.000000000000000000, 0.000000000000000000 ) ) ;
#3441 = EDGE_LOOP ( 'NONE', ( #4160, #1415, #1910, #2686, #353, #854 ) ) ;
#3442 = PLANE ( 'NONE',  #1919 ) ;
#3443 = CARTESIAN_POINT ( 'NONE',  ( 56.98098263606785707, 69.19504434610479393, 5.000000000000000000 ) ) ;
#3444 = ADVANCED_FACE ( 'NONE', ( #564 ), #176, .T. ) ;
#3445 = CARTESIAN_POINT ( 'NONE',  ( 12.49999999999998934, -9.540979117872439019E-15, -4.999999999999989342 ) ) ;
#3446 = CARTESIAN_POINT ( 'NONE',  ( 0.4339157902498707586, 74.25172605281045435, 1.301747370749792632 ) ) ;
#3447 = CARTESIAN_POINT ( 'NONE',  ( 27.10923559923350012, 48.83376798311071809, 5.000000000000000000 ) ) ;
#3448 = VECTOR ( 'NONE', #5046, 1000.000000000000000 ) ;
#3449 = CARTESIAN_POINT ( 'NONE',  ( 25.61020819466324028, 50.41079370095809509, 4.599999999999999645 ) ) ;
#3450 = ORIENTED_EDGE ( 'NONE', *, *, #2231, .T. ) ;
#3451 = LINE ( 'NONE', #634, #3664 ) ;
#3452 = CYLINDRICAL_SURFACE ( 'NONE', #1675, 1.250000000000001110 ) ;
#3453 = CARTESIAN_POINT ( 'NONE',  ( 28.99618295937897372, 74.32974751677330971, 4.599999999999999645 ) ) ;
#3454 = EDGE_CURVE ( 'NONE', #2155, #1600, #1498, .T. ) ;
#3455 = LINE ( 'NONE', #3406, #1946 ) ;
#3456 = ORIENTED_EDGE ( 'NONE', *, *, #3468, .F. ) ;
#3457 = AXIS2_PLACEMENT_3D ( 'NONE', #4927, #3038, #263 ) ;
#3458 = VERTEX_POINT ( 'NONE', #4517 ) ;
#3459 = LINE ( 'NONE', #3075, #4149 ) ;
#3460 = CARTESIAN_POINT ( 'NONE',  ( 52.39487941846498131, 56.38420791783046582, 4.599999999999999645 ) ) ;
#3461 = ADVANCED_FACE ( 'NONE', ( #2682 ), #2298, .T. ) ;
#3462 = CARTESIAN_POINT ( 'NONE',  ( 16.97589199274863958, 59.84551655870923526, 5.000000000000000000 ) ) ;
#3463 = VECTOR ( 'NONE', #782, 1000.000000000000000 ) ;
#3464 = ORIENTED_EDGE ( 'NONE', *, *, #2661, .T. ) ;
#3465 = EDGE_CURVE ( 'NONE', #1365, #4467, #742, .T. ) ;
#3466 = LINE ( 'NONE', #413, #1163 ) ;
#3467 = CARTESIAN_POINT ( 'NONE',  ( 7.499999999999985789, -9.540979117872439019E-15, -9.999999999999992895 ) ) ;
#3468 = EDGE_CURVE ( 'NONE', #2735, #1270, #1418, .T. ) ;
#3469 = ORIENTED_EDGE ( 'NONE', *, *, #2556, .F. ) ;
#3470 = CARTESIAN_POINT ( 'NONE',  ( 0.000000000000000000, 0.000000000000000000, 1.500000000000000000 ) ) ;
#3471 = EDGE_CURVE ( 'NONE', #1615, #3338, #3145, .T. ) ;
#3472 = ADVANCED_FACE ( 'NONE', ( #3511 ), #465, .T. ) ;
#3473 = CARTESIAN_POINT ( 'NONE',  ( 23.96329594661243689, 60.01231934864183160, 5.000000000000000000 ) ) ;
#3474 = AXIS2_PLACEMENT_3D ( 'NONE', #4889, #86, #1364 ) ;
#3475 = CARTESIAN_POINT ( 'NONE',  ( 43.08109070326097623, 63.58109551050128516, 4.599999999999999645 ) ) ;
#3476 = ORIENTED_EDGE ( 'NONE', *, *, #3471, .T. ) ;
#3477 = EDGE_CURVE ( 'NONE', #3055, #2680, #3379, .T. ) ;
#3478 = DIRECTION ( 'NONE',  ( -0.000000000000000000, -0.000000000000000000, 1.000000000000000000 ) ) ;
#3479 = CARTESIAN_POINT ( 'NONE',  ( 31.46693423918955190, 54.71983697195834395, 5.000000000000000000 ) ) ;
#3480 = EDGE_CURVE ( 'NONE', #4521, #2955, #4779, .T. ) ;
#3481 = DIRECTION ( 'NONE',  ( 1.228762462150238276E-16, 1.000000000000000000, 0.000000000000000000 ) ) ;
#3482 = ORIENTED_EDGE ( 'NONE', *, *, #2035, .F. ) ;
#3483 = VECTOR ( 'NONE', #1493, 1000.000000000000000 ) ;
#3484 = CARTESIAN_POINT ( 'NONE',  ( 7.499999999999989342, 4.999999999999993783, -12.50000000000000000 ) ) ;
#3485 = DIRECTION ( 'NONE',  ( 1.000000000000000000, 0.000000000000000000, 0.000000000000000000 ) ) ;
#3486 = CARTESIAN_POINT ( 'NONE',  ( 28.99618295937897372, 74.32974751677330971, 5.000000000000000000 ) ) ;
#3487 = LINE ( 'NONE', #3071, #3670 ) ;
#3488 = ORIENTED_EDGE ( 'NONE', *, *, #208, .F. ) ;
#3489 = ORIENTED_EDGE ( 'NONE', *, *, #4386, .F. ) ;
#3490 = DIRECTION ( 'NONE',  ( 0.000000000000000000, 0.000000000000000000, 1.000000000000000000 ) ) ;
#3491 = CARTESIAN_POINT ( 'NONE',  ( 28.99618295937897017, 74.32974751677330971, 4.599999999999999645 ) ) ;
#3492 = DIRECTION ( 'NONE',  ( -1.000000000000000000, 0.000000000000000000, 0.000000000000000000 ) ) ;
#3493 = ORIENTED_EDGE ( 'NONE', *, *, #2016, .F. ) ;
#3494 = CARTESIAN_POINT ( 'NONE',  ( 57.49999999999999289, 117.5000000000000000, -15.00000000000000000 ) ) ;
#3495 = CARTESIAN_POINT ( 'NONE',  ( 0.000000000000000000, 0.000000000000000000, 0.000000000000000000 ) ) ;
#3496 = VERTEX_POINT ( 'NONE', #3201 ) ;
#3497 = VECTOR ( 'NONE', #2172, 1000.000000000000114 ) ;
#3498 = DIRECTION ( 'NONE',  ( 0.9999976573062887564, 0.002164574307898256642, 0.000000000000000000 ) ) ;
#3499 = FACE_OUTER_BOUND ( 'NONE', #2845, .T. ) ;
#3500 = VECTOR ( 'NONE', #4354, 1000.000000000000000 ) ;
#3501 = CARTESIAN_POINT ( 'NONE',  ( 56.31831518861017827, 68.97138550662481293, 5.000000000000000000 ) ) ;
#3502 = VERTEX_POINT ( 'NONE', #3976 ) ;
#3503 = EDGE_CURVE ( 'NONE', #1235, #3644, #1832, .T. ) ;
#3504 = LINE ( 'NONE', #3140, #803 ) ;
#3505 = CIRCLE ( 'NONE', #3825, 5.000000000000000888 ) ;
#3506 = CARTESIAN_POINT ( 'NONE',  ( 61.25000000000000711, 114.9999999999999858, -15.00000000000000000 ) ) ;
#3507 = CARTESIAN_POINT ( 'NONE',  ( 26.88347510842798016, 60.24439457978235168, 4.599999999999999645 ) ) ;
#3508 = VECTOR ( 'NONE', #2248, 1000.000000000000000 ) ;
#3509 = DIRECTION ( 'NONE',  ( 0.000000000000000000, 1.000000000000000000, 0.000000000000000000 ) ) ;
#3510 = LINE ( 'NONE', #3484, #302 ) ;
#3511 = FACE_OUTER_BOUND ( 'NONE', #2401, .T. ) ;
#3512 = FACE_OUTER_BOUND ( 'NONE', #4327, .T. ) ;
#3513 = VERTEX_POINT ( 'NONE', #2819 ) ;
#3514 = ORIENTED_EDGE ( 'NONE', *, *, #4896, .T. ) ;
#3515 = DIRECTION ( 'NONE',  ( -0.9999976573062887564, -0.002164574307904652134, 0.000000000000000000 ) ) ;
#3516 = LINE ( 'NONE', #1238, #4399 ) ;
#3517 = CARTESIAN_POINT ( 'NONE',  ( 51.27523411172361278, 66.83697843894681512, 5.000000000000000000 ) ) ;
#3518 = VECTOR ( 'NONE', #2542, 1000.000000000000000 ) ;
#3519 = ORIENTED_EDGE ( 'NONE', *, *, #198, .T. ) ;
#3520 = CYLINDRICAL_SURFACE ( 'NONE', #4688, 1.500000000000001332 ) ;
#3521 = CARTESIAN_POINT ( 'NONE',  ( 0.04382333232976041992, 74.84721904561826022, 0.6668159076367712323 ) ) ;
#3522 = VERTEX_POINT ( 'NONE', #1177 ) ;
#3523 = DIRECTION ( 'NONE',  ( -0.000000000000000000, -0.000000000000000000, 1.000000000000000000 ) ) ;
#3524 = ADVANCED_FACE ( 'NONE', ( #3950 ), #3924, .F. ) ;
#3525 = CARTESIAN_POINT ( 'NONE',  ( 16.97589199274863958, 59.84551655870923526, 5.000000000000000000 ) ) ;
#3526 = CARTESIAN_POINT ( 'NONE',  ( 52.50000000000000000, 114.9999999999999574, -15.00000000000000711 ) ) ;
#3527 = ORIENTED_EDGE ( 'NONE', *, *, #447, .F. ) ;
#3528 = FACE_OUTER_BOUND ( 'NONE', #4140, .T. ) ;
#3529 = DIRECTION ( 'NONE',  ( -0.000000000000000000, -0.000000000000000000, 1.000000000000000000 ) ) ;
#3530 = DIRECTION ( 'NONE',  ( -0.000000000000000000, 1.000000000000000000, -0.000000000000000000 ) ) ;
#3531 = DIRECTION ( 'NONE',  ( 0.000000000000000000, 0.000000000000000000, -1.000000000000000000 ) ) ;
#3532 = AXIS2_PLACEMENT_3D ( 'NONE', #1399, #1809, #2553 ) ;
#3533 = ADVANCED_FACE ( 'NONE', ( #4005 ), #1994, .F. ) ;
#3534 = CARTESIAN_POINT ( 'NONE',  ( 41.96291306052567904, 63.57867512623392514, 4.599999999999999645 ) ) ;
#3535 = CARTESIAN_POINT ( 'NONE',  ( 0.000000000000000000, 0.000000000000000000, 4.599999999999999645 ) ) ;
#3536 = CARTESIAN_POINT ( 'NONE',  ( 73.50000000000000000, 45.62132034355963128, 0.4999999999999996669 ) ) ;
#3537 = DIRECTION ( 'NONE',  ( -1.000000000000000000, 0.000000000000000000, -0.000000000000000000 ) ) ;
#3538 = ORIENTED_EDGE ( 'NONE', *, *, #4292, .T. ) ;
#3539 = EDGE_CURVE ( 'NONE', #1133, #452, #2378, .T. ) ;
#3540 = ORIENTED_EDGE ( 'NONE', *, *, #4067, .T. ) ;
#3541 = VECTOR ( 'NONE', #892, 1000.000000000000000 ) ;
#3542 = ORIENTED_EDGE ( 'NONE', *, *, #3416, .F. ) ;
#3543 = FACE_OUTER_BOUND ( 'NONE', #3441, .T. ) ;
#3544 = CARTESIAN_POINT ( 'NONE',  ( 18.96433980743245939, 58.67872639927966816, 4.599999999999999645 ) ) ;
#3545 = CARTESIAN_POINT ( 'NONE',  ( 7.499999999999989342, -9.540979117872439019E-15, 2.168404344971008868E-14 ) ) ;
#3546 = EDGE_CURVE ( 'NONE', #3055, #1300, #2917, .T. ) ;
#3547 = ORIENTED_EDGE ( 'NONE', *, *, #2929, .T. ) ;
#3548 = CARTESIAN_POINT ( 'NONE',  ( 56.98449280162159880, 69.20210790046715488, 4.599999999999999645 ) ) ;
#3549 = CARTESIAN_POINT ( 'NONE',  ( 35.32993193914360575, 69.15170646614373595, 5.000000000000000000 ) ) ;
#3550 = ORIENTED_EDGE ( 'NONE', *, *, #2408, .F. ) ;
#3551 = DIRECTION ( 'NONE',  ( 0.002164574307898256642, -0.9999976573062887564, 0.000000000000000000 ) ) ;
#3552 = AXIS2_PLACEMENT_3D ( 'NONE', #4738, #1113, #2011 ) ;
#3553 = ORIENTED_EDGE ( 'NONE', *, *, #4255, .F. ) ;
#3554 = CARTESIAN_POINT ( 'NONE',  ( 22.49999999999999289, 114.9999999999999858, -15.00000000000000000 ) ) ;
#3555 = CARTESIAN_POINT ( 'NONE',  ( 56.63175517114320456, 69.20134437186605680, 5.000000000000000000 ) ) ;
#3556 = ORIENTED_EDGE ( 'NONE', *, *, #1486, .T. ) ;
#3557 = CARTESIAN_POINT ( 'NONE',  ( 16.97589199274863958, 59.84551655870923526, 4.599999999999999645 ) ) ;
#3558 = CARTESIAN_POINT ( 'NONE',  ( 49.93795213272127143, 63.76172295399043577, 4.599999999999999645 ) ) ;
#3559 = CARTESIAN_POINT ( 'NONE',  ( 73.80733853384228382, 74.41498464624854137, 0.3975538220526762534 ) ) ;
#3560 = EDGE_CURVE ( 'NONE', #2282, #687, #3086, .T. ) ;
#3561 = AXIS2_PLACEMENT_3D ( 'NONE', #470, #881, #1263 ) ;
#3562 = CARTESIAN_POINT ( 'NONE',  ( 2.499999999999998668, 4.999999999999993783, -12.50000000000000000 ) ) ;
#3563 = LINE ( 'NONE', #3922, #3742 ) ;
#3564 = DIRECTION ( 'NONE',  ( 0.3071847037978341355, 0.9516499134411965377, 0.000000000000000000 ) ) ;
#3565 = CARTESIAN_POINT ( 'NONE',  ( 1.500000000000000888, 73.50000000000000000, 0.000000000000000000 ) ) ;
#3566 = ORIENTED_EDGE ( 'NONE', *, *, #2911, .T. ) ;
#3567 = ORIENTED_EDGE ( 'NONE', *, *, #3688, .F. ) ;
#3568 = EDGE_CURVE ( 'NONE', #2107, #3496, #4360, .T. ) ;
#3569 = ORIENTED_EDGE ( 'NONE', *, *, #5028, .F. ) ;
#3570 = CARTESIAN_POINT ( 'NONE',  ( 56.20969273636311669, 68.63604813294755047, 4.599999999999999645 ) ) ;
#3571 = VECTOR ( 'NONE', #3135, 1000.000000000000000 ) ;
#3572 = DIRECTION ( 'NONE',  ( -0.9999976573062887564, -0.002164574307904652568, 0.000000000000000000 ) ) ;
#3573 = DIRECTION ( 'NONE',  ( 0.002164574307900884748, -0.9999976573062887564, 0.000000000000000000 ) ) ;
#3574 = VERTEX_POINT ( 'NONE', #850 ) ;
#3575 = CARTESIAN_POINT ( 'NONE',  ( 43.86543613087226845, 62.99724613215688862, 5.000000000000000000 ) ) ;
#3576 = LINE ( 'NONE', #2854, #2565 ) ;
#3577 = VERTEX_POINT ( 'NONE', #3617 ) ;
#3578 = DIRECTION ( 'NONE',  ( 2.602085213965207190E-16, -0.000000000000000000, 1.000000000000000000 ) ) ;
#3579 = ORIENTED_EDGE ( 'NONE', *, *, #3627, .T. ) ;
#3580 = DIRECTION ( 'NONE',  ( -1.000000000000000000, 0.000000000000000000, 0.000000000000000000 ) ) ;
#3581 = EDGE_CURVE ( 'NONE', #2955, #2594, #1557, .T. ) ;
#3582 =( BOUNDED_CURVE ( )  B_SPLINE_CURVE ( 3, ( #4980, #1045, #3325, #2942 ),
 .UNSPECIFIED., .F., .F. ) 
 B_SPLINE_CURVE_WITH_KNOTS ( ( 4, 4 ),
 ( 1.570796326794889675, 3.141592653589790451 ),
 .UNSPECIFIED. ) 
 CURVE ( )  GEOMETRIC_REPRESENTATION_ITEM ( )  RATIONAL_B_SPLINE_CURVE ( ( 1.000000000000000000, 0.8047378541243640493, 0.8047378541243640493, 1.000000000000000000 ) ) 
 REPRESENTATION_ITEM ( '' )  );
#3583 = CARTESIAN_POINT ( 'NONE',  ( 31.16037302392805231, 49.68205551682147814, 5.000000000000000000 ) ) ;
#3584 = ORIENTED_EDGE ( 'NONE', *, *, #584, .T. ) ;
#3585 = CARTESIAN_POINT ( 'NONE',  ( 47.91652405408409265, 67.12953676969294747, 4.599999999999999645 ) ) ;
#3586 = CARTESIAN_POINT ( 'NONE',  ( 62.49999999999999289, -9.540979117872439019E-15, -9.999999999999998224 ) ) ;
#3587 = CARTESIAN_POINT ( 'NONE',  ( 41.96291306052567904, 63.57867512623393935, 5.000000000000000000 ) ) ;
#3588 = VECTOR ( 'NONE', #75, 1000.000000000000000 ) ;
#3589 = CARTESIAN_POINT ( 'NONE',  ( 59.58065994151687761, 69.20067155399181047, 4.599999999999999645 ) ) ;
#3590 = CARTESIAN_POINT ( 'NONE',  ( 27.10923559923350012, 48.83376798311071809, 4.599999999999999645 ) ) ;
#3591 = AXIS2_PLACEMENT_3D ( 'NONE', #820, #3481, #5030 ) ;
#3592 = CARTESIAN_POINT ( 'NONE',  ( 20.88358404535131641, -6.741047825046448949, 5.000000000000000000 ) ) ;
#3593 = LINE ( 'NONE', #1671, #2705 ) ;
#3594 = DIRECTION ( 'NONE',  ( 0.000000000000000000, 0.000000000000000000, 1.000000000000000000 ) ) ;
#3595 = VERTEX_POINT ( 'NONE', #794 ) ;
#3596 = VERTEX_POINT ( 'NONE', #377 ) ;
#3597 = VECTOR ( 'NONE', #446, 1000.000000000000000 ) ;
#3598 = CARTESIAN_POINT ( 'NONE',  ( 28.05576097198110475, 72.73037325243288365, 5.000000000000000000 ) ) ;
#3599 = CARTESIAN_POINT ( 'NONE',  ( 47.91652405408409265, 67.12953676969294747, 5.000000000000000000 ) ) ;
#3600 = FACE_OUTER_BOUND ( 'NONE', #891, .T. ) ;
#3601 = ORIENTED_EDGE ( 'NONE', *, *, #2180, .F. ) ;
#3602 = CARTESIAN_POINT ( 'NONE',  ( 52.75819874726980885, 56.38499435135753401, 4.599999999999999645 ) ) ;
#3603 = CARTESIAN_POINT ( 'NONE',  ( 31.16037302392805231, 49.68205551682147814, 4.599999999999999645 ) ) ;
#3604 = ORIENTED_EDGE ( 'NONE', *, *, #3615, .T. ) ;
#3605 = CARTESIAN_POINT ( 'NONE',  ( 67.50000000000000000, 3.749999999999994671, -11.25000000000000000 ) ) ;
#3606 = ORIENTED_EDGE ( 'NONE', *, *, #3777, .F. ) ;
#3607 = DIRECTION ( 'NONE',  ( 1.000000000000000000, -0.000000000000000000, -0.000000000000000000 ) ) ;
#3608 = EDGE_CURVE ( 'NONE', #4932, #4310, #19, .T. ) ;
#3609 = CARTESIAN_POINT ( 'NONE',  ( 18.12035258729484966, -9.004735323125991897, 5.000000000000000000 ) ) ;
#3610 = VERTEX_POINT ( 'NONE', #99 ) ;
#3611 = LINE ( 'NONE', #2681, #712 ) ;
#3612 = B_SPLINE_CURVE_WITH_KNOTS ( 'NONE', 3,
 ( #1234, #4256, #4721, #352 ),
 .UNSPECIFIED., .F., .F.,
 ( 4, 4 ),
 ( 4.000000000000000000, 5.000000000000000000 ),
 .UNSPECIFIED. ) ;
#3613 = LINE ( 'NONE', #71, #2660 ) ;
#3614 = PLANE ( 'NONE',  #2191 ) ;
#3615 = EDGE_CURVE ( 'NONE', #3644, #2386, #3417, .T. ) ;
#3616 = CARTESIAN_POINT ( 'NONE',  ( 41.48631741186515143, 24.64435482244645925, 5.000000000000000000 ) ) ;
#3617 = CARTESIAN_POINT ( 'NONE',  ( 60.96604679571537133, 51.67958202849354876, 4.599999999999999645 ) ) ;
#3618 = CARTESIAN_POINT ( 'NONE',  ( 47.85035056033056122, 66.73785271226965676, 5.000000000000000000 ) ) ;
#3619 = ORIENTED_EDGE ( 'NONE', *, *, #3855, .F. ) ;
#3620 = ORIENTED_EDGE ( 'NONE', *, *, #1277, .T. ) ;
#3621 = CARTESIAN_POINT ( 'NONE',  ( 59.41939945595165540, 50.81202402019854958, 5.000000000000000000 ) ) ;
#3622 = CARTESIAN_POINT ( 'NONE',  ( 35.87667499726751430, 69.15288993489288316, 5.000000000000000000 ) ) ;
#3623 = VECTOR ( 'NONE', #3137, 1000.000000000000000 ) ;
#3624 = EDGE_LOOP ( 'NONE', ( #3489, #3773, #2361, #415 ) ) ;
#3625 = SPHERICAL_SURFACE ( 'NONE', #185, 5.000000000000000000 ) ;
#3626 = ORIENTED_EDGE ( 'NONE', *, *, #3300, .F. ) ;
#3627 = EDGE_CURVE ( 'NONE', #1121, #2680, #1231, .T. ) ;
#3628 = CARTESIAN_POINT ( 'NONE',  ( 26.88347510842798016, 60.24439457978235168, 5.000000000000000000 ) ) ;
#3629 = ORIENTED_EDGE ( 'NONE', *, *, #4532, .T. ) ;
#3630 = CARTESIAN_POINT ( 'NONE',  ( 52.50000000000001421, 18.49999999999998934, 0.000000000000000000 ) ) ;
#3631 = ADVANCED_FACE ( 'NONE', ( #2842 ), #3250, .F. ) ;
#3632 = CARTESIAN_POINT ( 'NONE',  ( 61.25000000000001421, 117.5000000000000000, 0.000000000000000000 ) ) ;
#3633 = AXIS2_PLACEMENT_3D ( 'NONE', #3445, #2938, #991 ) ;
#3634 = ORIENTED_EDGE ( 'NONE', *, *, #4610, .T. ) ;
#3635 = EDGE_CURVE ( 'NONE', #3574, #3078, #189, .T. ) ;
#3636 = CARTESIAN_POINT ( 'NONE',  ( 1.336082918170696798, 45.75207113318903396, 1.336082918170695910 ) ) ;
#3637 = CARTESIAN_POINT ( 'NONE',  ( 74.51599167155681869, 73.88892379092472140, 1.452024985329367857 ) ) ;
#3638 = VECTOR ( 'NONE', #1531, 1000.000000000000000 ) ;
#3639 = DIRECTION ( 'NONE',  ( -0.000000000000000000, -0.000000000000000000, 1.000000000000000000 ) ) ;
#3640 = B_SPLINE_CURVE_WITH_KNOTS ( 'NONE', 3,
 ( #4711, #3114, #1958, #1604 ),
 .UNSPECIFIED., .F., .F.,
 ( 4, 4 ),
 ( 43.00000000000000000, 44.00000000000000000 ),
 .UNSPECIFIED. ) ;
#3641 = CARTESIAN_POINT ( 'NONE',  ( 74.94370324461606003, 45.19885851859542214, 0.7527245943439031528 ) ) ;
#3642 = FACE_OUTER_BOUND ( 'NONE', #3309, .T. ) ;
#3643 = ORIENTED_EDGE ( 'NONE', *, *, #3568, .T. ) ;
#3644 = VERTEX_POINT ( 'NONE', #4074 ) ;
#3645 = LINE ( 'NONE', #2797, #4075 ) ;
#3646 = LINE ( 'NONE', #1740, #2042 ) ;
#3647 = ORIENTED_EDGE ( 'NONE', *, *, #2640, .T. ) ;
#3648 = B_SPLINE_CURVE_WITH_KNOTS ( 'NONE', 3,
 ( #2341, #1984, #420, #2010 ),
 .UNSPECIFIED., .F., .F.,
 ( 4, 4 ),
 ( 39.00000000000000000, 40.00000000000000000 ),
 .UNSPECIFIED. ) ;
#3649 = AXIS2_PLACEMENT_3D ( 'NONE', #5049, #4296, #1575 ) ;
#3650 = DIRECTION ( 'NONE',  ( 0.7071067811865422437, 0.000000000000000000, 0.7071067811865526798 ) ) ;
#3651 = VERTEX_POINT ( 'NONE', #2551 ) ;
#3652 = DIRECTION ( 'NONE',  ( 0.000000000000000000, -0.000000000000000000, -1.000000000000000000 ) ) ;
#3653 = ORIENTED_EDGE ( 'NONE', *, *, #1706, .T. ) ;
#3654 = CARTESIAN_POINT ( 'NONE',  ( 54.53551570398803250, 56.61106762017198690, 5.000000000000000000 ) ) ;
#3655 = LINE ( 'NONE', #3243, #4698 ) ;
#3656 = EDGE_LOOP ( 'NONE', ( #2329, #328, #1452, #2927, #2531, #1825 ) ) ;
#3657 = DIRECTION ( 'NONE',  ( 0.000000000000000000, 1.000000000000000000, 0.000000000000000000 ) ) ;
#3658 = CARTESIAN_POINT ( 'NONE',  ( 74.50322304803994200, 73.69634717512361988, 1.490330855880327654 ) ) ;
#3659 = CARTESIAN_POINT ( 'NONE',  ( 74.85640449230625393, 45.57660623700265745, 1.197963648748552323 ) ) ;
#3660 = VECTOR ( 'NONE', #1484, 1000.000000000000000 ) ;
#3661 = DIRECTION ( 'NONE',  ( -0.9999976573062887564, -0.002164574307898562821, 0.000000000000000000 ) ) ;
#3662 = ORIENTED_EDGE ( 'NONE', *, *, #1127, .T. ) ;
#3663 = ORIENTED_EDGE ( 'NONE', *, *, #4335, .F. ) ;
#3664 = VECTOR ( 'NONE', #5034, 1000.000000000000000 ) ;
#3665 = DIRECTION ( 'NONE',  ( -0.9587445370430260905, -0.2842690850060091701, 0.000000000000000000 ) ) ;
#3666 = CARTESIAN_POINT ( 'NONE',  ( 31.45523698125404621, 60.12377736324087607, 4.599999999999999645 ) ) ;
#3667 = ORIENTED_EDGE ( 'NONE', *, *, #956, .T. ) ;
#3668 = ADVANCED_FACE ( 'NONE', ( #1325 ), #4481, .F. ) ;
#3669 = B_SPLINE_CURVE_WITH_KNOTS ( 'NONE', 3,
 ( #703, #5024, #650, #1826 ),
 .UNSPECIFIED., .F., .F.,
 ( 4, 4 ),
 ( 23.00000000000000000, 24.00000000000000000 ),
 .UNSPECIFIED. ) ;
#3670 = VECTOR ( 'NONE', #2327, 1000.000000000000000 ) ;
#3671 = FACE_OUTER_BOUND ( 'NONE', #4560, .T. ) ;
#3672 = ORIENTED_EDGE ( 'NONE', *, *, #2038, .F. ) ;
#3673 = PLANE ( 'NONE',  #453 ) ;
#3674 = ORIENTED_EDGE ( 'NONE', *, *, #1105, .F. ) ;
#3675 = DIRECTION ( 'NONE',  ( -0.002164574307898562821, 0.9999976573062887564, 0.000000000000000000 ) ) ;
#3676 = DIRECTION ( 'NONE',  ( 0.7071067811865525687, 0.000000000000000000, 0.7071067811865425767 ) ) ;
#3677 = EDGE_CURVE ( 'NONE', #3095, #2913, #2847, .T. ) ;
#3678 = VERTEX_POINT ( 'NONE', #576 ) ;
#3679 = ADVANCED_FACE ( 'NONE', ( #556 ), #1753, .F. ) ;
#3680 = LINE ( 'NONE', #1461, #1298 ) ;
#3681 = VECTOR ( 'NONE', #3947, 1000.000000000000000 ) ;
#3682 = LINE ( 'NONE', #2096, #2077 ) ;
#3683 = DIRECTION ( 'NONE',  ( -0.000000000000000000, 1.000000000000000000, -0.000000000000000000 ) ) ;
#3684 = EDGE_CURVE ( 'NONE', #805, #5091, #3819, .T. ) ;
#3685 = LINE ( 'NONE', #4508, #3948 ) ;
#3686 = ORIENTED_EDGE ( 'NONE', *, *, #2836, .T. ) ;
#3687 = ORIENTED_EDGE ( 'NONE', *, *, #2825, .T. ) ;
#3688 = EDGE_CURVE ( 'NONE', #1632, #3915, #4507, .T. ) ;
#3689 = LINE ( 'NONE', #1309, #2106 ) ;
#3690 = ADVANCED_FACE ( 'NONE', ( #3733 ), #145, .F. ) ;
#3691 = EDGE_CURVE ( 'NONE', #4932, #615, #4437, .T. ) ;
#3692 = LINE ( 'NONE', #173, #488 ) ;
#3693 = VERTEX_POINT ( 'NONE', #3295 ) ;
#3694 = EDGE_CURVE ( 'NONE', #2855, #2745, #1280, .T. ) ;
#3695 = DIRECTION ( 'NONE',  ( 1.228762462150238276E-16, 1.000000000000000000, 0.000000000000000000 ) ) ;
#3696 = ORIENTED_EDGE ( 'NONE', *, *, #5028, .T. ) ;
#3697 = CARTESIAN_POINT ( 'NONE',  ( 26.89661543495349250, 54.17378028218959685, 5.000000000000000000 ) ) ;
#3698 = EDGE_CURVE ( 'NONE', #525, #644, #2137, .T. ) ;
#3699 = VERTEX_POINT ( 'NONE', #2141 ) ;
#3700 = VERTEX_POINT ( 'NONE', #3708 ) ;
#3701 = CARTESIAN_POINT ( 'NONE',  ( 43.76239363741270694, 63.34270742456207870, 4.599999999999999645 ) ) ;
#3702 = CARTESIAN_POINT ( 'NONE',  ( 21.44437530280051263, 61.80936624298266935, 4.599999999999999645 ) ) ;
#3703 = PRODUCT_DEFINITION_SHAPE ( 'NONE', 'NONE',  #2237 ) ;
#3704 = ORIENTED_EDGE ( 'NONE', *, *, #658, .T. ) ;
#3705 = CARTESIAN_POINT ( 'NONE',  ( 23.52078599485841082, 52.59678160645988498, 5.000000000000000000 ) ) ;
#3706 = CIRCLE ( 'NONE', #5031, 2.500000000000002220 ) ;
#3707 = DIRECTION ( 'NONE',  ( 0.000000000000000000, 0.000000000000000000, 1.000000000000000000 ) ) ;
#3708 = CARTESIAN_POINT ( 'NONE',  ( 34.58037044103966906, 60.18697884857790115, 5.000000000000000000 ) ) ;
#3709 = DIRECTION ( 'NONE',  ( 0.000000000000000000, -0.7071067811865474617, 0.7071067811865476838 ) ) ;
#3710 = PLANE ( 'NONE',  #4156 ) ;
#3711 = VECTOR ( 'NONE', #2695, 1000.000000000000000 ) ;
#3712 = ORIENTED_EDGE ( 'NONE', *, *, #3917, .F. ) ;
#3713 = EDGE_LOOP ( 'NONE', ( #268, #448, #2513, #1155 ) ) ;
#3714 = EDGE_CURVE ( 'NONE', #83, #3901, #2940, .T. ) ;
#3715 = DIRECTION ( 'NONE',  ( -0.000000000000000000, 1.000000000000000000, -0.000000000000000000 ) ) ;
#3716 = LINE ( 'NONE', #2872, #1627 ) ;
#3717 =( GEOMETRIC_REPRESENTATION_CONTEXT ( 3 ) GLOBAL_UNCERTAINTY_ASSIGNED_CONTEXT ( ( #661 ) ) GLOBAL_UNIT_ASSIGNED_CONTEXT ( ( #4878, #919, #938 ) ) REPRESENTATION_CONTEXT ( 'NONE', 'WORKASPACE' ) );
#3718 = ORIENTED_EDGE ( 'NONE', *, *, #4692, .F. ) ;
#3719 = EDGE_CURVE ( 'NONE', #4048, #4312, #979, .T. ) ;
#3720 = PLANE ( 'NONE',  #4794 ) ;
#3721 = ORIENTED_EDGE ( 'NONE', *, *, #3698, .F. ) ;
#3722 = CARTESIAN_POINT ( 'NONE',  ( 60.99528194064776443, 51.21050410893639082, 5.000000000000000000 ) ) ;
#3723 = ORIENTED_EDGE ( 'NONE', *, *, #3719, .T. ) ;
#3724 = ORIENTED_EDGE ( 'NONE', *, *, #3468, .T. ) ;
#3725 = CARTESIAN_POINT ( 'NONE',  ( 35.39999999999999858, 96.40000000000000568, 3.100000000000000089 ) ) ;
#3726 = DIRECTION ( 'NONE',  ( -1.000000000000000000, -0.000000000000000000, -0.000000000000000000 ) ) ;
#3727 = VERTEX_POINT ( 'NONE', #3015 ) ;
#3728 = CARTESIAN_POINT ( 'NONE',  ( 29.89265525571779136, 60.09923018964615693, 5.000000000000000000 ) ) ;
#3729 = AXIS2_PLACEMENT_3D ( 'NONE', #3971, #2403, #2093 ) ;
#3730 = EDGE_CURVE ( 'NONE', #2830, #1258, #3039, .T. ) ;
#3731 = CARTESIAN_POINT ( 'NONE',  ( 52.75819874726981595, 56.38499435135753401, 4.599999999999999645 ) ) ;
#3732 = CYLINDRICAL_SURFACE ( 'NONE', #109, 1.500000000000000000 ) ;
#3733 = FACE_OUTER_BOUND ( 'NONE', #1896, .T. ) ;
#3734 = CARTESIAN_POINT ( 'NONE',  ( 31.45523698125404621, 60.12377736324087607, 4.599999999999999645 ) ) ;
#3735 = CARTESIAN_POINT ( 'NONE',  ( 37.50000000000000000, 96.40000000000000568, 3.100000000000000089 ) ) ;
#3736 = ORIENTED_EDGE ( 'NONE', *, *, #3698, .T. ) ;
#3737 = DIRECTION ( 'NONE',  ( 1.000000000000000000, -0.000000000000000000, -0.000000000000000000 ) ) ;
#3738 = VECTOR ( 'NONE', #945, 1000.000000000000000 ) ;
#3739 = ADVANCED_FACE ( 'NONE', ( #4580 ), #2359, .F. ) ;
#3740 = FACE_OUTER_BOUND ( 'NONE', #1080, .T. ) ;
#3741 = CARTESIAN_POINT ( 'NONE',  ( -8.933467110627823615, 45.41887459687293216, 4.599999999999999645 ) ) ;
#3742 = VECTOR ( 'NONE', #770, 1000.000000000000114 ) ;
#3743 = VERTEX_POINT ( 'NONE', #1829 ) ;
#3744 = DIRECTION ( 'NONE',  ( 0.5107203677843007439, -0.8597468848040501488, 0.000000000000000000 ) ) ;
#3745 = ORIENTED_EDGE ( 'NONE', *, *, #1963, .F. ) ;
#3746 = VECTOR ( 'NONE', #3530, 1000.000000000000000 ) ;
#3747 = DIRECTION ( 'NONE',  ( 1.000000000000000000, 0.000000000000000000, -3.614007241618347785E-16 ) ) ;
#3748 = FACE_BOUND ( 'NONE', #55, .T. ) ;
#3749 = ORIENTED_EDGE ( 'NONE', *, *, #1636, .F. ) ;
#3750 = AXIS2_PLACEMENT_3D ( 'NONE', #2023, #3594, #436 ) ;
#3751 = VERTEX_POINT ( 'NONE', #736 ) ;
#3752 = CARTESIAN_POINT ( 'NONE',  ( 28.48680579615640340, 67.79361627235329024, 4.599999999999999645 ) ) ;
#3753 = FACE_OUTER_BOUND ( 'NONE', #4407, .T. ) ;
#3754 = EDGE_LOOP ( 'NONE', ( #1944, #467, #974, #562 ) ) ;
#3755 = VECTOR ( 'NONE', #2126, 1000.000000000000000 ) ;
#3756 = DIRECTION ( 'NONE',  ( -1.000000000000000000, 0.000000000000000000, 0.000000000000000000 ) ) ;
#3757 = EDGE_CURVE ( 'NONE', #1366, #193, #4904, .T. ) ;
#3758 = DIRECTION ( 'NONE',  ( 1.000000000000000000, 0.000000000000000000, 0.000000000000000000 ) ) ;
#3759 = CARTESIAN_POINT ( 'NONE',  ( 56.98098263606785707, 69.19504434610479393, 4.599999999999999645 ) ) ;
#3760 = DIRECTION ( 'NONE',  ( 0.000000000000000000, 1.000000000000000000, 0.000000000000000000 ) ) ;
#3761 = CARTESIAN_POINT ( 'NONE',  ( 52.50000000000000000, 117.5000000000000000, -12.50000000000000000 ) ) ;
#3762 = EDGE_CURVE ( 'NONE', #3043, #160, #2579, .T. ) ;
#3763 = FACE_OUTER_BOUND ( 'NONE', #3656, .T. ) ;
#3764 = AXIS2_PLACEMENT_3D ( 'NONE', #1464, #2259, #4211 ) ;
#3765 = ORIENTED_EDGE ( 'NONE', *, *, #2161, .F. ) ;
#3766 = CARTESIAN_POINT ( 'NONE',  ( 1.499999999999997558, 46.49999999999999289, 0.5000000000000000000 ) ) ;
#3767 = LINE ( 'NONE', #3329, #3497 ) ;
#3768 = CARTESIAN_POINT ( 'NONE',  ( 0.2271803528055064414, 46.30245495613723961, 1.490166592345997465 ) ) ;
#3769 = ORIENTED_EDGE ( 'NONE', *, *, #996, .T. ) ;
#3770 = ORIENTED_EDGE ( 'NONE', *, *, #941, .T. ) ;
#3771 = FACE_OUTER_BOUND ( 'NONE', #3407, .T. ) ;
#3772 = PLANE ( 'NONE',  #4305 ) ;
#3773 = ORIENTED_EDGE ( 'NONE', *, *, #4670, .F. ) ;
#3774 = AXIS2_PLACEMENT_3D ( 'NONE', #1282, #2076, #466 ) ;
#3775 = ORIENTED_EDGE ( 'NONE', *, *, #1751, .T. ) ;
#3776 = CARTESIAN_POINT ( 'NONE',  ( 28.05576097198110475, 72.73037325243288365, 5.000000000000000000 ) ) ;
#3777 = EDGE_CURVE ( 'NONE', #2130, #3502, #4557, .T. ) ;
#3778 = PLANE ( 'NONE',  #4612 ) ;
#3779 = ORIENTED_EDGE ( 'NONE', *, *, #2873, .T. ) ;
#3780 = CARTESIAN_POINT ( 'NONE',  ( 67.50000000000000000, -9.540979117872439019E-15, 0.000000000000000000 ) ) ;
#3781 = DIRECTION ( 'NONE',  ( -0.000000000000000000, -0.000000000000000000, 1.000000000000000000 ) ) ;
#3782 = EDGE_CURVE ( 'NONE', #2206, #3025, #3783, .T. ) ;
#3783 = B_SPLINE_CURVE_WITH_KNOTS ( 'NONE', 3,
 ( #1448, #4273, #394, #459, #4329, #3557 ),
 .UNSPECIFIED., .F., .F.,
 ( 4, 2, 4 ),
 ( 0.000000000000000000, 1.000000000000000000, 2.000000000000000000 ),
 .UNSPECIFIED. ) ;
#3784 = DIRECTION ( 'NONE',  ( -0.000000000000000000, 1.000000000000000000, -0.000000000000000000 ) ) ;
#3785 = ADVANCED_FACE ( 'NONE', ( #3528 ), #766, .F. ) ;
#3786 = CARTESIAN_POINT ( 'NONE',  ( 74.76969600708471830, 46.49999999999999289, 1.500000000000000000 ) ) ;
#3787 = CARTESIAN_POINT ( 'NONE',  ( 73.50000000000000000, 46.49999999999999289, 0.4999999999999998890 ) ) ;
#3788 = FACE_OUTER_BOUND ( 'NONE', #1249, .T. ) ;
#3789 = ORIENTED_EDGE ( 'NONE', *, *, #3158, .T. ) ;
#3790 = CARTESIAN_POINT ( 'NONE',  ( 60.99528194064776443, 51.21050410893639082, 5.000000000000000000 ) ) ;
#3791 = VECTOR ( 'NONE', #4025, 1000.000000000000114 ) ;
#3792 = UNCERTAINTY_MEASURE_WITH_UNIT (LENGTH_MEASURE( 1.000000000000000082E-05 ), #4282, 'distance_accuracy_value', 'NONE');
#3793 = CARTESIAN_POINT ( 'NONE',  ( 35.39999999999999858, 21.89999999999999503, 3.100000000000000089 ) ) ;
#3794 = FACE_OUTER_BOUND ( 'NONE', #157, .T. ) ;
#3795 = ADVANCED_FACE ( 'NONE', ( #3195 ), #2514, .F. ) ;
#3796 = ORIENTED_EDGE ( 'NONE', *, *, #4277, .T. ) ;
#3797 = VERTEX_POINT ( 'NONE', #3116 ) ;
#3798 = CARTESIAN_POINT ( 'NONE',  ( 60.15309437322863317, 50.81361216108685852, 5.000000000000000000 ) ) ;
#3799 = FACE_OUTER_BOUND ( 'NONE', #4272, .T. ) ;
#3800 = ORIENTED_EDGE ( 'NONE', *, *, #4103, .F. ) ;
#3801 = ORIENTED_EDGE ( 'NONE', *, *, #1260, .F. ) ;
#3802 = CARTESIAN_POINT ( 'NONE',  ( 35.78597283154926600, 50.76086759227584366, 5.000000000000000000 ) ) ;
#3803 = DIRECTION ( 'NONE',  ( 1.000000000000000000, 4.163336342344356748E-15, 0.000000000000000000 ) ) ;
#3804 = ORIENTED_EDGE ( 'NONE', *, *, #1284, .T. ) ;
#3805 = DIRECTION ( 'NONE',  ( -0.000000000000000000, -0.000000000000000000, -1.000000000000000000 ) ) ;
#3806 = DIRECTION ( 'NONE',  ( 0.000000000000000000, 0.000000000000000000, -1.000000000000000000 ) ) ;
#3807 = CARTESIAN_POINT ( 'NONE',  ( 52.50000000000000711, 114.9999999999999858, 0.000000000000000000 ) ) ;
#3808 = CIRCLE ( 'NONE', #1602, 1.600000000000045830 ) ;
#3809 = DIRECTION ( 'NONE',  ( -0.000000000000000000, -0.000000000000000000, 1.000000000000000000 ) ) ;
#3810 = CARTESIAN_POINT ( 'NONE',  ( 47.98893882117888410, 53.22823707465383336, 5.000000000000000000 ) ) ;
#3811 = DIRECTION ( 'NONE',  ( 0.1708417296058795942, 0.9852984844326472258, 0.000000000000000000 ) ) ;
#3812 = DIRECTION ( 'NONE',  ( -0.000000000000000000, -0.000000000000000000, 1.000000000000000000 ) ) ;
#3813 = CARTESIAN_POINT ( 'NONE',  ( 34.58037044103966906, 60.18697884857790825, 4.599999999999999645 ) ) ;
#3814 = CARTESIAN_POINT ( 'NONE',  ( 33.00451068268754540, 66.29653818033413870, 5.000000000000000000 ) ) ;
#3815 = EDGE_LOOP ( 'NONE', ( #2286, #3606, #1763, #2210 ) ) ;
#3816 = VERTEX_POINT ( 'NONE', #3889 ) ;
#3817 = CARTESIAN_POINT ( 'NONE',  ( -10.21421437156032219, 51.93035535905706013, 5.000000000000000000 ) ) ;
#3818 = CARTESIAN_POINT ( 'NONE',  ( 0.1308739639280527556, 45.03904101202306975, 0.3926218917843757317 ) ) ;
#3819 = CIRCLE ( 'NONE', #2265, 1.250000000000001110 ) ;
#3820 = FACE_OUTER_BOUND ( 'NONE', #78, .T. ) ;
#3821 = EDGE_CURVE ( 'NONE', #726, #3610, #4686, .T. ) ;
#3822 = ORIENTED_EDGE ( 'NONE', *, *, #2615, .F. ) ;
#3823 = ORIENTED_EDGE ( 'NONE', *, *, #1028, .F. ) ;
#3824 = LINE ( 'NONE', #311, #495 ) ;
#3825 = AXIS2_PLACEMENT_3D ( 'NONE', #1869, #164, #4647 ) ;
#3826 = CARTESIAN_POINT ( 'NONE',  ( 52.49999999999997868, 117.5000000000000000, -19.99999999999515765 ) ) ;
#3827 = EDGE_LOOP ( 'NONE', ( #1605, #843, #775 ) ) ;
#3828 = DIRECTION ( 'NONE',  ( 1.000000000000000000, 0.000000000000000000, 0.000000000000000000 ) ) ;
#3829 = LINE ( 'NONE', #3731, #3126 ) ;
#3830 = EDGE_CURVE ( 'NONE', #1722, #2251, #3504, .T. ) ;
#3831 = AXIS2_PLACEMENT_3D ( 'NONE', #4316, #4369, #1620 ) ;
#3832 = DIRECTION ( 'NONE',  ( -0.000000000000000000, -0.000000000000000000, 1.000000000000000000 ) ) ;
#3833 = EDGE_CURVE ( 'NONE', #2795, #4566, #2596, .T. ) ;
#3834 = CARTESIAN_POINT ( 'NONE',  ( 0.4744630450125243981, 73.98332354028698887, 1.423389135037541386 ) ) ;
#3835 = CARTESIAN_POINT ( 'NONE',  ( 74.56608420974995965, 45.74827394718922591, 1.301747370749582799 ) ) ;
#3836 = FACE_OUTER_BOUND ( 'NONE', #1240, .T. ) ;
#3837 = B_SPLINE_CURVE_WITH_KNOTS ( 'NONE', 3,
 ( #4263, #386, #1897, #757 ),
 .UNSPECIFIED., .F., .F.,
 ( 4, 4 ),
 ( 12.00000000000000000, 13.00000000000000000 ),
 .UNSPECIFIED. ) ;
#3838 = ORIENTED_EDGE ( 'NONE', *, *, #1350, .T. ) ;
#3839 = CARTESIAN_POINT ( 'NONE',  ( 35.00763628465025334, 51.82798241853258503, 5.000000000000000000 ) ) ;
#3840 = EDGE_CURVE ( 'NONE', #4728, #2711, #789, .T. ) ;
#3841 = DIRECTION ( 'NONE',  ( -0.000000000000000000, 0.000000000000000000, 1.000000000000000000 ) ) ;
#3842 = CARTESIAN_POINT ( 'NONE',  ( 16.96517205049047661, 64.79795321356733950, 4.599999999999999645 ) ) ;
#3843 = EDGE_CURVE ( 'NONE', #1133, #1003, #2402, .T. ) ;
#3844 = CARTESIAN_POINT ( 'NONE',  ( 0.1287816849443608191, 45.50840060444937052, 1.129678126890393708 ) ) ;
#3845 = EDGE_LOOP ( 'NONE', ( #4590, #3959, #255, #2009 ) ) ;
#3846 = EDGE_CURVE ( 'NONE', #3816, #2570, #2374, .T. ) ;
#3847 = EDGE_CURVE ( 'NONE', #805, #3797, #1633, .T. ) ;
#3848 = ADVANCED_FACE ( 'NONE', ( #3916 ), #1906, .F. ) ;
#3849 = ORIENTED_EDGE ( 'NONE', *, *, #156, .T. ) ;
#3850 = CARTESIAN_POINT ( 'NONE',  ( 27.50000000000000000, 112.4999999999999716, -5.000000000000000000 ) ) ;
#3851 = CARTESIAN_POINT ( 'NONE',  ( 0.9218201416690205985, 45.30049979810937089, 0.3072733805563603315 ) ) ;
#3852 = LINE ( 'NONE', #2666, #1619 ) ;
#3853 = ORIENTED_EDGE ( 'NONE', *, *, #2463, .T. ) ;
#3854 = FACE_OUTER_BOUND ( 'NONE', #2100, .T. ) ;
#3855 = EDGE_CURVE ( 'NONE', #588, #3139, #2371, .T. ) ;
#3856 = ADVANCED_FACE ( 'NONE', ( #1960, #3864, #1988 ), #70, .T. ) ;
#3857 = DIRECTION ( 'NONE',  ( -0.2870939462787172047, 0.9579024303185126321, 0.000000000000000000 ) ) ;
#3858 = ORIENTED_EDGE ( 'NONE', *, *, #758, .F. ) ;
#3859 = PLANE ( 'NONE',  #463 ) ;
#3860 = VECTOR ( 'NONE', #2891, 1000.000000000000114 ) ;
#3861 = CARTESIAN_POINT ( 'NONE',  ( 38.85478914024159991, 50.76751028877510663, 4.599999999999999645 ) ) ;
#3862 = FACE_OUTER_BOUND ( 'NONE', #2201, .T. ) ;
#3863 = ORIENTED_EDGE ( 'NONE', *, *, #2475, .T. ) ;
#3864 = FACE_BOUND ( 'NONE', #2343, .T. ) ;
#3865 = PLANE ( 'NONE',  #4633 ) ;
#3866 = VECTOR ( 'NONE', #2960, 1000.000000000000000 ) ;
#3867 = CARTESIAN_POINT ( 'NONE',  ( 14.04654379219795857, 54.07188900997300607, 4.599999999999999645 ) ) ;
#3868 = ORIENTED_EDGE ( 'NONE', *, *, #4833, .T. ) ;
#3869 = CARTESIAN_POINT ( 'NONE',  ( 50.49088868411232056, 67.42082781729087060, 5.000000000000000000 ) ) ;
#3870 = CARTESIAN_POINT ( 'NONE',  ( 31.44353972331855118, 65.52771775452278291, 5.000000000000000000 ) ) ;
#3871 = PLANE ( 'NONE',  #4441 ) ;
#3872 = ORIENTED_EDGE ( 'NONE', *, *, #183, .F. ) ;
#3873 = VECTOR ( 'NONE', #4052, 1000.000000000000000 ) ;
#3874 = ORIENTED_EDGE ( 'NONE', *, *, #3684, .T. ) ;
#3875 = DIRECTION ( 'NONE',  ( 0.000000000000000000, -1.000000000000000000, -0.000000000000000000 ) ) ;
#3876 = LINE ( 'NONE', #4674, #129 ) ;
#3877 = CARTESIAN_POINT ( 'NONE',  ( 52.50000000000000711, 114.9999999999999858, -15.00000000000000000 ) ) ;
#3878 = VECTOR ( 'NONE', #3283, 1000.000000000000114 ) ;
#3879 = ORIENTED_EDGE ( 'NONE', *, *, #1496, .F. ) ;
#3880 = DIRECTION ( 'NONE',  ( -1.387778780781445676E-15, 0.000000000000000000, -1.000000000000000000 ) ) ;
#3881 = EDGE_CURVE ( 'NONE', #2795, #3927, #4383, .T. ) ;
#3882 = CARTESIAN_POINT ( 'NONE',  ( 35.09940047173320465, 68.10004456002852180, 5.000000000000000000 ) ) ;
#3883 = VERTEX_POINT ( 'NONE', #1147 ) ;
#3884 = CARTESIAN_POINT ( 'NONE',  ( 73.50000000000000000, 74.37867965644035451, 0.4999999999999996669 ) ) ;
#3885 = DIRECTION ( 'NONE',  ( -0.000000000000000000, -0.000000000000000000, 1.000000000000000000 ) ) ;
#3886 = AXIS2_PLACEMENT_3D ( 'NONE', #966, #1710, #2460 ) ;
#3887 = CYLINDRICAL_SURFACE ( 'NONE', #3293, 2.500000000000002220 ) ;
#3888 = ORIENTED_EDGE ( 'NONE', *, *, #573, .T. ) ;
#3889 = CARTESIAN_POINT ( 'NONE',  ( 48.65312595226107106, 67.41684983397829001, 4.599999999999999645 ) ) ;
#3890 = EDGE_CURVE ( 'NONE', #4963, #4917, #1525, .T. ) ;
#3891 = DIRECTION ( 'NONE',  ( 0.000000000000000000, -1.000000000000000000, 0.000000000000000000 ) ) ;
#3892 = LINE ( 'NONE', #791, #1374 ) ;
#3893 = CARTESIAN_POINT ( 'NONE',  ( 37.62837630339784312, -6.524415688749411579, 4.599999999999999645 ) ) ;
#3894 = VECTOR ( 'NONE', #15, 1000.000000000000114 ) ;
#3895 = DIRECTION ( 'NONE',  ( 0.5107203677843021872, -0.8597468848040491496, 0.000000000000000000 ) ) ;
#3896 = CARTESIAN_POINT ( 'NONE',  ( -0.1296663786469602064, 59.90372998772974711, 5.000000000000000000 ) ) ;
#3897 = DIRECTION ( 'NONE',  ( 1.000000000000000000, 0.000000000000000000, 0.000000000000000000 ) ) ;
#3898 = CARTESIAN_POINT ( 'NONE',  ( 0.000000000000000000, 0.000000000000000000, 0.000000000000000000 ) ) ;
#3899 = ORIENTED_EDGE ( 'NONE', *, *, #1112, .T. ) ;
#3900 = EDGE_CURVE ( 'NONE', #4165, #2178, #1945, .T. ) ;
#3901 = VERTEX_POINT ( 'NONE', #2049 ) ;
#3902 = CARTESIAN_POINT ( 'NONE',  ( -0.1457004807266669422, 67.31122090056931029, 4.599999999999999645 ) ) ;
#3903 = CARTESIAN_POINT ( 'NONE',  ( 26.88347510842798016, 60.24439457978235168, 4.599999999999999645 ) ) ;
#3904 = CARTESIAN_POINT ( 'NONE',  ( 36.14986462676659329, 57.01572259455750213, 4.599999999999999645 ) ) ;
#3905 = ORIENTED_EDGE ( 'NONE', *, *, #3480, .T. ) ;
#3906 = CARTESIAN_POINT ( 'NONE',  ( 75.00000000000000000, 73.50000000000000000, 1.500000000000000000 ) ) ;
#3907 = CARTESIAN_POINT ( 'NONE',  ( 0.02278867798466225822, 74.92265404779777782, 0.4854874579622681652 ) ) ;
#3908 = ORIENTED_EDGE ( 'NONE', *, *, #2083, .F. ) ;
#3909 = AXIS2_PLACEMENT_3D ( 'NONE', #4234, #2387, #1101 ) ;
#3910 = PLANE ( 'NONE',  #700 ) ;
#3911 = EDGE_CURVE ( 'NONE', #592, #1632, #4852, .T. ) ;
#3912 = DIRECTION ( 'NONE',  ( 0.000000000000000000, 0.000000000000000000, -1.000000000000000000 ) ) ;
#3913 = VECTOR ( 'NONE', #3760, 1000.000000000000000 ) ;
#3914 = FACE_OUTER_BOUND ( 'NONE', #5023, .T. ) ;
#3915 = VERTEX_POINT ( 'NONE', #3998 ) ;
#3916 = FACE_OUTER_BOUND ( 'NONE', #3367, .T. ) ;
#3917 = EDGE_CURVE ( 'NONE', #2431, #4817, #3611, .T. ) ;
#3918 = DIRECTION ( 'NONE',  ( 1.000000000000000000, -0.000000000000000000, -0.000000000000000000 ) ) ;
#3919 = CARTESIAN_POINT ( 'NONE',  ( 57.69095163281237149, 65.48929132234873407, 4.599999999999999645 ) ) ;
#3920 = B_SPLINE_CURVE_WITH_KNOTS ( 'NONE', 3,
 ( #3447, #1502, #3479, #4609 ),
 .UNSPECIFIED., .F., .F.,
 ( 4, 4 ),
 ( 2.000000000000000000, 3.000000000000000000 ),
 .UNSPECIFIED. ) ;
#3921 = FACE_OUTER_BOUND ( 'NONE', #2611, .T. ) ;
#3922 = CARTESIAN_POINT ( 'NONE',  ( 35.21975722808575426, -6.106783605428752537, 4.599999999999999645 ) ) ;
#3923 = EDGE_CURVE ( 'NONE', #2025, #1366, #4790, .T. ) ;
#3924 = PLANE ( 'NONE',  #2028 ) ;
#3925 = CARTESIAN_POINT ( 'NONE',  ( 45.34840069594080347, 52.54526264242620215, 4.599999999999999645 ) ) ;
#3926 = B_SPLINE_CURVE_WITH_KNOTS ( 'NONE', 3,
 ( #2730, #4715, #1199, #4825 ),
 .UNSPECIFIED., .F., .F.,
 ( 4, 4 ),
 ( 16.00000000000000000, 17.00000000000000000 ),
 .UNSPECIFIED. ) ;
#3927 = VERTEX_POINT ( 'NONE', #3378 ) ;
#3928 = ORIENTED_EDGE ( 'NONE', *, *, #2018, .F. ) ;
#3929 = ORIENTED_EDGE ( 'NONE', *, *, #586, .F. ) ;
#3930 = CARTESIAN_POINT ( 'NONE',  ( 74.76969600708471830, 73.50000000000000000, 1.500000000000000000 ) ) ;
#3931 = DIRECTION ( 'NONE',  ( 0.5107203677843021872, -0.8597468848040491496, 0.000000000000000000 ) ) ;
#3932 = CARTESIAN_POINT ( 'NONE',  ( 50.00000000000000711, 99.79999999999999716, 3.100000000000000089 ) ) ;
#3933 = ORIENTED_EDGE ( 'NONE', *, *, #1281, .F. ) ;
#3934 = CARTESIAN_POINT ( 'NONE',  ( 28.99618295937896306, 45.67025248322667608, 5.000000000000000000 ) ) ;
#3935 = LINE ( 'NONE', #3495, #2400 ) ;
#3936 = ORIENTED_EDGE ( 'NONE', *, *, #2685, .T. ) ;
#3937 = CARTESIAN_POINT ( 'NONE',  ( 73.50000000000000000, 73.50000000000000000, 0.5000000000000000000 ) ) ;
#3938 = EDGE_LOOP ( 'NONE', ( #1737, #3936, #3006, #5017 ) ) ;
#3939 = CARTESIAN_POINT ( 'NONE',  ( 35.87667499726751430, 69.15288993489288316, 4.599999999999999645 ) ) ;
#3940 = EDGE_CURVE ( 'NONE', #4891, #2832, #2584, .T. ) ;
#3941 = CARTESIAN_POINT ( 'NONE',  ( 56.98449280162160591, 69.20210790046714067, 4.599999999999999645 ) ) ;
#3942 = ORIENTED_EDGE ( 'NONE', *, *, #3068, .T. ) ;
#3943 = CARTESIAN_POINT ( 'NONE',  ( 48.65312595226107106, 67.41684983397829001, 4.599999999999999645 ) ) ;
#3944 = CARTESIAN_POINT ( 'NONE',  ( 1.301747370749579025, 45.74827394718921880, 0.4339157902498696484 ) ) ;
#3945 = CARTESIAN_POINT ( 'NONE',  ( 52.39487941846498131, 56.38420791783046582, 5.000000000000000000 ) ) ;
#3946 = EDGE_CURVE ( 'NONE', #468, #2111, #1767, .T. ) ;
#3947 = DIRECTION ( 'NONE',  ( -1.000000000000000000, 0.000000000000000000, 0.000000000000000000 ) ) ;
#3948 = VECTOR ( 'NONE', #167, 1000.000000000000000 ) ;
#3949 = DIRECTION ( 'NONE',  ( -0.8597468848040492606, -0.5107203677843022982, 0.000000000000000000 ) ) ;
#3950 = FACE_OUTER_BOUND ( 'NONE', #839, .T. ) ;
#3951 = DIRECTION ( 'NONE',  ( -0.000000000000000000, -0.000000000000000000, -1.000000000000000000 ) ) ;
#3952 = ORIENTED_EDGE ( 'NONE', *, *, #2936, .T. ) ;
#3953 = ORIENTED_EDGE ( 'NONE', *, *, #3546, .T. ) ;
#3954 = VERTEX_POINT ( 'NONE', #3403 ) ;
#3955 = DIRECTION ( 'NONE',  ( 1.000000000000000000, 0.000000000000000000, -1.883909694910845069E-13 ) ) ;
#3956 = EDGE_CURVE ( 'NONE', #168, #2353, #3451, .T. ) ;
#3957 = CARTESIAN_POINT ( 'NONE',  ( 36.14294705659228413, 60.21152601110345159, 4.599999999999999645 ) ) ;
#3958 = DIRECTION ( 'NONE',  ( 1.000000000000000000, -0.000000000000000000, -0.000000000000000000 ) ) ;
#3959 = ORIENTED_EDGE ( 'NONE', *, *, #300, .F. ) ;
#3960 = AXIS2_PLACEMENT_3D ( 'NONE', #621, #1442, #3010 ) ;
#3961 = FACE_BOUND ( 'NONE', #2057, .T. ) ;
#3962 = CARTESIAN_POINT ( 'NONE',  ( 29.89265525571779136, 60.09923018964615693, 4.599999999999999645 ) ) ;
#3963 = ORIENTED_EDGE ( 'NONE', *, *, #2552, .F. ) ;
#3964 = CARTESIAN_POINT ( 'NONE',  ( 22.49999999999998579, 99.79999999999999716, 3.100000000000000089 ) ) ;
#3965 = VECTOR ( 'NONE', #3564, 1000.000000000000114 ) ;
#3966 = ORIENTED_EDGE ( 'NONE', *, *, #817, .F. ) ;
#3967 = CARTESIAN_POINT ( 'NONE',  ( 62.49999999999999289, 4.999999999999990230, -9.999999999999998224 ) ) ;
#3968 = FACE_OUTER_BOUND ( 'NONE', #572, .T. ) ;
#3969 = ORIENTED_EDGE ( 'NONE', *, *, #4833, .F. ) ;
#3970 = DIRECTION ( 'NONE',  ( -0.000000000000000000, -0.000000000000000000, 1.000000000000000000 ) ) ;
#3971 = CARTESIAN_POINT ( 'NONE',  ( 69.99999999999998579, 5.000000000000000000, 0.000000000000000000 ) ) ;
#3972 = CARTESIAN_POINT ( 'NONE',  ( 74.73490832185889587, 74.98741665692898550, 0.2650916781400244893 ) ) ;
#3973 = VECTOR ( 'NONE', #911, 1000.000000000000000 ) ;
#3974 = CARTESIAN_POINT ( 'NONE',  ( 31.44353972331855118, 65.52771775452278291, 4.599999999999999645 ) ) ;
#3975 = CARTESIAN_POINT ( 'NONE',  ( 62.50000000000001421, 116.2499999999999858, -15.00000000000000000 ) ) ;
#3976 = CARTESIAN_POINT ( 'NONE',  ( 22.49999999999998579, 18.49999999999998934, 0.000000000000000000 ) ) ;
#3977 = CARTESIAN_POINT ( 'NONE',  ( 61.25000000000001421, 116.2499999999999858, 0.000000000000000000 ) ) ;
#3978 =( NAMED_UNIT ( * ) SI_UNIT ( $, .STERADIAN. ) SOLID_ANGLE_UNIT ( ) );
#3979 = VERTEX_POINT ( 'NONE', #1506 ) ;
#3980 = ORIENTED_EDGE ( 'NONE', *, *, #4255, .T. ) ;
#3981 = PLANE ( 'NONE',  #1850 ) ;
#3982 = VECTOR ( 'NONE', #3105, 1000.000000000000000 ) ;
#3983 = EDGE_CURVE ( 'NONE', #379, #853, #1047, .T. ) ;
#3984 = CARTESIAN_POINT ( 'NONE',  ( 22.49999999999998579, 18.49999999999998934, 3.100000000000000089 ) ) ;
#3985 = CARTESIAN_POINT ( 'NONE',  ( -0.1295671220299760007, 59.85787506458685669, 4.599999999999999645 ) ) ;
#3986 = ORIENTED_EDGE ( 'NONE', *, *, #443, .T. ) ;
#3987 = B_SPLINE_CURVE_WITH_KNOTS ( 'NONE', 3,
 ( #1687, #1665, #2479, #425 ),
 .UNSPECIFIED., .F., .F.,
 ( 4, 4 ),
 ( 27.00000000000000000, 28.00000000000000000 ),
 .UNSPECIFIED. ) ;
#3988 = CARTESIAN_POINT ( 'NONE',  ( 51.97385331965852373, 56.96884372970191635, 5.000000000000000000 ) ) ;
#3989 = CARTESIAN_POINT ( 'NONE',  ( 45.34840069594080347, 52.54526264242620215, 4.599999999999999645 ) ) ;
#3990 = VERTEX_POINT ( 'NONE', #3067 ) ;
#3991 = DIRECTION ( 'NONE',  ( -1.000000000000000000, -0.000000000000000000, -0.000000000000000000 ) ) ;
#3992 = EDGE_CURVE ( 'NONE', #884, #2822, #1859, .T. ) ;
#3993 = VERTEX_POINT ( 'NONE', #3766 ) ;
#3994 = CARTESIAN_POINT ( 'NONE',  ( 2.499999999999998668, 3.535533905932731980, -11.03553390593273953 ) ) ;
#3995 = CIRCLE ( 'NONE', #4642, 1.500000000000001332 ) ;
#3996 = PLANE ( 'NONE',  #3218 ) ;
#3997 = EDGE_LOOP ( 'NONE', ( #942, #815, #1462, #693 ) ) ;
#3998 = CARTESIAN_POINT ( 'NONE',  ( 47.18616342779203876, 52.54924062573878274, 5.000000000000000000 ) ) ;
#3999 = CARTESIAN_POINT ( 'NONE',  ( 0.4999999999345479118, 46.40182416234465990, 1.500000000000000000 ) ) ;
#4000 = CARTESIAN_POINT ( 'NONE',  ( 73.65175053750370182, 74.16472675680829241, 0.4494164874987622849 ) ) ;
#4001 = AXIS2_PLACEMENT_3D ( 'NONE', #3019, #224, #4585 ) ;
#4002 = CARTESIAN_POINT ( 'NONE',  ( 18.96159110272099824, 59.94858267635414251, 4.599999999999999645 ) ) ;
#4003 = CARTESIAN_POINT ( 'NONE',  ( 22.50000000000000000, 117.5000000000000000, -9.999999999999374722 ) ) ;
#4004 = AXIS2_PLACEMENT_3D ( 'NONE', #4582, #267, #1783 ) ;
#4005 = FACE_OUTER_BOUND ( 'NONE', #222, .T. ) ;
#4006 = FACE_OUTER_BOUND ( 'NONE', #4969, .T. ) ;
#4007 = CIRCLE ( 'NONE', #4244, 1.250000000000001110 ) ;
#4008 = ORIENTED_EDGE ( 'NONE', *, *, #530, .F. ) ;
#4009 = VERTEX_POINT ( 'NONE', #245 ) ;
#4010 = EDGE_CURVE ( 'NONE', #1285, #1863, #4614, .T. ) ;
#4011 = VECTOR ( 'NONE', #3958, 1000.000000000000000 ) ;
#4012 = ADVANCED_FACE ( 'NONE', ( #4934 ), #4637, .F. ) ;
#4013 = DIRECTION ( 'NONE',  ( 0.2870939721814941836, -0.9579024225551636684, 0.000000000000000000 ) ) ;
#4014 = FACE_OUTER_BOUND ( 'NONE', #3624, .T. ) ;
#4015 = EDGE_CURVE ( 'NONE', #1997, #4963, #2024, .T. ) ;
#4016 = VERTEX_POINT ( 'NONE', #1404 ) ;
#4017 = ADVANCED_FACE ( 'NONE', ( #4253 ), #1094, .F. ) ;
#4018 = ADVANCED_FACE ( 'NONE', ( #1813 ), #5009, .F. ) ;
#4019 = CARTESIAN_POINT ( 'NONE',  ( 47.58123054275102248, 52.55009577986906777, 4.599999999999999645 ) ) ;
#4020 = ORIENTED_EDGE ( 'NONE', *, *, #4822, .F. ) ;
#4021 = CARTESIAN_POINT ( 'NONE',  ( 5.000000000000000888, 2.499999999999996003, -10.00000000000000178 ) ) ;
#4022 = ORIENTED_EDGE ( 'NONE', *, *, #3777, .T. ) ;
#4023 = CARTESIAN_POINT ( 'NONE',  ( -10.93025206120001513, 6.426919324222285290, 4.599999999999999645 ) ) ;
#4024 = EDGE_CURVE ( 'NONE', #326, #5012, #126, .T. ) ;
#4025 = DIRECTION ( 'NONE',  ( 0.4450203073841546564, 0.8955204777199191613, 0.000000000000000000 ) ) ;
#4026 = ORIENTED_EDGE ( 'NONE', *, *, #4655, .F. ) ;
#4027 = CARTESIAN_POINT ( 'NONE',  ( 1.394230665565033833, 45.88162495592237633, 1.394230665565028948 ) ) ;
#4028 = CARTESIAN_POINT ( 'NONE',  ( 74.02252790794233306, 74.69639340368198077, 0.9774720920581970729 ) ) ;
#4029 = DIRECTION ( 'NONE',  ( -0.000000000000000000, 1.000000000000000000, -0.000000000000000000 ) ) ;
#4030 = CARTESIAN_POINT ( 'NONE',  ( 75.00000000000000000, 44.99999999999999289, 0.000000000000000000 ) ) ;
#4031 = B_SPLINE_CURVE_WITH_KNOTS ( 'NONE', 3,
 ( #42, #3701, #429, #1747 ),
 .UNSPECIFIED., .F., .F.,
 ( 4, 4 ),
 ( 10.00000000000000000, 11.00000000000000000 ),
 .UNSPECIFIED. ) ;
#4032 = DIRECTION ( 'NONE',  ( -1.000000000000000000, 0.000000000000000000, 0.000000000000000000 ) ) ;
#4033 = ORIENTED_EDGE ( 'NONE', *, *, #3191, .T. ) ;
#4034 = AXIS2_PLACEMENT_3D ( 'NONE', #4420, #2411, #2379 ) ;
#4035 = ORIENTED_EDGE ( 'NONE', *, *, #4366, .F. ) ;
#4036 = DIRECTION ( 'NONE',  ( -1.000000000000000000, 0.000000000000000000, 0.000000000000000000 ) ) ;
#4037 = CARTESIAN_POINT ( 'NONE',  ( 36.14294705659228413, 60.21152601110345159, 4.599999999999999645 ) ) ;
#4038 = VECTOR ( 'NONE', #2772, 1000.000000000000000 ) ;
#4039 = ORIENTED_EDGE ( 'NONE', *, *, #4958, .T. ) ;
#4040 = ADVANCED_FACE ( 'NONE', ( #660 ), #4195, .T. ) ;
#4041 = CARTESIAN_POINT ( 'NONE',  ( 13.74999999999999112, 114.9999999999999858, 0.000000000000000000 ) ) ;
#4042 = ORIENTED_EDGE ( 'NONE', *, *, #594, .T. ) ;
#4043 = DIRECTION ( 'NONE',  ( 0.000000000000000000, -1.000000000000000000, 0.000000000000000000 ) ) ;
#4044 = ORIENTED_EDGE ( 'NONE', *, *, #5020, .F. ) ;
#4045 = CARTESIAN_POINT ( 'NONE',  ( 54.53551570398803250, 56.61106762017198690, 4.599999999999999645 ) ) ;
#4046 = DIRECTION ( 'NONE',  ( -1.000000000000000000, 0.000000000000000000, 0.000000000000000000 ) ) ;
#4047 = AXIS2_PLACEMENT_3D ( 'NONE', #914, #2090, #2498 ) ;
#4048 = VERTEX_POINT ( 'NONE', #4537 ) ;
#4049 = CARTESIAN_POINT ( 'NONE',  ( 1.202225496247616654, 45.53443967518060020, 1.202225496247623537 ) ) ;
#4050 = CARTESIAN_POINT ( 'NONE',  ( 73.52279433010969001, 73.82492459606893931, 1.477205669890325535 ) ) ;
#4051 = B_SPLINE_CURVE_WITH_KNOTS ( 'NONE', 3,
 ( #1567, #2419, #3460, #4287 ),
 .UNSPECIFIED., .F., .F.,
 ( 4, 4 ),
 ( 33.00000000000000000, 34.00000000000000000 ),
 .UNSPECIFIED. ) ;
#4052 = DIRECTION ( 'NONE',  ( 0.000000000000000000, 0.000000000000000000, -1.000000000000000000 ) ) ;
#4053 = CARTESIAN_POINT ( 'NONE',  ( 74.97721132201532157, 45.07734595220222928, 0.4854874579622684982 ) ) ;
#4054 = PLANE ( 'NONE',  #1804 ) ;
#4055 = EDGE_LOOP ( 'NONE', ( #4664, #1061, #674, #1756 ) ) ;
#4056 = ORIENTED_EDGE ( 'NONE', *, *, #4298, .T. ) ;
#4057 = CARTESIAN_POINT ( 'NONE',  ( 0.000000000000000000, 120.0000000000000000, 0.000000000000000000 ) ) ;
#4058 = CARTESIAN_POINT ( 'NONE',  ( 35.09940047173320465, 68.10004456002852180, 5.000000000000000000 ) ) ;
#4059 = ORIENTED_EDGE ( 'NONE', *, *, #1974, .F. ) ;
#4060 = ADVANCED_FACE ( 'NONE', ( #4561 ), #2221, .F. ) ;
#4061 = AXIS2_PLACEMENT_3D ( 'NONE', #4349, #3551, #3498 ) ;
#4062 = CARTESIAN_POINT ( 'NONE',  ( 56.98449280162159880, 69.20210790046715488, 5.000000000000000000 ) ) ;
#4063 = ORIENTED_EDGE ( 'NONE', *, *, #4776, .F. ) ;
#4064 = CARTESIAN_POINT ( 'NONE',  ( 25.61020819466324028, 50.41079370095809509, 5.000000000000000000 ) ) ;
#4065 = ORIENTED_EDGE ( 'NONE', *, *, #4567, .T. ) ;
#4066 = FACE_OUTER_BOUND ( 'NONE', #3047, .T. ) ;
#4067 = EDGE_CURVE ( 'NONE', #1917, #2290, #1965, .T. ) ;
#4068 = LINE ( 'NONE', #3609, #3791 ) ;
#4069 = ORIENTED_EDGE ( 'NONE', *, *, #3581, .F. ) ;
#4070 = DIRECTION ( 'NONE',  ( 0.000000000000000000, -0.000000000000000000, 1.000000000000000000 ) ) ;
#4071 = CARTESIAN_POINT ( 'NONE',  ( 74.86911433815198791, 74.99999999171568277, 0.1308856618478415335 ) ) ;
#4072 = CYLINDRICAL_SURFACE ( 'NONE', #1681, 1.500000000000000000 ) ;
#4073 = EDGE_CURVE ( 'NONE', #1214, #3011, #2384, .T. ) ;
#4074 = CARTESIAN_POINT ( 'NONE',  ( -3.980102097228902570E-15, 44.99999999999999289, 0.000000000000000000 ) ) ;
#4075 = VECTOR ( 'NONE', #3279, 1000.000000000000000 ) ;
#4076 = CARTESIAN_POINT ( 'NONE',  ( 73.60576933443506675, 45.88162495592237633, 1.394230665565028948 ) ) ;
#4077 = B_SPLINE_SURFACE_WITH_KNOTS ( 'NONE', 3, 1, ( 
 ( #847, #2017 ),
 ( #1367, #4775 ),
 ( #3589, #873 ),
 ( #1343, #2928 ) ),
 .UNSPECIFIED., .F., .F., .F.,
 ( 4, 4 ),
 ( 2, 2 ),
 ( 43.00000000000000000, 44.00000000000000000 ),
 ( 0.000000000000000000, 1.000000000000000000 ),
 .UNSPECIFIED. ) ;
#4078 = ORIENTED_EDGE ( 'NONE', *, *, #1342, .T. ) ;
#4079 = ORIENTED_EDGE ( 'NONE', *, *, #2102, .T. ) ;
#4080 = VECTOR ( 'NONE', #1966, 1000.000000000000000 ) ;
#4081 = EDGE_CURVE ( 'NONE', #4182, #4764, #4747, .T. ) ;
#4082 = CARTESIAN_POINT ( 'NONE',  ( 57.57466414737992721, 17.25576323075712182, 4.599999999999999645 ) ) ;
#4083 = CARTESIAN_POINT ( 'NONE',  ( 47.50000000000000000, 120.0000000000000142, -10.00000000000000888 ) ) ;
#4084 = ORIENTED_EDGE ( 'NONE', *, *, #1806, .F. ) ;
#4085 = AXIS2_PLACEMENT_3D ( 'NONE', #2851, #2105, #132 ) ;
#4086 = CARTESIAN_POINT ( 'NONE',  ( 31.44353972331855118, 65.52771775452278291, 4.599999999999999645 ) ) ;
#4087 = ORIENTED_EDGE ( 'NONE', *, *, #194, .T. ) ;
#4088 = CARTESIAN_POINT ( 'NONE',  ( 31.44353972331855118, 65.52771775452278291, 5.000000000000000000 ) ) ;
#4089 = ORIENTED_EDGE ( 'NONE', *, *, #4320, .F. ) ;
#4090 = CARTESIAN_POINT ( 'NONE',  ( 37.50000000000000000, 96.40000000000000568, 0.000000000000000000 ) ) ;
#4091 = CARTESIAN_POINT ( 'NONE',  ( 19.62533348695867375, 58.04522673193246618, 4.599999999999999645 ) ) ;
#4092 = ADVANCED_FACE ( 'NONE', ( #4358 ), #4782, .F. ) ;
#4093 = CARTESIAN_POINT ( 'NONE',  ( 32.49297329594386241, 48.40096926034961911, 5.000000000000000000 ) ) ;
#4094 = VERTEX_POINT ( 'NONE', #44 ) ;
#4095 = CARTESIAN_POINT ( 'NONE',  ( 30.84107323525157796, -9.955243575954488833, 5.000000000000000000 ) ) ;
#4096 = B_SPLINE_CURVE_WITH_KNOTS ( 'NONE', 3,
 ( #2149, #4401, #2445, #497 ),
 .UNSPECIFIED., .F., .F.,
 ( 4, 4 ),
 ( 18.00000000000000000, 19.00000000000000000 ),
 .UNSPECIFIED. ) ;
#4097 = LINE ( 'NONE', #2908, #864 ) ;
#4098 = DIRECTION ( 'NONE',  ( 0.000000000000000000, 0.000000000000000000, 1.000000000000000000 ) ) ;
#4099 = APPLICATION_CONTEXT ( 'automotive_design' ) ;
#4100 = CARTESIAN_POINT ( 'NONE',  ( 74.51599167155681869, 46.11107620907489490, 1.452024985329295914 ) ) ;
#4101 = CARTESIAN_POINT ( 'NONE',  ( 50.49088868411231346, 67.42082781729087060, 4.599999999999999645 ) ) ;
#4102 = ORIENTED_EDGE ( 'NONE', *, *, #3362, .T. ) ;
#4103 = EDGE_CURVE ( 'NONE', #5091, #2155, #431, .T. ) ;
#4104 = ORIENTED_EDGE ( 'NONE', *, *, #823, .T. ) ;
#4105 = CARTESIAN_POINT ( 'NONE',  ( 26.88347510842798016, 60.24439457978235168, 5.000000000000000000 ) ) ;
#4106 = CARTESIAN_POINT ( 'NONE',  ( 56.98449280162159880, 69.20210790046715488, 5.000000000000000000 ) ) ;
#4107 = EDGE_LOOP ( 'NONE', ( #923, #3779, #983, #1817 ) ) ;
#4108 = CARTESIAN_POINT ( 'NONE',  ( 38.14833781771924492, 54.47679853951059670, 5.000000000000000000 ) ) ;
#4110 = EDGE_CURVE ( 'NONE', #2150, #1208, #4718, .T. ) ;
#4109 = ORIENTED_EDGE ( 'NONE', *, *, #2755, .T. ) ;
#4111 = LINE ( 'NONE', #4592, #1040 ) ;
#4112 = VECTOR ( 'NONE', #1655, 1000.000000000000114 ) ;
#4113 = ORIENTED_EDGE ( 'NONE', *, *, #1636, .T. ) ;
#4114 = ORIENTED_EDGE ( 'NONE', *, *, #3068, .F. ) ;
#4115 = DIRECTION ( 'NONE',  ( 0.06540457701180862893, -0.9978588283449250085, 0.000000000000000000 ) ) ;
#4116 = CARTESIAN_POINT ( 'NONE',  ( 35.87667499726751430, 69.15288993489288316, 4.599999999999999645 ) ) ;
#4117 = ORIENTED_EDGE ( 'NONE', *, *, #3227, .F. ) ;
#4118 = DIRECTION ( 'NONE',  ( -0.000000000000000000, -0.000000000000000000, 1.000000000000000000 ) ) ;
#4119 = AXIS2_PLACEMENT_3D ( 'NONE', #2234, #3803, #4600 ) ;
#4120 = CARTESIAN_POINT ( 'NONE',  ( 74.70710678118653902, 75.00000000000000000, 0.8786796564403573928 ) ) ;
#4121 = CARTESIAN_POINT ( 'NONE',  ( -0.1495181222758735495, 69.07490838016774148, 4.599999999999999645 ) ) ;
#4122 = CARTESIAN_POINT ( 'NONE',  ( 17.50000000000000000, 120.0000000000000000, -12.50000000000000000 ) ) ;
#4123 = DIRECTION ( 'NONE',  ( -1.000000000000000000, 4.625929269271485914E-16, 0.000000000000000000 ) ) ;
#4124 = VECTOR ( 'NONE', #2063, 1000.000000000000000 ) ;
#4125 = VERTEX_POINT ( 'NONE', #1993 ) ;
#4126 = DIRECTION ( 'NONE',  ( 0.000000000000000000, 0.000000000000000000, 1.000000000000000000 ) ) ;
#4127 = PLANE ( 'NONE',  #4328 ) ;
#4128 = ORIENTED_EDGE ( 'NONE', *, *, #2092, .F. ) ;
#4129 =( BOUNDED_CURVE ( )  B_SPLINE_CURVE ( 3, ( #317, #240, #4120, #1422 ),
 .UNSPECIFIED., .F., .F. ) 
 B_SPLINE_CURVE_WITH_KNOTS ( ( 4, 4 ),
 ( 0.000000000000000000, 1.570796326794896558 ),
 .UNSPECIFIED. ) 
 CURVE ( )  GEOMETRIC_REPRESENTATION_ITEM ( )  RATIONAL_B_SPLINE_CURVE ( ( 1.000000000000000000, 0.8047378541243649375, 0.8047378541243649375, 1.000000000000000000 ) ) 
 REPRESENTATION_ITEM ( '' )  );
#4130 = CARTESIAN_POINT ( 'NONE',  ( 41.48631741186515143, 24.64435482244645925, 4.599999999999999645 ) ) ;
#4131 = EDGE_CURVE ( 'NONE', #2570, #1293, #3563, .T. ) ;
#4132 = ORIENTED_EDGE ( 'NONE', *, *, #3677, .T. ) ;
#4133 = CARTESIAN_POINT ( 'NONE',  ( 58.63206800602740287, 51.14542102133970758, 4.599999999999999645 ) ) ;
#4134 = ORIENTED_EDGE ( 'NONE', *, *, #2857, .F. ) ;
#4135 = EDGE_LOOP ( 'NONE', ( #3899, #4751, #5092, #4618 ) ) ;
#4136 = CARTESIAN_POINT ( 'NONE',  ( 53.31128781982069853, 59.97355203718512939, 5.000000000000000000 ) ) ;
#4137 = AXIS2_PLACEMENT_3D ( 'NONE', #5002, #2190, #1444 ) ;
#4138 = ADVANCED_FACE ( 'NONE', ( #1610 ), #2323, .F. ) ;
#4139 = PLANE ( 'NONE',  #1991 ) ;
#4140 = EDGE_LOOP ( 'NONE', ( #4425, #2056, #3058, #1339 ) ) ;
#4141 = CARTESIAN_POINT ( 'NONE',  ( 29.88269561313709133, 64.70051189553737458, 5.000000000000000000 ) ) ;
#4142 = DIRECTION ( 'NONE',  ( 0.4450203073841546564, 0.8955204777199191613, 0.000000000000000000 ) ) ;
#4143 = CARTESIAN_POINT ( 'NONE',  ( 33.00451068268754540, 66.29653818033413870, 4.599999999999999645 ) ) ;
#4144 = CARTESIAN_POINT ( 'NONE',  ( 0.5000000000000007772, 73.50000000000000000, 1.500000000000000000 ) ) ;
#4145 = DIRECTION ( 'NONE',  ( -0.000000000000000000, -0.000000000000000000, 1.000000000000000000 ) ) ;
#4146 = CARTESIAN_POINT ( 'NONE',  ( 47.92276532451271720, 52.83655436281766526, 5.000000000000000000 ) ) ;
#4147 = EDGE_LOOP ( 'NONE', ( #275, #1463, #3872, #2605 ) ) ;
#4148 = CARTESIAN_POINT ( 'NONE',  ( 60.62223606764680994, 50.81462765552436167, 5.000000000000000000 ) ) ;
#4149 = VECTOR ( 'NONE', #4701, 1000.000000000000000 ) ;
#4150 = FACE_OUTER_BOUND ( 'NONE', #4412, .T. ) ;
#4151 = CARTESIAN_POINT ( 'NONE',  ( -0.1218020318880143754, 56.27053139211767530, 4.599999999999999645 ) ) ;
#4152 = EDGE_CURVE ( 'NONE', #83, #1722, #3510, .T. ) ;
#4153 = AXIS2_PLACEMENT_3D ( 'NONE', #4121, #968, #4854 ) ;
#4154 = ORIENTED_EDGE ( 'NONE', *, *, #4103, .T. ) ;
#4155 = ORIENTED_EDGE ( 'NONE', *, *, #2921, .T. ) ;
#4156 = AXIS2_PLACEMENT_3D ( 'NONE', #1451, #2604, #607 ) ;
#4157 = CARTESIAN_POINT ( 'NONE',  ( 41.19160789426834413, 63.02673180877590653, 4.599999999999999645 ) ) ;
#4158 = ADVANCED_FACE ( 'NONE', ( #3097 ), #2749, .F. ) ;
#4159 = CARTESIAN_POINT ( 'NONE',  ( -4.990457593806998435E-15, 44.99999999999999289, -8.575622497214412481E-16 ) ) ;
#4160 = ORIENTED_EDGE ( 'NONE', *, *, #750, .F. ) ;
#4161 = ORIENTED_EDGE ( 'NONE', *, *, #4081, .F. ) ;
#4162 = ADVANCED_FACE ( 'NONE', ( #5059 ), #4821, .F. ) ;
#4163 = CARTESIAN_POINT ( 'NONE',  ( 33.00451068268754540, 66.29653818033413870, 4.599999999999999645 ) ) ;
#4164 = CARTESIAN_POINT ( 'NONE',  ( 19.61719426927506049, 61.80541116459607309, 5.000000000000000000 ) ) ;
#4165 = VERTEX_POINT ( 'NONE', #2349 ) ;
#4166 = LINE ( 'NONE', #3780, #1025 ) ;
#4167 = B_SPLINE_CURVE_WITH_KNOTS ( 'NONE', 3,
 ( #3319, #3029, #3435, #331, #2281, #696 ),
 .UNSPECIFIED., .F., .F.,
 ( 4, 2, 4 ),
 ( 2.000000000000000000, 3.000000000000000000, 4.000000000000000000 ),
 .UNSPECIFIED. ) ;
#4168 = CARTESIAN_POINT ( 'NONE',  ( 38.24081909576754867, 68.78763099782081269, 5.000000000000000000 ) ) ;
#4169 = LINE ( 'NONE', #1397, #3049 ) ;
#4170 = CARTESIAN_POINT ( 'NONE',  ( 1.336082918170579337, 74.24792886681095183, 1.336082918170578226 ) ) ;
#4171 = DIRECTION ( 'NONE',  ( 0.000000000000000000, 0.000000000000000000, 1.000000000000000000 ) ) ;
#4172 = CARTESIAN_POINT ( 'NONE',  ( 73.50000000000000000, 73.50000000000000000, 1.500000000000000000 ) ) ;
#4173 = VERTEX_POINT ( 'NONE', #1530 ) ;
#4174 = CARTESIAN_POINT ( 'NONE',  ( 29.89265525571779136, 60.09923018964615693, 4.599999999999999645 ) ) ;
#4175 = LINE ( 'NONE', #2585, #4897 ) ;
#4176 = CARTESIAN_POINT ( 'NONE',  ( 1.499999999999997335, 45.62132034355963128, 0.4999999999999996669 ) ) ;
#4177 = EDGE_LOOP ( 'NONE', ( #3073, #3928 ) ) ;
#4178 = ORIENTED_EDGE ( 'NONE', *, *, #3688, .T. ) ;
#4179 = CARTESIAN_POINT ( 'NONE',  ( 38.25068550026831105, 54.45232843701710834, 4.599999999999999645 ) ) ;
#4180 = CARTESIAN_POINT ( 'NONE',  ( 59.15031960174529502, 69.19974004816646129, 4.599999999999999645 ) ) ;
#4181 = CARTESIAN_POINT ( 'NONE',  ( 69.99999999999998579, 120.0000000000000000, 0.000000000000000000 ) ) ;
#4182 = VERTEX_POINT ( 'NONE', #348 ) ;
#4183 = AXIS2_PLACEMENT_3D ( 'NONE', #1178, #2299, #4281 ) ;
#4184 = VERTEX_POINT ( 'NONE', #4665 ) ;
#4185 = LINE ( 'NONE', #598, #5088 ) ;
#4186 = DIRECTION ( 'NONE',  ( 0.000000000000000000, 0.000000000000000000, 1.000000000000000000 ) ) ;
#4187 = ORIENTED_EDGE ( 'NONE', *, *, #2241, .T. ) ;
#4188 = CARTESIAN_POINT ( 'NONE',  ( 15.43487065834723104, 69.41552549916616499, 4.599999999999999645 ) ) ;
#4189 = CARTESIAN_POINT ( 'NONE',  ( 60.15309437322863317, 50.81361216108685142, 5.000000000000000000 ) ) ;
#4190 = DIRECTION ( 'NONE',  ( 0.000000000000000000, 1.000000000000000000, 0.000000000000000000 ) ) ;
#4191 = CARTESIAN_POINT ( 'NONE',  ( 1.128200527441389545, 74.55402460371043105, 1.128200527441392875 ) ) ;
#4192 = DIRECTION ( 'NONE',  ( 0.000000000000000000, 5.551115123125786646E-15, 1.000000000000000000 ) ) ;
#4193 = CARTESIAN_POINT ( 'NONE',  ( 47.58123054275102248, 52.55009577986906777, 5.000000000000000000 ) ) ;
#4194 = ORIENTED_EDGE ( 'NONE', *, *, #812, .T. ) ;
#4195 = PLANE ( 'NONE',  #1770 ) ;
#4196 = EDGE_CURVE ( 'NONE', #1701, #4467, #1652, .T. ) ;
#4197 = VECTOR ( 'NONE', #1089, 1000.000000000000000 ) ;
#4198 = CARTESIAN_POINT ( 'NONE',  ( 46.02826944961941535, 56.22933325006388117, 4.599999999999999645 ) ) ;
#4199 = CARTESIAN_POINT ( 'NONE',  ( 0.000000000000000000, 5.000000000000000000, 0.000000000000000000 ) ) ;
#4200 = EDGE_LOOP ( 'NONE', ( #1563, #1523, #3933, #308 ) ) ;
#4201 = ORIENTED_EDGE ( 'NONE', *, *, #906, .F. ) ;
#4202 = CARTESIAN_POINT ( 'NONE',  ( 60.96604679571536423, 51.67958202849354166, 5.000000000000000000 ) ) ;
#4203 = CARTESIAN_POINT ( 'NONE',  ( 27.10923559923350012, 48.83376798311071809, 4.599999999999999645 ) ) ;
#4204 = LINE ( 'NONE', #2116, #2525 ) ;
#4205 = VECTOR ( 'NONE', #3578, 1000.000000000000000 ) ;
#4206 = ORIENTED_EDGE ( 'NONE', *, *, #4772, .F. ) ;
#4207 = EDGE_CURVE ( 'NONE', #2913, #4761, #686, .T. ) ;
#4208 = ORIENTED_EDGE ( 'NONE', *, *, #2921, .F. ) ;
#4209 = B_SPLINE_CURVE_WITH_KNOTS ( 'NONE', 3,
 ( #518, #3330, #2916, #4812 ),
 .UNSPECIFIED., .F., .F.,
 ( 4, 4 ),
 ( 41.00000000000000000, 42.00000000000000000 ),
 .UNSPECIFIED. ) ;
#4210 = ADVANCED_FACE ( 'NONE', ( #1020 ), #1755, .F. ) ;
#4211 = DIRECTION ( 'NONE',  ( 0.000000000000000000, 0.000000000000000000, -1.000000000000000000 ) ) ;
#4212 = CARTESIAN_POINT ( 'NONE',  ( 1.500000000000000888, 73.50000000000000000, 0.5000000000000000000 ) ) ;
#4213 = EDGE_LOOP ( 'NONE', ( #174, #4084, #1012, #2427 ) ) ;
#4214 = CARTESIAN_POINT ( 'NONE',  ( 15.43487065834723104, 69.41552549916616499, 5.000000000000000000 ) ) ;
#4215 = CARTESIAN_POINT ( 'NONE',  ( 18.96159110272099824, 59.94858267635414251, 5.000000000000000000 ) ) ;
#4216 = ADVANCED_FACE ( 'NONE', ( #3788 ), #3017, .F. ) ;
#4217 = LINE ( 'NONE', #2578, #3136 ) ;
#4218 = EDGE_CURVE ( 'NONE', #2832, #2282, #4957, .T. ) ;
#4219 = CARTESIAN_POINT ( 'NONE',  ( 1.301747370749793520, 74.25172605281045435, 0.4339157902498698149 ) ) ;
#4220 = AXIS2_PLACEMENT_3D ( 'NONE', #3586, #1198, #1634 ) ;
#4221 = CARTESIAN_POINT ( 'NONE',  ( 74.62330660438824737, 45.50875984327557688, 1.130080186835223044 ) ) ;
#4222 = CARTESIAN_POINT ( 'NONE',  ( 35.21975722808575426, -6.106783605428752537, 5.000000000000000000 ) ) ;
#4223 = EDGE_CURVE ( 'NONE', #4959, #2594, #3426, .T. ) ;
#4224 = CARTESIAN_POINT ( 'NONE',  ( 13.74999999999998401, 117.5000000000000000, 0.000000000000000000 ) ) ;
#4225 = ADVANCED_FACE ( 'NONE', ( #3763 ), #4902, .F. ) ;
#4226 = CARTESIAN_POINT ( 'NONE',  ( 28.50223509472851191, 52.24071647654527339, 4.599999999999999645 ) ) ;
#4227 = DIRECTION ( 'NONE',  ( -0.000000000000000000, -0.000000000000000000, 1.000000000000000000 ) ) ;
#4228 = CYLINDRICAL_SURFACE ( 'NONE', #2954, 5.000000000000000000 ) ;
#4229 = CARTESIAN_POINT ( 'NONE',  ( 0.1719615153912169569, 45.74742795327626510, 1.301227930856629689 ) ) ;
#4230 = EDGE_CURVE ( 'NONE', #1081, #4184, #2456, .T. ) ;
#4231 = ORIENTED_EDGE ( 'NONE', *, *, #59, .T. ) ;
#4232 = EDGE_CURVE ( 'NONE', #1100, #1686, #3582, .T. ) ;
#4233 = ORIENTED_EDGE ( 'NONE', *, *, #4604, .T. ) ;
#4234 = CARTESIAN_POINT ( 'NONE',  ( 37.50000000000000000, 21.89999999999999503, 0.4999999999999449329 ) ) ;
#4235 = LINE ( 'NONE', #1031, #2170 ) ;
#4236 = VECTOR ( 'NONE', #2013, 1000.000000000000000 ) ;
#4237 = DIRECTION ( 'NONE',  ( -0.000000000000000000, -0.000000000000000000, 1.000000000000000000 ) ) ;
#4238 = VERTEX_POINT ( 'NONE', #221 ) ;
#4239 = DIRECTION ( 'NONE',  ( -0.9999976573062887564, -0.002164574307904475192, 0.000000000000000000 ) ) ;
#4240 = AXIS2_PLACEMENT_3D ( 'NONE', #2582, #243, #3065 ) ;
#4241 = DIRECTION ( 'NONE',  ( 0.2842690850060091146, -0.9587445370430260905, 0.000000000000000000 ) ) ;
#4242 = ORIENTED_EDGE ( 'NONE', *, *, #296, .F. ) ;
#4243 = CARTESIAN_POINT ( 'NONE',  ( 14.02141606605299806, 65.68048437519374261, 4.599999999999999645 ) ) ;
#4244 = AXIS2_PLACEMENT_3D ( 'NONE', #2794, #796, #4363 ) ;
#4245 = CARTESIAN_POINT ( 'NONE',  ( 17.57029234899437498, 67.16261583822674197, 5.000000000000000000 ) ) ;
#4246 = AXIS2_PLACEMENT_3D ( 'NONE', #859, #4288, #2770 ) ;
#4247 = CARTESIAN_POINT ( 'NONE',  ( 5.000000000000000000, 5.000000000000000000, 0.000000000000000000 ) ) ;
#4248 = CARTESIAN_POINT ( 'NONE',  ( 0.1308739639280548928, 74.96095898797697998, 0.3926218917841873823 ) ) ;
#4249 = ADVANCED_FACE ( 'NONE', ( #1857 ), #3710, .F. ) ;
#4250 = CARTESIAN_POINT ( 'NONE',  ( 5.000000000000000000, 0.000000000000000000, 5.000000000000000000 ) ) ;
#4251 = CARTESIAN_POINT ( 'NONE',  ( 26.89661543495349250, 54.17378028218959685, 5.000000000000000000 ) ) ;
#4252 = ORIENTED_EDGE ( 'NONE', *, *, #492, .F. ) ;
#4253 = FACE_OUTER_BOUND ( 'NONE', #1888, .T. ) ;
#4254 = CYLINDRICAL_SURFACE ( 'NONE', #4183, 2.500000000000002220 ) ;
#4255 = EDGE_CURVE ( 'NONE', #3596, #2393, #1354, .T. ) ;
#4256 = CARTESIAN_POINT ( 'NONE',  ( 51.17218398280328273, 67.18596718839175708, 5.000000000000000000 ) ) ;
#4257 = ORIENTED_EDGE ( 'NONE', *, *, #4676, .T. ) ;
#4258 = VERTEX_POINT ( 'NONE', #1810 ) ;
#4259 = PLANE ( 'NONE',  #2592 ) ;
#4260 = CARTESIAN_POINT ( 'NONE',  ( 12.49999999999998757, -9.540979117872439019E-15, -9.999999999999991118 ) ) ;
#4261 = LINE ( 'NONE', #4095, #2850 ) ;
#4262 = ORIENTED_EDGE ( 'NONE', *, *, #4603, .F. ) ;
#4263 = CARTESIAN_POINT ( 'NONE',  ( 41.96291306052567904, 63.57867512623393935, 5.000000000000000000 ) ) ;
#4264 = ADVANCED_FACE ( 'NONE', ( #970 ), #2168, .T. ) ;
#4265 = B_SPLINE_CURVE_WITH_KNOTS ( 'NONE', 3,
 ( #3575, #806, #5, #4705 ),
 .UNSPECIFIED., .F., .F.,
 ( 4, 4 ),
 ( 10.00000000000000000, 11.00000000000000000 ),
 .UNSPECIFIED. ) ;
#4266 = LINE ( 'NONE', #1140, #1903 ) ;
#4267 = EDGE_LOOP ( 'NONE', ( #1435, #2258, #3874, #4598, #4543 ) ) ;
#4268 = CARTESIAN_POINT ( 'NONE',  ( 54.64768155626245516, 56.93935805308352371, 4.599999999999999645 ) ) ;
#4269 = CIRCLE ( 'NONE', #2385, 1.250000000000001110 ) ;
#4270 = CARTESIAN_POINT ( 'NONE',  ( 22.49999999999998579, 99.79999999999999716, 3.100000000000000089 ) ) ;
#4271 = LINE ( 'NONE', #3166, #520 ) ;
#4272 = EDGE_LOOP ( 'NONE', ( #1925, #4888, #1391, #2557 ) ) ;
#4273 = CARTESIAN_POINT ( 'NONE',  ( 23.95290432188574670, 64.81307871474692206, 4.599999999999999645 ) ) ;
#4274 = CARTESIAN_POINT ( 'NONE',  ( 75.00000000000000000, 44.99999999999999289, -8.575622497214412481E-16 ) ) ;
#4275 = VECTOR ( 'NONE', #1192, 1000.000000000000114 ) ;
#4276 = CARTESIAN_POINT ( 'NONE',  ( 23.52078599485841082, 52.59678160645988498, 4.599999999999999645 ) ) ;
#4277 = EDGE_CURVE ( 'NONE', #735, #3255, #2992, .T. ) ;
#4278 = ORIENTED_EDGE ( 'NONE', *, *, #1751, .F. ) ;
#4279 = CARTESIAN_POINT ( 'NONE',  ( 51.17218398280328273, 67.18596718839175708, 4.599999999999999645 ) ) ;
#4280 = DIRECTION ( 'NONE',  ( -0.000000000000000000, -0.000000000000000000, 1.000000000000000000 ) ) ;
#4281 = DIRECTION ( 'NONE',  ( -1.000000000000000000, 0.000000000000000000, 0.000000000000000000 ) ) ;
#4282 =( LENGTH_UNIT ( ) NAMED_UNIT ( * ) SI_UNIT ( .MILLI., .METRE. ) );
#4283 = ORIENTED_EDGE ( 'NONE', *, *, #2622, .T. ) ;
#4284 = VECTOR ( 'NONE', #3784, 1000.000000000000000 ) ;
#4285 = ORIENTED_EDGE ( 'NONE', *, *, #3376, .T. ) ;
#4286 = DIRECTION ( 'NONE',  ( 0.1708417296058795942, 0.9852984844326472258, 0.000000000000000000 ) ) ;
#4287 = CARTESIAN_POINT ( 'NONE',  ( 52.75819874726981595, 56.38499435135753401, 4.599999999999999645 ) ) ;
#4288 = DIRECTION ( 'NONE',  ( 1.000000000000000000, 0.000000000000000000, 0.000000000000000000 ) ) ;
#4289 = VECTOR ( 'NONE', #1266, 1000.000000000000000 ) ;
#4290 = ORIENTED_EDGE ( 'NONE', *, *, #3840, .F. ) ;
#4291 = LINE ( 'NONE', #781, #335 ) ;
#4292 = EDGE_CURVE ( 'NONE', #3915, #151, #2088, .T. ) ;
#4293 = ADVANCED_FACE ( 'NONE', ( #293 ), #2966, .F. ) ;
#4294 = DIRECTION ( 'NONE',  ( 0.2870939721814941836, -0.9579024225551636684, 0.000000000000000000 ) ) ;
#4295 = EDGE_LOOP ( 'NONE', ( #2207, #1768, #4967 ) ) ;
#4296 = DIRECTION ( 'NONE',  ( 1.000000000000000000, -0.000000000000000000, -0.000000000000000000 ) ) ;
#4297 = CARTESIAN_POINT ( 'NONE',  ( 39.52096675179606677, 50.99823335541131542, 4.599999999999999645 ) ) ;
#4298 = EDGE_CURVE ( 'NONE', #516, #726, #1943, .T. ) ;
#4299 = CARTESIAN_POINT ( 'NONE',  ( 72.50000000000000000, 4.999999999999993783, -12.50000000000000000 ) ) ;
#4300 = ORIENTED_EDGE ( 'NONE', *, *, #4594, .F. ) ;
#4301 = CARTESIAN_POINT ( 'NONE',  ( 37.41813806569387424, 69.15622655406406238, 5.000000000000000000 ) ) ;
#4302 = CARTESIAN_POINT ( 'NONE',  ( 43.08109070326097623, 63.58109551050129937, 5.000000000000000000 ) ) ;
#4303 = DIRECTION ( 'NONE',  ( 0.000000000000000000, 0.000000000000000000, 1.000000000000000000 ) ) ;
#4304 = ORIENTED_EDGE ( 'NONE', *, *, #1112, .F. ) ;
#4305 = AXIS2_PLACEMENT_3D ( 'NONE', #1412, #4570, #4070 ) ;
#4306 = CARTESIAN_POINT ( 'NONE',  ( 31.45523698125404621, 60.12377736324087607, 4.599999999999999645 ) ) ;
#4307 = CARTESIAN_POINT ( 'NONE',  ( 0.4999999999999976130, 46.49999999999999289, 1.500000000000000000 ) ) ;
#4308 = LINE ( 'NONE', #1586, #1156 ) ;
#4309 = ORIENTED_EDGE ( 'NONE', *, *, #88, .T. ) ;
#4310 = VERTEX_POINT ( 'NONE', #3919 ) ;
#4311 = PRODUCT_RELATED_PRODUCT_CATEGORY ( 'part', '', ( #842 ) ) ;
#4312 = VERTEX_POINT ( 'NONE', #1527 ) ;
#4313 = CARTESIAN_POINT ( 'NONE',  ( 37.50000000000000000, 96.40000000000000568, 0.000000000000000000 ) ) ;
#4314 = CARTESIAN_POINT ( 'NONE',  ( 48.65312595226107106, 67.41684983397829001, 4.599999999999999645 ) ) ;
#4315 = ADVANCED_FACE ( 'NONE', ( #2373 ), #2654, .F. ) ;
#4316 = CARTESIAN_POINT ( 'NONE',  ( 24.99999999999999289, 18.49999999999998934, 3.100000000000000089 ) ) ;
#4317 = ORIENTED_EDGE ( 'NONE', *, *, #1408, .F. ) ;
#4318 = CARTESIAN_POINT ( 'NONE',  ( 75.00000000000000000, 75.00000000000000000, 0.000000000000000000 ) ) ;
#4319 = CARTESIAN_POINT ( 'NONE',  ( 34.94305739570599201, 68.62528759425747182, 4.599999999999999645 ) ) ;
#4320 = EDGE_CURVE ( 'NONE', #1481, #2830, #1504, .T. ) ;
#4321 = ORIENTED_EDGE ( 'NONE', *, *, #3165, .T. ) ;
#4322 = AXIS2_PLACEMENT_3D ( 'NONE', #2080, #80, #2824 ) ;
#4323 = CARTESIAN_POINT ( 'NONE',  ( 1.499999999999997558, 46.49999999999999289, 0.000000000000000000 ) ) ;
#4324 = CARTESIAN_POINT ( 'NONE',  ( 65.35148764806179145, 19.38669273430911844, 4.599999999999999645 ) ) ;
#4325 = VECTOR ( 'NONE', #4336, 1000.000000000000000 ) ;
#4326 = CARTESIAN_POINT ( 'NONE',  ( 46.02826944961941535, 56.22933325006388117, 5.000000000000000000 ) ) ;
#4327 = EDGE_LOOP ( 'NONE', ( #4132, #761, #3770, #2943, #2225, #4624 ) ) ;
#4328 = AXIS2_PLACEMENT_3D ( 'NONE', #4514, #1000, #2563 ) ;
#4329 = CARTESIAN_POINT ( 'NONE',  ( 16.96517205049047661, 64.79795321356733950, 4.599999999999999645 ) ) ;
#4330 = CARTESIAN_POINT ( 'NONE',  ( 23.52078599485841082, 52.59678160645988498, 5.000000000000000000 ) ) ;
#4331 = CARTESIAN_POINT ( 'NONE',  ( 51.97385331965853794, 56.96884372970191635, 5.000000000000000000 ) ) ;
#4332 = CIRCLE ( 'NONE', #895, 1.000000000000000000 ) ;
#4333 = DIRECTION ( 'NONE',  ( 0.5107203677843007439, -0.8597468848040501488, 0.000000000000000000 ) ) ;
#4334 = CARTESIAN_POINT ( 'NONE',  ( 26.88347510842798016, 60.24439457978235168, 4.599999999999999645 ) ) ;
#4335 = EDGE_CURVE ( 'NONE', #4125, #1505, #482, .T. ) ;
#4336 = DIRECTION ( 'NONE',  ( 0.9725882268251367924, -0.2325341717708094280, 0.000000000000000000 ) ) ;
#4337 = DIRECTION ( 'NONE',  ( -0.000000000000000000, 0.000000000000000000, 1.000000000000000000 ) ) ;
#4338 = CARTESIAN_POINT ( 'NONE',  ( 74.50000000000000000, 46.49999999999999289, 1.500000000000000000 ) ) ;
#4339 = ORIENTED_EDGE ( 'NONE', *, *, #586, .T. ) ;
#4340 = VERTEX_POINT ( 'NONE', #1092 ) ;
#4341 = ORIENTED_EDGE ( 'NONE', *, *, #3830, .F. ) ;
#4342 = CARTESIAN_POINT ( 'NONE',  ( 74.82803848460876850, 74.25257204672369937, 1.301227930856633463 ) ) ;
#4343 = CARTESIAN_POINT ( 'NONE',  ( 22.08606763532822725, 58.68548362696230924, 4.599999999999999645 ) ) ;
#4344 = DIRECTION ( 'NONE',  ( -0.000000000000000000, -0.000000000000000000, 1.000000000000000000 ) ) ;
#4345 = VERTEX_POINT ( 'NONE', #1474 ) ;
#4346 = DIRECTION ( 'NONE',  ( 1.000000000000000000, -0.000000000000000000, -0.000000000000000000 ) ) ;
#4347 = CARTESIAN_POINT ( 'NONE',  ( 0.08379846282956293635, 74.69239462338657631, 0.9152915009332561747 ) ) ;
#4348 = ORIENTED_EDGE ( 'NONE', *, *, #4676, .F. ) ;
#4349 = CARTESIAN_POINT ( 'NONE',  ( -0.1218020318880143754, 56.27053139211767530, 4.599999999999999645 ) ) ;
#4350 = ORIENTED_EDGE ( 'NONE', *, *, #3762, .T. ) ;
#4351 = CARTESIAN_POINT ( 'NONE',  ( 16.96517205049047661, 64.79795321356733950, 5.000000000000000000 ) ) ;
#4352 = CARTESIAN_POINT ( 'NONE',  ( 18.96159110272099824, 59.94858267635414251, 4.599999999999999645 ) ) ;
#4353 = ORIENTED_EDGE ( 'NONE', *, *, #3307, .F. ) ;
#4354 = DIRECTION ( 'NONE',  ( -0.000000000000000000, -0.000000000000000000, 1.000000000000000000 ) ) ;
#4355 = CARTESIAN_POINT ( 'NONE',  ( 1.452024985329293694, 46.11107620907489490, 0.4840083284431040966 ) ) ;
#4356 = DIRECTION ( 'NONE',  ( -0.000000000000000000, 0.000000000000000000, -1.000000000000000000 ) ) ;
#4357 = FACE_OUTER_BOUND ( 'NONE', #1954, .T. ) ;
#4358 = FACE_OUTER_BOUND ( 'NONE', #3364, .T. ) ;
#4359 = EDGE_CURVE ( 'NONE', #1858, #4731, #1882, .T. ) ;
#4360 = LINE ( 'NONE', #2733, #2674 ) ;
#4361 = DIRECTION ( 'NONE',  ( -0.7071067811865493491, -0.7071067811865455743, 0.000000000000000000 ) ) ;
#4362 = B_SPLINE_SURFACE_WITH_KNOTS ( 'NONE', 3, 1, ( 
 ( #4760, #2039 ),
 ( #4019, #499 ),
 ( #886, #2392 ),
 ( #1679, #1242 ) ),
 .UNSPECIFIED., .F., .F., .F.,
 ( 4, 4 ),
 ( 2, 2 ),
 ( 29.00000000000000000, 30.00000000000000000 ),
 ( 0.000000000000000000, 1.000000000000000000 ),
 .UNSPECIFIED. ) ;
#4363 = DIRECTION ( 'NONE',  ( 1.000000000000000000, 0.000000000000000000, 0.000000000000000000 ) ) ;
#4364 = EDGE_LOOP ( 'NONE', ( #4231, #4290, #1482, #739, #2158 ) ) ;
#4365 = ORIENTED_EDGE ( 'NONE', *, *, #818, .F. ) ;
#4366 = EDGE_CURVE ( 'NONE', #2189, #1329, #5057, .T. ) ;
#4367 = DIRECTION ( 'NONE',  ( 0.000000000000000000, -1.000000000000000000, 0.000000000000000000 ) ) ;
#4368 = LINE ( 'NONE', #858, #3982 ) ;
#4369 = DIRECTION ( 'NONE',  ( -0.000000000000000000, -0.000000000000000000, -1.000000000000000000 ) ) ;
#4370 = ORIENTED_EDGE ( 'NONE', *, *, #3911, .T. ) ;
#4371 = AXIS2_PLACEMENT_3D ( 'NONE', #4247, #1195, #5051 ) ;
#4372 = CARTESIAN_POINT ( 'NONE',  ( 52.75819874726980885, 56.38499435135753401, 5.000000000000000000 ) ) ;
#4373 = CARTESIAN_POINT ( 'NONE',  ( 56.63175517114320456, 69.20134437186605680, 5.000000000000000000 ) ) ;
#4374 = ORIENTED_EDGE ( 'NONE', *, *, #3900, .F. ) ;
#4375 = DIRECTION ( 'NONE',  ( -1.000000000000000000, 0.000000000000000000, 0.000000000000000000 ) ) ;
#4376 = VECTOR ( 'NONE', #5035, 1000.000000000000000 ) ;
#4377 = ORIENTED_EDGE ( 'NONE', *, *, #3757, .F. ) ;
#4378 = EDGE_CURVE ( 'NONE', #1258, #4764, #3892, .T. ) ;
#4379 = CARTESIAN_POINT ( 'NONE',  ( 50.00000000000000711, 99.79999999999999716, 0.000000000000000000 ) ) ;
#4380 = B_SPLINE_CURVE_WITH_KNOTS ( 'NONE', 3,
 ( #3628, #3697, #4064, #3285, #3310, #136 ),
 .UNSPECIFIED., .F., .F.,
 ( 4, 2, 4 ),
 ( 2.000000000000000000, 3.000000000000000000, 4.000000000000000000 ),
 .UNSPECIFIED. ) ;
#4381 = CARTESIAN_POINT ( 'NONE',  ( 14.38323494084624166, 60.15874940231086043, 4.599999999999999645 ) ) ;
#4382 = EDGE_LOOP ( 'NONE', ( #3849, #4911, #1773, #2183 ) ) ;
#4383 = LINE ( 'NONE', #870, #1616 ) ;
#4384 = CARTESIAN_POINT ( 'NONE',  ( 16.98661193500679900, 54.89307990385177050, 5.000000000000000000 ) ) ;
#4385 = CARTESIAN_POINT ( 'NONE',  ( 75.00000000000000000, 75.00000000000000000, -9.184850993605148438E-17 ) ) ;
#4386 = EDGE_CURVE ( 'NONE', #1346, #2735, #5007, .T. ) ;
#4387 = AXIS2_PLACEMENT_3D ( 'NONE', #2041, #4043, #3652 ) ;
#4388 = CARTESIAN_POINT ( 'NONE',  ( 29.81318971088235159, 69.10801979596014633, 4.599999999999999645 ) ) ;
#4389 = CARTESIAN_POINT ( 'NONE',  ( 35.09940047173320465, 68.10004456002852180, 5.000000000000000000 ) ) ;
#4390 = CARTESIAN_POINT ( 'NONE',  ( 61.71829178137526384, 4.045320493428457453, 4.599999999999999645 ) ) ;
#4391 = EDGE_CURVE ( 'NONE', #1579, #2175, #4968, .T. ) ;
#4392 = LINE ( 'NONE', #2439, #3037 ) ;
#4393 = EDGE_CURVE ( 'NONE', #3095, #1761, #4635, .T. ) ;
#4394 = ORIENTED_EDGE ( 'NONE', *, *, #3094, .T. ) ;
#4395 = EDGE_CURVE ( 'NONE', #2923, #726, #1962, .T. ) ;
#4396 = ORIENTED_EDGE ( 'NONE', *, *, #1096, .F. ) ;
#4397 = EDGE_CURVE ( 'NONE', #3236, #2735, #2270, .T. ) ;
#4398 = CARTESIAN_POINT ( 'NONE',  ( 22.49999999999999289, 114.9999999999999858, -15.00000000000000000 ) ) ;
#4399 = VECTOR ( 'NONE', #356, 1000.000000000000000 ) ;
#4400 = FACE_OUTER_BOUND ( 'NONE', #2091, .T. ) ;
#4401 = CARTESIAN_POINT ( 'NONE',  ( 35.32993193914360575, 69.15170646614373595, 5.000000000000000000 ) ) ;
#4402 = EDGE_CURVE ( 'NONE', #3025, #2206, #5032, .T. ) ;
#4403 = ORIENTED_EDGE ( 'NONE', *, *, #1114, .F. ) ;
#4404 = FACE_OUTER_BOUND ( 'NONE', #69, .T. ) ;
#4405 = ORIENTED_EDGE ( 'NONE', *, *, #1051, .T. ) ;
#4406 = PLANE ( 'NONE',  #4387 ) ;
#4407 = EDGE_LOOP ( 'NONE', ( #947, #347, #303, #3161 ) ) ;
#4408 = CARTESIAN_POINT ( 'NONE',  ( 12.49999999999998757, 4.999999999999990230, -9.999999999999991118 ) ) ;
#4409 = AXIS2_PLACEMENT_3D ( 'NONE', #4313, #3490, #3128 ) ;
#4410 = DIRECTION ( 'NONE',  ( 0.000000000000000000, 0.000000000000000000, -1.000000000000000000 ) ) ;
#4411 = B_SPLINE_SURFACE_WITH_KNOTS ( 'NONE', 3, 1, ( 
 ( #2236, #1110 ),
 ( #4243, #4949 ),
 ( #4188, #4214 ),
 ( #1420, #730 ),
 ( #1085, #1468 ),
 ( #2576, #2985 ) ),
 .UNSPECIFIED., .F., .F., .F.,
 ( 4, 2, 4 ),
 ( 2, 2 ),
 ( 0.000000000000000000, 1.000000000000000000, 2.000000000000000000 ),
 ( 0.000000000000000000, 1.000000000000000000 ),
 .UNSPECIFIED. ) ;
#4412 = EDGE_LOOP ( 'NONE', ( #2796, #2064, #797, #4627 ) ) ;
#4413 = CARTESIAN_POINT ( 'NONE',  ( 44.98508136713597594, 52.54447620889911974, 5.000000000000000000 ) ) ;
#4414 = CARTESIAN_POINT ( 'NONE',  ( 74.76969600708471830, 0.000000000000000000, 1.500000000000000000 ) ) ;
#4415 = DIRECTION ( 'NONE',  ( 0.9982259345461284017, 0.05953976485936681579, 0.000000000000000000 ) ) ;
#4416 = VECTOR ( 'NONE', #5027, 1000.000000000000114 ) ;
#4417 = CARTESIAN_POINT ( 'NONE',  ( 36.13642652309636105, 63.22390502553643188, 5.000000000000000000 ) ) ;
#4418 = VECTOR ( 'NONE', #427, 1000.000000000000000 ) ;
#4419 = DIRECTION ( 'NONE',  ( 1.000000000000000000, -0.000000000000000000, -0.000000000000000000 ) ) ;
#4420 = CARTESIAN_POINT ( 'NONE',  ( 57.49999999999999289, 117.5000000000000000, -15.00000000000000000 ) ) ;
#4421 = ORIENTED_EDGE ( 'NONE', *, *, #2607, .T. ) ;
#4422 = ORIENTED_EDGE ( 'NONE', *, *, #3691, .T. ) ;
#4423 = DIRECTION ( 'NONE',  ( -0.000000000000000000, -0.000000000000000000, 1.000000000000000000 ) ) ;
#4424 = CARTESIAN_POINT ( 'NONE',  ( 36.13642652309636105, 63.22390502553643188, 4.599999999999999645 ) ) ;
#4425 = ORIENTED_EDGE ( 'NONE', *, *, #3168, .T. ) ;
#4426 = CARTESIAN_POINT ( 'NONE',  ( 0.2303039929152725651, 73.69932582160834045, 1.499999999999999556 ) ) ;
#4427 = ORIENTED_EDGE ( 'NONE', *, *, #3465, .T. ) ;
#4428 = CARTESIAN_POINT ( 'NONE',  ( 18.96159110272099824, 59.94858267635414251, 4.599999999999999645 ) ) ;
#4429 = VECTOR ( 'NONE', #699, 1000.000000000000000 ) ;
#4430 = ORIENTED_EDGE ( 'NONE', *, *, #417, .T. ) ;
#4431 = LINE ( 'NONE', #2452, #1979 ) ;
#4432 = LINE ( 'NONE', #570, #852 ) ;
#4433 = ORIENTED_EDGE ( 'NONE', *, *, #2691, .F. ) ;
#4434 = CARTESIAN_POINT ( 'NONE',  ( 0.4494164874987612857, 45.83527324319172891, 1.348249462496324158 ) ) ;
#4435 = PLANE ( 'NONE',  #2677 ) ;
#4436 = DIRECTION ( 'NONE',  ( 0.000000000000000000, 1.000000000000000000, -0.000000000000000000 ) ) ;
#4437 = LINE ( 'NONE', #4804, #1294 ) ;
#4438 = CARTESIAN_POINT ( 'NONE',  ( 22.49999999999999289, 114.9999999999999858, -15.00000000000000000 ) ) ;
#4439 = ADVANCED_FACE ( 'NONE', ( #3836 ), #2802, .T. ) ;
#4440 = EDGE_LOOP ( 'NONE', ( #3765, #206, #5084, #1598, #3493, #3390 ) ) ;
#4441 = AXIS2_PLACEMENT_3D ( 'NONE', #1862, #2352, #3429 ) ;
#4442 = ORIENTED_EDGE ( 'NONE', *, *, #2046, .F. ) ;
#4443 = CARTESIAN_POINT ( 'NONE',  ( 17.50000000000000000, 117.5000000000000000, -15.00000000000000000 ) ) ;
#4444 = LINE ( 'NONE', #2510, #4493 ) ;
#4445 = CIRCLE ( 'NONE', #1656, 4.999999999999997335 ) ;
#4446 = ORIENTED_EDGE ( 'NONE', *, *, #4983, .F. ) ;
#4447 = EDGE_CURVE ( 'NONE', #4451, #1245, #3926, .T. ) ;
#4448 = CARTESIAN_POINT ( 'NONE',  ( 26.88347510842798016, 60.24439457978235168, 5.000000000000000000 ) ) ;
#4449 = ORIENTED_EDGE ( 'NONE', *, *, #1120, .T. ) ;
#4450 = CARTESIAN_POINT ( 'NONE',  ( 12.49999999999998934, 4.999999999999990230, -4.999999999999989342 ) ) ;
#4451 = VERTEX_POINT ( 'NONE', #1172 ) ;
#4452 = CARTESIAN_POINT ( 'NONE',  ( 3.535533905932738197, 2.499999999999996003, -10.00000000000000178 ) ) ;
#4453 = ADVANCED_FACE ( 'NONE', ( #2840 ), #4435, .F. ) ;
#4454 = LINE ( 'NONE', #934, #2485 ) ;
#4455 = CIRCLE ( 'NONE', #4371, 5.000000000000000000 ) ;
#4456 = VERTEX_POINT ( 'NONE', #2404 ) ;
#4457 = CARTESIAN_POINT ( 'NONE',  ( 1.192661466158058126, 45.58501535375197022, 0.3975538220526754762 ) ) ;
#4458 = DIRECTION ( 'NONE',  ( 1.000000000000000000, 0.000000000000000000, -0.000000000000000000 ) ) ;
#4459 = ADVANCED_FACE ( 'NONE', ( #846 ), #433, .F. ) ;
#4460 = CARTESIAN_POINT ( 'NONE',  ( -0.1135253844867327028, 52.44685669470982248, 5.000000000000000000 ) ) ;
#4461 = FACE_OUTER_BOUND ( 'NONE', #1555, .T. ) ;
#4462 = ORIENTED_EDGE ( 'NONE', *, *, #3404, .F. ) ;
#4463 = ORIENTED_EDGE ( 'NONE', *, *, #1651, .T. ) ;
#4464 = CARTESIAN_POINT ( 'NONE',  ( -6.938893903907228378E-15, 117.5000000000000142, -12.50000000000000000 ) ) ;
#4465 = DIRECTION ( 'NONE',  ( 1.000000000000000000, 0.000000000000000000, -2.602085213965211135E-16 ) ) ;
#4466 = ADVANCED_FACE ( 'NONE', ( #120 ), #3614, .F. ) ;
#4467 = VERTEX_POINT ( 'NONE', #3587 ) ;
#4468 = VECTOR ( 'NONE', #285, 1000.000000000000000 ) ;
#4469 = CARTESIAN_POINT ( 'NONE',  ( 27.50000000000000000, 117.5000000000000000, -10.00000000000000000 ) ) ;
#4470 = ORIENTED_EDGE ( 'NONE', *, *, #3911, .F. ) ;
#4471 = CARTESIAN_POINT ( 'NONE',  ( 31.45523698125404621, 60.12377736324087607, 5.000000000000000000 ) ) ;
#4472 = ORIENTED_EDGE ( 'NONE', *, *, #1664, .T. ) ;
#4473 = PLANE ( 'NONE',  #426 ) ;
#4474 = CARTESIAN_POINT ( 'NONE',  ( 22.08331893061677320, 59.95533990403678359, 5.000000000000000000 ) ) ;
#4475 = ADVANCED_FACE ( 'NONE', ( #72 ), #175, .F. ) ;
#4476 = CARTESIAN_POINT ( 'NONE',  ( 34.58037044103966906, 60.18697884857790115, 5.000000000000000000 ) ) ;
#4477 = ORIENTED_EDGE ( 'NONE', *, *, #361, .F. ) ;
#4478 = EDGE_CURVE ( 'NONE', #776, #1714, #4261, .T. ) ;
#4479 = CARTESIAN_POINT ( 'NONE',  ( 35.78597283154926600, 50.76086759227583656, 4.599999999999999645 ) ) ;
#4480 = FILL_AREA_STYLE ('',( #2140 ) ) ;
#4481 = PLANE ( 'NONE',  #2442 ) ;
#4482 = VECTOR ( 'NONE', #2757, 1000.000000000000000 ) ;
#4483 = DIRECTION ( 'NONE',  ( 0.000000000000000000, 0.000000000000000000, -1.000000000000000000 ) ) ;
#4484 = CARTESIAN_POINT ( 'NONE',  ( 50.85420801291714099, 67.42161425081793880, 4.599999999999999645 ) ) ;
#4485 = B_SPLINE_SURFACE_WITH_KNOTS ( 'NONE', 3, 1, ( 
 ( #358, #2334 ),
 ( #3904, #833 ),
 ( #3, #1568 ),
 ( #3130, #1976 ) ),
 .UNSPECIFIED., .F., .F., .F.,
 ( 4, 4 ),
 ( 2, 2 ),
 ( 20.00000000000000000, 21.00000000000000000 ),
 ( 0.000000000000000000, 1.000000000000000000 ),
 .UNSPECIFIED. ) ;
#4486 = ORIENTED_EDGE ( 'NONE', *, *, #123, .T. ) ;
#4487 = ORIENTED_EDGE ( 'NONE', *, *, #2103, .T. ) ;
#4488 = ADVANCED_FACE ( 'NONE', ( #3799 ), #1370, .F. ) ;
#4489 = AXIS2_PLACEMENT_3D ( 'NONE', #3735, #1069, #3350 ) ;
#4490 = LINE ( 'NONE', #246, #3328 ) ;
#4491 = LINE ( 'NONE', #1332, #3755 ) ;
#4492 = ORIENTED_EDGE ( 'NONE', *, *, #4067, .F. ) ;
#4493 = VECTOR ( 'NONE', #3235, 1000.000000000000000 ) ;
#4494 = LINE ( 'NONE', #4130, #2973 ) ;
#4495 = ORIENTED_EDGE ( 'NONE', *, *, #4511, .F. ) ;
#4496 = CARTESIAN_POINT ( 'NONE',  ( -10.92803065941448004, 6.425623486521693017, 5.000000000000000000 ) ) ;
#4497 = B_SPLINE_CURVE_WITH_KNOTS ( 'NONE', 3,
 ( #1272, #958, #4768, #140 ),
 .UNSPECIFIED., .F., .F.,
 ( 4, 4 ),
 ( 0.000000000000000000, 1.000000000000000000 ),
 .UNSPECIFIED. ) ;
#4498 = EDGE_LOOP ( 'NONE', ( #3822, #244, #2416, #77, #437 ) ) ;
#4499 = ORIENTED_EDGE ( 'NONE', *, *, #1503, .F. ) ;
#4500 = LINE ( 'NONE', #3340, #4429 ) ;
#4501 = FACE_OUTER_BOUND ( 'NONE', #667, .T. ) ;
#4502 = ORIENTED_EDGE ( 'NONE', *, *, #3846, .T. ) ;
#4503 = AXIS2_PLACEMENT_3D ( 'NONE', #2743, #1544, #29 ) ;
#4504 = DIRECTION ( 'NONE',  ( -0.000000000000000000, -0.000000000000000000, 1.000000000000000000 ) ) ;
#4505 = DIRECTION ( 'NONE',  ( -0.000000000000000000, -0.000000000000000000, 1.000000000000000000 ) ) ;
#4506 = FACE_OUTER_BOUND ( 'NONE', #4147, .T. ) ;
#4507 = LINE ( 'NONE', #4460, #1043 ) ;
#4508 = CARTESIAN_POINT ( 'NONE',  ( 46.02826944961941535, 56.22933325006388117, 4.599999999999999645 ) ) ;
#4509 = CARTESIAN_POINT ( 'NONE',  ( 52.50000000000000711, 112.4999999999999858, -15.00000000000000000 ) ) ;
#4510 = EDGE_LOOP ( 'NONE', ( #960, #4940, #3317 ) ) ;
#4511 = EDGE_CURVE ( 'NONE', #4731, #2465, #3680, .T. ) ;
#4512 = CARTESIAN_POINT ( 'NONE',  ( 28.99618295937896306, 45.67025248322667608, 5.000000000000000000 ) ) ;
#4513 = VECTOR ( 'NONE', #3918, 1000.000000000000000 ) ;
#4514 = CARTESIAN_POINT ( 'NONE',  ( -0.1097077414813996121, 50.68316854231772339, 4.599999999999999645 ) ) ;
#4515 = ORIENTED_EDGE ( 'NONE', *, *, #3730, .F. ) ;
#4516 = EDGE_CURVE ( 'NONE', #1858, #3334, #671, .T. ) ;
#4517 = CARTESIAN_POINT ( 'NONE',  ( 26.17347629967591871, 69.52399929548073487, 4.599999999999999645 ) ) ;
#4518 = ORIENTED_EDGE ( 'NONE', *, *, #4538, .F. ) ;
#4519 = LINE ( 'NONE', #4965, #2438 ) ;
#4520 = VECTOR ( 'NONE', #2935, 1000.000000000000000 ) ;
#4521 = VERTEX_POINT ( 'NONE', #4895 ) ;
#4522 = ORIENTED_EDGE ( 'NONE', *, *, #1347, .F. ) ;
#4523 = CARTESIAN_POINT ( 'NONE',  ( 35.00763628465025334, 51.82798241853258503, 4.599999999999999645 ) ) ;
#4524 = DIRECTION ( 'NONE',  ( -1.000000000000000000, 0.000000000000000000, 0.000000000000000000 ) ) ;
#4525 = B_SPLINE_SURFACE_WITH_KNOTS ( 'NONE', 3, 1, ( 
 ( #4314, #802 ),
 ( #81, #2826 ),
 ( #2030, #3599 ),
 ( #3207, #1645 ) ),
 .UNSPECIFIED., .F., .F., .F.,
 ( 4, 4 ),
 ( 2, 2 ),
 ( 6.000000000000000000, 7.000000000000000000 ),
 ( 0.000000000000000000, 1.000000000000000000 ),
 .UNSPECIFIED. ) ;
#4526 = EDGE_LOOP ( 'NONE', ( #2490, #1057, #3131, #3361 ) ) ;
#4527 = DIRECTION ( 'NONE',  ( -0.000000000000000000, 0.000000000000000000, -1.000000000000000000 ) ) ;
#4528 = LINE ( 'NONE', #1014, #1889 ) ;
#4529 = CIRCLE ( 'NONE', #3457, 2.099999999999997868 ) ;
#4530 = DIRECTION ( 'NONE',  ( -1.000000000000000000, 0.000000000000000000, 0.000000000000000000 ) ) ;
#4531 = CARTESIAN_POINT ( 'NONE',  ( 34.84299446063909045, 51.29851711344042542, 5.000000000000000000 ) ) ;
#4532 = EDGE_CURVE ( 'NONE', #2465, #2251, #3505, .T. ) ;
#4533 = CARTESIAN_POINT ( 'NONE',  ( 26.16751767727941314, 50.41905633430118883, 4.599999999999999645 ) ) ;
#4534 = DIRECTION ( 'NONE',  ( 0.006490873785237705890, 0.9999789340568651097, 0.000000000000000000 ) ) ;
#4535 = VECTOR ( 'NONE', #2922, 1000.000000000000000 ) ;
#4536 = ORIENTED_EDGE ( 'NONE', *, *, #98, .F. ) ;
#4537 = CARTESIAN_POINT ( 'NONE',  ( 75.00000000000000000, 44.99999999999999289, 0.000000000000000000 ) ) ;
#4538 = EDGE_CURVE ( 'NONE', #1235, #877, #3852, .T. ) ;
#4539 = DIRECTION ( 'NONE',  ( 0.000000000000000000, 1.000000000000000000, 0.000000000000000000 ) ) ;
#4540 = EDGE_CURVE ( 'NONE', #644, #525, #4167, .T. ) ;
#4541 = CARTESIAN_POINT ( 'NONE',  ( 31.14016907216635133, 70.42308002101647446, 5.000000000000000000 ) ) ;
#4542 = AXIS2_PLACEMENT_3D ( 'NONE', #1324, #4436, #555 ) ;
#4543 = ORIENTED_EDGE ( 'NONE', *, *, #4863, .T. ) ;
#4544 = CARTESIAN_POINT ( 'NONE',  ( 27.11389941078661536, 71.12337289908458615, 4.599999999999999645 ) ) ;
#4545 = VERTEX_POINT ( 'NONE', #2547 ) ;
#4546 = CARTESIAN_POINT ( 'NONE',  ( 29.89265525571779136, 60.09923018964615693, 5.000000000000000000 ) ) ;
#4547 = CARTESIAN_POINT ( 'NONE',  ( 31.45523698125404621, 60.12377736324087607, 4.599999999999999645 ) ) ;
#4548 = ORIENTED_EDGE ( 'NONE', *, *, #1035, .T. ) ;
#4549 = EDGE_LOOP ( 'NONE', ( #506, #419, #1130 ) ) ;
#4550 = CARTESIAN_POINT ( 'NONE',  ( 28.99618295937896306, 45.67025248322667608, 4.599999999999999645 ) ) ;
#4551 = VECTOR ( 'NONE', #3657, 1000.000000000000000 ) ;
#4552 = CARTESIAN_POINT ( 'NONE',  ( 48.65312595226107106, 67.41684983397829001, 5.000000000000000000 ) ) ;
#4553 = ORIENTED_EDGE ( 'NONE', *, *, #200, .T. ) ;
#4554 = CARTESIAN_POINT ( 'NONE',  ( 28.48680579615640340, 67.79361627235329024, 5.000000000000000000 ) ) ;
#4555 = DIRECTION ( 'NONE',  ( 0.000000000000000000, 0.000000000000000000, -1.000000000000000000 ) ) ;
#4556 = CARTESIAN_POINT ( 'NONE',  ( 57.49999999999999289, 120.0000000000000000, -15.00000000000000000 ) ) ;
#4557 = LINE ( 'NONE', #1042, #2517 ) ;
#4558 = LINE ( 'NONE', #606, #169 ) ;
#4559 = CARTESIAN_POINT ( 'NONE',  ( 42.52799392477230356, 59.99606587957203629, 4.599999999999999645 ) ) ;
#4560 = EDGE_LOOP ( 'NONE', ( #237, #4783, #1905 ) ) ;
#4561 = FACE_OUTER_BOUND ( 'NONE', #3001, .T. ) ;
#4562 = CONICAL_SURFACE ( 'NONE', #4409, 1.600000000000073586, 0.7853981633974409515 ) ;
#4563 = CARTESIAN_POINT ( 'NONE',  ( 49.81101981722417804, 63.73675655674161789, 4.599999999999999645 ) ) ;
#4564 = CARTESIAN_POINT ( 'NONE',  ( -3.980102097228902570E-15, 44.99999999999999289, 0.000000000000000000 ) ) ;
#4565 = VECTOR ( 'NONE', #343, 1000.000000000000000 ) ;
#4566 = VERTEX_POINT ( 'NONE', #1895 ) ;
#4567 = EDGE_CURVE ( 'NONE', #978, #3915, #4204, .T. ) ;
#4568 = ORIENTED_EDGE ( 'NONE', *, *, #651, .T. ) ;
#4569 = CARTESIAN_POINT ( 'NONE',  ( 58.98905642500519519, 50.81109250854794368, 5.000000000000000000 ) ) ;
#4570 = DIRECTION ( 'NONE',  ( 0.000000000000000000, 1.000000000000000000, 0.000000000000000000 ) ) ;
#4571 = VERTEX_POINT ( 'NONE', #3292 ) ;
#4572 = ORIENTED_EDGE ( 'NONE', *, *, #5020, .T. ) ;
#4573 = FACE_OUTER_BOUND ( 'NONE', #709, .T. ) ;
#4574 = CARTESIAN_POINT ( 'NONE',  ( 0.000000000000000000, 120.0000000000000000, 0.000000000000000000 ) ) ;
#4575 = VERTEX_POINT ( 'NONE', #278 ) ;
#4576 = CYLINDRICAL_SURFACE ( 'NONE', #1690, 2.099999999999997868 ) ;
#4577 = CARTESIAN_POINT ( 'NONE',  ( 52.50000000000000711, 112.4999999999999858, 0.000000000000000000 ) ) ;
#4578 = ADVANCED_FACE ( 'NONE', ( #3820 ), #1841, .F. ) ;
#4579 = CARTESIAN_POINT ( 'NONE',  ( 54.64768155626245516, 56.93935805308352371, 5.000000000000000000 ) ) ;
#4580 = FACE_OUTER_BOUND ( 'NONE', #2670, .T. ) ;
#4581 = CARTESIAN_POINT ( 'NONE',  ( 69.99999999999998579, 5.000000000000000000, 5.000000000000000000 ) ) ;
#4582 = CARTESIAN_POINT ( 'NONE',  ( 18.12035258729484966, -9.004735323125991897, 4.599999999999999645 ) ) ;
#4583 = VECTOR ( 'NONE', #3198, 1000.000000000000000 ) ;
#4584 = ORIENTED_EDGE ( 'NONE', *, *, #4378, .T. ) ;
#4585 = DIRECTION ( 'NONE',  ( 0.9999976573062887564, 0.002164574307903472522, 0.000000000000000000 ) ) ;
#4586 = EDGE_CURVE ( 'NONE', #37, #3678, #6, .T. ) ;
#4587 = LINE ( 'NONE', #1072, #1528 ) ;
#4588 = EDGE_CURVE ( 'NONE', #4891, #2040, #1487, .T. ) ;
#4589 = FACE_OUTER_BOUND ( 'NONE', #783, .T. ) ;
#4590 = ORIENTED_EDGE ( 'NONE', *, *, #3923, .T. ) ;
#4591 = ORIENTED_EDGE ( 'NONE', *, *, #747, .T. ) ;
#4592 = CARTESIAN_POINT ( 'NONE',  ( 7.499999999999989342, -9.540979117872439019E-15, 2.168404344971008868E-14 ) ) ;
#4593 = CARTESIAN_POINT ( 'NONE',  ( 0.2650916781407549605, 45.01258334307127740, 0.2650916781407832712 ) ) ;
#4594 = EDGE_CURVE ( 'NONE', #2711, #3927, #2934, .T. ) ;
#4595 = DIRECTION ( 'NONE',  ( 0.000000000000000000, -0.000000000000000000, 1.000000000000000000 ) ) ;
#4596 = ORIENTED_EDGE ( 'NONE', *, *, #3635, .F. ) ;
#4597 = AXIS2_PLACEMENT_3D ( 'NONE', #1405, #3715, #4126 ) ;
#4598 = ORIENTED_EDGE ( 'NONE', *, *, #1496, .T. ) ;
#4599 = CARTESIAN_POINT ( 'NONE',  ( 22.49999999999998579, 99.79999999999999716, 3.100000000000000089 ) ) ;
#4600 = DIRECTION ( 'NONE',  ( -4.163336342344356748E-15, 1.000000000000000000, 0.000000000000000000 ) ) ;
#4601 = ORIENTED_EDGE ( 'NONE', *, *, #1408, .T. ) ;
#4602 = CARTESIAN_POINT ( 'NONE',  ( 71.46446609406726225, 2.499999999999996003, -10.00000000000000178 ) ) ;
#4603 = EDGE_CURVE ( 'NONE', #2862, #525, #5043, .T. ) ;
#4604 = EDGE_CURVE ( 'NONE', #718, #811, #4745, .T. ) ;
#4605 = DIRECTION ( 'NONE',  ( 0.000000000000000000, -1.000000000000000000, -0.000000000000000000 ) ) ;
#4606 = CARTESIAN_POINT ( 'NONE',  ( 33.01779607714239972, 60.15890489015593090, 4.599999999999999645 ) ) ;
#4607 = ADVANCED_FACE ( 'NONE', ( #187 ), #2420, .F. ) ;
#4608 = CARTESIAN_POINT ( 'NONE',  ( 1.394230665565162619, 74.11837504407677102, 1.394230665565161731 ) ) ;
#4609 = CARTESIAN_POINT ( 'NONE',  ( 31.45523698125404621, 60.12377736324087607, 5.000000000000000000 ) ) ;
#4610 = EDGE_CURVE ( 'NONE', #3005, #2958, #1921, .T. ) ;
#4611 = CARTESIAN_POINT ( 'NONE',  ( 25.61020819466324028, 50.41079370095809509, 5.000000000000000000 ) ) ;
#4612 = AXIS2_PLACEMENT_3D ( 'NONE', #1164, #5073, #1189 ) ;
#4613 = VERTEX_POINT ( 'NONE', #2827 ) ;
#4614 = LINE ( 'NONE', #2606, #4732 ) ;
#4615 = PLANE ( 'NONE',  #4857 ) ;
#4616 = CARTESIAN_POINT ( 'NONE',  ( 28.05446503742488318, 47.25554083441714681, 4.599999999999999645 ) ) ;
#4617 = B_SPLINE_CURVE_WITH_KNOTS ( 'NONE', 3,
 ( #705, #1828, #4143, #4606 ),
 .UNSPECIFIED., .F., .F.,
 ( 4, 4 ),
 ( 5.000000000000000000, 6.000000000000000000 ),
 .UNSPECIFIED. ) ;
#4618 = ORIENTED_EDGE ( 'NONE', *, *, #214, .F. ) ;
#4619 = ORIENTED_EDGE ( 'NONE', *, *, #3890, .T. ) ;
#4620 = CARTESIAN_POINT ( 'NONE',  ( 22.50000000000000000, 114.9999999999999574, -15.00000000000000000 ) ) ;
#4621 = DIRECTION ( 'NONE',  ( 0.000000000000000000, 0.000000000000000000, -1.000000000000000000 ) ) ;
#4622 = CARTESIAN_POINT ( 'NONE',  ( 67.50000000000000000, 4.999999999999993783, -12.50000000000000000 ) ) ;
#4623 = MECHANICAL_DESIGN_GEOMETRIC_PRESENTATION_REPRESENTATION (  '', ( #1344 ), #3717 ) ;
#4624 = ORIENTED_EDGE ( 'NONE', *, *, #4393, .F. ) ;
#4625 = DIRECTION ( 'NONE',  ( 0.000000000000000000, 0.000000000000000000, -1.000000000000000000 ) ) ;
#4626 = CARTESIAN_POINT ( 'NONE',  ( 50.00000000000000000, 15.99999999999998934, 0.000000000000000000 ) ) ;
#4627 = ORIENTED_EDGE ( 'NONE', *, *, #4778, .T. ) ;
#4628 = CYLINDRICAL_SURFACE ( 'NONE', #4137, 1.500000000000000000 ) ;
#4629 = CARTESIAN_POINT ( 'NONE',  ( 44.56405526832953967, 53.12911202077057737, 4.599999999999999645 ) ) ;
#4630 = DIRECTION ( 'NONE',  ( -1.000000000000000000, 0.000000000000000000, 0.000000000000000000 ) ) ;
#4631 = EDGE_CURVE ( 'NONE', #2570, #1481, #1950, .T. ) ;
#4632 = CARTESIAN_POINT ( 'NONE',  ( -1.489101926129251159E-15, 75.00000000000000000, -7.963299097640736740E-16 ) ) ;
#4633 = AXIS2_PLACEMENT_3D ( 'NONE', #1171, #344, #1473 ) ;
#4634 = CARTESIAN_POINT ( 'NONE',  ( 74.93453836895518805, 44.99999999999999289, 0.1963848931341944382 ) ) ;
#4635 = LINE ( 'NONE', #2753, #1535 ) ;
#4636 = ORIENTED_EDGE ( 'NONE', *, *, #3608, .T. ) ;
#4637 = PLANE ( 'NONE',  #2511 ) ;
#4638 = CARTESIAN_POINT ( 'NONE',  ( 61.25000000000001421, 116.2499999999999858, 0.000000000000000000 ) ) ;
#4639 = CARTESIAN_POINT ( 'NONE',  ( 73.50000000000000000, 46.49999999999999289, 0.5000000000000000000 ) ) ;
#4640 = EDGE_CURVE ( 'NONE', #884, #1285, #1784, .T. ) ;
#4641 = ORIENTED_EDGE ( 'NONE', *, *, #967, .T. ) ;
#4642 = AXIS2_PLACEMENT_3D ( 'NONE', #2509, #1676, #1644 ) ;
#4643 = ORIENTED_EDGE ( 'NONE', *, *, #1105, .T. ) ;
#4644 = DIRECTION ( 'NONE',  ( 0.000000000000000000, 0.000000000000000000, -1.000000000000000000 ) ) ;
#4645 = DIRECTION ( 'NONE',  ( -0.000000000000000000, -0.000000000000000000, 1.000000000000000000 ) ) ;
#4646 = AXIS2_PLACEMENT_3D ( 'NONE', #1022, #3949, #3895 ) ;
#4647 = DIRECTION ( 'NONE',  ( 0.000000000000000000, 0.000000000000000000, 1.000000000000000000 ) ) ;
#4648 = EDGE_LOOP ( 'NONE', ( #3696, #2133, #2993, #3662 ) ) ;
#4649 = LINE ( 'NONE', #1139, #2476 ) ;
#4650 = VECTOR ( 'NONE', #995, 1000.000000000000000 ) ;
#4651 = CARTESIAN_POINT ( 'NONE',  ( 0.01429782185055691532, 74.95174488975118265, 0.3899492020818434712 ) ) ;
#4652 = ORIENTED_EDGE ( 'NONE', *, *, #2559, .F. ) ;
#4653 = CARTESIAN_POINT ( 'NONE',  ( 17.50000000000000000, 120.0000000000000142, -9.999999999999998224 ) ) ;
#4654 = B_SPLINE_CURVE_WITH_KNOTS ( 'NONE', 3,
 ( #1593, #4343, #4726, #4756, #3544, #410 ),
 .UNSPECIFIED., .F., .F.,
 ( 4, 2, 4 ),
 ( 2.000000000000000000, 3.000000000000000000, 4.000000000000000000 ),
 .UNSPECIFIED. ) ;
#4655 = EDGE_CURVE ( 'NONE', #1394, #1505, #54, .T. ) ;
#4656 = CARTESIAN_POINT ( 'NONE',  ( 23.95290432188574670, 64.81307871474692206, 5.000000000000000000 ) ) ;
#4657 =( BOUNDED_CURVE ( )  B_SPLINE_CURVE ( 3, ( #2428, #3994, #4452, #2496 ),
 .UNSPECIFIED., .F., .F. ) 
 B_SPLINE_CURVE_WITH_KNOTS ( ( 4, 4 ),
 ( 4.712388980384692339, 6.283185307179586232 ),
 .UNSPECIFIED. ) 
 CURVE ( )  GEOMETRIC_REPRESENTATION_ITEM ( )  RATIONAL_B_SPLINE_CURVE ( ( 1.000000000000000000, 0.8047378541243654926, 0.8047378541243654926, 1.000000000000000000 ) ) 
 REPRESENTATION_ITEM ( '' )  );
#4658 = AXIS2_PLACEMENT_3D ( 'NONE', #3932, #1646, #3492 ) ;
#4659 = CARTESIAN_POINT ( 'NONE',  ( 43.76239363741270694, 63.34270742456207870, 4.599999999999999645 ) ) ;
#4660 = ORIENTED_EDGE ( 'NONE', *, *, #5060, .T. ) ;
#4661 = CARTESIAN_POINT ( 'NONE',  ( 52.50000000000000711, 114.9999999999999858, -15.00000000000000000 ) ) ;
#4662 = CARTESIAN_POINT ( 'NONE',  ( 74.86911433815184580, 45.00000000828689650, 0.1308856618479455614 ) ) ;
#4663 = CARTESIAN_POINT ( 'NONE',  ( 62.49999999999999289, -9.540979117872439019E-15, -5.000000000000000000 ) ) ;
#4664 = ORIENTED_EDGE ( 'NONE', *, *, #3088, .T. ) ;
#4665 = CARTESIAN_POINT ( 'NONE',  ( 50.49088868411231346, 67.42082781729087060, 4.599999999999999645 ) ) ;
#4666 = CARTESIAN_POINT ( 'NONE',  ( 69.99999999999998579, 5.000000000000000000, 0.000000000000000000 ) ) ;
#4667 = VECTOR ( 'NONE', #462, 1000.000000000000000 ) ;
#4668 = CARTESIAN_POINT ( 'NONE',  ( 14.02141606605299806, 65.68048437519374261, 4.599999999999999645 ) ) ;
#4669 = DIRECTION ( 'NONE',  ( -0.9812001574319504371, -0.1929928782507674412, 0.000000000000000000 ) ) ;
#4670 = EDGE_CURVE ( 'NONE', #4566, #1346, #82, .T. ) ;
#4671 = ORIENTED_EDGE ( 'NONE', *, *, #967, .F. ) ;
#4672 = ORIENTED_EDGE ( 'NONE', *, *, #4073, .T. ) ;
#4673 = CARTESIAN_POINT ( 'NONE',  ( 74.79348989583553475, 73.98542895927329255, 1.422671342195628519 ) ) ;
#4674 = CARTESIAN_POINT ( 'NONE',  ( 22.50000000000000355, 112.5000000000000000, 0.000000000000000000 ) ) ;
#4675 = CYLINDRICAL_SURFACE ( 'NONE', #4246, 1.500000000000000000 ) ;
#4676 = EDGE_CURVE ( 'NONE', #860, #2663, #2683, .T. ) ;
#4677 = ORIENTED_EDGE ( 'NONE', *, *, #818, .T. ) ;
#4678 = PLANE ( 'NONE',  #4503 ) ;
#4679 = DIRECTION ( 'NONE',  ( -0.9579024225551637794, -0.2870939721814942391, 0.000000000000000000 ) ) ;
#4680 = EDGE_LOOP ( 'NONE', ( #4079, #3190, #2499, #1021 ) ) ;
#4681 = DIRECTION ( 'NONE',  ( 0.000000000000000000, -0.000000000000000000, 1.000000000000000000 ) ) ;
#4682 = VECTOR ( 'NONE', #4781, 1000.000000000000000 ) ;
#4683 = CYLINDRICAL_SURFACE ( 'NONE', #669, 1.500000000000001332 ) ;
#4684 = DIRECTION ( 'NONE',  ( 0.000000000000000000, 0.000000000000000000, 1.000000000000000000 ) ) ;
#4685 = VERTEX_POINT ( 'NONE', #804 ) ;
#4686 = LINE ( 'NONE', #372, #4236 ) ;
#4687 = CARTESIAN_POINT ( 'NONE',  ( 53.87637639000512024, 56.38741473562488693, 5.000000000000000000 ) ) ;
#4688 = AXIS2_PLACEMENT_3D ( 'NONE', #3906, #1162, #2720 ) ;
#4689 = DIRECTION ( 'NONE',  ( 2.851925755033931820E-15, -0.7071067811865455743, -0.7071067811865493491 ) ) ;
#4690 = ORIENTED_EDGE ( 'NONE', *, *, #1431, .F. ) ;
#4691 = CARTESIAN_POINT ( 'NONE',  ( 51.17218398280328273, 67.18596718839175708, 5.000000000000000000 ) ) ;
#4692 = EDGE_CURVE ( 'NONE', #1996, #4575, #2741, .T. ) ;
#4693 = CARTESIAN_POINT ( 'NONE',  ( 0.8786796564403583920, 75.00000000000000000, 0.2928932188134524273 ) ) ;
#4694 = FACE_OUTER_BOUND ( 'NONE', #405, .T. ) ;
#4695 = ORIENTED_EDGE ( 'NONE', *, *, #1211, .F. ) ;
#4696 = ORIENTED_EDGE ( 'NONE', *, *, #4516, .T. ) ;
#4697 = EDGE_CURVE ( 'NONE', #1100, #1161, #755, .T. ) ;
#4698 = VECTOR ( 'NONE', #1660, 1000.000000000000000 ) ;
#4699 = ADVANCED_FACE ( 'NONE', ( #1594 ), #1239, .F. ) ;
#4700 = ORIENTED_EDGE ( 'NONE', *, *, #3314, .F. ) ;
#4701 = DIRECTION ( 'NONE',  ( -0.000000000000000000, -0.000000000000000000, 1.000000000000000000 ) ) ;
#4702 = FACE_OUTER_BOUND ( 'NONE', #1175, .T. ) ;
#4703 = FACE_OUTER_BOUND ( 'NONE', #769, .T. ) ;
#4704 = VERTEX_POINT ( 'NONE', #4727 ) ;
#4705 = CARTESIAN_POINT ( 'NONE',  ( 43.08109070326097623, 63.58109551050129937, 5.000000000000000000 ) ) ;
#4706 = LINE ( 'NONE', #4626, #3463 ) ;
#4707 = ORIENTED_EDGE ( 'NONE', *, *, #1963, .T. ) ;
#4708 = CARTESIAN_POINT ( 'NONE',  ( 38.14833781771924492, 54.47679853951059670, 4.599999999999999645 ) ) ;
#4709 = PLANE ( 'NONE',  #3370 ) ;
#4710 = ADVANCED_FACE ( 'NONE', ( #1541 ), #4675, .F. ) ;
#4711 = CARTESIAN_POINT ( 'NONE',  ( 59.96680715955792351, 68.43253565528095805, 5.000000000000000000 ) ) ;
#4712 = EDGE_LOOP ( 'NONE', ( #522, #3853 ) ) ;
#4713 = CARTESIAN_POINT ( 'NONE',  ( 48.25805883730210155, 67.41599467984798366, 4.599999999999999645 ) ) ;
#4714 = CARTESIAN_POINT ( 'NONE',  ( 37.50000000000000000, 21.89999999999999503, 0.000000000000000000 ) ) ;
#4715 = CARTESIAN_POINT ( 'NONE',  ( 38.24081909576754867, 68.78763099782081269, 4.599999999999999645 ) ) ;
#4716 = CARTESIAN_POINT ( 'NONE',  ( 35.89999999999995595, 21.89999999999999503, 0.000000000000000000 ) ) ;
#4717 = VECTOR ( 'NONE', #3931, 1000.000000000000114 ) ;
#4718 = LINE ( 'NONE', #464, #888 ) ;
#4719 = CARTESIAN_POINT ( 'NONE',  ( -0.1374238320307762662, 63.48754560515362755, 4.599999999999999645 ) ) ;
#4720 = CARTESIAN_POINT ( 'NONE',  ( 17.57029234899437498, 67.16261583822674197, 5.000000000000000000 ) ) ;
#4721 = CARTESIAN_POINT ( 'NONE',  ( 50.85420801291714099, 67.42161425081793880, 5.000000000000000000 ) ) ;
#4722 = ORIENTED_EDGE ( 'NONE', *, *, #1851, .T. ) ;
#4723 = EDGE_LOOP ( 'NONE', ( #780, #3115, #3952, #910 ) ) ;
#4724 = ORIENTED_EDGE ( 'NONE', *, *, #2097, .F. ) ;
#4725 = LINE ( 'NONE', #2664, #5064 ) ;
#4726 = CARTESIAN_POINT ( 'NONE',  ( 21.45251452048412588, 58.04918181031906244, 4.599999999999999645 ) ) ;
#4727 = CARTESIAN_POINT ( 'NONE',  ( 13.74999999999999112, 114.9999999999999858, -15.00000000000000000 ) ) ;
#4728 = VERTEX_POINT ( 'NONE', #471 ) ;
#4729 = DIRECTION ( 'NONE',  ( 1.000000000000000000, 0.000000000000000000, 0.000000000000000000 ) ) ;
#4730 = CARTESIAN_POINT ( 'NONE',  ( 53.31128781982069853, 59.97355203718512939, 4.599999999999999645 ) ) ;
#4731 = VERTEX_POINT ( 'NONE', #2032 ) ;
#4732 = VECTOR ( 'NONE', #2994, 1000.000000000000000 ) ;
#4733 = AXIS2_PLACEMENT_3D ( 'NONE', #856, #3665, #1331 ) ;
#4734 = FACE_OUTER_BOUND ( 'NONE', #1876, .T. ) ;
#4735 = VERTEX_POINT ( 'NONE', #3517 ) ;
#4736 = CARTESIAN_POINT ( 'NONE',  ( 35.00763628465025334, 51.82798241853258503, 4.599999999999999645 ) ) ;
#4737 = VECTOR ( 'NONE', #3812, 1000.000000000000000 ) ;
#4738 = CARTESIAN_POINT ( 'NONE',  ( 31.42165254070773628, -10.77726782925159732, 4.599999999999999645 ) ) ;
#4739 = ORIENTED_EDGE ( 'NONE', *, *, #4670, .T. ) ;
#4740 = AXIS2_PLACEMENT_3D ( 'NONE', #1788, #2609, #3021 ) ;
#4741 = DIRECTION ( 'NONE',  ( 0.000000000000000000, 0.000000000000000000, -1.000000000000000000 ) ) ;
#4742 = CARTESIAN_POINT ( 'NONE',  ( 1.477205669890436113, 46.17507540393180676, 1.477205669890445439 ) ) ;
#4743 = CARTESIAN_POINT ( 'NONE',  ( 73.86991981316477052, 74.49124015672440180, 0.3766933956117309856 ) ) ;
#4744 = ADVANCED_FACE ( 'NONE', ( #3600 ), #411, .F. ) ;
#4745 = CIRCLE ( 'NONE', #228, 5.000000000000000000 ) ;
#4746 = CARTESIAN_POINT ( 'NONE',  ( 73.50000000000000000, 46.49999999999999289, 0.000000000000000000 ) ) ;
#4747 = LINE ( 'NONE', #3173, #61 ) ;
#4748 = CARTESIAN_POINT ( 'NONE',  ( 0.000000000000000000, 75.00000000000000000, 0.000000000000000000 ) ) ;
#4749 = DIRECTION ( 'NONE',  ( 0.1708417296058795942, 0.9852984844326471148, 0.000000000000000000 ) ) ;
#4750 = DIRECTION ( 'NONE',  ( -0.000000000000000000, -0.000000000000000000, 1.000000000000000000 ) ) ;
#4751 = ORIENTED_EDGE ( 'NONE', *, *, #4655, .T. ) ;
#4752 = ORIENTED_EDGE ( 'NONE', *, *, #4015, .F. ) ;
#4753 = EDGE_CURVE ( 'NONE', #2855, #4728, #1264, .T. ) ;
#4754 = ADVANCED_FACE ( 'NONE', ( #2358 ), #4485, .F. ) ;
#4755 = LINE ( 'NONE', #1237, #2512 ) ;
#4756 = CARTESIAN_POINT ( 'NONE',  ( 19.62533348695867375, 58.04522673193246618, 4.599999999999999645 ) ) ;
#4757 = CARTESIAN_POINT ( 'NONE',  ( 39.59999999999999432, 96.40000000000000568, 3.100000000000000089 ) ) ;
#4758 = EDGE_LOOP ( 'NONE', ( #2763, #4849, #729, #1707 ) ) ;
#4759 = LINE ( 'NONE', #1064, #2220 ) ;
#4760 = CARTESIAN_POINT ( 'NONE',  ( 47.18616342779203876, 52.54924062573876853, 4.599999999999999645 ) ) ;
#4761 = VERTEX_POINT ( 'NONE', #3545 ) ;
#4762 = ADVANCED_FACE ( 'NONE', ( #4703 ), #589, .F. ) ;
#4763 = CARTESIAN_POINT ( 'NONE',  ( 61.25000000000000711, 114.9999999999999858, -15.00000000000000000 ) ) ;
#4764 = VERTEX_POINT ( 'NONE', #882 ) ;
#4765 = EDGE_CURVE ( 'NONE', #2290, #3577, #4209, .T. ) ;
#4766 = CARTESIAN_POINT ( 'NONE',  ( 26.17347629967591871, 69.52399929548073487, 4.599999999999999645 ) ) ;
#4767 = EDGE_CURVE ( 'NONE', #3993, #3055, #3716, .T. ) ;
#4768 = CARTESIAN_POINT ( 'NONE',  ( 28.50223509472851191, 52.24071647654527339, 5.000000000000000000 ) ) ;
#4769 = VERTEX_POINT ( 'NONE', #905 ) ;
#4770 = CIRCLE ( 'NONE', #3204, 2.099999999999997868 ) ;
#4771 = DIRECTION ( 'NONE',  ( -1.000000000000000000, 0.000000000000000000, -0.000000000000000000 ) ) ;
#4772 = EDGE_CURVE ( 'NONE', #860, #3610, #4491, .T. ) ;
#4773 = DIRECTION ( 'NONE',  ( 0.7071067811865493491, -0.7071067811865455743, 2.698596413365594160E-15 ) ) ;
#4774 = CARTESIAN_POINT ( 'NONE',  ( 74.93453836895515963, 75.00000000000000000, 0.1963848931343120663 ) ) ;
#4775 = CARTESIAN_POINT ( 'NONE',  ( 59.94118143679965982, 68.86282220606143767, 5.000000000000000000 ) ) ;
#4776 = EDGE_CURVE ( 'NONE', #4728, #4685, #4444, .T. ) ;
#4777 = CARTESIAN_POINT ( 'NONE',  ( 51.27523411172359147, 66.83697843894680091, 4.599999999999999645 ) ) ;
#4778 = EDGE_CURVE ( 'NONE', #3025, #37, #587, .T. ) ;
#4779 = LINE ( 'NONE', #3592, #3965 ) ;
#4780 = VECTOR ( 'NONE', #2624, 1000.000000000000000 ) ;
#4781 = DIRECTION ( 'NONE',  ( -0.000000000000000000, -0.000000000000000000, 1.000000000000000000 ) ) ;
#4782 = B_SPLINE_SURFACE_WITH_KNOTS ( 'NONE', 3, 1, ( 
 ( #3534, #1229 ),
 ( #1937, #793 ),
 ( #2377, #3144 ),
 ( #849, #2409 ) ),
 .UNSPECIFIED., .F., .F., .F.,
 ( 4, 4 ),
 ( 2, 2 ),
 ( 12.00000000000000000, 13.00000000000000000 ),
 ( 0.000000000000000000, 1.000000000000000000 ),
 .UNSPECIFIED. ) ;
#4783 = ORIENTED_EDGE ( 'NONE', *, *, #2849, .F. ) ;
#4784 = ORIENTED_EDGE ( 'NONE', *, *, #2245, .F. ) ;
#4785 = CARTESIAN_POINT ( 'NONE',  ( 75.00000000000000000, 75.00000000000000000, 0.000000000000000000 ) ) ;
#4786 = CYLINDRICAL_SURFACE ( 'NONE', #3561, 2.099999999999997868 ) ;
#4787 = CARTESIAN_POINT ( 'NONE',  ( -0.1135253844867327028, 52.44685669470982248, 4.599999999999999645 ) ) ;
#4788 = ORIENTED_EDGE ( 'NONE', *, *, #2103, .F. ) ;
#4789 = AXIS2_PLACEMENT_3D ( 'NONE', #2574, #257, #3366 ) ;
#4790 = B_SPLINE_CURVE_WITH_KNOTS ( 'NONE', 3,
 ( #2171, #688, #1834, #3839 ),
 .UNSPECIFIED., .F., .F.,
 ( 4, 4 ),
 ( 20.00000000000000000, 21.00000000000000000 ),
 .UNSPECIFIED. ) ;
#4791 = FACE_OUTER_BOUND ( 'NONE', #1683, .T. ) ;
#4792 = EDGE_LOOP ( 'NONE', ( #2951, #2687, #1384, #2253 ) ) ;
#4793 = CARTESIAN_POINT ( 'NONE',  ( 52.50000000000000000, 117.5000000000000000, -15.00000000000065903 ) ) ;
#4794 = AXIS2_PLACEMENT_3D ( 'NONE', #2515, #3333, #3695 ) ;
#4795 = ORIENTED_EDGE ( 'NONE', *, *, #3560, .T. ) ;
#4796 = DIRECTION ( 'NONE',  ( 1.000000000000000000, 0.000000000000000000, 0.000000000000000000 ) ) ;
#4797 = CARTESIAN_POINT ( 'NONE',  ( 34.58037044103966906, 60.18697884857790115, 4.599999999999999645 ) ) ;
#4798 = ORIENTED_EDGE ( 'NONE', *, *, #1281, .T. ) ;
#4799 = DIRECTION ( 'NONE',  ( -0.000000000000000000, -0.000000000000000000, 1.000000000000000000 ) ) ;
#4800 = FACE_OUTER_BOUND ( 'NONE', #4526, .T. ) ;
#4801 = CARTESIAN_POINT ( 'NONE',  ( 35.23217485934515736, 50.75966885260515227, 4.599999999999999645 ) ) ;
#4802 = VECTOR ( 'NONE', #865, 1000.000000000000114 ) ;
#4803 = FACE_OUTER_BOUND ( 'NONE', #2066, .T. ) ;
#4804 = CARTESIAN_POINT ( 'NONE',  ( 57.58860395026325563, 65.51376142484208742, 4.599999999999999645 ) ) ;
#4805 = CARTESIAN_POINT ( 'NONE',  ( 39.59999999999999432, 96.40000000000000568, 0.4999999999999323319 ) ) ;
#4806 = VERTEX_POINT ( 'NONE', #541 ) ;
#4807 = ORIENTED_EDGE ( 'NONE', *, *, #1360, .T. ) ;
#4808 = CIRCLE ( 'NONE', #369, 1.500000000000000000 ) ;
#4809 = FACE_OUTER_BOUND ( 'NONE', #1720, .T. ) ;
#4810 = EDGE_CURVE ( 'NONE', #3255, #1081, #3646, .T. ) ;
#4811 = B_SPLINE_CURVE_WITH_KNOTS ( 'NONE', 3,
 ( #62, #3189, #1244, #2806 ),
 .UNSPECIFIED., .F., .F.,
 ( 4, 4 ),
 ( 3.000000000000000000, 4.000000000000000000 ),
 .UNSPECIFIED. ) ;
#4812 = CARTESIAN_POINT ( 'NONE',  ( 60.96604679571537133, 51.67958202849354876, 4.599999999999999645 ) ) ;
#4813 = ORIENTED_EDGE ( 'NONE', *, *, #716, .F. ) ;
#4814 = CARTESIAN_POINT ( 'NONE',  ( 33.03116546166571510, 53.98246957253758183, 5.000000000000000000 ) ) ;
#4815 = ORIENTED_EDGE ( 'NONE', *, *, #3830, .T. ) ;
#4816 = LINE ( 'NONE', #2879, #2823 ) ;
#4817 = VERTEX_POINT ( 'NONE', #4861 ) ;
#4818 = CARTESIAN_POINT ( 'NONE',  ( 7.499999999999989342, 4.999999999999990230, 2.168404344971008868E-14 ) ) ;
#4819 = CIRCLE ( 'NONE', #380, 4.999999999999913847 ) ;
#4820 = DIRECTION ( 'NONE',  ( 0.000000000000000000, 0.000000000000000000, -1.000000000000000000 ) ) ;
#4821 = B_SPLINE_SURFACE_WITH_KNOTS ( 'NONE', 3, 1, ( 
 ( #4777, #1254 ),
 ( #4279, #4691 ),
 ( #1176, #2818 ),
 ( #740, #3869 ) ),
 .UNSPECIFIED., .F., .F., .F.,
 ( 4, 4 ),
 ( 2, 2 ),
 ( 4.000000000000000000, 5.000000000000000000 ),
 ( 0.000000000000000000, 1.000000000000000000 ),
 .UNSPECIFIED. ) ;
#4822 = EDGE_CURVE ( 'NONE', #2178, #4932, #197, .T. ) ;
#4823 = ORIENTED_EDGE ( 'NONE', *, *, #59, .F. ) ;
#4824 = CARTESIAN_POINT ( 'NONE',  ( 16.97589199274863958, 59.84551655870923526, 4.599999999999999645 ) ) ;
#4825 = CARTESIAN_POINT ( 'NONE',  ( 37.41813806569387424, 69.15622655406406238, 4.599999999999999645 ) ) ;
#4826 = B_SPLINE_CURVE_WITH_KNOTS ( 'NONE', 3,
 ( #339, #1577, #785, #4736 ),
 .UNSPECIFIED., .F., .F.,
 ( 4, 4 ),
 ( 20.00000000000000000, 21.00000000000000000 ),
 .UNSPECIFIED. ) ;
#4827 = AXIS2_PLACEMENT_3D ( 'NONE', #4666, #2054, #771 ) ;
#4828 = LINE ( 'NONE', #3294, #605 ) ;
#4829 = CARTESIAN_POINT ( 'NONE',  ( -10.93025206120001513, 6.426919324222285290, 4.599999999999999645 ) ) ;
#4830 = LINE ( 'NONE', #3565, #1564 ) ;
#4831 = B_SPLINE_CURVE_WITH_KNOTS ( 'NONE', 3,
 ( #3473, #4656, #2779, #4245, #4351, #3525 ),
 .UNSPECIFIED., .F., .F.,
 ( 4, 2, 4 ),
 ( 0.000000000000000000, 1.000000000000000000, 2.000000000000000000 ),
 .UNSPECIFIED. ) ;
#4832 = ORIENTED_EDGE ( 'NONE', *, *, #4610, .F. ) ;
#4833 = EDGE_CURVE ( 'NONE', #4571, #1109, #2450, .T. ) ;
#4834 = ORIENTED_EDGE ( 'NONE', *, *, #530, .T. ) ;
#4835 = CARTESIAN_POINT ( 'NONE',  ( 43.08109070326097623, 63.58109551050129937, 4.599999999999999645 ) ) ;
#4836 = EDGE_CURVE ( 'NONE', #4456, #3727, #2489, .T. ) ;
#4837 = EDGE_CURVE ( 'NONE', #1643, #408, #1698, .T. ) ;
#4838 = CARTESIAN_POINT ( 'NONE',  ( 35.77095332533829009, 65.84749438515547126, 5.000000000000000000 ) ) ;
#4839 = ORIENTED_EDGE ( 'NONE', *, *, #2508, .F. ) ;
#4840 = CARTESIAN_POINT ( 'NONE',  ( 28.05446503742489384, 47.25554083441714681, 5.000000000000000000 ) ) ;
#4841 = ORIENTED_EDGE ( 'NONE', *, *, #2493, .F. ) ;
#4842 = CARTESIAN_POINT ( 'NONE',  ( 18.95884240092216899, 61.21843760784149424, 4.599999999999999645 ) ) ;
#4843 = ADVANCED_FACE ( 'NONE', ( #4014 ), #2534, .F. ) ;
#4844 = B_SPLINE_CURVE_WITH_KNOTS ( 'NONE', 3,
 ( #4116, #677, #599, #2162 ),
 .UNSPECIFIED., .F., .F.,
 ( 4, 4 ),
 ( 18.00000000000000000, 19.00000000000000000 ),
 .UNSPECIFIED. ) ;
#4845 = VECTOR ( 'NONE', #3811, 1000.000000000000000 ) ;
#4846 = ORIENTED_EDGE ( 'NONE', *, *, #2294, .T. ) ;
#4847 = CARTESIAN_POINT ( 'NONE',  ( 54.22558589064953338, 56.38817062730887386, 4.599999999999999645 ) ) ;
#4848 = CARTESIAN_POINT ( 'NONE',  ( 50.00000000000000000, 18.49999999999998934, 0.000000000000000000 ) ) ;
#4849 = ORIENTED_EDGE ( 'NONE', *, *, #2873, .F. ) ;
#4850 = CARTESIAN_POINT ( 'NONE',  ( 47.18616342779203876, 52.54924062573878274, 4.599999999999999645 ) ) ;
#4851 = CARTESIAN_POINT ( 'NONE',  ( 73.50000000596422467, 73.66387239871127690, 1.499999994035239093 ) ) ;
#4852 = B_SPLINE_CURVE_WITH_KNOTS ( 'NONE', 3,
 ( #93, #2838, #4413, #2432 ),
 .UNSPECIFIED., .F., .F.,
 ( 4, 4 ),
 ( 27.00000000000000000, 28.00000000000000000 ),
 .UNSPECIFIED. ) ;
#4853 = CARTESIAN_POINT ( 'NONE',  ( 38.23827591779982527, 68.33259183104274825, 5.000000000000000000 ) ) ;
#4854 = DIRECTION ( 'NONE',  ( -0.9999976573062887564, -0.002164574307906533875, 0.000000000000000000 ) ) ;
#4855 = LINE ( 'NONE', #2844, #4682 ) ;
#4856 = ORIENTED_EDGE ( 'NONE', *, *, #1957, .T. ) ;
#4857 = AXIS2_PLACEMENT_3D ( 'NONE', #125, #2055, #2099 ) ;
#4858 = VERTEX_POINT ( 'NONE', #977 ) ;
#4859 = ADVANCED_FACE ( 'NONE', ( #946 ), #2853, .F. ) ;
#4860 = PLANE ( 'NONE',  #472 ) ;
#4861 = CARTESIAN_POINT ( 'NONE',  ( 5.000000000000000000, 2.499999999999993783, 0.000000000000000000 ) ) ;
#4862 = CONICAL_SURFACE ( 'NONE', #2632, 1.600000000000073586, 0.7853981633974409515 ) ;
#4863 = EDGE_CURVE ( 'NONE', #3402, #2855, #3692, .T. ) ;
#4864 = EDGE_LOOP ( 'NONE', ( #2335, #2914, #2440, #4285 ) ) ;
#4865 = B_SPLINE_SURFACE_WITH_KNOTS ( 'NONE', 3, 1, ( 
 ( #1550, #1985 ),
 ( #4659, #1145 ),
 ( #391, #2726 ),
 ( #3475, #2369 ) ),
 .UNSPECIFIED., .F., .F., .F.,
 ( 4, 4 ),
 ( 2, 2 ),
 ( 10.00000000000000000, 11.00000000000000000 ),
 ( 0.000000000000000000, 1.000000000000000000 ),
 .UNSPECIFIED. ) ;
#4866 = CARTESIAN_POINT ( 'NONE',  ( 57.49999999999999289, 117.5000000000000000, 0.000000000000000000 ) ) ;
#4867 = VERTEX_POINT ( 'NONE', #4106 ) ;
#4868 = DIRECTION ( 'NONE',  ( -1.000000000000000000, 0.000000000000000000, 0.000000000000000000 ) ) ;
#4869 = ORIENTED_EDGE ( 'NONE', *, *, #183, .T. ) ;
#4870 = VECTOR ( 'NONE', #3316, 1000.000000000000000 ) ;
#4871 = CARTESIAN_POINT ( 'NONE',  ( 75.00000000000000000, 120.0000000000000000, 0.000000000000000000 ) ) ;
#4872 = CARTESIAN_POINT ( 'NONE',  ( 17.50000000000000000, 120.0000000000000000, -15.00000000000000000 ) ) ;
#4873 = DIRECTION ( 'NONE',  ( 1.000000000000000000, 0.000000000000000000, -1.387778780781446267E-15 ) ) ;
#4874 = AXIS2_PLACEMENT_3D ( 'NONE', #117, #1685, #1299 ) ;
#4875 = ORIENTED_EDGE ( 'NONE', *, *, #1441, .F. ) ;
#4876 = CARTESIAN_POINT ( 'NONE',  ( 52.50000000000000711, 114.9999999999999858, 0.000000000000000000 ) ) ;
#4877 = EDGE_CURVE ( 'NONE', #4883, #2278, #4096, .T. ) ;
#4878 =( LENGTH_UNIT ( ) NAMED_UNIT ( * ) SI_UNIT ( .MILLI., .METRE. ) );
#4879 = DIRECTION ( 'NONE',  ( 0.000000000000000000, 0.000000000000000000, 1.000000000000000000 ) ) ;
#4881 = CARTESIAN_POINT ( 'NONE',  ( 74.50000000006538414, 46.40182416234468121, 1.500000000000000000 ) ) ;
#4880 = PRESENTATION_LAYER_ASSIGNMENT (  '', '', ( #1344 ) ) ;
#4882 = VERTEX_POINT ( 'NONE', #4885 ) ;
#4883 = VERTEX_POINT ( 'NONE', #3622 ) ;
#4884 = DIRECTION ( 'NONE',  ( 0.000000000000000000, 0.000000000000000000, -1.000000000000000000 ) ) ;
#4885 = CARTESIAN_POINT ( 'NONE',  ( 49.93795213272127143, 63.76172295399043577, 5.000000000000000000 ) ) ;
#4886 = ORIENTED_EDGE ( 'NONE', *, *, #5085, .T. ) ;
#4887 = DIRECTION ( 'NONE',  ( 0.000000000000000000, -1.000000000000000000, -0.000000000000000000 ) ) ;
#4888 = ORIENTED_EDGE ( 'NONE', *, *, #724, .F. ) ;
#4889 = CARTESIAN_POINT ( 'NONE',  ( 37.50000000000000000, 96.40000000000000568, 3.100000000000000089 ) ) ;
#4890 = EDGE_LOOP ( 'NONE', ( #5001, #2620 ) ) ;
#4891 = VERTEX_POINT ( 'NONE', #1677 ) ;
#4892 = CARTESIAN_POINT ( 'NONE',  ( 27.11389941078662247, 71.12337289908460036, 4.599999999999999645 ) ) ;
#4893 = CARTESIAN_POINT ( 'NONE',  ( 21.44437530280051263, 61.80936624298266935, 5.000000000000000000 ) ) ;
#4894 = ORIENTED_EDGE ( 'NONE', *, *, #3983, .T. ) ;
#4895 = CARTESIAN_POINT ( 'NONE',  ( 39.62958920622759962, 51.33356971989758932, 5.000000000000000000 ) ) ;
#4896 = EDGE_CURVE ( 'NONE', #1413, #978, #1287, .T. ) ;
#4897 = VECTOR ( 'NONE', #2970, 1000.000000000000000 ) ;
#4898 = CARTESIAN_POINT ( 'NONE',  ( 22.08057022590531560, 61.22519618111125084, 5.000000000000000000 ) ) ;
#4899 = VECTOR ( 'NONE', #4280, 1000.000000000000000 ) ;
#4900 = CARTESIAN_POINT ( 'NONE',  ( 73.65175053750370182, 45.83527324319167917, 0.4494164874987637281 ) ) ;
#4901 = EDGE_CURVE ( 'NONE', #1100, #4685, #3455, .T. ) ;
#4902 = PLANE ( 'NONE',  #223 ) ;
#4903 = B_SPLINE_SURFACE_WITH_KNOTS ( 'NONE', 3, 1, ( 
 ( #4998, #2572 ),
 ( #3752, #235 ),
 ( #2233, #2981 ),
 ( #1845, #1034 ) ),
 .UNSPECIFIED., .F., .F., .F.,
 ( 4, 4 ),
 ( 2, 2 ),
 ( 5.000000000000000000, 5.999744496299006080 ),
 ( 0.000000000000000000, 1.000000000000000000 ),
 .UNSPECIFIED. ) ;
#4904 = B_SPLINE_CURVE_WITH_KNOTS ( 'NONE', 3,
 ( #4929, #4531, #3397, #1017 ),
 .UNSPECIFIED., .F., .F.,
 ( 4, 4 ),
 ( 21.00000000000000000, 22.00000000000000000 ),
 .UNSPECIFIED. ) ;
#4905 = ORIENTED_EDGE ( 'NONE', *, *, #3581, .T. ) ;
#4906 = VERTEX_POINT ( 'NONE', #4199 ) ;
#4907 = VECTOR ( 'NONE', #3042, 1000.000000000000000 ) ;
#4908 = B_SPLINE_CURVE_WITH_KNOTS ( 'NONE', 3,
 ( #4203, #1056, #695, #4547 ),
 .UNSPECIFIED., .F., .F.,
 ( 4, 4 ),
 ( 2.000000000000000000, 3.000000000000000000 ),
 .UNSPECIFIED. ) ;
#4909 = CARTESIAN_POINT ( 'NONE',  ( 0.5000000000000011102, 73.50000000000000000, 1.500000000000000000 ) ) ;
#4910 = DIRECTION ( 'NONE',  ( 0.000000000000000000, 1.000000000000000000, -0.000000000000000000 ) ) ;
#4911 = ORIENTED_EDGE ( 'NONE', *, *, #691, .F. ) ;
#4912 = AXIS2_PLACEMENT_3D ( 'NONE', #1760, #1383, #4465 ) ;
#4913 = DIRECTION ( 'NONE',  ( -0.000000000000000000, -0.000000000000000000, 1.000000000000000000 ) ) ;
#4914 = EDGE_LOOP ( 'NONE', ( #4405, #551, #1741, #179 ) ) ;
#4915 = CARTESIAN_POINT ( 'NONE',  ( 48.65312595226107106, 67.41684983397829001, 5.000000000000000000 ) ) ;
#4916 = ORIENTED_EDGE ( 'NONE', *, *, #996, .F. ) ;
#4917 = VERTEX_POINT ( 'NONE', #1432 ) ;
#4918 = CARTESIAN_POINT ( 'NONE',  ( 31.14016907216635133, 70.42308002101647446, 5.000000000000000000 ) ) ;
#4919 = EDGE_CURVE ( 'NONE', #3883, #4165, #1098, .T. ) ;
#4920 = CARTESIAN_POINT ( 'NONE',  ( 73.50000000000000000, 75.00000000000000000, 0.000000000000000000 ) ) ;
#4921 = ORIENTED_EDGE ( 'NONE', *, *, #4776, .T. ) ;
#4922 = VECTOR ( 'NONE', #3224, 999.9999999999998863 ) ;
#4923 = FACE_OUTER_BOUND ( 'NONE', #1033, .T. ) ;
#4924 = CARTESIAN_POINT ( 'NONE',  ( 61.25000000000001421, 116.2499999999999858, -15.00000000000000000 ) ) ;
#4925 = EDGE_CURVE ( 'NONE', #3644, #3993, #2888, .T. ) ;
#4926 = EDGE_CURVE ( 'NONE', #3993, #1235, #4332, .T. ) ;
#4927 = CARTESIAN_POINT ( 'NONE',  ( 37.50000000000000000, 21.89999999999999503, 0.4999999999999449329 ) ) ;
#4928 = ADVANCED_FACE ( 'NONE', ( #2948 ), #2223, .T. ) ;
#4929 = CARTESIAN_POINT ( 'NONE',  ( 35.00763628465025334, 51.82798241853258503, 5.000000000000000000 ) ) ;
#4930 = LINE ( 'NONE', #2965, #327 ) ;
#4931 = CARTESIAN_POINT ( 'NONE',  ( 0.000000000000000000, 0.000000000000000000, 0.000000000000000000 ) ) ;
#4932 = VERTEX_POINT ( 'NONE', #226 ) ;
#4933 = ADVANCED_FACE ( 'NONE', ( #3794 ), #3355, .F. ) ;
#4934 = FACE_OUTER_BOUND ( 'NONE', #537, .T. ) ;
#4935 = LINE ( 'NONE', #271, #507 ) ;
#4936 = VECTOR ( 'NONE', #2709, 1000.000000000000114 ) ;
#4937 = CARTESIAN_POINT ( 'NONE',  ( 28.05576097198110475, 72.73037325243288365, 5.000000000000000000 ) ) ;
#4938 = ORIENTED_EDGE ( 'NONE', *, *, #4753, .T. ) ;
#4939 = CARTESIAN_POINT ( 'NONE',  ( 58.98905642500519519, 50.81109250854794368, 5.000000000000000000 ) ) ;
#4940 = ORIENTED_EDGE ( 'NONE', *, *, #3503, .F. ) ;
#4941 = DIRECTION ( 'NONE',  ( -1.000000000000000000, 0.000000000000000000, 0.000000000000000000 ) ) ;
#4942 = CIRCLE ( 'NONE', #100, 4.999999999999997335 ) ;
#4943 = LINE ( 'NONE', #2280, #2095 ) ;
#4944 = ORIENTED_EDGE ( 'NONE', *, *, #635, .F. ) ;
#4945 = ORIENTED_EDGE ( 'NONE', *, *, #2044, .F. ) ;
#4946 = DIRECTION ( 'NONE',  ( -0.9999976573062887564, -0.002164574307906533442, 0.000000000000000000 ) ) ;
#4947 = CARTESIAN_POINT ( 'NONE',  ( -10.92803065941448004, 6.425623486521693017, 4.599999999999999645 ) ) ;
#4948 = EDGE_LOOP ( 'NONE', ( #2530, #2782, #2636, #3124, #4033 ) ) ;
#4949 = CARTESIAN_POINT ( 'NONE',  ( 14.02141606605299806, 65.68048437519374261, 5.000000000000000000 ) ) ;
#4950 = LINE ( 'NONE', #4577, #4780 ) ;
#4951 = B_SPLINE_CURVE_WITH_KNOTS ( 'NONE', 3,
 ( #3172, #3974, #4388, #4892 ),
 .UNSPECIFIED., .F., .F.,
 ( 4, 4 ),
 ( 3.000000000000000000, 4.000000000000000000 ),
 .UNSPECIFIED. ) ;
#4952 = VECTOR ( 'NONE', #3832, 1000.000000000000000 ) ;
#4953 = CARTESIAN_POINT ( 'NONE',  ( 49.93795213272127143, 63.76172295399043577, 4.599999999999999645 ) ) ;
#4954 = EDGE_CURVE ( 'NONE', #1046, #2735, #1050, .T. ) ;
#4955 = CARTESIAN_POINT ( 'NONE',  ( 1.348249462496325268, 74.16472675680824977, 0.4494164874987636726 ) ) ;
#4956 = FACE_OUTER_BOUND ( 'NONE', #2540, .T. ) ;
#4957 = LINE ( 'NONE', #2529, #1776 ) ;
#4958 = EDGE_CURVE ( 'NONE', #1224, #542, #2376, .T. ) ;
#4959 = VERTEX_POINT ( 'NONE', #690 ) ;
#4960 = CARTESIAN_POINT ( 'NONE',  ( 33.01779607714239972, 60.15890489015593090, 4.599999999999999645 ) ) ;
#4961 = CARTESIAN_POINT ( 'NONE',  ( 41.96291306052567904, 63.57867512623393935, 4.599999999999999645 ) ) ;
#4962 = DIRECTION ( 'NONE',  ( -1.000000000000000000, 0.000000000000000000, 2.602085213965207190E-16 ) ) ;
#4963 = VERTEX_POINT ( 'NONE', #4616 ) ;
#4964 = ORIENTED_EDGE ( 'NONE', *, *, #1277, .F. ) ;
#4965 = CARTESIAN_POINT ( 'NONE',  ( 48.65312595226107106, 67.41684983397829001, 4.599999999999999645 ) ) ;
#4966 = DIRECTION ( 'NONE',  ( 0.000000000000000000, 0.000000000000000000, 1.000000000000000000 ) ) ;
#4967 = ORIENTED_EDGE ( 'NONE', *, *, #857, .F. ) ;
#4968 = B_SPLINE_CURVE_WITH_KNOTS ( 'NONE', 3,
 ( #4331, #708, #3945, #1149 ),
 .UNSPECIFIED., .F., .F.,
 ( 4, 4 ),
 ( 33.00000000000000000, 34.00000000000000000 ),
 .UNSPECIFIED. ) ;
#4969 = EDGE_LOOP ( 'NONE', ( #2354, #2224, #1330, #678 ) ) ;
#4970 = DIRECTION ( 'NONE',  ( 0.000000000000000000, -1.000000000000000000, 0.000000000000000000 ) ) ;
#4971 = AXIS2_PLACEMENT_3D ( 'NONE', #2205, #4621, #2227 ) ;
#4972 = CARTESIAN_POINT ( 'NONE',  ( 22.49999999999999289, 114.9999999999999858, 0.000000000000000000 ) ) ;
#4973 = ORIENTED_EDGE ( 'NONE', *, *, #3314, .T. ) ;
#4974 = CARTESIAN_POINT ( 'NONE',  ( 62.50000000000001421, 116.2499999999999858, 0.000000000000000000 ) ) ;
#4975 = CARTESIAN_POINT ( 'NONE',  ( 22.49999999999998579, 99.79999999999999716, 0.000000000000000000 ) ) ;
#4976 = EDGE_CURVE ( 'NONE', #1245, #2524, #2635, .T. ) ;
#4977 = DIRECTION ( 'NONE',  ( -0.000000000000000000, -0.000000000000000000, 1.000000000000000000 ) ) ;
#4978 = CARTESIAN_POINT ( 'NONE',  ( 0.4840083284431032085, 73.88892379092472140, 1.452024985329367857 ) ) ;
#4979 = CARTESIAN_POINT ( 'NONE',  ( 45.34840069594080347, 52.54526264242620215, 5.000000000000000000 ) ) ;
#4980 = CARTESIAN_POINT ( 'NONE',  ( 55.00000000000003553, 120.0000000000000142, -10.00000000000062350 ) ) ;
#4981 = EDGE_LOOP ( 'NONE', ( #4495, #458, #4696, #4807 ) ) ;
#4982 = CARTESIAN_POINT ( 'NONE',  ( 28.05446503742488318, 47.25554083441714681, 4.599999999999999645 ) ) ;
#4983 = EDGE_CURVE ( 'NONE', #877, #3644, #289, .T. ) ;
#4984 = AXIS2_PLACEMENT_3D ( 'NONE', #2613, #276, #1867 ) ;
#4985 = CARTESIAN_POINT ( 'NONE',  ( 23.95290432188574670, 64.81307871474692206, 5.000000000000000000 ) ) ;
#4986 = CARTESIAN_POINT ( 'NONE',  ( 0.2153560676502531135, 46.11008434363284891, 1.451752836476857933 ) ) ;
#4987 = AXIS2_PLACEMENT_3D ( 'NONE', #2783, #14, #1580 ) ;
#4988 = VERTEX_POINT ( 'NONE', #325 ) ;
#4989 = ADVANCED_FACE ( 'NONE', ( #4589 ), #4127, .F. ) ;
#4990 = ADVANCED_FACE ( 'NONE', ( #610 ), #2173, .F. ) ;
#4991 = ORIENTED_EDGE ( 'NONE', *, *, #3027, .T. ) ;
#4992 = LINE ( 'NONE', #3817, #139 ) ;
#4993 = CARTESIAN_POINT ( 'NONE',  ( 0.5373072040762937318, 45.07125415900011944, 0.5373072040762690849 ) ) ;
#4994 = CARTESIAN_POINT ( 'NONE',  ( 39.62958920622759962, 51.33356971989759643, 5.000000000000000000 ) ) ;
#4995 = ORIENTED_EDGE ( 'NONE', *, *, #1118, .T. ) ;
#4996 = VECTOR ( 'NONE', #4344, 1000.000000000000000 ) ;
#4997 = ORIENTED_EDGE ( 'NONE', *, *, #857, .T. ) ;
#4998 = CARTESIAN_POINT ( 'NONE',  ( 26.17347629967592226, 69.52399929548074908, 4.599999999999999645 ) ) ;
#4999 = EDGE_CURVE ( 'NONE', #4769, #3074, #1132, .T. ) ;
#5000 = CARTESIAN_POINT ( 'NONE',  ( 18.96159110272099824, 59.94858267635414251, 5.000000000000000000 ) ) ;
#5001 = ORIENTED_EDGE ( 'NONE', *, *, #3782, .F. ) ;
#5002 = CARTESIAN_POINT ( 'NONE',  ( 0.000000000000000000, 73.50000000000000000, 0.000000000000000000 ) ) ;
#5003 = DIRECTION ( 'NONE',  ( -0.000000000000000000, -0.000000000000000000, 1.000000000000000000 ) ) ;
#5004 = CARTESIAN_POINT ( 'NONE',  ( 52.49999999999999289, 117.5000000000000000, -15.00000000000000000 ) ) ;
#5005 = CARTESIAN_POINT ( 'NONE',  ( 1.500000000000000888, 73.50000000000000000, 0.4999999999999998890 ) ) ;
#5006 = CARTESIAN_POINT ( 'NONE',  ( 73.69825262925022002, 45.74827394718952434, 0.4339157902498696484 ) ) ;
#5007 = LINE ( 'NONE', #3092, #4907 ) ;
#5008 = CARTESIAN_POINT ( 'NONE',  ( 13.74999999999998757, 116.2500000000000000, -15.00000000000000000 ) ) ;
#5009 = PLANE ( 'NONE',  #4001 ) ;
#5010 = CARTESIAN_POINT ( 'NONE',  ( 47.50000000000062528, 117.5000000000000000, -5.000000000000004441 ) ) ;
#5011 = CARTESIAN_POINT ( 'NONE',  ( 0.05436644855881991867, 45.19061342204799558, 0.7573604411477009579 ) ) ;
#5012 = VERTEX_POINT ( 'NONE', #3178 ) ;
#5013 = ORIENTED_EDGE ( 'NONE', *, *, #5077, .F. ) ;
#5014 = CARTESIAN_POINT ( 'NONE',  ( 58.60291684388123912, 51.57570027742514185, 4.599999999999999645 ) ) ;
#5015 = CARTESIAN_POINT ( 'NONE',  ( 0.5000000000000011102, 73.50000000000000000, 1.500000000000000000 ) ) ;
#5016 = DIRECTION ( 'NONE',  ( 0.000000000000000000, 1.000000000000000000, 0.000000000000000000 ) ) ;
#5017 = ORIENTED_EDGE ( 'NONE', *, *, #4594, .T. ) ;
#5018 = ORIENTED_EDGE ( 'NONE', *, *, #1957, .F. ) ;
#5019 = CARTESIAN_POINT ( 'NONE',  ( 58.60291684388124622, 51.57570027742514185, 4.599999999999999645 ) ) ;
#5020 = EDGE_CURVE ( 'NONE', #1917, #1186, #403, .T. ) ;
#5021 = AXIS2_PLACEMENT_3D ( 'NONE', #4408, #1271, #2089 ) ;
#5022 = CARTESIAN_POINT ( 'NONE',  ( 35.87667499726751430, 69.15288993489288316, 5.000000000000000000 ) ) ;
#5023 = EDGE_LOOP ( 'NONE', ( #3942, #115, #4020, #2486 ) ) ;
#5024 = CARTESIAN_POINT ( 'NONE',  ( 39.20752677072000125, 50.76827381737618339, 5.000000000000000000 ) ) ;
#5025 = CARTESIAN_POINT ( 'NONE',  ( 22.08331893061677320, 59.95533990403678359, 5.000000000000000000 ) ) ;
#5026 = LINE ( 'NONE', #1447, #2313 ) ;
#5027 = DIRECTION ( 'NONE',  ( -0.9812001574319504371, -0.1929928782507674412, 0.000000000000000000 ) ) ;
#5028 = EDGE_CURVE ( 'NONE', #4735, #3699, #3612, .T. ) ;
#5029 = CARTESIAN_POINT ( 'NONE',  ( 74.02252790794209147, 45.30360659631839582, 0.9774720920583146455 ) ) ;
#5030 = DIRECTION ( 'NONE',  ( -1.000000000000000000, 1.228762462150238276E-16, 0.000000000000000000 ) ) ;
#5031 = AXIS2_PLACEMENT_3D ( 'NONE', #1041, #3014, #1471 ) ;
#5032 = B_SPLINE_CURVE_WITH_KNOTS ( 'NONE', 3,
 ( #2679, #2346, #2703, #4276, #16, #768 ),
 .UNSPECIFIED., .F., .F.,
 ( 4, 2, 4 ),
 ( 2.000000000000000000, 3.000000000000000000, 4.000000000000000000 ),
 .UNSPECIFIED. ) ;
#5033 = DIRECTION ( 'NONE',  ( 0.000000000000000000, -0.000000000000000000, 1.000000000000000000 ) ) ;
#5034 = DIRECTION ( 'NONE',  ( -0.000000000000000000, -0.000000000000000000, 1.000000000000000000 ) ) ;
#5035 = DIRECTION ( 'NONE',  ( -0.000000000000000000, -0.000000000000000000, 1.000000000000000000 ) ) ;
#5036 = VECTOR ( 'NONE', #2721, 1000.000000000000000 ) ;
#5037 = LINE ( 'NONE', #5010, #4936 ) ;
#5038 = DIRECTION ( 'NONE',  ( 0.000000000000000000, -1.000000000000000000, 0.000000000000000000 ) ) ;
#5039 = ORIENTED_EDGE ( 'NONE', *, *, #2481, .T. ) ;
#5040 = ORIENTED_EDGE ( 'NONE', *, *, #2785, .F. ) ;
#5041 = CARTESIAN_POINT ( 'NONE',  ( 22.50000000000000000, 114.9999999999999574, -10.00000000000000178 ) ) ;
#5042 = CARTESIAN_POINT ( 'NONE',  ( 47.98893882117888410, 53.22823707465383336, 4.599999999999999645 ) ) ;
#5043 = LINE ( 'NONE', #1515, #3181 ) ;
#5044 = CIRCLE ( 'NONE', #1912, 7.499999999999944045 ) ;
#5045 = ORIENTED_EDGE ( 'NONE', *, *, #1350, .F. ) ;
#5046 = DIRECTION ( 'NONE',  ( -0.9999976573062887564, -0.002164574307904652568, 0.000000000000000000 ) ) ;
#5047 = CARTESIAN_POINT ( 'NONE',  ( 47.50000000000061817, 120.0000000000000142, -2.500000000000064837 ) ) ;
#5048 = ORIENTED_EDGE ( 'NONE', *, *, #964, .F. ) ;
#5049 = CARTESIAN_POINT ( 'NONE',  ( -6.938893903907228378E-15, 120.0000000000000000, -12.50000000000000000 ) ) ;
#5050 = LINE ( 'NONE', #3939, #2068 ) ;
#5051 = DIRECTION ( 'NONE',  ( -1.000000000000000000, 0.000000000000000000, 0.000000000000000000 ) ) ;
#5052 = ORIENTED_EDGE ( 'NONE', *, *, #1217, .F. ) ;
#5053 = DIRECTION ( 'NONE',  ( 1.000000000000000000, -0.000000000000000000, -0.000000000000000000 ) ) ;
#5054 = VECTOR ( 'NONE', #3891, 1000.000000000000000 ) ;
#5055 = ADVANCED_FACE ( 'NONE', ( #827 ), #5090, .T. ) ;
#5056 = CARTESIAN_POINT ( 'NONE',  ( 0.000000000000000000, 2.499999999999996003, -10.00000000000000178 ) ) ;
#5057 = LINE ( 'NONE', #5082, #3746 ) ;
#5058 = PLANE ( 'NONE',  #732 ) ;
#5059 = FACE_OUTER_BOUND ( 'NONE', #4648, .T. ) ;
#5060 = EDGE_CURVE ( 'NONE', #3270, #8, #4007, .T. ) ;
#5061 = CARTESIAN_POINT ( 'NONE',  ( 41.96291306052567904, 63.57867512623393935, 4.599999999999999645 ) ) ;
#5062 = CARTESIAN_POINT ( 'NONE',  ( 34.58037044103966906, 60.18697884857790825, 5.000000000000000000 ) ) ;
#5063 = ORIENTED_EDGE ( 'NONE', *, *, #961, .T. ) ;
#5064 = VECTOR ( 'NONE', #1513, 1000.000000000000114 ) ;
#5065 = ORIENTED_EDGE ( 'NONE', *, *, #3298, .T. ) ;
#5066 = CARTESIAN_POINT ( 'NONE',  ( 74.77281964719448126, 73.69754504386276039, 1.490166592345996133 ) ) ;
#5067 = CARTESIAN_POINT ( 'NONE',  ( 60.96604679571537133, 51.67958202849354876, 5.000000000000000000 ) ) ;
#5068 = AXIS2_PLACEMENT_3D ( 'NONE', #5087, #1152, #400 ) ;
#5069 = CARTESIAN_POINT ( 'NONE',  ( 47.50000000000000000, -0.001000000000014877877, -5.000000000000002665 ) ) ;
#5070 = ORIENTED_EDGE ( 'NONE', *, *, #1494, .T. ) ;
#5071 = CYLINDRICAL_SURFACE ( 'NONE', #79, 1.500000000000000000 ) ;
#5072 = AXIS2_PLACEMENT_3D ( 'NONE', #2143, #3374, #4534 ) ;
#5073 = DIRECTION ( 'NONE',  ( -0.2325341717708094280, -0.9725882268251367924, 0.000000000000000000 ) ) ;
#5074 = ORIENTED_EDGE ( 'NONE', *, *, #4397, .T. ) ;
#5075 = CYLINDRICAL_SURFACE ( 'NONE', #1433, 5.000000000000000000 ) ;
#5076 = CARTESIAN_POINT ( 'NONE',  ( 32.49297329594386241, 48.40096926034961911, 4.599999999999999645 ) ) ;
#5077 = EDGE_CURVE ( 'NONE', #4048, #1109, #105, .T. ) ;
#5078 = CARTESIAN_POINT ( 'NONE',  ( 52.50000000000000711, 112.4999999999999574, -10.00000000000000711 ) ) ;
#5079 = ORIENTED_EDGE ( 'NONE', *, *, #4391, .T. ) ;
#5080 = CARTESIAN_POINT ( 'NONE',  ( 50.00000000000000000, 18.49999999999998934, 3.100000000000000089 ) ) ;
#5081 = CARTESIAN_POINT ( 'NONE',  ( 74.24457159468873613, 45.18932039044321414, 0.2518094684370357217 ) ) ;
#5082 = CARTESIAN_POINT ( 'NONE',  ( 17.50000000000000000, 120.0000000000000000, 0.000000000000000000 ) ) ;
#5083 = EDGE_CURVE ( 'NONE', #2257, #4258, #3487, .T. ) ;
#5084 = ORIENTED_EDGE ( 'NONE', *, *, #2497, .F. ) ;
#5085 = EDGE_CURVE ( 'NONE', #2393, #4571, #3148, .T. ) ;
#5086 = CARTESIAN_POINT ( 'NONE',  ( 31.46693423918955190, 54.71983697195834395, 4.599999999999999645 ) ) ;
#5087 = CARTESIAN_POINT ( 'NONE',  ( 0.5000000000000008882, 73.50000000000000000, 0.5000000000000000000 ) ) ;
#5088 = VECTOR ( 'NONE', #4115, 1000.000000000000114 ) ;
#5089 = CARTESIAN_POINT ( 'NONE',  ( 16.96517205049047661, 64.79795321356733950, 5.000000000000000000 ) ) ;
#5090 = PLANE ( 'NONE',  #554 ) ;
#5091 = VERTEX_POINT ( 'NONE', #745 ) ;
#5092 = ORIENTED_EDGE ( 'NONE', *, *, #1663, .T. ) ;
ENDSEC;
END-ISO-10303-21;
