ISO-10303-21;
HEADER;
FILE_DESCRIPTION (( 'STEP AP214' ),
    '1' );
FILE_NAME ('Ubiquiti-24W-White.STEP',
    '2026-07-10T12:40:57',
    ( 'xxx' ),
    ( '' ),
    'SwSTEP 2.0',
    'SolidWorks 2025',
    '' );
FILE_SCHEMA (( 'AUTOMOTIVE_DESIGN' ));
ENDSEC;

DATA;
#1 = DIRECTION ( 'NONE',  ( -1.000000000000000000, 0.000000000000000000, -0.000000000000000000 ) ) ;
#2 = B_SPLINE_SURFACE_WITH_KNOTS ( 'NONE', 3, 1, ( 
 ( #3244, #1288 ),
 ( #1636, #1608 ),
 ( #2881, #1208 ),
 ( #4757, #127 ) ),
 .UNSPECIFIED., .F., .F., .F.,
 ( 4, 4 ),
 ( 2, 2 ),
 ( 5.000000000000000000, 6.000000000000000000 ),
 ( 0.000000000000000000, 1.000000000000000000 ),
 .UNSPECIFIED. ) ;
#3 = EDGE_CURVE ( 'NONE', #1655, #4844, #3249, .T. ) ;
#4 = VERTEX_POINT ( 'NONE', #4812 ) ;
#5 = VECTOR ( 'NONE', #1638, 1000.000000000000000 ) ;
#6 = CARTESIAN_POINT ( 'NONE',  ( 38.25068550026831105, 54.45232843701710834, 4.599999999999999645 ) ) ;
#7 = CARTESIAN_POINT ( 'NONE',  ( 0.1435955076937531771, 74.42339376299733544, 1.197963648748552767 ) ) ;
#8 = CARTESIAN_POINT ( 'NONE',  ( 0.000000000000000000, 0.000000000000000000, 4.599999999999999645 ) ) ;
#9 = ORIENTED_EDGE ( 'NONE', *, *, #1361, .T. ) ;
#10 = ORIENTED_EDGE ( 'NONE', *, *, #3367, .F. ) ;
#11 = ORIENTED_EDGE ( 'NONE', *, *, #4457, .T. ) ;
#12 = DIRECTION ( 'NONE',  ( -0.000000000000000000, -0.000000000000000000, 1.000000000000000000 ) ) ;
#13 = PLANE ( 'NONE',  #2650 ) ;
#14 = VERTEX_POINT ( 'NONE', #2884 ) ;
#15 = CARTESIAN_POINT ( 'NONE',  ( 59.41939945595165540, 50.81202402019854958, 4.599999999999999645 ) ) ;
#16 = EDGE_CURVE ( 'NONE', #3517, #3633, #2054, .T. ) ;
#17 = ORIENTED_EDGE ( 'NONE', *, *, #4252, .T. ) ;
#18 = DIRECTION ( 'NONE',  ( -0.000000000000000000, -0.000000000000000000, 1.000000000000000000 ) ) ;
#19 = CARTESIAN_POINT ( 'NONE',  ( 67.49999999999998579, -6.071532165918824830E-15, -10.00000000000000000 ) ) ;
#20 = LINE ( 'NONE', #355, #2410 ) ;
#21 = LINE ( 'NONE', #3134, #722 ) ;
#22 = ORIENTED_EDGE ( 'NONE', *, *, #2714, .F. ) ;
#23 = FACE_OUTER_BOUND ( 'NONE', #431, .T. ) ;
#24 = CIRCLE ( 'NONE', #681, 1.250000000000001110 ) ;
#25 = CARTESIAN_POINT ( 'NONE',  ( 74.55058351250134763, 74.16472675680824977, 1.348249462496324158 ) ) ;
#26 = EDGE_CURVE ( 'NONE', #4724, #3545, #1291, .T. ) ;
#27 = ORIENTED_EDGE ( 'NONE', *, *, #2111, .F. ) ;
#28 = VECTOR ( 'NONE', #2251, 1000.000000000000000 ) ;
#29 = DIRECTION ( 'NONE',  ( 0.4450203073841546564, 0.8955204777199191613, 0.000000000000000000 ) ) ;
#30 = CARTESIAN_POINT ( 'NONE',  ( 73.79777450375253522, 45.53443967518049362, 1.202225496247621761 ) ) ;
#31 = AXIS2_PLACEMENT_3D ( 'NONE', #4977, #2300, #2668 ) ;
#32 = CONICAL_SURFACE ( 'NONE', #2657, 1.399999999999984590, 0.7853981633974541632 ) ;
#33 = ORIENTED_EDGE ( 'NONE', *, *, #80, .F. ) ;
#34 = VECTOR ( 'NONE', #498, 1000.000000000000000 ) ;
#35 = DIRECTION ( 'NONE',  ( -0.000000000000000000, -0.000000000000000000, 1.000000000000000000 ) ) ;
#36 = CARTESIAN_POINT ( 'NONE',  ( 0.002974755088711726701, 74.99016721007923536, 0.1975481995049487294 ) ) ;
#37 = CARTESIAN_POINT ( 'NONE',  ( 36.14294705659228413, 60.21152601110345159, 4.599999999999999645 ) ) ;
#38 = CARTESIAN_POINT ( 'NONE',  ( 38.23827591779982527, 68.33259183104274825, 4.599999999999999645 ) ) ;
#39 = VERTEX_POINT ( 'NONE', #1716 ) ;
#40 = EDGE_CURVE ( 'NONE', #913, #3750, #2858, .T. ) ;
#41 = EDGE_CURVE ( 'NONE', #2327, #2408, #4438, .T. ) ;
#42 = VECTOR ( 'NONE', #2702, 1000.000000000000000 ) ;
#43 = ORIENTED_EDGE ( 'NONE', *, *, #2920, .F. ) ;
#44 = DIRECTION ( 'NONE',  ( -0.000000000000000000, -0.000000000000000000, 1.000000000000000000 ) ) ;
#45 = CARTESIAN_POINT ( 'NONE',  ( 31.42165254070773628, -10.77726782925159732, 5.000000000000000000 ) ) ;
#46 = ORIENTED_EDGE ( 'NONE', *, *, #4343, .F. ) ;
#47 = ORIENTED_EDGE ( 'NONE', *, *, #4030, .T. ) ;
#48 = B_SPLINE_CURVE_WITH_KNOTS ( 'NONE', 3,
 ( #3300, #902, #2905, #4837, #4881, #972 ),
 .UNSPECIFIED., .F., .F.,
 ( 4, 2, 4 ),
 ( 2.000000000000000000, 3.000000000000000000, 4.000000000000000000 ),
 .UNSPECIFIED. ) ;
#49 = CARTESIAN_POINT ( 'NONE',  ( 7.499999999999985789, -6.071532165918824830E-15, -9.999999999999992895 ) ) ;
#50 = DIRECTION ( 'NONE',  ( -1.000000000000000000, 0.000000000000000000, 0.000000000000000000 ) ) ;
#51 = DIRECTION ( 'NONE',  ( -0.000000000000000000, -0.000000000000000000, -1.000000000000000000 ) ) ;
#52 = LINE ( 'NONE', #1609, #2238 ) ;
#53 = VERTEX_POINT ( 'NONE', #952 ) ;
#54 = DIRECTION ( 'NONE',  ( -1.387778780781445676E-15, 0.000000000000000000, -1.000000000000000000 ) ) ;
#55 = ADVANCED_FACE ( 'NONE', ( #1695 ), #502, .F. ) ;
#56 = CARTESIAN_POINT ( 'NONE',  ( 73.66391708182916886, 74.24792886681069604, 1.336082918170570233 ) ) ;
#57 = CARTESIAN_POINT ( 'NONE',  ( 39.52096675179606677, 50.99823335541131542, 5.000000000000000000 ) ) ;
#58 = EDGE_LOOP ( 'NONE', ( #2370, #4327, #3353, #4366 ) ) ;
#59 = LINE ( 'NONE', #427, #4131 ) ;
#60 = CARTESIAN_POINT ( 'NONE',  ( 74.50000000000000000, 46.49999999999999289, 1.500000000000000000 ) ) ;
#61 = CARTESIAN_POINT ( 'NONE',  ( 35.00763628465025334, 51.82798241853258503, 4.599999999999999645 ) ) ;
#62 = FACE_OUTER_BOUND ( 'NONE', #903, .T. ) ;
#63 = ORIENTED_EDGE ( 'NONE', *, *, #1527, .T. ) ;
#64 = EDGE_CURVE ( 'NONE', #233, #3671, #1744, .T. ) ;
#65 = ORIENTED_EDGE ( 'NONE', *, *, #4783, .T. ) ;
#66 = CARTESIAN_POINT ( 'NONE',  ( 35.60000000000000142, 103.6499999999999915, 3.000000000000000000 ) ) ;
#67 = CARTESIAN_POINT ( 'NONE',  ( 29.89265525571779136, 60.09923018964615693, 5.000000000000000000 ) ) ;
#68 = ORIENTED_EDGE ( 'NONE', *, *, #3778, .F. ) ;
#69 = ORIENTED_EDGE ( 'NONE', *, *, #4653, .T. ) ;
#70 = EDGE_CURVE ( 'NONE', #2566, #5036, #1493, .T. ) ;
#71 = CARTESIAN_POINT ( 'NONE',  ( 73.50000000000000000, 46.49999999999999289, 0.000000000000000000 ) ) ;
#72 = VECTOR ( 'NONE', #4115, 1000.000000000000114 ) ;
#73 = CARTESIAN_POINT ( 'NONE',  ( 0.2650916781407549605, 45.01258334307127740, 0.2650916781407832712 ) ) ;
#74 = CARTESIAN_POINT ( 'NONE',  ( 1.500000000000000888, 73.50000000000000000, 0.5000000000000000000 ) ) ;
#75 = VERTEX_POINT ( 'NONE', #904 ) ;
#76 = CARTESIAN_POINT ( 'NONE',  ( 52.75819874726981595, 56.38499435135753401, 4.599999999999999645 ) ) ;
#77 = DIRECTION ( 'NONE',  ( 1.000000000000000000, -0.000000000000000000, -0.000000000000000000 ) ) ;
#78 = CARTESIAN_POINT ( 'NONE',  ( 14.03395320428463044, 59.88853312862018896, 5.000000000000000000 ) ) ;
#79 = DIRECTION ( 'NONE',  ( 1.000000000000000000, 0.000000000000000000, 0.000000000000000000 ) ) ;
#80 = EDGE_CURVE ( 'NONE', #1520, #3409, #2467, .T. ) ;
#81 = ORIENTED_EDGE ( 'NONE', *, *, #2955, .T. ) ;
#82 = LINE ( 'NONE', #642, #3969 ) ;
#83 = CARTESIAN_POINT ( 'NONE',  ( 37.50000000000000000, 103.6499999999999915, 0.000000000000000000 ) ) ;
#84 = DIRECTION ( 'NONE',  ( 0.3244355677353744083, 0.9459077980375387718, 0.000000000000000000 ) ) ;
#85 = ADVANCED_FACE ( 'NONE', ( #3912 ), #4090, .F. ) ;
#86 = DIRECTION ( 'NONE',  ( -2.360167994526267448E-16, 1.000000000000000000, -0.000000000000000000 ) ) ;
#87 = ORIENTED_EDGE ( 'NONE', *, *, #3506, .F. ) ;
#88 = ORIENTED_EDGE ( 'NONE', *, *, #3502, .T. ) ;
#89 = LINE ( 'NONE', #2378, #4716 ) ;
#90 = EDGE_CURVE ( 'NONE', #2713, #4838, #2027, .T. ) ;
#91 = DIRECTION ( 'NONE',  ( -1.000000000000000000, 0.000000000000000000, 0.000000000000000000 ) ) ;
#92 = EDGE_CURVE ( 'NONE', #3449, #585, #3222, .T. ) ;
#93 = VERTEX_POINT ( 'NONE', #2583 ) ;
#94 = ORIENTED_EDGE ( 'NONE', *, *, #576, .T. ) ;
#95 = SPHERICAL_SURFACE ( 'NONE', #2830, 5.000000000000000000 ) ;
#96 = CARTESIAN_POINT ( 'NONE',  ( 0.7554284053108978325, 45.18932039044305782, 0.2518094684370357217 ) ) ;
#97 = PLANE ( 'NONE',  #561 ) ;
#98 = CARTESIAN_POINT ( 'NONE',  ( 27.10923559923350012, 48.83376798311071809, 4.599999999999999645 ) ) ;
#99 = VERTEX_POINT ( 'NONE', #2150 ) ;
#100 = VERTEX_POINT ( 'NONE', #1401 ) ;
#101 = EDGE_CURVE ( 'NONE', #1002, #3510, #3820, .T. ) ;
#102 = CARTESIAN_POINT ( 'NONE',  ( 37.50000000000000000, 21.74999999999999289, 3.000000000000000000 ) ) ;
#103 = LINE ( 'NONE', #175, #3800 ) ;
#104 = CARTESIAN_POINT ( 'NONE',  ( 0.1439703314412274782, 45.58488622643438504, 1.192529075109650227 ) ) ;
#105 = AXIS2_PLACEMENT_3D ( 'NONE', #665, #3034, #4979 ) ;
#106 = VERTEX_POINT ( 'NONE', #1786 ) ;
#107 = VECTOR ( 'NONE', #35, 1000.000000000000000 ) ;
#108 = AXIS2_PLACEMENT_3D ( 'NONE', #947, #4085, #3701 ) ;
#109 = ORIENTED_EDGE ( 'NONE', *, *, #2440, .T. ) ;
#110 = LINE ( 'NONE', #1789, #2644 ) ;
#111 = CARTESIAN_POINT ( 'NONE',  ( 7.499999999999989342, -6.071532165918824830E-15, 2.168404344971008868E-14 ) ) ;
#112 =( GEOMETRIC_REPRESENTATION_CONTEXT ( 3 ) GLOBAL_UNCERTAINTY_ASSIGNED_CONTEXT ( ( #4312 ) ) GLOBAL_UNIT_ASSIGNED_CONTEXT ( ( #1408, #1534, #4736 ) ) REPRESENTATION_CONTEXT ( 'NONE', 'WORKASPACE' ) );
#113 = CARTESIAN_POINT ( 'NONE',  ( 28.05576097198110475, 72.73037325243288365, 5.000000000000000000 ) ) ;
#114 = EDGE_LOOP ( 'NONE', ( #2228, #2645, #4870 ) ) ;
#115 = ADVANCED_FACE ( 'NONE', ( #2223 ), #1380, .F. ) ;
#116 = VECTOR ( 'NONE', #1523, 1000.000000000000000 ) ;
#117 = ORIENTED_EDGE ( 'NONE', *, *, #92, .T. ) ;
#118 = CARTESIAN_POINT ( 'NONE',  ( 52.50000000000000711, 114.9999999999999858, -15.00000000000000000 ) ) ;
#119 = DIRECTION ( 'NONE',  ( -0.2844023902313086438, 0.9587050017762077658, 0.000000000000000000 ) ) ;
#120 = DIRECTION ( 'NONE',  ( 0.9725882268251367924, -0.2325341717708094280, 0.000000000000000000 ) ) ;
#121 = ORIENTED_EDGE ( 'NONE', *, *, #1581, .F. ) ;
#122 = AXIS2_PLACEMENT_3D ( 'NONE', #4470, #2916, #3309 ) ;
#123 = VERTEX_POINT ( 'NONE', #4973 ) ;
#124 = VECTOR ( 'NONE', #2474, 1000.000000000000000 ) ;
#125 = CARTESIAN_POINT ( 'NONE',  ( 39.39999999999999858, 103.6499999999999915, 3.000000000000000000 ) ) ;
#126 = DIRECTION ( 'NONE',  ( -0.000000000000000000, -0.000000000000000000, 1.000000000000000000 ) ) ;
#127 = CARTESIAN_POINT ( 'NONE',  ( 33.01779607714239972, 60.15890489015593090, 5.000000000000000000 ) ) ;
#128 = VECTOR ( 'NONE', #2364, 1000.000000000000000 ) ;
#129 = CARTESIAN_POINT ( 'NONE',  ( 37.50000000000000000, 21.74999999999999289, 0.000000000000000000 ) ) ;
#130 = ORIENTED_EDGE ( 'NONE', *, *, #101, .T. ) ;
#131 = ORIENTED_EDGE ( 'NONE', *, *, #3421, .F. ) ;
#132 = ADVANCED_FACE ( 'NONE', ( #302 ), #3391, .T. ) ;
#133 = FACE_OUTER_BOUND ( 'NONE', #3359, .T. ) ;
#134 = EDGE_LOOP ( 'NONE', ( #2901, #3168, #2117, #2146, #960, #3698 ) ) ;
#135 = ADVANCED_FACE ( 'NONE', ( #4160 ), #3773, .F. ) ;
#136 = ORIENTED_EDGE ( 'NONE', *, *, #2028, .T. ) ;
#137 = CARTESIAN_POINT ( 'NONE',  ( 62.49999999999999289, 4.999999999999993783, -5.000000000000000000 ) ) ;
#138 = CARTESIAN_POINT ( 'NONE',  ( 17.50000000000000000, 120.0000000000000000, 0.000000000000000000 ) ) ;
#139 = ORIENTED_EDGE ( 'NONE', *, *, #2347, .F. ) ;
#140 = AXIS2_PLACEMENT_3D ( 'NONE', #4679, #4978, #354 ) ;
#141 = ORIENTED_EDGE ( 'NONE', *, *, #2895, .T. ) ;
#142 = DIRECTION ( 'NONE',  ( -0.9725882268247872942, 0.2325341717722711754, 0.000000000000000000 ) ) ;
#143 = CARTESIAN_POINT ( 'NONE',  ( 56.98449280162159880, 69.20210790046715488, 4.599999999999999645 ) ) ;
#144 = EDGE_CURVE ( 'NONE', #4240, #233, #2198, .T. ) ;
#145 = FACE_OUTER_BOUND ( 'NONE', #1559, .T. ) ;
#146 = ORIENTED_EDGE ( 'NONE', *, *, #2553, .F. ) ;
#147 = EDGE_LOOP ( 'NONE', ( #4890, #1622, #2513, #3715 ) ) ;
#148 = EDGE_CURVE ( 'NONE', #4694, #1610, #4946, .T. ) ;
#149 = LINE ( 'NONE', #482, #2151 ) ;
#150 = CARTESIAN_POINT ( 'NONE',  ( 5.000000000000000000, 5.000000000000000000, 0.000000000000000000 ) ) ;
#151 = CARTESIAN_POINT ( 'NONE',  ( 62.49999999999999289, 4.999999999999993783, -9.999999999999998224 ) ) ;
#152 = DIRECTION ( 'NONE',  ( -0.000000000000000000, -0.000000000000000000, 1.000000000000000000 ) ) ;
#153 = ORIENTED_EDGE ( 'NONE', *, *, #3213, .T. ) ;
#154 = ORIENTED_EDGE ( 'NONE', *, *, #178, .F. ) ;
#155 = EDGE_CURVE ( 'NONE', #1719, #1309, #1046, .T. ) ;
#156 = EDGE_CURVE ( 'NONE', #4, #1731, #4512, .T. ) ;
#157 = CARTESIAN_POINT ( 'NONE',  ( 0.3072733805563561682, 74.69950020189062911, 0.9218201416690000594 ) ) ;
#158 = EDGE_LOOP ( 'NONE', ( #4752, #2104, #592, #1799 ) ) ;
#159 = DIRECTION ( 'NONE',  ( 0.9999976573062887564, 0.002164574307900884748, 0.000000000000000000 ) ) ;
#160 = VERTEX_POINT ( 'NONE', #1429 ) ;
#161 = FACE_OUTER_BOUND ( 'NONE', #4698, .T. ) ;
#162 = CARTESIAN_POINT ( 'NONE',  ( 51.27523411172361278, 66.83697843894681512, 4.599999999999999645 ) ) ;
#163 = ORIENTED_EDGE ( 'NONE', *, *, #4941, .T. ) ;
#164 = CARTESIAN_POINT ( 'NONE',  ( 29.89265525571779136, 60.09923018964615693, 4.599999999999999645 ) ) ;
#165 = CYLINDRICAL_SURFACE ( 'NONE', #1776, 1.250000000000001110 ) ;
#166 = DIRECTION ( 'NONE',  ( -1.000000000000000000, 0.000000000000000000, 0.000000000000000000 ) ) ;
#167 = ORIENTED_EDGE ( 'NONE', *, *, #667, .T. ) ;
#168 = VERTEX_POINT ( 'NONE', #3422 ) ;
#169 = LINE ( 'NONE', #2531, #1753 ) ;
#170 = B_SPLINE_SURFACE_WITH_KNOTS ( 'NONE', 3, 1, ( 
 ( #4902, #2561 ),
 ( #2614, #914 ),
 ( #3755, #1403 ),
 ( #1646, #3372 ),
 ( #3228, #2200 ),
 ( #3260, #2950 ) ),
 .UNSPECIFIED., .F., .F., .F.,
 ( 4, 2, 4 ),
 ( 2, 2 ),
 ( 0.000000000000000000, 1.000000000000000000, 2.000000000000000000 ),
 ( 0.000000000000000000, 1.000000000000000000 ),
 .UNSPECIFIED. ) ;
#171 = CARTESIAN_POINT ( 'NONE',  ( 18.96159110272099824, 59.94858267635414251, 5.000000000000000000 ) ) ;
#172 = AXIS2_PLACEMENT_3D ( 'NONE', #3371, #2534, #1862 ) ;
#173 = CARTESIAN_POINT ( 'NONE',  ( 43.44441003206581087, 63.58188194402834625, 5.000000000000000000 ) ) ;
#174 = ORIENTED_EDGE ( 'NONE', *, *, #1043, .F. ) ;
#175 = CARTESIAN_POINT ( 'NONE',  ( 41.96291306052567904, 63.57867512623393935, 4.599999999999999645 ) ) ;
#176 = VERTEX_POINT ( 'NONE', #3005 ) ;
#177 = LINE ( 'NONE', #1298, #124 ) ;
#178 = EDGE_CURVE ( 'NONE', #3908, #913, #2176, .T. ) ;
#179 = ORIENTED_EDGE ( 'NONE', *, *, #222, .F. ) ;
#180 = LINE ( 'NONE', #2522, #2000 ) ;
#181 = CARTESIAN_POINT ( 'NONE',  ( 56.98098263606785707, 69.19504434610479393, 4.599999999999999645 ) ) ;
#182 = CARTESIAN_POINT ( 'NONE',  ( 60.15309437322863317, 50.81361216108685142, 5.000000000000000000 ) ) ;
#183 = AXIS2_PLACEMENT_3D ( 'NONE', #4336, #2397, #2012 ) ;
#184 = AXIS2_PLACEMENT_3D ( 'NONE', #4604, #4225, #4635 ) ;
#185 = EDGE_CURVE ( 'NONE', #1366, #5063, #475, .T. ) ;
#186 = EDGE_LOOP ( 'NONE', ( #3787, #4029, #1498, #1198, #3712 ) ) ;
#187 = DIRECTION ( 'NONE',  ( 0.000000000000000000, 0.000000000000000000, -1.000000000000000000 ) ) ;
#188 = DIRECTION ( 'NONE',  ( -0.000000000000000000, -0.000000000000000000, 1.000000000000000000 ) ) ;
#189 = AXIS2_PLACEMENT_3D ( 'NONE', #4733, #1531, #2415 ) ;
#190 = DIRECTION ( 'NONE',  ( -0.000000000000000000, -1.000000000000000000, -0.000000000000000000 ) ) ;
#191 = ORIENTED_EDGE ( 'NONE', *, *, #4796, .T. ) ;
#192 = AXIS2_PLACEMENT_3D ( 'NONE', #4545, #569, #926 ) ;
#193 = ORIENTED_EDGE ( 'NONE', *, *, #3417, .F. ) ;
#194 = ADVANCED_FACE ( 'NONE', ( #4569 ), #203, .F. ) ;
#195 = VECTOR ( 'NONE', #1206, 1000.000000000000000 ) ;
#196 = B_SPLINE_CURVE_WITH_KNOTS ( 'NONE', 3,
 ( #4003, #4288, #4396, #3951 ),
 .UNSPECIFIED., .F., .F.,
 ( 4, 4 ),
 ( 3.000000000000000000, 4.000000000000000000 ),
 .UNSPECIFIED. ) ;
#197 = CARTESIAN_POINT ( 'NONE',  ( 19.99999999999996803, 120.0000000000000142, -9.999999999999385381 ) ) ;
#198 = AXIS2_PLACEMENT_3D ( 'NONE', #4817, #909, #2471 ) ;
#199 = FACE_OUTER_BOUND ( 'NONE', #1052, .T. ) ;
#200 = CARTESIAN_POINT ( 'NONE',  ( 21.44437530280051263, 61.80936624298266935, 5.000000000000000000 ) ) ;
#201 = AXIS2_PLACEMENT_3D ( 'NONE', #8, #429, #1195 ) ;
#202 = LINE ( 'NONE', #3725, #1006 ) ;
#203 = PLANE ( 'NONE',  #4261 ) ;
#204 = B_SPLINE_CURVE_WITH_KNOTS ( 'NONE', 3,
 ( #37, #3119, #4363, #61 ),
 .UNSPECIFIED., .F., .F.,
 ( 4, 4 ),
 ( 20.00000000000000000, 21.00000000000000000 ),
 .UNSPECIFIED. ) ;
#205 = DIRECTION ( 'NONE',  ( 0.000000000000000000, 1.000000000000000000, 0.000000000000000000 ) ) ;
#206 = CARTESIAN_POINT ( 'NONE',  ( 52.50000000000000711, 112.4999999999999858, 0.000000000000000000 ) ) ;
#207 = CARTESIAN_POINT ( 'NONE',  ( 1.202225496247727676, 74.46556032481937848, 1.202225496247726344 ) ) ;
#208 = LINE ( 'NONE', #306, #72 ) ;
#209 = ADVANCED_FACE ( 'NONE', ( #1023, #1067, #2635 ), #641, .T. ) ;
#210 = ORIENTED_EDGE ( 'NONE', *, *, #3361, .F. ) ;
#211 = SURFACE_SIDE_STYLE ('',( #1793 ) ) ;
#212 = EDGE_CURVE ( 'NONE', #374, #176, #4883, .T. ) ;
#213 = ORIENTED_EDGE ( 'NONE', *, *, #2049, .T. ) ;
#214 = LINE ( 'NONE', #2933, #1755 ) ;
#215 = FACE_OUTER_BOUND ( 'NONE', #4356, .T. ) ;
#216 = CARTESIAN_POINT ( 'NONE',  ( 74.86912603607204630, 74.96095898797697998, 0.3926218917841832745 ) ) ;
#217 = EDGE_LOOP ( 'NONE', ( #4940, #4450 ) ) ;
#218 = DIRECTION ( 'NONE',  ( 0.000000000000000000, 0.000000000000000000, 1.000000000000000000 ) ) ;
#219 = CARTESIAN_POINT ( 'NONE',  ( 16.97589199274863958, 59.84551655870923526, 5.000000000000000000 ) ) ;
#220 = CARTESIAN_POINT ( 'NONE',  ( 57.49999999999999289, 117.5000000000000000, 0.000000000000000000 ) ) ;
#221 = VERTEX_POINT ( 'NONE', #1766 ) ;
#222 = EDGE_CURVE ( 'NONE', #4386, #5003, #2557, .T. ) ;
#223 = AXIS2_PLACEMENT_3D ( 'NONE', #3529, #693, #2254 ) ;
#224 = ORIENTED_EDGE ( 'NONE', *, *, #362, .T. ) ;
#225 = CARTESIAN_POINT ( 'NONE',  ( 0.000000000000000000, 75.00000000000000000, 0.000000000000000000 ) ) ;
#226 = VECTOR ( 'NONE', #3747, 1000.000000000000000 ) ;
#227 = CARTESIAN_POINT ( 'NONE',  ( 59.20000000000001705, 106.6999999999999886, 3.000000000000000000 ) ) ;
#228 = CARTESIAN_POINT ( 'NONE',  ( 56.98098263606785707, 69.19504434610479393, 4.599999999999999645 ) ) ;
#229 = ADVANCED_FACE ( 'NONE', ( #666 ), #4322, .F. ) ;
#230 = DIRECTION ( 'NONE',  ( 0.9516499134411965377, -0.3071847037978341910, 0.000000000000000000 ) ) ;
#231 = FACE_OUTER_BOUND ( 'NONE', #2746, .T. ) ;
#232 = CARTESIAN_POINT ( 'NONE',  ( 51.27523411172361278, 66.83697843894681512, 5.000000000000000000 ) ) ;
#233 = VERTEX_POINT ( 'NONE', #3757 ) ;
#234 = CARTESIAN_POINT ( 'NONE',  ( 73.50000000000000000, 73.50000000000000000, 0.5000000000000000000 ) ) ;
#235 = VECTOR ( 'NONE', #3651, 1000.000000000000000 ) ;
#236 = VERTEX_POINT ( 'NONE', #3446 ) ;
#237 = CARTESIAN_POINT ( 'NONE',  ( 18.96159110272099824, 59.94858267635414251, 4.599999999999999645 ) ) ;
#238 = CARTESIAN_POINT ( 'NONE',  ( -0.1097077414813996121, 50.68316854231772339, 5.000000000000000000 ) ) ;
#239 = EDGE_CURVE ( 'NONE', #2982, #4753, #1405, .T. ) ;
#240 = CARTESIAN_POINT ( 'NONE',  ( 75.00000000000000000, 75.00000000000000000, -2.755455298081542313E-16 ) ) ;
#241 = PRODUCT_DEFINITION_SHAPE ( 'NONE', 'NONE',  #4355 ) ;
#242 = ORIENTED_EDGE ( 'NONE', *, *, #4796, .F. ) ;
#243 = CARTESIAN_POINT ( 'NONE',  ( 71.46446609406726225, 2.499999999999996003, -10.00000000000000178 ) ) ;
#244 = DIRECTION ( 'NONE',  ( 1.000000000000000000, 0.000000000000000000, 0.000000000000000000 ) ) ;
#245 = CARTESIAN_POINT ( 'NONE',  ( 59.94118143679965982, 68.86282220606143767, 5.000000000000000000 ) ) ;
#246 = ORIENTED_EDGE ( 'NONE', *, *, #2611, .F. ) ;
#247 = EDGE_CURVE ( 'NONE', #2606, #2568, #3374, .T. ) ;
#248 = CARTESIAN_POINT ( 'NONE',  ( 19.62533348695867375, 58.04522673193246618, 5.000000000000000000 ) ) ;
#249 = CARTESIAN_POINT ( 'NONE',  ( 25.61020819466324028, 50.41079370095809509, 4.599999999999999645 ) ) ;
#250 = CARTESIAN_POINT ( 'NONE',  ( 69.99999999999998579, 0.000000000000000000, 0.000000000000000000 ) ) ;
#251 = CARTESIAN_POINT ( 'NONE',  ( 38.23827591779982527, 68.33259183104274825, 5.000000000000000000 ) ) ;
#252 = DIRECTION ( 'NONE',  ( -0.9999976573062887564, -0.002164574307898562821, 0.000000000000000000 ) ) ;
#253 = CARTESIAN_POINT ( 'NONE',  ( 0.000000000000000000, 0.000000000000000000, 0.000000000000000000 ) ) ;
#254 = LINE ( 'NONE', #4528, #4017 ) ;
#255 = ORIENTED_EDGE ( 'NONE', *, *, #3036, .F. ) ;
#256 = CARTESIAN_POINT ( 'NONE',  ( 29.90268027374996151, 55.46778468053395272, 5.000000000000000000 ) ) ;
#257 = DIRECTION ( 'NONE',  ( 0.000000000000000000, 1.000000000000000000, 0.000000000000000000 ) ) ;
#258 = EDGE_CURVE ( 'NONE', #2766, #2017, #208, .T. ) ;
#259 = ADVANCED_FACE ( 'NONE', ( #1769 ), #5001, .F. ) ;
#260 = VERTEX_POINT ( 'NONE', #2154 ) ;
#261 = CARTESIAN_POINT ( 'NONE',  ( 27.50000000000005329, 112.5000000000000000, -5.000000000000000000 ) ) ;
#262 = CARTESIAN_POINT ( 'NONE',  ( 1.192661466158058126, 45.58501535375197022, 0.3975538220526754762 ) ) ;
#263 = B_SPLINE_CURVE_WITH_KNOTS ( 'NONE', 3,
 ( #4098, #915, #4534, #4049 ),
 .UNSPECIFIED., .F., .F.,
 ( 4, 4 ),
 ( 4.000000000000000000, 5.000000000000000000 ),
 .UNSPECIFIED. ) ;
#264 = ORIENTED_EDGE ( 'NONE', *, *, #1301, .F. ) ;
#265 = DIRECTION ( 'NONE',  ( 1.000000000000000000, 0.000000000000000000, 0.000000000000000000 ) ) ;
#266 = CARTESIAN_POINT ( 'NONE',  ( 0.08403613695285461205, 45.30220759057471014, 0.9236132688777051181 ) ) ;
#267 = LINE ( 'NONE', #4622, #4939 ) ;
#268 = DIRECTION ( 'NONE',  ( 0.000000000000000000, -1.000000000000000000, 0.000000000000000000 ) ) ;
#269 = DIRECTION ( 'NONE',  ( 0.9852984844326472258, -0.1708417296058796220, 0.000000000000000000 ) ) ;
#270 = EDGE_CURVE ( 'NONE', #4480, #4386, #3162, .T. ) ;
#271 = VECTOR ( 'NONE', #3640, 1000.000000000000000 ) ;
#272 = ORIENTED_EDGE ( 'NONE', *, *, #4263, .T. ) ;
#273 = VECTOR ( 'NONE', #4799, 1000.000000000000000 ) ;
#274 = DIRECTION ( 'NONE',  ( -0.000000000000000000, -0.000000000000000000, 1.000000000000000000 ) ) ;
#275 = CARTESIAN_POINT ( 'NONE',  ( 59.96680715955792351, 68.43253565528095805, 4.599999999999999645 ) ) ;
#276 = CARTESIAN_POINT ( 'NONE',  ( 36.13642652309636105, 63.22390502553643188, 5.000000000000000000 ) ) ;
#277 = CIRCLE ( 'NONE', #1825, 4.999999999999997335 ) ;
#278 = CIRCLE ( 'NONE', #4223, 2.500000000000002220 ) ;
#279 = CARTESIAN_POINT ( 'NONE',  ( -6.938893903907228378E-15, 117.5000000000000142, -12.50000000000000000 ) ) ;
#280 = CARTESIAN_POINT ( 'NONE',  ( -10.92803065941448004, 6.425623486521693017, 4.599999999999999645 ) ) ;
#281 = CARTESIAN_POINT ( 'NONE',  ( 44.66710539870615548, 52.78012259853174726, 5.000000000000000000 ) ) ;
#282 = CARTESIAN_POINT ( 'NONE',  ( 51.97385331965852373, 56.96884372970191635, 5.000000000000000000 ) ) ;
#283 = ORIENTED_EDGE ( 'NONE', *, *, #4491, .F. ) ;
#284 = EDGE_CURVE ( 'NONE', #123, #3589, #4953, .T. ) ;
#285 = FACE_OUTER_BOUND ( 'NONE', #4895, .T. ) ;
#286 = ORIENTED_EDGE ( 'NONE', *, *, #2598, .F. ) ;
#287 = CARTESIAN_POINT ( 'NONE',  ( 22.50000000000000000, -0.001000000000001000089, -10.00000000000000178 ) ) ;
#288 = CARTESIAN_POINT ( 'NONE',  ( 1.499999999999997335, 45.62132034355963128, 0.4999999999999996669 ) ) ;
#289 = VECTOR ( 'NONE', #3590, 1000.000000000000114 ) ;
#290 = CARTESIAN_POINT ( 'NONE',  ( 43.08109070326097623, 63.58109551050128516, 5.000000000000000000 ) ) ;
#291 = ADVANCED_FACE ( 'NONE', ( #3352 ), #2203, .F. ) ;
#292 = VERTEX_POINT ( 'NONE', #1384 ) ;
#293 = LINE ( 'NONE', #2576, #1340 ) ;
#294 = CYLINDRICAL_SURFACE ( 'NONE', #2741, 1.500000000000000000 ) ;
#295 = CARTESIAN_POINT ( 'NONE',  ( 61.25000000000000711, 114.9999999999999858, -15.00000000000000000 ) ) ;
#296 = CARTESIAN_POINT ( 'NONE',  ( 59.96680715955792351, 68.43253565528095805, 5.000000000000000000 ) ) ;
#297 = ORIENTED_EDGE ( 'NONE', *, *, #1043, .T. ) ;
#298 = EDGE_CURVE ( 'NONE', #1777, #1992, #4575, .T. ) ;
#299 = CARTESIAN_POINT ( 'NONE',  ( 22.49999999999999289, 114.9999999999999858, -15.00000000000000000 ) ) ;
#300 = PLANE ( 'NONE',  #855 ) ;
#301 = EDGE_CURVE ( 'NONE', #925, #1326, #254, .T. ) ;
#302 = FACE_OUTER_BOUND ( 'NONE', #4771, .T. ) ;
#303 = CARTESIAN_POINT ( 'NONE',  ( 17.47486356014925235, 52.58369472743159179, 4.599999999999999645 ) ) ;
#304 = CARTESIAN_POINT ( 'NONE',  ( 47.92276532451271720, 52.83655436281766526, 4.599999999999999645 ) ) ;
#305 = CARTESIAN_POINT ( 'NONE',  ( 67.50000000000000000, 4.999999999999993783, -12.50000000000000000 ) ) ;
#306 = CARTESIAN_POINT ( 'NONE',  ( -10.93025206120001513, 6.426919324222285290, 5.000000000000000000 ) ) ;
#307 = EDGE_CURVE ( 'NONE', #4147, #2631, #1433, .T. ) ;
#308 = VERTEX_POINT ( 'NONE', #4217 ) ;
#309 = CYLINDRICAL_SURFACE ( 'NONE', #870, 1.899999999999999023 ) ;
#310 = ORIENTED_EDGE ( 'NONE', *, *, #144, .F. ) ;
#311 = EDGE_CURVE ( 'NONE', #3386, #1770, #1007, .T. ) ;
#312 = LINE ( 'NONE', #287, #3875 ) ;
#313 = CARTESIAN_POINT ( 'NONE',  ( 53.53553390593275907, 118.5355339059327378, -9.999999999999998224 ) ) ;
#314 = CARTESIAN_POINT ( 'NONE',  ( 18.12035258729484966, -9.004735323125991897, 5.000000000000000000 ) ) ;
#315 = B_SPLINE_CURVE_WITH_KNOTS ( 'NONE', 3,
 ( #405, #1965, #2101, #1371 ),
 .UNSPECIFIED., .F., .F.,
 ( 4, 4 ),
 ( 16.00000000000000000, 17.00000000000000000 ),
 .UNSPECIFIED. ) ;
#316 = VECTOR ( 'NONE', #4166, 1000.000000000000000 ) ;
#317 = ORIENTED_EDGE ( 'NONE', *, *, #578, .F. ) ;
#318 = CARTESIAN_POINT ( 'NONE',  ( 36.14294705659228413, 60.21152601110345159, 5.000000000000000000 ) ) ;
#319 = FACE_OUTER_BOUND ( 'NONE', #1388, .T. ) ;
#320 = CARTESIAN_POINT ( 'NONE',  ( -0.1374238320307762662, 63.48754560515362755, 4.599999999999999645 ) ) ;
#321 = DIRECTION ( 'NONE',  ( 0.000000000000000000, 0.000000000000000000, 1.000000000000000000 ) ) ;
#322 = ORIENTED_EDGE ( 'NONE', *, *, #222, .T. ) ;
#323 = CARTESIAN_POINT ( 'NONE',  ( 19.99999999999996803, 120.0000000000000142, -9.999999999999385381 ) ) ;
#324 = DIRECTION ( 'NONE',  ( -1.000000000000000000, 0.000000000000000000, 0.000000000000000000 ) ) ;
#325 = ORIENTED_EDGE ( 'NONE', *, *, #3796, .T. ) ;
#326 = FACE_OUTER_BOUND ( 'NONE', #341, .T. ) ;
#327 = CARTESIAN_POINT ( 'NONE',  ( 41.19160789426834413, 63.02673180877590653, 4.599999999999999645 ) ) ;
#328 = DIRECTION ( 'NONE',  ( 0.000000000000000000, 0.000000000000000000, -1.000000000000000000 ) ) ;
#329 = CARTESIAN_POINT ( 'NONE',  ( 44.56405526832953967, 53.12911202077057737, 5.000000000000000000 ) ) ;
#330 = ORIENTED_EDGE ( 'NONE', *, *, #3959, .T. ) ;
#331 = CARTESIAN_POINT ( 'NONE',  ( 27.11389941078661536, 71.12337289908458615, 4.599999999999999645 ) ) ;
#332 = ORIENTED_EDGE ( 'NONE', *, *, #3358, .F. ) ;
#333 = CARTESIAN_POINT ( 'NONE',  ( 22.08606763532822725, 58.68548362696230924, 4.599999999999999645 ) ) ;
#334 = CARTESIAN_POINT ( 'NONE',  ( 58.98905642500519519, 50.81109250854794368, 5.000000000000000000 ) ) ;
#335 = CARTESIAN_POINT ( 'NONE',  ( 73.50000000000000000, 46.49999999999999289, 0.5000000000000000000 ) ) ;
#336 = ORIENTED_EDGE ( 'NONE', *, *, #2173, .F. ) ;
#337 = CARTESIAN_POINT ( 'NONE',  ( 43.44441003206581087, 63.58188194402834625, 4.599999999999999645 ) ) ;
#338 = CARTESIAN_POINT ( 'NONE',  ( 23.95290432188574670, 64.81307871474692206, 5.000000000000000000 ) ) ;
#339 = CARTESIAN_POINT ( 'NONE',  ( 60.62223606764680994, 50.81462765552436167, 5.000000000000000000 ) ) ;
#340 = ORIENTED_EDGE ( 'NONE', *, *, #258, .T. ) ;
#341 = EDGE_LOOP ( 'NONE', ( #3962, #4561, #4876, #2879 ) ) ;
#342 = EDGE_CURVE ( 'NONE', #3900, #3648, #4552, .T. ) ;
#343 = LINE ( 'NONE', #3494, #1491 ) ;
#344 = ORIENTED_EDGE ( 'NONE', *, *, #5076, .T. ) ;
#345 = CARTESIAN_POINT ( 'NONE',  ( 16.97589199274863958, 59.84551655870923526, 4.599999999999999645 ) ) ;
#346 = CARTESIAN_POINT ( 'NONE',  ( 23.96329594661243689, 60.01231934864183160, 4.599999999999999645 ) ) ;
#347 = VECTOR ( 'NONE', #1103, 1000.000000000000000 ) ;
#348 = LINE ( 'NONE', #3185, #3728 ) ;
#349 = ADVANCED_FACE ( 'NONE', ( #1071 ), #2799, .F. ) ;
#350 = ORIENTED_EDGE ( 'NONE', *, *, #2085, .F. ) ;
#351 = VECTOR ( 'NONE', #4688, 1000.000000000000000 ) ;
#352 = VECTOR ( 'NONE', #4461, 1000.000000000000000 ) ;
#353 = CARTESIAN_POINT ( 'NONE',  ( -0.1135253844867327028, 52.44685669470982248, 4.599999999999999645 ) ) ;
#354 = DIRECTION ( 'NONE',  ( -1.000000000000000000, 0.000000000000000000, -0.000000000000000000 ) ) ;
#355 = CARTESIAN_POINT ( 'NONE',  ( 7.499999999999989342, 4.999999999999993783, -12.50000000000000000 ) ) ;
#356 = LINE ( 'NONE', #1949, #1787 ) ;
#357 = VECTOR ( 'NONE', #3767, 1000.000000000000000 ) ;
#358 = ORIENTED_EDGE ( 'NONE', *, *, #1333, .T. ) ;
#359 = VECTOR ( 'NONE', #2776, 1000.000000000000000 ) ;
#360 = AXIS2_PLACEMENT_3D ( 'NONE', #2825, #1657, #4806 ) ;
#361 = ORIENTED_EDGE ( 'NONE', *, *, #4311, .T. ) ;
#362 = EDGE_CURVE ( 'NONE', #1510, #3908, #2334, .T. ) ;
#363 = CARTESIAN_POINT ( 'NONE',  ( 1.490330855880328320, 73.69634717512361988, 0.4967769519601281103 ) ) ;
#364 = VECTOR ( 'NONE', #1934, 1000.000000000000000 ) ;
#365 = LINE ( 'NONE', #4278, #5042 ) ;
#366 = EDGE_CURVE ( 'NONE', #3583, #3282, #21, .T. ) ;
#367 = CIRCLE ( 'NONE', #3499, 5.000000000000000888 ) ;
#368 = ORIENTED_EDGE ( 'NONE', *, *, #1929, .F. ) ;
#369 = VECTOR ( 'NONE', #3874, 1000.000000000000114 ) ;
#370 = CARTESIAN_POINT ( 'NONE',  ( 61.71829178137526384, 4.045320493428457453, 5.000000000000000000 ) ) ;
#371 = CARTESIAN_POINT ( 'NONE',  ( 17.57029234899437498, 67.16261583822674197, 5.000000000000000000 ) ) ;
#372 = FACE_OUTER_BOUND ( 'NONE', #3999, .T. ) ;
#373 = EDGE_LOOP ( 'NONE', ( #774, #2991, #2872, #2380 ) ) ;
#374 = VERTEX_POINT ( 'NONE', #3505 ) ;
#375 = CARTESIAN_POINT ( 'NONE',  ( 74.50000000000000000, 46.49999999999999289, 0.5000000000000000000 ) ) ;
#376 = EDGE_LOOP ( 'NONE', ( #2366, #4348, #516, #4302 ) ) ;
#377 = FACE_OUTER_BOUND ( 'NONE', #812, .T. ) ;
#378 = DIRECTION ( 'NONE',  ( -1.000000000000000000, 0.000000000000000000, 0.000000000000000000 ) ) ;
#379 = ORIENTED_EDGE ( 'NONE', *, *, #1752, .T. ) ;
#380 = ORIENTED_EDGE ( 'NONE', *, *, #3367, .T. ) ;
#381 = DIRECTION ( 'NONE',  ( -0.000000000000000000, -0.000000000000000000, 1.000000000000000000 ) ) ;
#382 = EDGE_CURVE ( 'NONE', #3238, #2486, #3615, .T. ) ;
#383 = VECTOR ( 'NONE', #660, 1000.000000000000000 ) ;
#384 = DIRECTION ( 'NONE',  ( -0.000000000000000000, -0.000000000000000000, -1.000000000000000000 ) ) ;
#385 = DIRECTION ( 'NONE',  ( 1.000000000000000000, 0.000000000000000000, 0.000000000000000000 ) ) ;
#386 = DIRECTION ( 'NONE',  ( -0.000000000000000000, -0.000000000000000000, 1.000000000000000000 ) ) ;
#387 = ORIENTED_EDGE ( 'NONE', *, *, #1313, .T. ) ;
#388 = FACE_OUTER_BOUND ( 'NONE', #745, .T. ) ;
#389 = VECTOR ( 'NONE', #384, 1000.000000000000000 ) ;
#390 = DIRECTION ( 'NONE',  ( 0.000000000000000000, 0.000000000000000000, 1.000000000000000000 ) ) ;
#391 = ORIENTED_EDGE ( 'NONE', *, *, #1969, .F. ) ;
#392 = DIRECTION ( 'NONE',  ( 0.000000000000000000, 0.000000000000000000, -1.000000000000000000 ) ) ;
#393 = VECTOR ( 'NONE', #630, 1000.000000000000000 ) ;
#394 = CARTESIAN_POINT ( 'NONE',  ( 28.99618295937896306, 45.67025248322667608, 4.599999999999999645 ) ) ;
#395 = CYLINDRICAL_SURFACE ( 'NONE', #2664, 5.000000000000000888 ) ;
#396 = EDGE_LOOP ( 'NONE', ( #3202, #1987, #2319 ) ) ;
#397 = EDGE_CURVE ( 'NONE', #1992, #2630, #2695, .T. ) ;
#398 = DIRECTION ( 'NONE',  ( -1.000000000000000000, -2.360167994526267448E-16, 0.000000000000000000 ) ) ;
#399 = LINE ( 'NONE', #1619, #611 ) ;
#400 = CARTESIAN_POINT ( 'NONE',  ( -0.1097077414813996121, 50.68316854231772339, 4.599999999999999645 ) ) ;
#401 = ORIENTED_EDGE ( 'NONE', *, *, #2832, .T. ) ;
#402 = DIRECTION ( 'NONE',  ( -1.000000000000000000, 0.000000000000000000, 0.000000000000000000 ) ) ;
#403 = ORIENTED_EDGE ( 'NONE', *, *, #1682, .T. ) ;
#404 = ORIENTED_EDGE ( 'NONE', *, *, #1739, .T. ) ;
#405 = CARTESIAN_POINT ( 'NONE',  ( 38.23827591779982527, 68.33259183104274825, 5.000000000000000000 ) ) ;
#406 = LINE ( 'NONE', #3103, #2559 ) ;
#407 = CARTESIAN_POINT ( 'NONE',  ( 51.17218398280328273, 67.18596718839175708, 5.000000000000000000 ) ) ;
#408 = VERTEX_POINT ( 'NONE', #5087 ) ;
#409 = ORIENTED_EDGE ( 'NONE', *, *, #1521, .F. ) ;
#410 = EDGE_CURVE ( 'NONE', #574, #4576, #356, .T. ) ;
#411 = EDGE_CURVE ( 'NONE', #3900, #3954, #5029, .T. ) ;
#412 = DIRECTION ( 'NONE',  ( 1.000000000000000000, 0.000000000000000000, 0.000000000000000000 ) ) ;
#413 = CARTESIAN_POINT ( 'NONE',  ( -3.275333094364116728E-15, 44.99999999999999289, -2.572686749164322364E-15 ) ) ;
#414 = DIRECTION ( 'NONE',  ( -0.000000000000000000, -0.000000000000000000, 1.000000000000000000 ) ) ;
#415 = DIRECTION ( 'NONE',  ( 0.000000000000000000, 0.000000000000000000, 1.000000000000000000 ) ) ;
#416 = ORIENTED_EDGE ( 'NONE', *, *, #536, .F. ) ;
#417 = CARTESIAN_POINT ( 'NONE',  ( 67.50000000000000000, -6.071532165918824830E-15, 0.000000000000000000 ) ) ;
#418 = CARTESIAN_POINT ( 'NONE',  ( 73.50000000000000000, 73.50000000000000000, 0.4999999999999998890 ) ) ;
#419 = EDGE_LOOP ( 'NONE', ( #3276, #3289, #22, #831 ) ) ;
#420 = CARTESIAN_POINT ( 'NONE',  ( 26.87154115849022773, 65.75768277533703099, 4.599999999999999645 ) ) ;
#421 = CARTESIAN_POINT ( 'NONE',  ( 73.65175053750370182, 45.83527324319167917, 0.4494164874987637281 ) ) ;
#422 = EDGE_CURVE ( 'NONE', #3921, #2931, #4657, .T. ) ;
#423 = EDGE_CURVE ( 'NONE', #408, #3965, #4681, .T. ) ;
#424 = DIRECTION ( 'NONE',  ( 0.000000000000000000, 0.000000000000000000, 1.000000000000000000 ) ) ;
#425 = VERTEX_POINT ( 'NONE', #1973 ) ;
#426 = VECTOR ( 'NONE', #2906, 1000.000000000000114 ) ;
#427 = CARTESIAN_POINT ( 'NONE',  ( 57.58860395026325563, 65.51376142484208742, 4.599999999999999645 ) ) ;
#428 = LINE ( 'NONE', #781, #2497 ) ;
#429 = DIRECTION ( 'NONE',  ( -0.000000000000000000, 0.000000000000000000, 1.000000000000000000 ) ) ;
#430 = CARTESIAN_POINT ( 'NONE',  ( 37.87316993195197767, 69.15721150665848427, 4.599999999999999645 ) ) ;
#431 = EDGE_LOOP ( 'NONE', ( #4673, #131, #2396, #1107 ) ) ;
#432 = VERTEX_POINT ( 'NONE', #1505 ) ;
#433 = CARTESIAN_POINT ( 'NONE',  ( 0.000000000000000000, 0.000000000000000000, 4.599999999999999645 ) ) ;
#434 = EDGE_CURVE ( 'NONE', #100, #913, #1210, .T. ) ;
#435 = DIRECTION ( 'NONE',  ( -1.000000000000000000, 0.000000000000000000, -0.000000000000000000 ) ) ;
#436 = ORIENTED_EDGE ( 'NONE', *, *, #1365, .T. ) ;
#437 = LINE ( 'NONE', #761, #1990 ) ;
#438 = ORIENTED_EDGE ( 'NONE', *, *, #1569, .T. ) ;
#439 = DIRECTION ( 'NONE',  ( 1.000000000000000000, 0.000000000000000000, -1.883909694910845069E-13 ) ) ;
#440 = CARTESIAN_POINT ( 'NONE',  ( 35.77095332533829009, 65.84749438515547126, 5.000000000000000000 ) ) ;
#441 = CARTESIAN_POINT ( 'NONE',  ( 38.85478914024159991, 50.76751028877510663, 5.000000000000000000 ) ) ;
#442 = CARTESIAN_POINT ( 'NONE',  ( -0.1495181222758735495, 69.07490838016774148, 5.000000000000000000 ) ) ;
#443 = ORIENTED_EDGE ( 'NONE', *, *, #1263, .F. ) ;
#444 = AXIS2_PLACEMENT_3D ( 'NONE', #3835, #4934, #4200 ) ;
#445 = DIRECTION ( 'NONE',  ( -0.9999976573062887564, -0.002164574307904652134, 0.000000000000000000 ) ) ;
#446 = VECTOR ( 'NONE', #1871, 1000.000000000000114 ) ;
#447 = CARTESIAN_POINT ( 'NONE',  ( 73.86991981316477052, 74.49124015672440180, 0.3766933956117309856 ) ) ;
#448 = VERTEX_POINT ( 'NONE', #768 ) ;
#449 = CIRCLE ( 'NONE', #1994, 2.500000000000002220 ) ;
#450 = LINE ( 'NONE', #3143, #932 ) ;
#451 = CARTESIAN_POINT ( 'NONE',  ( 39.52096675179606677, 50.99823335541131542, 4.599999999999999645 ) ) ;
#452 = AXIS2_PLACEMENT_3D ( 'NONE', #1707, #3290, #1306 ) ;
#453 = CARTESIAN_POINT ( 'NONE',  ( 27.50000000000000000, -0.001000000000001000089, -10.00000000000000000 ) ) ;
#454 = AXIS2_PLACEMENT_3D ( 'NONE', #2755, #1586, #1181 ) ;
#455 = CIRCLE ( 'NONE', #1669, 5.000000000000000888 ) ;
#456 = EDGE_LOOP ( 'NONE', ( #3910, #1762, #871, #863, #1029, #3982 ) ) ;
#457 = VECTOR ( 'NONE', #2261, 1000.000000000000000 ) ;
#458 = DIRECTION ( 'NONE',  ( -0.000000000000000000, 1.000000000000000000, -0.000000000000000000 ) ) ;
#459 = DIRECTION ( 'NONE',  ( -0.000000000000000000, -0.000000000000000000, 1.000000000000000000 ) ) ;
#460 = CARTESIAN_POINT ( 'NONE',  ( 28.50223509472851191, 52.24071647654527339, 5.000000000000000000 ) ) ;
#461 = EDGE_CURVE ( 'NONE', #789, #4430, #3759, .T. ) ;
#462 = ORIENTED_EDGE ( 'NONE', *, *, #1907, .F. ) ;
#463 = VECTOR ( 'NONE', #934, 1000.000000000000000 ) ;
#464 = ORIENTED_EDGE ( 'NONE', *, *, #1929, .T. ) ;
#465 = CARTESIAN_POINT ( 'NONE',  ( 32.49297329594386241, 48.40096926034961911, 5.000000000000000000 ) ) ;
#466 = DIRECTION ( 'NONE',  ( -1.000000000000000000, 0.000000000000000000, 0.000000000000000000 ) ) ;
#467 = VERTEX_POINT ( 'NONE', #2362 ) ;
#468 = ORIENTED_EDGE ( 'NONE', *, *, #5055, .T. ) ;
#469 = CARTESIAN_POINT ( 'NONE',  ( 30.84107323525157796, -9.955243575954488833, 4.599999999999999645 ) ) ;
#470 = CARTESIAN_POINT ( 'NONE',  ( 54.64768155626244805, 56.93935805308353082, 5.000000000000000000 ) ) ;
#471 = CARTESIAN_POINT ( 'NONE',  ( 56.70000000000001705, 106.6999999999999886, 3.000000000000000000 ) ) ;
#472 = EDGE_CURVE ( 'NONE', #1770, #2797, #4625, .T. ) ;
#473 = CARTESIAN_POINT ( 'NONE',  ( 5.000000000000000000, 0.000000000000000000, 0.000000000000000000 ) ) ;
#474 = VERTEX_POINT ( 'NONE', #329 ) ;
#475 = CIRCLE ( 'NONE', #2040, 1.250000000000001110 ) ;
#476 = CARTESIAN_POINT ( 'NONE',  ( 74.02252790794233306, 74.69639340368198077, 0.9774720920581970729 ) ) ;
#477 = EDGE_CURVE ( 'NONE', #1136, #292, #2672, .T. ) ;
#478 = CARTESIAN_POINT ( 'NONE',  ( 0.000000000000000000, 0.000000000000000000, 0.000000000000000000 ) ) ;
#479 = CARTESIAN_POINT ( 'NONE',  ( 74.51599167155681869, 46.11107620907489490, 1.452024985329295914 ) ) ;
#480 = AXIS2_PLACEMENT_3D ( 'NONE', #1503, #1842, #3083 ) ;
#481 = CARTESIAN_POINT ( 'NONE',  ( 13.74999999999998401, 117.5000000000000000, 0.000000000000000000 ) ) ;
#482 = CARTESIAN_POINT ( 'NONE',  ( 48.65312595226107106, 67.41684983397829001, 4.599999999999999645 ) ) ;
#483 = EDGE_CURVE ( 'NONE', #2754, #4826, #714, .T. ) ;
#484 = EDGE_LOOP ( 'NONE', ( #506, #539, #10, #4774 ) ) ;
#485 = LINE ( 'NONE', #5069, #4868 ) ;
#486 = CARTESIAN_POINT ( 'NONE',  ( 0.01429782185055691532, 74.95174488975118265, 0.3899492020818434712 ) ) ;
#487 = DIRECTION ( 'NONE',  ( 0.9459077980375388828, -0.3244355677353744638, 0.000000000000000000 ) ) ;
#488 = CARTESIAN_POINT ( 'NONE',  ( 61.25000000000001421, 117.5000000000000000, -15.00000000000000000 ) ) ;
#489 = VERTEX_POINT ( 'NONE', #3531 ) ;
#490 = ORIENTED_EDGE ( 'NONE', *, *, #2979, .F. ) ;
#491 = PLANE ( 'NONE',  #1674 ) ;
#492 = CARTESIAN_POINT ( 'NONE',  ( 26.16751767727940958, 50.41905633430118883, 5.000000000000000000 ) ) ;
#493 = VERTEX_POINT ( 'NONE', #3085 ) ;
#494 = EDGE_CURVE ( 'NONE', #3671, #4, #3932, .T. ) ;
#495 = ORIENTED_EDGE ( 'NONE', *, *, #185, .T. ) ;
#496 = CARTESIAN_POINT ( 'NONE',  ( 37.79313599863449724, -0.2453156435208566355, 4.599999999999999645 ) ) ;
#497 = AXIS2_PLACEMENT_3D ( 'NONE', #4924, #977, #1477 ) ;
#498 = DIRECTION ( 'NONE',  ( -0.000000000000000000, 1.000000000000000000, -0.000000000000000000 ) ) ;
#499 = CARTESIAN_POINT ( 'NONE',  ( 56.70000000000000284, 15.99999999999999289, 3.000000000000000000 ) ) ;
#500 = B_SPLINE_SURFACE_WITH_KNOTS ( 'NONE', 3, 1, ( 
 ( #3967, #3564 ),
 ( #505, #3594 ),
 ( #451, #57 ),
 ( #1880, #884 ) ),
 .UNSPECIFIED., .F., .F., .F.,
 ( 4, 4 ),
 ( 2, 2 ),
 ( 23.00000000000000000, 24.00000000000000000 ),
 ( 0.000000000000000000, 1.000000000000000000 ),
 .UNSPECIFIED. ) ;
#501 = ORIENTED_EDGE ( 'NONE', *, *, #301, .F. ) ;
#502 = PLANE ( 'NONE',  #3305 ) ;
#503 = DIRECTION ( 'NONE',  ( -0.000000000000000000, 1.000000000000000000, -0.000000000000000000 ) ) ;
#504 = DIRECTION ( 'NONE',  ( 0.000000000000000000, 0.000000000000000000, 1.000000000000000000 ) ) ;
#505 = CARTESIAN_POINT ( 'NONE',  ( 39.20752677072000125, 50.76827381737618339, 4.599999999999999645 ) ) ;
#506 = ORIENTED_EDGE ( 'NONE', *, *, #3271, .T. ) ;
#507 = CARTESIAN_POINT ( 'NONE',  ( 43.86543613087226845, 62.99724613215688862, 5.000000000000000000 ) ) ;
#508 = ORIENTED_EDGE ( 'NONE', *, *, #1285, .F. ) ;
#509 = CARTESIAN_POINT ( 'NONE',  ( 52.50000000000000711, 112.4999999999999858, -15.00000000000000000 ) ) ;
#510 = DIRECTION ( 'NONE',  ( -0.000000000000000000, -0.000000000000000000, 1.000000000000000000 ) ) ;
#511 = ORIENTED_EDGE ( 'NONE', *, *, #2661, .T. ) ;
#512 = EDGE_LOOP ( 'NONE', ( #136, #2381, #4727, #4956 ) ) ;
#513 = CARTESIAN_POINT ( 'NONE',  ( -3.980102097228902570E-15, 44.99999999999999289, 0.000000000000000000 ) ) ;
#514 = CARTESIAN_POINT ( 'NONE',  ( 17.50000000000000000, 120.0000000000000000, 0.000000000000000000 ) ) ;
#515 = EDGE_CURVE ( 'NONE', #1090, #236, #531, .T. ) ;
#516 = ORIENTED_EDGE ( 'NONE', *, *, #1450, .F. ) ;
#517 = ORIENTED_EDGE ( 'NONE', *, *, #2544, .T. ) ;
#518 = CARTESIAN_POINT ( 'NONE',  ( 1.499999999999997558, 46.49999999999999289, 0.000000000000000000 ) ) ;
#519 = CARTESIAN_POINT ( 'NONE',  ( 54.53551570398803250, 56.61106762017198690, 5.000000000000000000 ) ) ;
#520 = CARTESIAN_POINT ( 'NONE',  ( 26.16751767727940958, 50.41905633430118883, 4.599999999999999645 ) ) ;
#521 = ORIENTED_EDGE ( 'NONE', *, *, #3100, .F. ) ;
#522 = VERTEX_POINT ( 'NONE', #1583 ) ;
#523 = DIRECTION ( 'NONE',  ( -0.000000000000000000, -0.000000000000000000, 1.000000000000000000 ) ) ;
#524 = CARTESIAN_POINT ( 'NONE',  ( 1.348249462496325268, 74.16472675680824977, 0.4494164874987636726 ) ) ;
#525 = CARTESIAN_POINT ( 'NONE',  ( 0.2153560676502531135, 46.11008434363284891, 1.451752836476857933 ) ) ;
#526 = AXIS2_PLACEMENT_3D ( 'NONE', #2752, #740, #2361 ) ;
#527 = EDGE_LOOP ( 'NONE', ( #4224, #2688, #2499, #2792 ) ) ;
#528 = DIRECTION ( 'NONE',  ( 0.000000000000000000, 0.000000000000000000, -1.000000000000000000 ) ) ;
#529 = EDGE_CURVE ( 'NONE', #75, #705, #637, .T. ) ;
#530 = VECTOR ( 'NONE', #2795, 1000.000000000000114 ) ;
#531 = B_SPLINE_CURVE_WITH_KNOTS ( 'NONE', 3,
 ( #4326, #3907, #3872, #796 ),
 .UNSPECIFIED., .F., .F.,
 ( 4, 4 ),
 ( 12.00000000000000000, 13.00000000000000000 ),
 .UNSPECIFIED. ) ;
#532 = ORIENTED_EDGE ( 'NONE', *, *, #247, .T. ) ;
#533 = LINE ( 'NONE', #4922, #3473 ) ;
#534 = LINE ( 'NONE', #1749, #3327 ) ;
#535 = CARTESIAN_POINT ( 'NONE',  ( 69.99999999999998579, 5.000000000000000000, -12.50000000000000000 ) ) ;
#536 = EDGE_CURVE ( 'NONE', #2457, #4480, #3167, .T. ) ;
#537 = AXIS2_PLACEMENT_3D ( 'NONE', #1951, #3533, #445 ) ;
#538 = DIRECTION ( 'NONE',  ( -0.05953976485936680885, 0.9982259345461282907, 0.000000000000000000 ) ) ;
#539 = ORIENTED_EDGE ( 'NONE', *, *, #2246, .F. ) ;
#540 =( BOUNDED_CURVE ( )  B_SPLINE_CURVE ( 3, ( #4850, #4475, #4027, #4428 ),
 .UNSPECIFIED., .F., .F. ) 
 B_SPLINE_CURVE_WITH_KNOTS ( ( 4, 4 ),
 ( 4.712388980384692339, 6.283185307179586232 ),
 .UNSPECIFIED. ) 
 CURVE ( )  GEOMETRIC_REPRESENTATION_ITEM ( )  RATIONAL_B_SPLINE_CURVE ( ( 1.000000000000000000, 0.8047378541243654926, 0.8047378541243654926, 1.000000000000000000 ) ) 
 REPRESENTATION_ITEM ( '' )  );
#541 = CIRCLE ( 'NONE', #4795, 1.899999999999999023 ) ;
#542 = VERTEX_POINT ( 'NONE', #1097 ) ;
#543 = CARTESIAN_POINT ( 'NONE',  ( -6.938893903907228378E-15, 120.0000000000000000, -12.50000000000000000 ) ) ;
#544 = ADVANCED_FACE ( 'NONE', ( #2102 ), #4500, .T. ) ;
#545 = CARTESIAN_POINT ( 'NONE',  ( 22.08331893061677320, 59.95533990403678359, 5.000000000000000000 ) ) ;
#546 = DIRECTION ( 'NONE',  ( 0.000000000000000000, 0.000000000000000000, -1.000000000000000000 ) ) ;
#547 = ORIENTED_EDGE ( 'NONE', *, *, #2929, .F. ) ;
#548 = ORIENTED_EDGE ( 'NONE', *, *, #4060, .T. ) ;
#549 = CARTESIAN_POINT ( 'NONE',  ( 22.50000000000000000, 114.9999999999999858, -10.00000000000000178 ) ) ;
#550 = CARTESIAN_POINT ( 'NONE',  ( 62.49999999999999289, -6.071532165918824830E-15, -5.000000000000000000 ) ) ;
#551 = ORIENTED_EDGE ( 'NONE', *, *, #4343, .T. ) ;
#552 = ORIENTED_EDGE ( 'NONE', *, *, #1506, .T. ) ;
#553 = FACE_OUTER_BOUND ( 'NONE', #419, .T. ) ;
#554 = CARTESIAN_POINT ( 'NONE',  ( 1.301747370749793520, 74.25172605281045435, 0.4339157902498698149 ) ) ;
#555 = B_SPLINE_SURFACE_WITH_KNOTS ( 'NONE', 3, 1, ( 
 ( #4349, #2384 ),
 ( #3958, #440 ),
 ( #4484, #950 ),
 ( #3705, #3272 ) ),
 .UNSPECIFIED., .F., .F., .F.,
 ( 4, 4 ),
 ( 2, 2 ),
 ( 19.00000000000000000, 20.00000000000000000 ),
 ( 0.000000000000000000, 1.000000000000000000 ),
 .UNSPECIFIED. ) ;
#556 = ORIENTED_EDGE ( 'NONE', *, *, #3201, .F. ) ;
#557 = B_SPLINE_CURVE_WITH_KNOTS ( 'NONE', 3,
 ( #38, #2767, #430, #1621 ),
 .UNSPECIFIED., .F., .F.,
 ( 4, 4 ),
 ( 16.00000000000000000, 17.00000000000000000 ),
 .UNSPECIFIED. ) ;
#558 = ORIENTED_EDGE ( 'NONE', *, *, #4910, .F. ) ;
#559 = CARTESIAN_POINT ( 'NONE',  ( 17.50000000000000000, 120.0000000000000000, -15.00000000000000000 ) ) ;
#560 = CARTESIAN_POINT ( 'NONE',  ( 43.86543613087225424, 62.99724613215688862, 4.599999999999999645 ) ) ;
#561 = AXIS2_PLACEMENT_3D ( 'NONE', #2801, #1235, #1312 ) ;
#562 = ORIENTED_EDGE ( 'NONE', *, *, #756, .F. ) ;
#563 = FACE_OUTER_BOUND ( 'NONE', #3927, .T. ) ;
#564 = FACE_OUTER_BOUND ( 'NONE', #1722, .T. ) ;
#565 = DIRECTION ( 'NONE',  ( -1.000000000000000000, 0.000000000000000000, 0.000000000000000000 ) ) ;
#566 = ORIENTED_EDGE ( 'NONE', *, *, #3223, .F. ) ;
#567 = ORIENTED_EDGE ( 'NONE', *, *, #4859, .T. ) ;
#568 = DIRECTION ( 'NONE',  ( 0.000000000000000000, 0.000000000000000000, 1.000000000000000000 ) ) ;
#569 = DIRECTION ( 'NONE',  ( 0.000000000000000000, -1.000000000000000000, 0.000000000000000000 ) ) ;
#570 = CARTESIAN_POINT ( 'NONE',  ( 28.05576097198110119, 72.73037325243286944, 4.599999999999999645 ) ) ;
#571 = EDGE_CURVE ( 'NONE', #236, #260, #4057, .T. ) ;
#572 = CARTESIAN_POINT ( 'NONE',  ( 75.00000000000000000, 46.49999999999999289, 1.500000000000000000 ) ) ;
#573 = CARTESIAN_POINT ( 'NONE',  ( 23.96329594661243689, 60.01231934864183160, 4.599999999999999645 ) ) ;
#574 = VERTEX_POINT ( 'NONE', #2144 ) ;
#575 = EDGE_LOOP ( 'NONE', ( #4402, #2502, #3455, #3863 ) ) ;
#576 = EDGE_CURVE ( 'NONE', #3709, #3129, #3293, .T. ) ;
#577 = LINE ( 'NONE', #939, #3808 ) ;
#578 = EDGE_CURVE ( 'NONE', #621, #4854, #987, .T. ) ;
#579 = PLANE ( 'NONE',  #1425 ) ;
#580 = ORIENTED_EDGE ( 'NONE', *, *, #1008, .F. ) ;
#581 = CYLINDRICAL_SURFACE ( 'NONE', #772, 2.499999999999995115 ) ;
#582 = CARTESIAN_POINT ( 'NONE',  ( 7.499999999999989342, -6.071532165918824830E-15, 2.168404344971008868E-14 ) ) ;
#583 = CARTESIAN_POINT ( 'NONE',  ( 74.50000000000000000, 46.49999999999999289, 1.500000000000000000 ) ) ;
#584 = EDGE_LOOP ( 'NONE', ( #2079, #2758, #4992, #1385 ) ) ;
#585 = VERTEX_POINT ( 'NONE', #2939 ) ;
#586 = EDGE_CURVE ( 'NONE', #3622, #2377, #968, .T. ) ;
#587 = CARTESIAN_POINT ( 'NONE',  ( 47.91652405408409265, 67.12953676969294747, 5.000000000000000000 ) ) ;
#588 = CARTESIAN_POINT ( 'NONE',  ( 28.99618295937896306, 45.67025248322667608, 5.000000000000000000 ) ) ;
#589 = DIRECTION ( 'NONE',  ( -0.9999976573062887564, -0.002164574307906533442, 0.000000000000000000 ) ) ;
#590 = CARTESIAN_POINT ( 'NONE',  ( 1.452024985329368745, 73.88892379092472140, 0.4840083284431023203 ) ) ;
#591 = CARTESIAN_POINT ( 'NONE',  ( 38.89999999999998437, 21.74999999999999289, 0.000000000000000000 ) ) ;
#592 = ORIENTED_EDGE ( 'NONE', *, *, #953, .F. ) ;
#593 = FILL_AREA_STYLE_COLOUR ( '', #4803 ) ;
#594 = ORIENTED_EDGE ( 'NONE', *, *, #70, .T. ) ;
#595 = AXIS2_PLACEMENT_3D ( 'NONE', #1696, #4114, #3328 ) ;
#596 = CARTESIAN_POINT ( 'NONE',  ( 13.74999999999998401, 117.5000000000000000, -15.00000000000000000 ) ) ;
#597 = CARTESIAN_POINT ( 'NONE',  ( 18.29999999999998295, 109.1999999999999886, 3.000000000000000000 ) ) ;
#598 = CARTESIAN_POINT ( 'NONE',  ( 74.93453836895515963, 75.00000000000000000, 0.1963848931343120663 ) ) ;
#599 = B_SPLINE_CURVE_WITH_KNOTS ( 'NONE', 3,
 ( #1362, #931, #2446, #2114 ),
 .UNSPECIFIED., .F., .F.,
 ( 4, 4 ),
 ( 18.00000000000000000, 19.00000000000000000 ),
 .UNSPECIFIED. ) ;
#600 = VECTOR ( 'NONE', #1957, 1000.000000000000114 ) ;
#601 = CIRCLE ( 'NONE', #2824, 1.399999999999984590 ) ;
#602 = VERTEX_POINT ( 'NONE', #4872 ) ;
#603 = FACE_OUTER_BOUND ( 'NONE', #1930, .T. ) ;
#604 = EDGE_CURVE ( 'NONE', #1822, #2630, #4851, .T. ) ;
#605 = LINE ( 'NONE', #2511, #393 ) ;
#606 = CARTESIAN_POINT ( 'NONE',  ( 34.84299446063909045, 51.29851711344042542, 4.599999999999999645 ) ) ;
#607 = ORIENTED_EDGE ( 'NONE', *, *, #3250, .T. ) ;
#608 = CIRCLE ( 'NONE', #192, 5.000000000000000000 ) ;
#609 = ORIENTED_EDGE ( 'NONE', *, *, #2485, .F. ) ;
#610 = VECTOR ( 'NONE', #3956, 1000.000000000000000 ) ;
#611 = VECTOR ( 'NONE', #4388, 1000.000000000000000 ) ;
#612 = CARTESIAN_POINT ( 'NONE',  ( 48.25805883730210155, 67.41599467984798366, 5.000000000000000000 ) ) ;
#613 = CIRCLE ( 'NONE', #2574, 1.000000000000000000 ) ;
#614 = CARTESIAN_POINT ( 'NONE',  ( 60.62223606764680994, 50.81462765552436167, 5.000000000000000000 ) ) ;
#615 = DIRECTION ( 'NONE',  ( -0.9999976573062887564, -0.002164574307904652568, 0.000000000000000000 ) ) ;
#616 = EDGE_CURVE ( 'NONE', #542, #4119, #2549, .T. ) ;
#617 = VECTOR ( 'NONE', #4384, 999.9999999999998863 ) ;
#618 = CARTESIAN_POINT ( 'NONE',  ( 31.45523698125404621, 60.12377736324087607, 4.599999999999999645 ) ) ;
#619 = CARTESIAN_POINT ( 'NONE',  ( 26.87154115849022773, 65.75768277533703099, 5.000000000000000000 ) ) ;
#620 = DIRECTION ( 'NONE',  ( -0.000000000000000000, -0.000000000000000000, 1.000000000000000000 ) ) ;
#621 = VERTEX_POINT ( 'NONE', #2123 ) ;
#622 = CARTESIAN_POINT ( 'NONE',  ( 52.50000000000000711, 114.9999999999999858, -15.00000000000000000 ) ) ;
#623 = EDGE_CURVE ( 'NONE', #3677, #1974, #3957, .T. ) ;
#624 = ORIENTED_EDGE ( 'NONE', *, *, #1526, .F. ) ;
#625 = CARTESIAN_POINT ( 'NONE',  ( 13.74999999999998757, 116.2500000000000000, -15.00000000000000000 ) ) ;
#626 = CARTESIAN_POINT ( 'NONE',  ( 18.29999999999998295, 109.1999999999999886, 0.000000000000000000 ) ) ;
#627 = FACE_OUTER_BOUND ( 'NONE', #2357, .T. ) ;
#628 = ADVANCED_FACE ( 'NONE', ( #3766 ), #2192, .T. ) ;
#629 = ORIENTED_EDGE ( 'NONE', *, *, #3858, .F. ) ;
#630 = DIRECTION ( 'NONE',  ( -0.000000000000000000, -0.000000000000000000, 1.000000000000000000 ) ) ;
#631 = B_SPLINE_CURVE_WITH_KNOTS ( 'NONE', 3,
 ( #4879, #612, #587, #4459 ),
 .UNSPECIFIED., .F., .F.,
 ( 4, 4 ),
 ( 6.000000000000000000, 7.000000000000000000 ),
 .UNSPECIFIED. ) ;
#632 = DIRECTION ( 'NONE',  ( 0.9725882268251367924, -0.2325341717708094280, 0.000000000000000000 ) ) ;
#633 = ORIENTED_EDGE ( 'NONE', *, *, #3140, .F. ) ;
#634 = LINE ( 'NONE', #3481, #271 ) ;
#635 =( BOUNDED_SURFACE ( )  B_SPLINE_SURFACE ( 3, 2, ( 
 ( #3197, #1240, #3880 ),
 ( #2805, #856, #2422 ),
 ( #363, #4464, #2838 ),
 ( #590, #4862, #2469 ),
 ( #2153, #2910, #2887 ),
 ( #524, #207, #3303 ),
 ( #554, #1339, #4508 ),
 ( #3708, #4816, #1718 ),
 ( #4488, #3636, #1768 ),
 ( #3667, #4841, #157 ),
 ( #3351, #1266, #2861 ),
 ( #4041, #3254, #1740 ),
 ( #4091, #3734, #2056 ),
 ( #4411, #3281, #956 ) ),
 .UNSPECIFIED., .F., .F., .F. ) 
 B_SPLINE_SURFACE_WITH_KNOTS ( ( 4, 2, 2, 2, 2, 2, 4 ),
 ( 3, 3 ),
 ( 3.141592653589793116, 3.337942194439155408, 3.534291735288517255, 3.730641276137879103, 3.926990816987241395, 4.319689898685965090, 4.712388980384689674 ),
 ( 0.000000000000000000, 1.000000000000000000 ),
 .UNSPECIFIED. ) 
 GEOMETRIC_REPRESENTATION_ITEM ( )  RATIONAL_B_SPLINE_SURFACE ( (
 ( 1.000000000000000000, 0.7071067811865475727, 1.000000000000000000),
 ( 1.000000000000000000, 0.7070717008705199591, 1.000000000000000000),
 ( 1.000000000000000000, 0.7117460391535399555, 1.000000000000000000),
 ( 1.000000000000000000, 0.7291288573897736214, 1.000000000000000000),
 ( 1.000000000000000000, 0.7418334672881859992, 1.000000000000000000),
 ( 1.000000000000000000, 0.7723967724090149423, 1.000000000000000000),
 ( 1.000000000000000000, 0.7902180514826961932, 1.000000000000000000),
 ( 1.000000000000000000, 0.8275942267606491987, 1.000000000000000000),
 ( 1.000000000000000000, 0.8471316911967866625, 1.000000000000000000),
 ( 1.000000000000000000, 0.9038128289597403553, 1.000000000000000000),
 ( 1.000000000000000000, 0.9386556746367950010, 1.000000000000000000),
 ( 1.000000000000000000, 0.9867291651255160057, 1.000000000000000000),
 ( 1.000000000000000000, 1.000158598892048500, 1.000000000000000000),
 ( 1.000000000000000000, 1.000000000000000000, 1.000000000000000000) ) ) 
 REPRESENTATION_ITEM ( '' )  SURFACE ( )  );
#636 = CARTESIAN_POINT ( 'NONE',  ( 22.08606763532822725, 58.68548362696230924, 5.000000000000000000 ) ) ;
#637 = CIRCLE ( 'NONE', #2859, 1.899999999999999023 ) ;
#638 = EDGE_CURVE ( 'NONE', #221, #4486, #605, .T. ) ;
#639 = DIRECTION ( 'NONE',  ( 1.000000000000000000, 0.000000000000000000, 0.000000000000000000 ) ) ;
#640 = ADVANCED_FACE ( 'NONE', ( #564 ), #165, .T. ) ;
#641 = PLANE ( 'NONE',  #4513 ) ;
#642 = CARTESIAN_POINT ( 'NONE',  ( 63.35690349420030998, 18.98876614253688899, 5.000000000000000000 ) ) ;
#643 = CARTESIAN_POINT ( 'NONE',  ( 22.08331893061677320, 59.95533990403678359, 4.599999999999999645 ) ) ;
#644 = CARTESIAN_POINT ( 'NONE',  ( 47.91652405408409265, 67.12953676969294747, 4.599999999999999645 ) ) ;
#645 = ORIENTED_EDGE ( 'NONE', *, *, #1377, .F. ) ;
#646 = DIRECTION ( 'NONE',  ( -1.000000000000000000, 0.000000000000000000, 0.000000000000000000 ) ) ;
#647 = ORIENTED_EDGE ( 'NONE', *, *, #3744, .T. ) ;
#648 = EDGE_CURVE ( 'NONE', #4147, #2982, #4577, .T. ) ;
#649 = LINE ( 'NONE', #2207, #759 ) ;
#650 = CARTESIAN_POINT ( 'NONE',  ( 58.60291684388123912, 51.57570027742514185, 4.599999999999999645 ) ) ;
#651 = ORIENTED_EDGE ( 'NONE', *, *, #4403, .F. ) ;
#652 = FACE_OUTER_BOUND ( 'NONE', #4080, .T. ) ;
#653 = CARTESIAN_POINT ( 'NONE',  ( 23.96329594661243689, 60.01231934864183160, 4.599999999999999645 ) ) ;
#654 = CARTESIAN_POINT ( 'NONE',  ( 60.62223606764680994, 50.81462765552436167, 4.599999999999999645 ) ) ;
#655 = CARTESIAN_POINT ( 'NONE',  ( 35.23217485934515736, 50.75966885260515227, 4.599999999999999645 ) ) ;
#656 = VERTEX_POINT ( 'NONE', #2921 ) ;
#657 = CARTESIAN_POINT ( 'NONE',  ( 27.50000000000000000, 120.0000000000000142, -10.00000000000000000 ) ) ;
#658 = EDGE_CURVE ( 'NONE', #4997, #574, #2526, .T. ) ;
#659 = CARTESIAN_POINT ( 'NONE',  ( 60.15309437322863317, 50.81361216108685142, 4.599999999999999645 ) ) ;
#660 = DIRECTION ( 'NONE',  ( 0.1708417296058795942, 0.9852984844326472258, 0.000000000000000000 ) ) ;
#661 = EDGE_CURVE ( 'NONE', #4830, #1960, #4892, .T. ) ;
#662 = LINE ( 'NONE', #4265, #4715 ) ;
#663 = VECTOR ( 'NONE', #1808, 1000.000000000000000 ) ;
#664 = FACE_OUTER_BOUND ( 'NONE', #373, .T. ) ;
#665 = CARTESIAN_POINT ( 'NONE',  ( 69.99999999999998579, 2.499999999999993783, -12.50000000000000000 ) ) ;
#666 = FACE_OUTER_BOUND ( 'NONE', #376, .T. ) ;
#667 = EDGE_CURVE ( 'NONE', #4468, #3045, #3283, .T. ) ;
#668 = ORIENTED_EDGE ( 'NONE', *, *, #1694, .F. ) ;
#669 = CARTESIAN_POINT ( 'NONE',  ( 26.16751767727941314, 50.41905633430118883, 5.000000000000000000 ) ) ;
#670 = ORIENTED_EDGE ( 'NONE', *, *, #1800, .T. ) ;
#671 = CARTESIAN_POINT ( 'NONE',  ( 2.499999999999998668, 4.999999999999993783, 0.000000000000000000 ) ) ;
#672 = FACE_OUTER_BOUND ( 'NONE', #58, .T. ) ;
#673 = CARTESIAN_POINT ( 'NONE',  ( 31.46693423918955190, 54.71983697195834395, 5.000000000000000000 ) ) ;
#674 = EDGE_CURVE ( 'NONE', #4521, #990, #613, .T. ) ;
#675 = ORIENTED_EDGE ( 'NONE', *, *, #4479, .F. ) ;
#676 = ADVANCED_FACE ( 'NONE', ( #2996 ), #3791, .T. ) ;
#677 = FACE_OUTER_BOUND ( 'NONE', #3439, .T. ) ;
#678 = CARTESIAN_POINT ( 'NONE',  ( 74.91620153717042285, 45.30760537661343079, 0.9152915009332560636 ) ) ;
#679 = DIRECTION ( 'NONE',  ( -0.7071067811865456854, 0.7071067811865494601, 1.962615573355786620E-15 ) ) ;
#680 = FACE_OUTER_BOUND ( 'NONE', #3160, .T. ) ;
#681 = AXIS2_PLACEMENT_3D ( 'NONE', #1096, #328, #4165 ) ;
#682 = EDGE_LOOP ( 'NONE', ( #3647, #1196, #3971 ) ) ;
#683 = ADVANCED_FACE ( 'NONE', ( #1879 ), #703, .F. ) ;
#684 = AXIS2_PLACEMENT_3D ( 'NONE', #3345, #3370, #2197 ) ;
#685 = CARTESIAN_POINT ( 'NONE',  ( 44.56405526832953967, 53.12911202077057737, 5.000000000000000000 ) ) ;
#686 = CARTESIAN_POINT ( 'NONE',  ( 32.49297329594386241, 48.40096926034961911, 4.599999999999999645 ) ) ;
#687 = ADVANCED_FACE ( 'NONE', ( #2707 ), #2266, .F. ) ;
#688 = CARTESIAN_POINT ( 'NONE',  ( 69.99999999999998579, 2.499999999999996003, -12.50000000000000000 ) ) ;
#689 = AXIS2_PLACEMENT_3D ( 'NONE', #102, #3990, #2029 ) ;
#690 = VECTOR ( 'NONE', #4888, 1000.000000000000000 ) ;
#691 = PLANE ( 'NONE',  #31 ) ;
#692 = AXIS2_PLACEMENT_3D ( 'NONE', #1110, #1826, #3862 ) ;
#693 = DIRECTION ( 'NONE',  ( 0.000000000000000000, 0.000000000000000000, -1.000000000000000000 ) ) ;
#694 = DIRECTION ( 'NONE',  ( -0.000000000000000000, -1.000000000000000000, -0.000000000000000000 ) ) ;
#695 = CARTESIAN_POINT ( 'NONE',  ( 52.39487941846498131, 56.38420791783046582, 4.599999999999999645 ) ) ;
#696 = ORIENTED_EDGE ( 'NONE', *, *, #2270, .F. ) ;
#697 = ORIENTED_EDGE ( 'NONE', *, *, #4081, .T. ) ;
#698 = CARTESIAN_POINT ( 'NONE',  ( 56.70000000000001705, 109.1999999999999886, 0.000000000000000000 ) ) ;
#699 = LINE ( 'NONE', #2623, #457 ) ;
#700 = VERTEX_POINT ( 'NONE', #4180 ) ;
#701 = CARTESIAN_POINT ( 'NONE',  ( 59.15031960174529502, 69.19974004816646129, 4.599999999999999645 ) ) ;
#702 = CARTESIAN_POINT ( 'NONE',  ( 23.96329594661243689, 60.01231934864183160, 5.000000000000000000 ) ) ;
#703 = PLANE ( 'NONE',  #692 ) ;
#704 = CARTESIAN_POINT ( 'NONE',  ( 73.60576933443506675, 45.88162495592237633, 1.394230665565028948 ) ) ;
#705 = VERTEX_POINT ( 'NONE', #4967 ) ;
#706 = ORIENTED_EDGE ( 'NONE', *, *, #4455, .F. ) ;
#707 = FACE_OUTER_BOUND ( 'NONE', #4819, .T. ) ;
#708 = DIRECTION ( 'NONE',  ( -0.000000000000000000, 0.000000000000000000, -1.000000000000000000 ) ) ;
#709 = ORIENTED_EDGE ( 'NONE', *, *, #5074, .T. ) ;
#710 = CARTESIAN_POINT ( 'NONE',  ( 14.03395320428463044, 59.88853312862018896, 4.599999999999999645 ) ) ;
#711 = CARTESIAN_POINT ( 'NONE',  ( 0.000000000000000000, 0.000000000000000000, 5.000000000000000000 ) ) ;
#712 = B_SPLINE_CURVE_WITH_KNOTS ( 'NONE', 3,
 ( #659, #3753, #3053, #1021 ),
 .UNSPECIFIED., .F., .F.,
 ( 4, 4 ),
 ( 41.00000000000000000, 42.00000000000000000 ),
 .UNSPECIFIED. ) ;
#713 = CARTESIAN_POINT ( 'NONE',  ( 37.50000000000000000, 21.74999999999999289, 0.000000000000000000 ) ) ;
#714 = LINE ( 'NONE', #1177, #1529 ) ;
#715 = EDGE_LOOP ( 'NONE', ( #4981, #4038, #4579, #2720 ) ) ;
#716 = LINE ( 'NONE', #3934, #369 ) ;
#717 = ORIENTED_EDGE ( 'NONE', *, *, #3140, .T. ) ;
#718 = CARTESIAN_POINT ( 'NONE',  ( 13.74999999999999112, 114.9999999999999858, -15.00000000000000000 ) ) ;
#719 = EDGE_CURVE ( 'NONE', #1822, #1698, #4146, .T. ) ;
#720 = CARTESIAN_POINT ( 'NONE',  ( 0.4744630450125210674, 46.01667645971301113, 1.423389135037541386 ) ) ;
#721 = CARTESIAN_POINT ( 'NONE',  ( 45.90133713412228644, 56.20436685281529066, 5.000000000000000000 ) ) ;
#722 = VECTOR ( 'NONE', #386, 1000.000000000000000 ) ;
#723 = EDGE_LOOP ( 'NONE', ( #1693, #566, #4360, #1322 ) ) ;
#724 = EDGE_CURVE ( 'NONE', #4963, #4576, #1488, .T. ) ;
#725 = CARTESIAN_POINT ( 'NONE',  ( 38.89999999999998437, 21.74999999999999289, 0.000000000000000000 ) ) ;
#726 = CARTESIAN_POINT ( 'NONE',  ( -3.980102097228902570E-15, 44.99999999999999289, 0.000000000000000000 ) ) ;
#727 = CARTESIAN_POINT ( 'NONE',  ( 5.000000000000000000, 120.0000000000000000, 5.000000000000000000 ) ) ;
#728 = ORIENTED_EDGE ( 'NONE', *, *, #5076, .F. ) ;
#729 = PLANE ( 'NONE',  #3567 ) ;
#730 = ORIENTED_EDGE ( 'NONE', *, *, #1427, .F. ) ;
#731 = EDGE_LOOP ( 'NONE', ( #4317, #4352 ) ) ;
#732 = CARTESIAN_POINT ( 'NONE',  ( 61.71829178137526384, 4.045320493428457453, 4.599999999999999645 ) ) ;
#733 = LINE ( 'NONE', #2771, #3398 ) ;
#734 = ORIENTED_EDGE ( 'NONE', *, *, #423, .T. ) ;
#735 = EDGE_CURVE ( 'NONE', #3237, #2457, #4936, .T. ) ;
#736 = CARTESIAN_POINT ( 'NONE',  ( 23.97390899241983675, 55.10926709234449561, 4.599999999999999645 ) ) ;
#737 = B_SPLINE_SURFACE_WITH_KNOTS ( 'NONE', 3, 1, ( 
 ( #1188, #3913 ),
 ( #1928, #3595 ),
 ( #5066, #3968 ),
 ( #4359, #1955 ) ),
 .UNSPECIFIED., .F., .F., .F.,
 ( 4, 4 ),
 ( 2, 2 ),
 ( 12.00000000000000000, 13.00000000000000000 ),
 ( 0.000000000000000000, 1.000000000000000000 ),
 .UNSPECIFIED. ) ;
#738 = DIRECTION ( 'NONE',  ( -0.000000000000000000, -0.000000000000000000, 1.000000000000000000 ) ) ;
#739 = EDGE_CURVE ( 'NONE', #3545, #989, #3493, .T. ) ;
#740 = DIRECTION ( 'NONE',  ( -4.625929269271485914E-16, -1.000000000000000000, -0.000000000000000000 ) ) ;
#741 = DIRECTION ( 'NONE',  ( -0.000000000000000000, -0.000000000000000000, 1.000000000000000000 ) ) ;
#742 = ORIENTED_EDGE ( 'NONE', *, *, #2485, .T. ) ;
#743 = CARTESIAN_POINT ( 'NONE',  ( 31.44353972331855118, 65.52771775452278291, 4.599999999999999645 ) ) ;
#744 = FACE_OUTER_BOUND ( 'NONE', #823, .T. ) ;
#745 = EDGE_LOOP ( 'NONE', ( #322, #3817, #1589, #3434 ) ) ;
#746 = FACE_OUTER_BOUND ( 'NONE', #2768, .T. ) ;
#747 = CARTESIAN_POINT ( 'NONE',  ( 0.9011831294467259612, 45.24832144976077331, 0.9011831294467242959 ) ) ;
#748 = ADVANCED_FACE ( 'NONE', ( #752 ), #3217, .F. ) ;
#749 = VERTEX_POINT ( 'NONE', #295 ) ;
#750 = LINE ( 'NONE', #4280, #1989 ) ;
#751 = CARTESIAN_POINT ( 'NONE',  ( 17.57029234899437498, 67.16261583822674197, 4.599999999999999645 ) ) ;
#752 = FACE_OUTER_BOUND ( 'NONE', #4100, .T. ) ;
#753 = ORIENTED_EDGE ( 'NONE', *, *, #2382, .F. ) ;
#754 = DIRECTION ( 'NONE',  ( 0.000000000000000000, -0.000000000000000000, -1.000000000000000000 ) ) ;
#755 = ORIENTED_EDGE ( 'NONE', *, *, #2823, .F. ) ;
#756 = EDGE_CURVE ( 'NONE', #4613, #4248, #1858, .T. ) ;
#757 = VERTEX_POINT ( 'NONE', #727 ) ;
#758 = CARTESIAN_POINT ( 'NONE',  ( 39.39999999999999858, 103.6499999999999915, 3.000000000000000000 ) ) ;
#759 = VECTOR ( 'NONE', #3431, 1000.000000000000000 ) ;
#760 = CARTESIAN_POINT ( 'NONE',  ( 50.49088868411232056, 67.42082781729087060, 5.000000000000000000 ) ) ;
#761 = CARTESIAN_POINT ( 'NONE',  ( 28.99618295937897017, 74.32974751677330971, 4.599999999999999645 ) ) ;
#762 = ORIENTED_EDGE ( 'NONE', *, *, #4116, .T. ) ;
#763 = AXIS2_PLACEMENT_3D ( 'NONE', #2868, #4164, #252 ) ;
#764 = VECTOR ( 'NONE', #152, 1000.000000000000000 ) ;
#765 = DIRECTION ( 'NONE',  ( 1.000000000000000000, -0.000000000000000000, -0.000000000000000000 ) ) ;
#766 = DIRECTION ( 'NONE',  ( 1.000000000000000000, 0.000000000000000000, -3.614007241618347785E-16 ) ) ;
#767 = DIRECTION ( 'NONE',  ( 0.000000000000000000, 0.000000000000000000, 1.000000000000000000 ) ) ;
#768 = CARTESIAN_POINT ( 'NONE',  ( 38.25068550026831105, 54.45232843701710834, 4.599999999999999645 ) ) ;
#769 = CIRCLE ( 'NONE', #2655, 1.399999999999984590 ) ;
#770 = ORIENTED_EDGE ( 'NONE', *, *, #3687, .T. ) ;
#771 = CARTESIAN_POINT ( 'NONE',  ( 37.50000000000000000, 103.6499999999999915, 0.000000000000000000 ) ) ;
#772 = AXIS2_PLACEMENT_3D ( 'NONE', #543, #3264, #187 ) ;
#773 = ADVANCED_FACE ( 'NONE', ( #3094 ), #1038, .T. ) ;
#774 = ORIENTED_EDGE ( 'NONE', *, *, #4544, .T. ) ;
#775 = CARTESIAN_POINT ( 'NONE',  ( 15.43487065834723104, 69.41552549916616499, 4.599999999999999645 ) ) ;
#776 = VECTOR ( 'NONE', #2545, 1000.000000000000000 ) ;
#777 = CARTESIAN_POINT ( 'NONE',  ( 34.59541195506342603, 53.23804725903598722, 4.599999999999999645 ) ) ;
#778 = ORIENTED_EDGE ( 'NONE', *, *, #2128, .F. ) ;
#779 = AXIS2_PLACEMENT_3D ( 'NONE', #2974, #4840, #1717 ) ;
#780 = CARTESIAN_POINT ( 'NONE',  ( 52.50000000000000000, 114.9999999999999858, -15.00000000000000711 ) ) ;
#781 = CARTESIAN_POINT ( 'NONE',  ( 43.86543613087226845, 62.99724613215688862, 4.599999999999999645 ) ) ;
#782 = DIRECTION ( 'NONE',  ( 0.9999976573062887564, 0.002164574307901916041, 0.000000000000000000 ) ) ;
#783 = ADVANCED_FACE ( 'NONE', ( #3437 ), #1641, .F. ) ;
#784 = ORIENTED_EDGE ( 'NONE', *, *, #156, .F. ) ;
#785 = ORIENTED_EDGE ( 'NONE', *, *, #2424, .T. ) ;
#786 = ORIENTED_EDGE ( 'NONE', *, *, #4123, .T. ) ;
#787 = LINE ( 'NONE', #1201, #3885 ) ;
#788 = FACE_OUTER_BOUND ( 'NONE', #4290, .T. ) ;
#789 = VERTEX_POINT ( 'NONE', #4611 ) ;
#790 = VERTEX_POINT ( 'NONE', #1079 ) ;
#791 = EDGE_CURVE ( 'NONE', #4838, #3539, #4231, .T. ) ;
#792 = CARTESIAN_POINT ( 'NONE',  ( 0.06546163104472947636, 44.99999999999999289, 0.1963848931341954929 ) ) ;
#793 = EDGE_CURVE ( 'NONE', #2754, #3409, #3918, .T. ) ;
#794 = DIRECTION ( 'NONE',  ( 1.000000000000000000, -0.000000000000000000, -0.000000000000000000 ) ) ;
#795 = CARTESIAN_POINT ( 'NONE',  ( 74.76969600708471830, 73.50000000000000000, 1.500000000000000000 ) ) ;
#796 = CARTESIAN_POINT ( 'NONE',  ( 41.19160789426834413, 63.02673180877590653, 5.000000000000000000 ) ) ;
#797 = ORIENTED_EDGE ( 'NONE', *, *, #1469, .T. ) ;
#798 = CARTESIAN_POINT ( 'NONE',  ( 35.60000000000000142, 21.74999999999999289, 0.5000000000000108802 ) ) ;
#799 = AXIS2_PLACEMENT_3D ( 'NONE', #3503, #1918, #3444 ) ;
#800 = LINE ( 'NONE', #2365, #2322 ) ;
#801 = ORIENTED_EDGE ( 'NONE', *, *, #3465, .T. ) ;
#802 = CARTESIAN_POINT ( 'NONE',  ( 34.58037044103966906, 60.18697884857790825, 5.000000000000000000 ) ) ;
#803 = CARTESIAN_POINT ( 'NONE',  ( 73.50000000000000000, 46.40182416234465990, 0.4999999999345502988 ) ) ;
#804 = ADVANCED_FACE ( 'NONE', ( #4338 ), #3230, .F. ) ;
#805 = ORIENTED_EDGE ( 'NONE', *, *, #1784, .F. ) ;
#806 = CARTESIAN_POINT ( 'NONE',  ( 59.58065994151687761, 69.20067155399181047, 4.599999999999999645 ) ) ;
#807 = LINE ( 'NONE', #1933, #3240 ) ;
#808 = DIRECTION ( 'NONE',  ( 0.000000000000000000, 0.7071067811865476838, 0.7071067811865474617 ) ) ;
#809 = ORIENTED_EDGE ( 'NONE', *, *, #2112, .T. ) ;
#810 = CARTESIAN_POINT ( 'NONE',  ( 28.99618295937897017, 74.32974751677330971, 5.000000000000000000 ) ) ;
#811 = ORIENTED_EDGE ( 'NONE', *, *, #4910, .T. ) ;
#812 = EDGE_LOOP ( 'NONE', ( #2641, #4514, #2918, #3936, #3474 ) ) ;
#813 = DIRECTION ( 'NONE',  ( -0.000000000000000000, 0.000000000000000000, 1.000000000000000000 ) ) ;
#814 = CARTESIAN_POINT ( 'NONE',  ( 56.70000000000001705, 106.6999999999999886, 3.000000000000000000 ) ) ;
#815 = VERTEX_POINT ( 'NONE', #3601 ) ;
#816 = ORIENTED_EDGE ( 'NONE', *, *, #3142, .F. ) ;
#817 = EDGE_CURVE ( 'NONE', #1002, #542, #3621, .T. ) ;
#818 = EDGE_CURVE ( 'NONE', #3809, #2011, #204, .T. ) ;
#819 = DIRECTION ( 'NONE',  ( 0.000000000000000000, 0.000000000000000000, -1.000000000000000000 ) ) ;
#820 = CARTESIAN_POINT ( 'NONE',  ( 74.50000000000000000, 0.000000000000000000, 1.500000000000000000 ) ) ;
#821 = FACE_OUTER_BOUND ( 'NONE', #527, .T. ) ;
#822 = DIRECTION ( 'NONE',  ( 0.000000000000000000, 0.000000000000000000, 1.000000000000000000 ) ) ;
#823 = EDGE_LOOP ( 'NONE', ( #1926, #1117, #894, #4370 ) ) ;
#824 = CARTESIAN_POINT ( 'NONE',  ( 18.29999999999999716, 15.99999999999999289, 0.000000000000000000 ) ) ;
#825 = DIRECTION ( 'NONE',  ( -1.000000000000000000, 0.000000000000000000, 0.000000000000000000 ) ) ;
#826 = ORIENTED_EDGE ( 'NONE', *, *, #2030, .T. ) ;
#827 = ADVANCED_FACE ( 'NONE', ( #1984 ), #868, .F. ) ;
#828 = CARTESIAN_POINT ( 'NONE',  ( 28.99618295937897372, 74.32974751677330971, 5.000000000000000000 ) ) ;
#829 = CARTESIAN_POINT ( 'NONE',  ( 73.50000000596422467, 46.33612760128817598, 1.499999994035267514 ) ) ;
#830 = CARTESIAN_POINT ( 'NONE',  ( 7.499999999999987566, -6.071532165918824830E-15, -9.999999999999991118 ) ) ;
#831 = ORIENTED_EDGE ( 'NONE', *, *, #3196, .T. ) ;
#832 = CARTESIAN_POINT ( 'NONE',  ( 59.15031960174529502, 69.19974004816646129, 4.599999999999999645 ) ) ;
#833 = DIRECTION ( 'NONE',  ( -1.000000000000000000, -0.000000000000000000, -0.000000000000000000 ) ) ;
#834 = CARTESIAN_POINT ( 'NONE',  ( 52.50000000000000711, 117.5000000000000000, -10.00000000000062350 ) ) ;
#835 = CARTESIAN_POINT ( 'NONE',  ( 41.48062131786240769, 24.64097113909109282, 4.599999999999999645 ) ) ;
#836 = EDGE_CURVE ( 'NONE', #1681, #2210, #4308, .T. ) ;
#837 = ORIENTED_EDGE ( 'NONE', *, *, #4861, .T. ) ;
#838 = ADVANCED_FACE ( 'NONE', ( #3542 ), #4389, .F. ) ;
#839 = B_SPLINE_CURVE_WITH_KNOTS ( 'NONE', 3,
 ( #1958, #1647, #36, #486, #2763, #1983, #2345, #867, #3541, #7, #2428, #3973, #3997, #2036 ),
 .UNSPECIFIED., .F., .F.,
 ( 4, 2, 2, 2, 2, 2, 4 ),
 ( 0.000000000000000000, 0.0002946179475864324992, 0.0005892358951728649983, 0.0008838538427592975517, 0.001178471790345730214, 0.001767707685518624594, 0.002356943580691518974 ),
 .UNSPECIFIED. ) ;
#840 = ORIENTED_EDGE ( 'NONE', *, *, #1058, .T. ) ;
#841 = DIRECTION ( 'NONE',  ( 0.000000000000000000, -1.000000000000000000, 0.000000000000000000 ) ) ;
#842 = LINE ( 'NONE', #3314, #530 ) ;
#843 = VERTEX_POINT ( 'NONE', #4745 ) ;
#844 = ORIENTED_EDGE ( 'NONE', *, *, #3006, .F. ) ;
#845 = EDGE_CURVE ( 'NONE', #1185, #474, #3205, .T. ) ;
#846 = CARTESIAN_POINT ( 'NONE',  ( 18.95884240092216899, 61.21843760784149424, 4.599999999999999645 ) ) ;
#847 = CARTESIAN_POINT ( 'NONE',  ( 53.87637639000510603, 56.38741473562489404, 4.599999999999999645 ) ) ;
#848 = DIRECTION ( 'NONE',  ( -1.000000000000000000, 0.000000000000000000, 0.000000000000000000 ) ) ;
#849 = FACE_OUTER_BOUND ( 'NONE', #1232, .T. ) ;
#850 = EDGE_LOOP ( 'NONE', ( #4006, #3123, #46, #4019 ) ) ;
#851 = VECTOR ( 'NONE', #4526, 1000.000000000000000 ) ;
#852 = VECTOR ( 'NONE', #4276, 1000.000000000000000 ) ;
#853 = EDGE_CURVE ( 'NONE', #1726, #168, #2453, .T. ) ;
#854 = CARTESIAN_POINT ( 'NONE',  ( 73.50000000596422467, 73.66387239871127690, 1.499999994035239093 ) ) ;
#855 = AXIS2_PLACEMENT_3D ( 'NONE', #3441, #708, #378 ) ;
#856 = CARTESIAN_POINT ( 'NONE',  ( 1.499999994035268402, 73.66387239871134796, 1.499999994035267292 ) ) ;
#857 = CARTESIAN_POINT ( 'NONE',  ( 74.52553695498737341, 46.01667645971301113, 1.423389135037541386 ) ) ;
#858 = VECTOR ( 'NONE', #274, 1000.000000000000000 ) ;
#859 = CARTESIAN_POINT ( 'NONE',  ( 75.00000000000000000, 44.99999999999999289, 0.000000000000000000 ) ) ;
#860 = VECTOR ( 'NONE', #1047, 1000.000000000000114 ) ;
#861 =( GEOMETRIC_REPRESENTATION_CONTEXT ( 3 ) GLOBAL_UNCERTAINTY_ASSIGNED_CONTEXT ( ( #3948 ) ) GLOBAL_UNIT_ASSIGNED_CONTEXT ( ( #3286, #1773, #1389 ) ) REPRESENTATION_CONTEXT ( 'NONE', 'WORKASPACE' ) );
#862 = B_SPLINE_CURVE_WITH_KNOTS ( 'NONE', 3,
 ( #3241, #846, #2747, #5083, #3527, #3189 ),
 .UNSPECIFIED., .F., .F.,
 ( 4, 2, 4 ),
 ( 0.000000000000000000, 1.000000000000000000, 2.000000000000000000 ),
 .UNSPECIFIED. ) ;
#863 = ORIENTED_EDGE ( 'NONE', *, *, #1561, .F. ) ;
#864 = ADVANCED_FACE ( 'NONE', ( #372, #3944 ), #2429, .T. ) ;
#865 = VECTOR ( 'NONE', #2731, 1000.000000000000114 ) ;
#866 = DIRECTION ( 'NONE',  ( 0.06540457701180862893, -0.9978588283449250085, 0.000000000000000000 ) ) ;
#867 = CARTESIAN_POINT ( 'NONE',  ( 0.08379846282956293635, 74.69239462338657631, 0.9152915009332561747 ) ) ;
#868 = PLANE ( 'NONE',  #3893 ) ;
#869 = ORIENTED_EDGE ( 'NONE', *, *, #1893, .F. ) ;
#870 = AXIS2_PLACEMENT_3D ( 'NONE', #3401, #3014, #646 ) ;
#871 = ORIENTED_EDGE ( 'NONE', *, *, #2544, .F. ) ;
#872 = CARTESIAN_POINT ( 'NONE',  ( 47.50000000000061107, 120.0000000000000142, -2.499999999999974243 ) ) ;
#873 = LINE ( 'NONE', #1331, #2494 ) ;
#874 = ORIENTED_EDGE ( 'NONE', *, *, #638, .T. ) ;
#875 = ORIENTED_EDGE ( 'NONE', *, *, #4103, .T. ) ;
#876 = CARTESIAN_POINT ( 'NONE',  ( 67.50000000000000000, 0.000000000000000000, 0.000000000000000000 ) ) ;
#877 = FACE_OUTER_BOUND ( 'NONE', #1662, .T. ) ;
#878 = CARTESIAN_POINT ( 'NONE',  ( 56.70000000000001705, 109.1999999999999886, 3.000000000000000000 ) ) ;
#879 = DIRECTION ( 'NONE',  ( -0.000000000000000000, -0.000000000000000000, 1.000000000000000000 ) ) ;
#880 = VERTEX_POINT ( 'NONE', #1567 ) ;
#881 = ORIENTED_EDGE ( 'NONE', *, *, #735, .T. ) ;
#882 = LINE ( 'NONE', #1639, #4947 ) ;
#883 = PLANE ( 'NONE',  #595 ) ;
#884 = CARTESIAN_POINT ( 'NONE',  ( 39.62958920622759962, 51.33356971989759643, 5.000000000000000000 ) ) ;
#885 = AXIS2_PLACEMENT_3D ( 'NONE', #4779, #4374, #848 ) ;
#886 = LINE ( 'NONE', #1320, #4641 ) ;
#887 = EDGE_CURVE ( 'NONE', #5011, #4556, #2110, .T. ) ;
#888 = ORIENTED_EDGE ( 'NONE', *, *, #2948, .T. ) ;
#889 = LINE ( 'NONE', #1431, #4942 ) ;
#890 = DIRECTION ( 'NONE',  ( 0.006490873785237705890, 0.9999789340568651097, 0.000000000000000000 ) ) ;
#891 = LINE ( 'NONE', #3516, #1677 ) ;
#892 = CARTESIAN_POINT ( 'NONE',  ( 23.96329594661243689, 60.01231934864183160, 5.000000000000000000 ) ) ;
#893 = ORIENTED_EDGE ( 'NONE', *, *, #529, .T. ) ;
#894 = ORIENTED_EDGE ( 'NONE', *, *, #3475, .F. ) ;
#895 = DIRECTION ( 'NONE',  ( -0.8620248595500388245, 0.5068659995676727537, 0.000000000000000000 ) ) ;
#896 = CARTESIAN_POINT ( 'NONE',  ( 59.20000000000001705, 106.6999999999999886, 0.000000000000000000 ) ) ;
#897 = ORIENTED_EDGE ( 'NONE', *, *, #3771, .T. ) ;
#898 = B_SPLINE_CURVE_WITH_KNOTS ( 'NONE', 3,
 ( #4076, #1720, #2059, #1745, #2889, #4093 ),
 .UNSPECIFIED., .F., .F.,
 ( 4, 2, 4 ),
 ( 2.000000000000000000, 3.000000000000000000, 4.000000000000000000 ),
 .UNSPECIFIED. ) ;
#899 = ORIENTED_EDGE ( 'NONE', *, *, #3591, .T. ) ;
#900 = DIRECTION ( 'NONE',  ( 0.000000000000000000, 0.000000000000000000, 1.000000000000000000 ) ) ;
#901 = CARTESIAN_POINT ( 'NONE',  ( 33.03116546166571510, 53.98246957253758183, 5.000000000000000000 ) ) ;
#902 = CARTESIAN_POINT ( 'NONE',  ( 26.89661543495349250, 54.17378028218959685, 5.000000000000000000 ) ) ;
#903 = EDGE_LOOP ( 'NONE', ( #3891, #4026, #2538, #875 ) ) ;
#904 = CARTESIAN_POINT ( 'NONE',  ( 35.60000000000000142, 103.6499999999999915, 0.5000000000000108802 ) ) ;
#905 = EDGE_CURVE ( 'NONE', #2822, #3237, #4792, .T. ) ;
#906 = CARTESIAN_POINT ( 'NONE',  ( 74.07817985833101204, 74.69950020189064332, 0.3072733805563561682 ) ) ;
#907 = ADVANCED_FACE ( 'NONE', ( #2037 ), #2811, .F. ) ;
#908 = CARTESIAN_POINT ( 'NONE',  ( 0.000000000000000000, 120.0000000000000000, 5.000000000000000000 ) ) ;
#909 = DIRECTION ( 'NONE',  ( -0.000000000000000000, 0.000000000000000000, 1.000000000000000000 ) ) ;
#910 = VERTEX_POINT ( 'NONE', #1648 ) ;
#911 = DIRECTION ( 'NONE',  ( 0.000000000000000000, 0.000000000000000000, 1.000000000000000000 ) ) ;
#912 = DIRECTION ( 'NONE',  ( 0.000000000000000000, 0.000000000000000000, -1.000000000000000000 ) ) ;
#913 = VERTEX_POINT ( 'NONE', #1275 ) ;
#914 = CARTESIAN_POINT ( 'NONE',  ( 14.02141606605299806, 65.68048437519374261, 5.000000000000000000 ) ) ;
#915 = CARTESIAN_POINT ( 'NONE',  ( 51.17218398280328273, 67.18596718839175708, 4.599999999999999645 ) ) ;
#916 = DIRECTION ( 'NONE',  ( 0.9982259345461284017, 0.05953976485936681579, 0.000000000000000000 ) ) ;
#917 = ORIENTED_EDGE ( 'NONE', *, *, #2042, .T. ) ;
#918 = B_SPLINE_SURFACE_WITH_KNOTS ( 'NONE', 3, 1, ( 
 ( #2271, #3841 ),
 ( #1834, #3463 ),
 ( #5019, #3389 ),
 ( #2195, #2608 ),
 ( #1495, #1115 ),
 ( #3003, #4650 ) ),
 .UNSPECIFIED., .F., .F., .F.,
 ( 4, 2, 4 ),
 ( 2, 2 ),
 ( 2.000000000000000000, 3.000000000000000000, 4.000000000000000000 ),
 ( 0.000000000000000000, 1.000000000000000000 ),
 .UNSPECIFIED. ) ;
#919 = VERTEX_POINT ( 'NONE', #2844 ) ;
#920 = CARTESIAN_POINT ( 'NONE',  ( 23.96329594661243689, 60.01231934864183160, 4.599999999999999645 ) ) ;
#921 = CARTESIAN_POINT ( 'NONE',  ( 21.44437530280051263, 61.80936624298266935, 5.000000000000000000 ) ) ;
#922 = CARTESIAN_POINT ( 'NONE',  ( 60.96604679571537133, 51.67958202849354876, 5.000000000000000000 ) ) ;
#923 = ORIENTED_EDGE ( 'NONE', *, *, #1700, .T. ) ;
#924 = EDGE_CURVE ( 'NONE', #4682, #4128, #891, .T. ) ;
#925 = VERTEX_POINT ( 'NONE', #5071 ) ;
#926 = DIRECTION ( 'NONE',  ( 0.000000000000000000, 0.000000000000000000, -1.000000000000000000 ) ) ;
#927 = LINE ( 'NONE', #499, #1172 ) ;
#928 = ORIENTED_EDGE ( 'NONE', *, *, #298, .T. ) ;
#929 = CARTESIAN_POINT ( 'NONE',  ( 52.49999999999997868, 117.5000000000000000, -19.99999999999515765 ) ) ;
#930 = DIRECTION ( 'NONE',  ( 0.9999976573062887564, 0.002164574307892184243, 0.000000000000000000 ) ) ;
#931 = CARTESIAN_POINT ( 'NONE',  ( 35.32993193914360575, 69.15170646614373595, 5.000000000000000000 ) ) ;
#932 = VECTOR ( 'NONE', #5064, 1000.000000000000000 ) ;
#933 = ORIENTED_EDGE ( 'NONE', *, *, #1506, .F. ) ;
#934 = DIRECTION ( 'NONE',  ( -0.000000000000000000, -0.000000000000000000, -1.000000000000000000 ) ) ;
#935 = ADVANCED_FACE ( 'NONE', ( #1542 ), #4033, .F. ) ;
#936 = CARTESIAN_POINT ( 'NONE',  ( 61.25000000000001421, 116.2499999999999858, -15.00000000000000000 ) ) ;
#937 = VECTOR ( 'NONE', #190, 1000.000000000000000 ) ;
#938 = ORIENTED_EDGE ( 'NONE', *, *, #3572, .T. ) ;
#939 = CARTESIAN_POINT ( 'NONE',  ( 22.08331893061677320, 59.95533990403678359, 4.599999999999999645 ) ) ;
#940 = LINE ( 'NONE', #1347, #5039 ) ;
#941 = CIRCLE ( 'NONE', #3402, 5.000000000000000000 ) ;
#942 = VERTEX_POINT ( 'NONE', #4909 ) ;
#943 = ORIENTED_EDGE ( 'NONE', *, *, #3743, .T. ) ;
#944 = CARTESIAN_POINT ( 'NONE',  ( 22.50000000000000000, 117.5000000000000000, -15.00000000000000000 ) ) ;
#945 = ADVANCED_FACE ( 'NONE', ( #2503 ), #4079, .F. ) ;
#946 = DIRECTION ( 'NONE',  ( -0.000000000000000000, -0.000000000000000000, 1.000000000000000000 ) ) ;
#947 = CARTESIAN_POINT ( 'NONE',  ( 0.000000000000000000, 46.49999999999999289, 0.000000000000000000 ) ) ;
#948 = ORIENTED_EDGE ( 'NONE', *, *, #845, .F. ) ;
#949 = ORIENTED_EDGE ( 'NONE', *, *, #2955, .F. ) ;
#950 = CARTESIAN_POINT ( 'NONE',  ( 36.13642652309636105, 63.22390502553643188, 5.000000000000000000 ) ) ;
#951 = CARTESIAN_POINT ( 'NONE',  ( 74.91596386304713917, 74.69779240942528986, 0.9236132688777062283 ) ) ;
#952 = CARTESIAN_POINT ( 'NONE',  ( 57.69095163281237149, 65.48929132234873407, 5.000000000000000000 ) ) ;
#953 = EDGE_CURVE ( 'NONE', #100, #3628, #2141, .T. ) ;
#954 = LINE ( 'NONE', #2584, #1584 ) ;
#955 = ADVANCED_FACE ( 'NONE', ( #4846 ), #579, .F. ) ;
#956 = CARTESIAN_POINT ( 'NONE',  ( 1.035578933988948953E-16, 75.00000000000000000, -2.388989729292219642E-15 ) ) ;
#957 = B_SPLINE_SURFACE_WITH_KNOTS ( 'NONE', 3, 1, ( 
 ( #4121, #2161 ),
 ( #3645, #3742 ),
 ( #3287, #3763 ),
 ( #1512, #1057 ) ),
 .UNSPECIFIED., .F., .F., .F.,
 ( 4, 4 ),
 ( 2, 2 ),
 ( 18.00000000000000000, 19.00000000000000000 ),
 ( 0.000000000000000000, 1.000000000000000000 ),
 .UNSPECIFIED. ) ;
#958 = ORIENTED_EDGE ( 'NONE', *, *, #2270, .T. ) ;
#959 = LINE ( 'NONE', #4490, #2425 ) ;
#960 = ORIENTED_EDGE ( 'NONE', *, *, #3, .F. ) ;
#961 = DIRECTION ( 'NONE',  ( -0.000000000000000000, -0.000000000000000000, 1.000000000000000000 ) ) ;
#962 = CARTESIAN_POINT ( 'NONE',  ( 0.4999999999999976130, 46.49999999999999289, 1.500000000000000000 ) ) ;
#963 = CARTESIAN_POINT ( 'NONE',  ( 31.14016907216635133, 70.42308002101647446, 5.000000000000000000 ) ) ;
#964 = EDGE_CURVE ( 'NONE', #4997, #3193, #1324, .T. ) ;
#965 = VERTEX_POINT ( 'NONE', #1303 ) ;
#966 = B_SPLINE_CURVE_WITH_KNOTS ( 'NONE', 3,
 ( #570, #4436, #2078, #4506 ),
 .UNSPECIFIED., .F., .F.,
 ( 4, 4 ),
 ( 5.000000000000000000, 6.000000000000000000 ),
 .UNSPECIFIED. ) ;
#967 = CARTESIAN_POINT ( 'NONE',  ( -0.1097077414814782992, 50.68316854231763813, 4.599999999999999645 ) ) ;
#968 = LINE ( 'NONE', #3313, #4831 ) ;
#969 = ORIENTED_EDGE ( 'NONE', *, *, #3329, .F. ) ;
#970 = EDGE_LOOP ( 'NONE', ( #4124, #121, #4253, #468 ) ) ;
#971 = DIRECTION ( 'NONE',  ( 0.000000000000000000, -0.000000000000000000, 1.000000000000000000 ) ) ;
#972 = CARTESIAN_POINT ( 'NONE',  ( 14.03395320428463044, 59.88853312862018896, 5.000000000000000000 ) ) ;
#973 = CARTESIAN_POINT ( 'NONE',  ( 52.50000000000000711, 112.4999999999999858, -15.00000000000000000 ) ) ;
#974 = VECTOR ( 'NONE', #2952, 999.9999999999998863 ) ;
#975 = EDGE_CURVE ( 'NONE', #2147, #4486, #3697, .T. ) ;
#976 = FACE_OUTER_BOUND ( 'NONE', #1169, .T. ) ;
#977 = DIRECTION ( 'NONE',  ( -0.1929928782507674689, 0.9812001574319505481, 0.000000000000000000 ) ) ;
#978 = EDGE_LOOP ( 'NONE', ( #69, #361, #2673, #548 ) ) ;
#979 = DIRECTION ( 'NONE',  ( 0.000000000000000000, 0.000000000000000000, 1.000000000000000000 ) ) ;
#980 = EDGE_CURVE ( 'NONE', #4310, #2274, #2893, .T. ) ;
#981 = ORIENTED_EDGE ( 'NONE', *, *, #3387, .T. ) ;
#982 = CARTESIAN_POINT ( 'NONE',  ( 17.50000000000000000, 117.5000000000000000, -15.00000000000000000 ) ) ;
#983 = DIRECTION ( 'NONE',  ( -0.000000000000000000, -0.000000000000000000, 1.000000000000000000 ) ) ;
#984 = LINE ( 'NONE', #1725, #2336 ) ;
#985 = ORIENTED_EDGE ( 'NONE', *, *, #817, .T. ) ;
#986 = DIRECTION ( 'NONE',  ( -0.5068659995676726426, -0.8620248595500387134, 0.000000000000000000 ) ) ;
#987 = LINE ( 'NONE', #3700, #1946 ) ;
#988 = CARTESIAN_POINT ( 'NONE',  ( 57.49999999999999289, 117.5000000000000000, 0.000000000000000000 ) ) ;
#989 = VERTEX_POINT ( 'NONE', #4889 ) ;
#990 = VERTEX_POINT ( 'NONE', #962 ) ;
#991 = EDGE_CURVE ( 'NONE', #14, #432, #940, .T. ) ;
#992 = CARTESIAN_POINT ( 'NONE',  ( 69.99999999999998579, 2.499999999999996003, 0.000000000000000000 ) ) ;
#993 = LINE ( 'NONE', #227, #28 ) ;
#994 = DIRECTION ( 'NONE',  ( 0.000000000000000000, 0.000000000000000000, -1.000000000000000000 ) ) ;
#995 = EDGE_CURVE ( 'NONE', #910, #4480, #4867, .T. ) ;
#996 = DIRECTION ( 'NONE',  ( -0.000000000000000000, -0.000000000000000000, 1.000000000000000000 ) ) ;
#997 = CARTESIAN_POINT ( 'NONE',  ( 15.43487065834723104, 69.41552549916616499, 5.000000000000000000 ) ) ;
#998 = DIRECTION ( 'NONE',  ( 1.000000000000000000, -0.000000000000000000, 0.000000000000000000 ) ) ;
#999 = EDGE_CURVE ( 'NONE', #910, #2736, #263, .T. ) ;
#1000 = ADVANCED_FACE ( 'NONE', ( #215 ), #3714, .T. ) ;
#1001 = ORIENTED_EDGE ( 'NONE', *, *, #1593, .T. ) ;
#1002 = VERTEX_POINT ( 'NONE', #181 ) ;
#1003 = VECTOR ( 'NONE', #4993, 1000.000000000000000 ) ;
#1004 = DIRECTION ( 'NONE',  ( -1.228762462150238276E-16, -1.000000000000000000, 0.000000000000000000 ) ) ;
#1005 = CONICAL_SURFACE ( 'NONE', #2732, 7.500000000000032863, 0.7853981633974510546 ) ;
#1006 = VECTOR ( 'NONE', #2582, 1000.000000000000000 ) ;
#1007 = B_SPLINE_CURVE_WITH_KNOTS ( 'NONE', 3,
 ( #2179, #1028, #2616, #3035 ),
 .UNSPECIFIED., .F., .F.,
 ( 4, 4 ),
 ( 39.00000000000000000, 40.00000000000000000 ),
 .UNSPECIFIED. ) ;
#1008 = EDGE_CURVE ( 'NONE', #990, #1651, #1398, .T. ) ;
#1009 = VERTEX_POINT ( 'NONE', #597 ) ;
#1010 = CARTESIAN_POINT ( 'NONE',  ( 41.61370355988124459, 63.57791923454993110, 4.599999999999999645 ) ) ;
#1011 = VECTOR ( 'NONE', #86, 1000.000000000000000 ) ;
#1012 = CARTESIAN_POINT ( 'NONE',  ( 0.4999999999999976130, 46.49999999999999289, 0.5000000000000000000 ) ) ;
#1013 = PRODUCT_DEFINITION_FORMATION_WITH_SPECIFIED_SOURCE ( 'ANY', '', #4882, .NOT_KNOWN. ) ;
#1014 = DIRECTION ( 'NONE',  ( -0.000000000000000000, -0.000000000000000000, 1.000000000000000000 ) ) ;
#1015 = VECTOR ( 'NONE', #1378, 1000.000000000000000 ) ;
#1016 = ORIENTED_EDGE ( 'NONE', *, *, #3929, .F. ) ;
#1017 = LINE ( 'NONE', #2075, #3326 ) ;
#1018 = CARTESIAN_POINT ( 'NONE',  ( 22.08057022590531560, 61.22519618111125084, 5.000000000000000000 ) ) ;
#1019 = DIRECTION ( 'NONE',  ( 1.000000000000000000, 0.000000000000000000, 0.000000000000000000 ) ) ;
#1020 = AXIS2_PLACEMENT_3D ( 'NONE', #4720, #487, #84 ) ;
#1021 = CARTESIAN_POINT ( 'NONE',  ( 60.96604679571537133, 51.67958202849354876, 4.599999999999999645 ) ) ;
#1022 = VECTOR ( 'NONE', #1592, 999.9999999999998863 ) ;
#1023 = FACE_BOUND ( 'NONE', #3116, .T. ) ;
#1024 = EDGE_CURVE ( 'NONE', #2788, #4997, #2934, .T. ) ;
#1025 = AXIS2_PLACEMENT_3D ( 'NONE', #2734, #4341, #402 ) ;
#1026 = LINE ( 'NONE', #1273, #2316 ) ;
#1027 = FACE_OUTER_BOUND ( 'NONE', #147, .T. ) ;
#1028 = CARTESIAN_POINT ( 'NONE',  ( 58.63206800602740287, 51.14542102133970758, 5.000000000000000000 ) ) ;
#1029 = ORIENTED_EDGE ( 'NONE', *, *, #1538, .F. ) ;
#1030 = PLANE ( 'NONE',  #1509 ) ;
#1031 = ORIENTED_EDGE ( 'NONE', *, *, #3596, .F. ) ;
#1032 = DIRECTION ( 'NONE',  ( 0.000000000000000000, -0.000000000000000000, 1.000000000000000000 ) ) ;
#1033 = CARTESIAN_POINT ( 'NONE',  ( 59.41939945595165540, 50.81202402019855668, 4.599999999999999645 ) ) ;
#1034 = ADVANCED_FACE ( 'NONE', ( #2064 ), #957, .F. ) ;
#1035 = VERTEX_POINT ( 'NONE', #4581 ) ;
#1036 = CARTESIAN_POINT ( 'NONE',  ( 38.85478914024159991, 50.76751028877510663, 4.599999999999999645 ) ) ;
#1037 = CARTESIAN_POINT ( 'NONE',  ( 16.97589199274863958, 59.84551655870923526, 5.000000000000000000 ) ) ;
#1038 = PLANE ( 'NONE',  #1917 ) ;
#1039 = CARTESIAN_POINT ( 'NONE',  ( 59.15031960174529502, 69.19974004816644708, 5.000000000000000000 ) ) ;
#1040 = CIRCLE ( 'NONE', #223, 2.499999999999995115 ) ;
#1041 = ORIENTED_EDGE ( 'NONE', *, *, #2787, .T. ) ;
#1042 = DIRECTION ( 'NONE',  ( 0.9999976573062887564, 0.002164574307900884748, 0.000000000000000000 ) ) ;
#1043 = EDGE_CURVE ( 'NONE', #3311, #106, #699, .T. ) ;
#1044 = DIRECTION ( 'NONE',  ( 0.000000000000000000, 1.000000000000000000, 0.000000000000000000 ) ) ;
#1045 = FACE_OUTER_BOUND ( 'NONE', #3634, .T. ) ;
#1046 = LINE ( 'NONE', #688, #1976 ) ;
#1047 = DIRECTION ( 'NONE',  ( 2.943923360034934810E-15, -0.7071067811865455743, -0.7071067811865493491 ) ) ;
#1048 = FACE_OUTER_BOUND ( 'NONE', #3941, .T. ) ;
#1049 = CARTESIAN_POINT ( 'NONE',  ( 47.98893882117888410, 53.22823707465383336, 5.000000000000000000 ) ) ;
#1050 = DIRECTION ( 'NONE',  ( -0.000000000000000000, -0.000000000000000000, -1.000000000000000000 ) ) ;
#1051 = ADVANCED_FACE ( 'NONE', ( #672 ), #3831, .F. ) ;
#1052 = EDGE_LOOP ( 'NONE', ( #511, #696, #1525 ) ) ;
#1053 = CARTESIAN_POINT ( 'NONE',  ( 39.52096675179606677, 50.99823335541131542, 4.599999999999999645 ) ) ;
#1054 = EDGE_CURVE ( 'NONE', #2754, #1520, #1924, .T. ) ;
#1055 = VERTEX_POINT ( 'NONE', #3090 ) ;
#1056 = DIRECTION ( 'NONE',  ( 1.000000000000000000, 0.000000000000000000, 0.000000000000000000 ) ) ;
#1057 = CARTESIAN_POINT ( 'NONE',  ( 35.09940047173320465, 68.10004456002852180, 5.000000000000000000 ) ) ;
#1058 = EDGE_CURVE ( 'NONE', #965, #4002, #2571, .T. ) ;
#1059 = ORIENTED_EDGE ( 'NONE', *, *, #4547, .T. ) ;
#1060 = DIRECTION ( 'NONE',  ( 0.000000000000000000, -1.000000000000000000, 0.000000000000000000 ) ) ;
#1061 = CARTESIAN_POINT ( 'NONE',  ( 73.50000000000000000, 46.49999999999999289, 0.000000000000000000 ) ) ;
#1062 = CARTESIAN_POINT ( 'NONE',  ( 60.99528194064776443, 51.21050410893639082, 5.000000000000000000 ) ) ;
#1063 = CARTESIAN_POINT ( 'NONE',  ( 47.92276532451271720, 52.83655436281766526, 5.000000000000000000 ) ) ;
#1064 = ORIENTED_EDGE ( 'NONE', *, *, #4603, .T. ) ;
#1065 = CARTESIAN_POINT ( 'NONE',  ( 44.66710539870615548, 52.78012259853174726, 5.000000000000000000 ) ) ;
#1066 = CARTESIAN_POINT ( 'NONE',  ( 67.50000000000000000, 2.499999999999993783, -12.50000000000000000 ) ) ;
#1067 = FACE_BOUND ( 'NONE', #2047, .T. ) ;
#1068 = DIRECTION ( 'NONE',  ( 0.000000000000000000, 0.000000000000000000, 1.000000000000000000 ) ) ;
#1069 = FACE_OUTER_BOUND ( 'NONE', #4061, .T. ) ;
#1070 = DIRECTION ( 'NONE',  ( 0.000000000000000000, 0.000000000000000000, 1.000000000000000000 ) ) ;
#1071 = FACE_OUTER_BOUND ( 'NONE', #3568, .T. ) ;
#1072 = ORIENTED_EDGE ( 'NONE', *, *, #3087, .T. ) ;
#1073 = ORIENTED_EDGE ( 'NONE', *, *, #4015, .F. ) ;
#1074 = CARTESIAN_POINT ( 'NONE',  ( 49.93795213272127143, 63.76172295399043577, 4.599999999999999645 ) ) ;
#1075 = CARTESIAN_POINT ( 'NONE',  ( 1.336082918170696798, 45.75207113318903396, 1.336082918170695910 ) ) ;
#1076 = ORIENTED_EDGE ( 'NONE', *, *, #3376, .F. ) ;
#1077 = LINE ( 'NONE', #2994, #3722 ) ;
#1078 = LINE ( 'NONE', #3383, #2417 ) ;
#1079 = CARTESIAN_POINT ( 'NONE',  ( 57.49999999999999289, 117.5000000000000142, -12.50000000000000000 ) ) ;
#1080 = CARTESIAN_POINT ( 'NONE',  ( 74.31793184591964518, 45.11987435654705081, 0.6820681540805199061 ) ) ;
#1081 = AXIS2_PLACEMENT_3D ( 'NONE', #2809, #458, #1565 ) ;
#1082 = CIRCLE ( 'NONE', #3392, 1.500000000000000000 ) ;
#1083 = ORIENTED_EDGE ( 'NONE', *, *, #724, .F. ) ;
#1084 = ADVANCED_FACE ( 'NONE', ( #2237 ), #2470, .F. ) ;
#1085 = CARTESIAN_POINT ( 'NONE',  ( 29.81318971088235159, 69.10801979596014633, 4.599999999999999645 ) ) ;
#1086 = AXIS2_PLACEMENT_3D ( 'NONE', #3843, #1116, #324 ) ;
#1087 = CARTESIAN_POINT ( 'NONE',  ( 75.00000000000000000, 0.000000000000000000, 0.000000000000000000 ) ) ;
#1088 = CARTESIAN_POINT ( 'NONE',  ( 28.48680579615640340, 67.79361627235329024, 4.599999999999999645 ) ) ;
#1089 = AXIS2_PLACEMENT_3D ( 'NONE', #1174, #3554, #3609 ) ;
#1090 = VERTEX_POINT ( 'NONE', #5009 ) ;
#1091 = AXIS2_PLACEMENT_3D ( 'NONE', #4259, #2295, #3865 ) ;
#1092 = AXIS2_PLACEMENT_3D ( 'NONE', #83, #1566, #4362 ) ;
#1093 = CARTESIAN_POINT ( 'NONE',  ( 23.97390899241983675, 55.10926709234449561, 5.000000000000000000 ) ) ;
#1094 = AXIS2_PLACEMENT_3D ( 'NONE', #1971, #1607, #3190 ) ;
#1095 = FACE_OUTER_BOUND ( 'NONE', #3284, .T. ) ;
#1096 = CARTESIAN_POINT ( 'NONE',  ( 61.25000000000001421, 116.2499999999999858, -15.00000000000000000 ) ) ;
#1097 = CARTESIAN_POINT ( 'NONE',  ( 56.98449280162159880, 69.20210790046715488, 4.599999999999999645 ) ) ;
#1098 = ORIENTED_EDGE ( 'NONE', *, *, #4123, .F. ) ;
#1099 = CARTESIAN_POINT ( 'NONE',  ( 47.92276532451271720, 52.83655436281766526, 4.599999999999999645 ) ) ;
#1100 = EDGE_CURVE ( 'NONE', #1651, #4521, #2975, .T. ) ;
#1101 = CIRCLE ( 'NONE', #4555, 1.899999999999999023 ) ;
#1102 = EDGE_LOOP ( 'NONE', ( #981, #949, #3953, #917 ) ) ;
#1103 = DIRECTION ( 'NONE',  ( -0.000000000000000000, -0.000000000000000000, 1.000000000000000000 ) ) ;
#1104 = B_SPLINE_SURFACE_WITH_KNOTS ( 'NONE', 3, 1, ( 
 ( #1560, #1186 ),
 ( #4712, #3593 ),
 ( #2031, #3225 ),
 ( #4332, #2392 ) ),
 .UNSPECIFIED., .F., .F., .F.,
 ( 4, 4 ),
 ( 2, 2 ),
 ( 0.000000000000000000, 1.000000000000000000 ),
 ( 0.000000000000000000, 1.000000000000000000 ),
 .UNSPECIFIED. ) ;
#1105 = CARTESIAN_POINT ( 'NONE',  ( 0.4339157902498672059, 45.74827394718922591, 1.301747370749582799 ) ) ;
#1106 = CARTESIAN_POINT ( 'NONE',  ( 75.00000000000000000, 75.00000000000000000, -9.184850993605148438E-17 ) ) ;
#1107 = ORIENTED_EDGE ( 'NONE', *, *, #529, .F. ) ;
#1108 = DIRECTION ( 'NONE',  ( -0.000000000000000000, 0.000000000000000000, -1.000000000000000000 ) ) ;
#1109 = CARTESIAN_POINT ( 'NONE',  ( 74.98570217814943817, 45.04825511024879603, 0.3899492020818434712 ) ) ;
#1110 = CARTESIAN_POINT ( 'NONE',  ( 61.25000000000001421, 117.5000000000000000, -15.00000000000000000 ) ) ;
#1111 = VERTEX_POINT ( 'NONE', #626 ) ;
#1112 = ADVANCED_FACE ( 'NONE', ( #4930 ), #2330, .F. ) ;
#1113 = ORIENTED_EDGE ( 'NONE', *, *, #4912, .T. ) ;
#1114 = ADVANCED_FACE ( 'NONE', ( #877 ), #1689, .F. ) ;
#1115 = CARTESIAN_POINT ( 'NONE',  ( 14.04654379219795857, 54.07188900997300607, 5.000000000000000000 ) ) ;
#1116 = DIRECTION ( 'NONE',  ( 0.000000000000000000, 0.000000000000000000, -1.000000000000000000 ) ) ;
#1117 = ORIENTED_EDGE ( 'NONE', *, *, #995, .F. ) ;
#1118 = FACE_OUTER_BOUND ( 'NONE', #2813, .T. ) ;
#1119 = DIRECTION ( 'NONE',  ( -1.000000000000000000, 0.000000000000000000, -0.000000000000000000 ) ) ;
#1120 = CARTESIAN_POINT ( 'NONE',  ( 75.00000000000000000, 73.50000000000000000, 1.500000000000000000 ) ) ;
#1121 = DIRECTION ( 'NONE',  ( -0.9999976573062887564, -0.002164574307906533442, 0.000000000000000000 ) ) ;
#1122 = ORIENTED_EDGE ( 'NONE', *, *, #3036, .T. ) ;
#1123 = CARTESIAN_POINT ( 'NONE',  ( 35.21975722808575426, -6.106783605428752537, 4.599999999999999645 ) ) ;
#1124 = EDGE_CURVE ( 'NONE', #2863, #1676, #3586, .T. ) ;
#1125 = VERTEX_POINT ( 'NONE', #1634 ) ;
#1126 = LINE ( 'NONE', #4195, #2814 ) ;
#1127 = CARTESIAN_POINT ( 'NONE',  ( 0.6820681540804989229, 45.11987435654705081, 0.6820681540805102472 ) ) ;
#1128 = ADVANCED_FACE ( 'NONE', ( #5084 ), #1659, .F. ) ;
#1129 = VECTOR ( 'NONE', #2227, 1000.000000000000000 ) ;
#1130 = ORIENTED_EDGE ( 'NONE', *, *, #410, .F. ) ;
#1131 = CARTESIAN_POINT ( 'NONE',  ( 59.15031960174529502, 69.19974004816646129, 5.000000000000000000 ) ) ;
#1132 = CARTESIAN_POINT ( 'NONE',  ( 23.56683206712730083, 67.17559582444506816, 4.599999999999999645 ) ) ;
#1133 = CARTESIAN_POINT ( 'NONE',  ( 35.23217485934515736, 50.75966885260515227, 5.000000000000000000 ) ) ;
#1134 = ORIENTED_EDGE ( 'NONE', *, *, #298, .F. ) ;
#1135 = CARTESIAN_POINT ( 'NONE',  ( 27.50000000000000000, 112.5000000000000000, -5.000000000000000000 ) ) ;
#1136 = VERTEX_POINT ( 'NONE', #2439 ) ;
#1137 = CARTESIAN_POINT ( 'NONE',  ( 31.44353972331855118, 65.52771775452278291, 4.599999999999999645 ) ) ;
#1138 = EDGE_LOOP ( 'NONE', ( #3080, #3098, #4444, #1296 ) ) ;
#1139 = CARTESIAN_POINT ( 'NONE',  ( 26.88347510842798016, 60.24439457978235168, 4.599999999999999645 ) ) ;
#1140 = CARTESIAN_POINT ( 'NONE',  ( 56.70000000000000284, 15.99999999999999289, 0.000000000000000000 ) ) ;
#1141 = CARTESIAN_POINT ( 'NONE',  ( 31.16037302392805231, 49.68205551682147814, 4.599999999999999645 ) ) ;
#1142 = EDGE_CURVE ( 'NONE', #4407, #3237, #4777, .T. ) ;
#1143 = ORIENTED_EDGE ( 'NONE', *, *, #4055, .F. ) ;
#1144 = CARTESIAN_POINT ( 'NONE',  ( 16.98661193500679900, 54.89307990385177050, 5.000000000000000000 ) ) ;
#1145 = CARTESIAN_POINT ( 'NONE',  ( 39.39999999999999858, 21.74999999999999289, 3.000000000000000000 ) ) ;
#1146 = CARTESIAN_POINT ( 'NONE',  ( -0.1218020318880143754, 56.27053139211767530, 4.599999999999999645 ) ) ;
#1147 = CARTESIAN_POINT ( 'NONE',  ( 47.50000000000000000, 112.4999999999999858, -10.00000000000000533 ) ) ;
#1148 = ORIENTED_EDGE ( 'NONE', *, *, #4897, .T. ) ;
#1149 = CARTESIAN_POINT ( 'NONE',  ( 47.58123054275102248, 52.55009577986906777, 5.000000000000000000 ) ) ;
#1150 = DIRECTION ( 'NONE',  ( -0.2844023902313085883, 0.9587050017762077658, 0.000000000000000000 ) ) ;
#1151 = ADVANCED_FACE ( 'NONE', ( #3164 ), #3930, .F. ) ;
#1152 = EDGE_LOOP ( 'NONE', ( #1829, #4287, #3892, #4729 ) ) ;
#1153 = EDGE_CURVE ( 'NONE', #1831, #3409, #3242, .T. ) ;
#1154 = CARTESIAN_POINT ( 'NONE',  ( 34.56461345859662515, 67.13590885259914387, 5.000000000000000000 ) ) ;
#1155 = DIRECTION ( 'NONE',  ( 0.000000000000000000, 0.7071067811865476838, 0.7071067811865474617 ) ) ;
#1156 = ORIENTED_EDGE ( 'NONE', *, *, #3278, .T. ) ;
#1157 = CARTESIAN_POINT ( 'NONE',  ( 28.05576097198110475, 72.73037325243288365, 5.000000000000000000 ) ) ;
#1158 = DIRECTION ( 'NONE',  ( -0.000000000000000000, 0.000000000000000000, -1.000000000000000000 ) ) ;
#1159 = CARTESIAN_POINT ( 'NONE',  ( 56.98449280162160591, 69.20210790046714067, 4.599999999999999645 ) ) ;
#1160 = VERTEX_POINT ( 'NONE', #2051 ) ;
#1161 = CARTESIAN_POINT ( 'NONE',  ( 60.15309437322863317, 50.81361216108685142, 4.599999999999999645 ) ) ;
#1162 = ORIENTED_EDGE ( 'NONE', *, *, #3876, .F. ) ;
#1163 = EDGE_CURVE ( 'NONE', #3589, #3172, #1605, .T. ) ;
#1164 = ADVANCED_FACE ( 'NONE', ( #1287 ), #2913, .F. ) ;
#1165 = VERTEX_POINT ( 'NONE', #19 ) ;
#1166 = LINE ( 'NONE', #2742, #4151 ) ;
#1167 = VECTOR ( 'NONE', #4216, 1000.000000000000000 ) ;
#1168 = DIRECTION ( 'NONE',  ( -2.360167994526267448E-16, -1.000000000000000000, 0.000000000000000000 ) ) ;
#1169 = EDGE_LOOP ( 'NONE', ( #2816, #2356, #4432, #4078, #1575 ) ) ;
#1170 = ORIENTED_EDGE ( 'NONE', *, *, #1798, .T. ) ;
#1171 = AXIS2_PLACEMENT_3D ( 'NONE', #2653, #1108, #265 ) ;
#1172 = VECTOR ( 'NONE', #2516, 1000.000000000000000 ) ;
#1173 = DIRECTION ( 'NONE',  ( 0.000000000000000000, 1.000000000000000000, 0.000000000000000000 ) ) ;
#1174 = CARTESIAN_POINT ( 'NONE',  ( 47.50000000000000000, 120.0000000000000142, -10.00000000000000888 ) ) ;
#1175 = LINE ( 'NONE', #4241, #4976 ) ;
#1176 = DIRECTION ( 'NONE',  ( -1.387778780781445676E-15, 0.000000000000000000, -1.000000000000000000 ) ) ;
#1177 = CARTESIAN_POINT ( 'NONE',  ( -6.938893903907228378E-15, 120.0000000000000142, -9.999999999999998224 ) ) ;
#1178 = AXIS2_PLACEMENT_3D ( 'NONE', #4163, #2928, #2199 ) ;
#1179 = CIRCLE ( 'NONE', #4878, 2.499999999999995115 ) ;
#1180 = ORIENTED_EDGE ( 'NONE', *, *, #964, .F. ) ;
#1181 = DIRECTION ( 'NONE',  ( -0.1708417403571640125, -0.9852984825684728554, 0.000000000000000000 ) ) ;
#1182 = EDGE_CURVE ( 'NONE', #2931, #3633, #3659, .T. ) ;
#1183 = AXIS2_PLACEMENT_3D ( 'NONE', #2130, #2515, #4835 ) ;
#1184 = CARTESIAN_POINT ( 'NONE',  ( 73.60576933443482517, 74.11837504407677102, 1.394230665565161509 ) ) ;
#1185 = VERTEX_POINT ( 'NONE', #4731 ) ;
#1186 = CARTESIAN_POINT ( 'NONE',  ( 33.01779607714239972, 60.15890489015593090, 5.000000000000000000 ) ) ;
#1187 = CARTESIAN_POINT ( 'NONE',  ( 74.69272661944366121, 45.30049979810937799, 0.9218201416690275929 ) ) ;
#1188 = CARTESIAN_POINT ( 'NONE',  ( 41.96291306052567904, 63.57867512623392514, 4.599999999999999645 ) ) ;
#1189 = VECTOR ( 'NONE', #3144, 1000.000000000000000 ) ;
#1190 =( BOUNDED_CURVE ( )  B_SPLINE_CURVE ( 3, ( #2490, #4067, #4780, #1258 ),
 .UNSPECIFIED., .F., .T. ) 
 B_SPLINE_CURVE_WITH_KNOTS ( ( 4, 4 ),
 ( 1.570796326794896336, 3.141592653589793116 ),
 .UNSPECIFIED. ) 
 CURVE ( )  GEOMETRIC_REPRESENTATION_ITEM ( )  RATIONAL_B_SPLINE_CURVE ( ( 1.000000000000000000, 0.8047378541243649375, 0.8047378541243649375, 1.000000000000000000 ) ) 
 REPRESENTATION_ITEM ( '' )  );
#1191 = ORIENTED_EDGE ( 'NONE', *, *, #4095, .F. ) ;
#1192 = AXIS2_PLACEMENT_3D ( 'NONE', #2812, #1598, #4692 ) ;
#1193 = LINE ( 'NONE', #1595, #4788 ) ;
#1194 = DIRECTION ( 'NONE',  ( 1.000000000000000000, 0.000000000000000000, 0.000000000000000000 ) ) ;
#1195 = DIRECTION ( 'NONE',  ( 1.000000000000000000, 0.000000000000000000, 0.000000000000000000 ) ) ;
#1196 = ORIENTED_EDGE ( 'NONE', *, *, #1008, .T. ) ;
#1197 = LINE ( 'NONE', #488, #4728 ) ;
#1198 = ORIENTED_EDGE ( 'NONE', *, *, #461, .T. ) ;
#1199 = EDGE_CURVE ( 'NONE', #2377, #2017, #4034, .T. ) ;
#1200 = VERTEX_POINT ( 'NONE', #2023 ) ;
#1201 = CARTESIAN_POINT ( 'NONE',  ( 41.48631741186515143, 24.64435482244645925, 5.000000000000000000 ) ) ;
#1202 = DIRECTION ( 'NONE',  ( 0.3244355677353744083, 0.9459077980375387718, 0.000000000000000000 ) ) ;
#1203 = ORIENTED_EDGE ( 'NONE', *, *, #1855, .T. ) ;
#1204 = B_SPLINE_CURVE_WITH_KNOTS ( 'NONE', 3,
 ( #1828, #1444, #1063, #3025 ),
 .UNSPECIFIED., .F., .F.,
 ( 4, 4 ),
 ( 29.00000000000000000, 30.00000000000000000 ),
 .UNSPECIFIED. ) ;
#1205 = ORIENTED_EDGE ( 'NONE', *, *, #1875, .F. ) ;
#1206 = DIRECTION ( 'NONE',  ( -0.3071847255501460316, -0.9516499064197303515, 0.000000000000000000 ) ) ;
#1207 = CARTESIAN_POINT ( 'NONE',  ( -4.990457593806998435E-15, 44.99999999999999289, -8.575622497214412481E-16 ) ) ;
#1208 = CARTESIAN_POINT ( 'NONE',  ( 33.00451068268754540, 66.29653818033413870, 5.000000000000000000 ) ) ;
#1209 = CARTESIAN_POINT ( 'NONE',  ( 74.12132034355964549, 45.00000000000000000, 0.2928932188134523718 ) ) ;
#1210 = LINE ( 'NONE', #2279, #3099 ) ;
#1211 = ORIENTED_EDGE ( 'NONE', *, *, #3914, .T. ) ;
#1212 = VECTOR ( 'NONE', #4292, 1000.000000000000114 ) ;
#1213 = CARTESIAN_POINT ( 'NONE',  ( 74.50322304803994200, 73.69634717512361988, 1.490330855880327654 ) ) ;
#1214 = ORIENTED_EDGE ( 'NONE', *, *, #2424, .F. ) ;
#1215 = ADVANCED_FACE ( 'NONE', ( #4434 ), #555, .F. ) ;
#1216 = CARTESIAN_POINT ( 'NONE',  ( 32.46596180904801088, 71.73792631199650316, 5.000000000000000000 ) ) ;
#1217 = CARTESIAN_POINT ( 'NONE',  ( 73.69825262925022002, 45.74827394718952434, 0.4339157902498696484 ) ) ;
#1218 = ADVANCED_FACE ( 'NONE', ( #2532 ), #4158, .T. ) ;
#1219 = ORIENTED_EDGE ( 'NONE', *, *, #2016, .F. ) ;
#1220 = CARTESIAN_POINT ( 'NONE',  ( 39.39999999999999858, 21.74999999999999289, 0.5000000000000108802 ) ) ;
#1221 = CARTESIAN_POINT ( 'NONE',  ( 37.79313599863449724, -0.2453156435208566355, 4.599999999999999645 ) ) ;
#1222 = CARTESIAN_POINT ( 'NONE',  ( 29.89265525571779136, 60.09923018964615693, 5.000000000000000000 ) ) ;
#1223 = EDGE_CURVE ( 'NONE', #700, #3317, #2413, .T. ) ;
#1224 = CARTESIAN_POINT ( 'NONE',  ( 12.49999999999998757, -6.071532165918824830E-15, -9.999999999999991118 ) ) ;
#1225 = EDGE_LOOP ( 'NONE', ( #3642, #3442, #697 ) ) ;
#1226 = EDGE_CURVE ( 'NONE', #1376, #522, #608, .T. ) ;
#1227 = ORIENTED_EDGE ( 'NONE', *, *, #1199, .T. ) ;
#1228 = CARTESIAN_POINT ( 'NONE',  ( 47.98893882117888410, 53.22823707465383336, 4.599999999999999645 ) ) ;
#1229 = CARTESIAN_POINT ( 'NONE',  ( 45.90133713412228644, 56.20436685281529066, 4.599999999999999645 ) ) ;
#1230 = ADVANCED_FACE ( 'NONE', ( #1311 ), #4413, .T. ) ;
#1231 = ORIENTED_EDGE ( 'NONE', *, *, #1199, .F. ) ;
#1232 = EDGE_LOOP ( 'NONE', ( #264, #4917, #4199, #3768, #1271, #3176, #1279, #1370 ) ) ;
#1233 = CARTESIAN_POINT ( 'NONE',  ( 47.50000000000000000, 117.5000000000000000, -10.00000000000000888 ) ) ;
#1234 = CARTESIAN_POINT ( 'NONE',  ( 28.05446503742488318, 47.25554083441714681, 5.000000000000000000 ) ) ;
#1235 = DIRECTION ( 'NONE',  ( 0.000000000000000000, -0.000000000000000000, 1.000000000000000000 ) ) ;
#1236 = DIRECTION ( 'NONE',  ( 1.000000000000000000, -0.000000000000000000, -0.000000000000000000 ) ) ;
#1237 = ORIENTED_EDGE ( 'NONE', *, *, #472, .T. ) ;
#1238 = CARTESIAN_POINT ( 'NONE',  ( 41.48062131786240769, 24.64097113909109282, 5.000000000000000000 ) ) ;
#1239 = CARTESIAN_POINT ( 'NONE',  ( 74.74819053156286941, 74.81067960955685692, 0.7554284053110906783 ) ) ;
#1240 = CARTESIAN_POINT ( 'NONE',  ( 1.500000000000001110, 73.50000000000000000, 1.500000000000000000 ) ) ;
#1241 = CARTESIAN_POINT ( 'NONE',  ( 74.24457159468873613, 45.18932039044321414, 0.2518094684370357217 ) ) ;
#1242 = ORIENTED_EDGE ( 'NONE', *, *, #4544, .F. ) ;
#1243 = CARTESIAN_POINT ( 'NONE',  ( 59.58065994151687761, 69.20067155399181047, 5.000000000000000000 ) ) ;
#1244 = PLANE ( 'NONE',  #5035 ) ;
#1245 = DIRECTION ( 'NONE',  ( 0.006490873785237705890, 0.9999789340568651097, 0.000000000000000000 ) ) ;
#1246 = DIRECTION ( 'NONE',  ( 1.000000000000000000, -0.000000000000000000, -0.000000000000000000 ) ) ;
#1247 = ORIENTED_EDGE ( 'NONE', *, *, #3587, .T. ) ;
#1248 = ORIENTED_EDGE ( 'NONE', *, *, #674, .F. ) ;
#1249 = DIRECTION ( 'NONE',  ( 1.000000000000000000, 0.000000000000000000, 0.000000000000000000 ) ) ;
#1250 = FACE_OUTER_BOUND ( 'NONE', #4369, .T. ) ;
#1251 = ORIENTED_EDGE ( 'NONE', *, *, #1561, .T. ) ;
#1252 = CARTESIAN_POINT ( 'NONE',  ( 58.63206800602740287, 51.14542102133970758, 4.599999999999999645 ) ) ;
#1253 = ORIENTED_EDGE ( 'NONE', *, *, #4268, .F. ) ;
#1254 = LINE ( 'NONE', #496, #5033 ) ;
#1255 = VECTOR ( 'NONE', #1817, 1000.000000000000114 ) ;
#1256 = CARTESIAN_POINT ( 'NONE',  ( 0.5373072040762937318, 45.07125415900011944, 0.5373072040762690849 ) ) ;
#1257 = CARTESIAN_POINT ( 'NONE',  ( 17.50000000000000000, 117.5000000000000000, 0.000000000000000000 ) ) ;
#1258 = CARTESIAN_POINT ( 'NONE',  ( 0.5000000000000011102, 73.50000000000000000, 1.500000000000000000 ) ) ;
#1259 = ORIENTED_EDGE ( 'NONE', *, *, #2804, .T. ) ;
#1260 = VECTOR ( 'NONE', #3046, 1000.000000000000000 ) ;
#1261 = DIRECTION ( 'NONE',  ( 0.000000000000000000, 1.000000000000000000, 0.000000000000000000 ) ) ;
#1262 = AXIS2_PLACEMENT_3D ( 'NONE', #2849, #2484, #2046 ) ;
#1263 = EDGE_CURVE ( 'NONE', #5003, #176, #631, .T. ) ;
#1264 = CARTESIAN_POINT ( 'NONE',  ( 73.79777450375253522, 74.46556032481962006, 1.202225496247733449 ) ) ;
#1265 = VECTOR ( 'NONE', #4281, 1000.000000000000000 ) ;
#1266 = CARTESIAN_POINT ( 'NONE',  ( 0.5373072040764269586, 74.92874584100017898, 0.5373072040764261814 ) ) ;
#1267 = CARTESIAN_POINT ( 'NONE',  ( 7.499999999999989342, 3.749999999999994671, -11.25000000000000000 ) ) ;
#1268 = AXIS2_PLACEMENT_3D ( 'NONE', #151, #1714, #3298 ) ;
#1269 = ADVANCED_FACE ( 'NONE', ( #2489 ), #1399, .F. ) ;
#1270 = CIRCLE ( 'NONE', #360, 1.000000000000000000 ) ;
#1271 = ORIENTED_EDGE ( 'NONE', *, *, #1469, .F. ) ;
#1272 = VECTOR ( 'NONE', #4516, 1000.000000000000000 ) ;
#1273 = CARTESIAN_POINT ( 'NONE',  ( 50.49088868411231346, 67.42082781729087060, 4.599999999999999645 ) ) ;
#1274 = CARTESIAN_POINT ( 'NONE',  ( 44.66710539870615548, 52.78012259853174726, 4.599999999999999645 ) ) ;
#1275 = CARTESIAN_POINT ( 'NONE',  ( 49.81101981722417804, 63.73675655674161789, 5.000000000000000000 ) ) ;
#1276 = CARTESIAN_POINT ( 'NONE',  ( 63.82145453975622473, 3.806667673894479798, 4.599999999999999645 ) ) ;
#1277 = ORIENTED_EDGE ( 'NONE', *, *, #791, .T. ) ;
#1278 = VECTOR ( 'NONE', #257, 1000.000000000000000 ) ;
#1279 = ORIENTED_EDGE ( 'NONE', *, *, #2113, .T. ) ;
#1280 = LINE ( 'NONE', #872, #2987 ) ;
#1281 = EDGE_CURVE ( 'NONE', #93, #99, #1563, .T. ) ;
#1282 = CARTESIAN_POINT ( 'NONE',  ( 35.00763628465025334, 51.82798241853258503, 4.599999999999999645 ) ) ;
#1283 = ORIENTED_EDGE ( 'NONE', *, *, #2183, .T. ) ;
#1284 = ORIENTED_EDGE ( 'NONE', *, *, #586, .F. ) ;
#1285 = EDGE_CURVE ( 'NONE', #2288, #3466, #4523, .T. ) ;
#1286 = CARTESIAN_POINT ( 'NONE',  ( 61.25000000000000711, 114.9999999999999858, -15.00000000000000000 ) ) ;
#1287 = FACE_OUTER_BOUND ( 'NONE', #2363, .T. ) ;
#1288 = CARTESIAN_POINT ( 'NONE',  ( 28.05576097198110475, 72.73037325243288365, 5.000000000000000000 ) ) ;
#1289 = FACE_OUTER_BOUND ( 'NONE', #3720, .T. ) ;
#1290 = ORIENTED_EDGE ( 'NONE', *, *, #793, .T. ) ;
#1291 = LINE ( 'NONE', #3663, #4605 ) ;
#1292 = B_SPLINE_CURVE_WITH_KNOTS ( 'NONE', 3,
 ( #4578, #2618, #1053, #4531 ),
 .UNSPECIFIED., .F., .F.,
 ( 4, 4 ),
 ( 23.00000000000000000, 24.00000000000000000 ),
 .UNSPECIFIED. ) ;
#1293 = LINE ( 'NONE', #2860, #3577 ) ;
#1294 = LINE ( 'NONE', #573, #4472 ) ;
#1295 = CARTESIAN_POINT ( 'NONE',  ( 0.2271803528055064414, 46.30245495613723961, 1.490166592345997465 ) ) ;
#1296 = ORIENTED_EDGE ( 'NONE', *, *, #4649, .T. ) ;
#1297 = VECTOR ( 'NONE', #2637, 1000.000000000000000 ) ;
#1298 = CARTESIAN_POINT ( 'NONE',  ( 15.79999999999998117, 106.6999999999999886, 3.000000000000000000 ) ) ;
#1299 = ORIENTED_EDGE ( 'NONE', *, *, #4013, .F. ) ;
#1300 = VECTOR ( 'NONE', #1307, 1000.000000000000114 ) ;
#1301 = EDGE_CURVE ( 'NONE', #3864, #925, #4065, .T. ) ;
#1302 = CARTESIAN_POINT ( 'NONE',  ( 54.64768155626245516, 56.93935805308352371, 5.000000000000000000 ) ) ;
#1303 = CARTESIAN_POINT ( 'NONE',  ( 35.78597283154926600, 50.76086759227584366, 5.000000000000000000 ) ) ;
#1304 = ORIENTED_EDGE ( 'NONE', *, *, #4921, .F. ) ;
#1305 = ORIENTED_EDGE ( 'NONE', *, *, #3376, .T. ) ;
#1306 = DIRECTION ( 'NONE',  ( 0.000000000000000000, 0.7071067811865455743, 0.7071067811865493491 ) ) ;
#1307 = DIRECTION ( 'NONE',  ( -0.3244355677352885325, -0.9459077980375681927, 0.000000000000000000 ) ) ;
#1308 = CARTESIAN_POINT ( 'NONE',  ( 7.499999999999989342, 2.499999999999993783, -12.50000000000000000 ) ) ;
#1309 = VERTEX_POINT ( 'NONE', #992 ) ;
#1310 = VERTEX_POINT ( 'NONE', #2554 ) ;
#1311 = FACE_OUTER_BOUND ( 'NONE', #970, .T. ) ;
#1312 = DIRECTION ( 'NONE',  ( 1.000000000000000000, 0.000000000000000000, -0.000000000000000000 ) ) ;
#1313 = EDGE_CURVE ( 'NONE', #1160, #2606, #1925, .T. ) ;
#1314 = DIRECTION ( 'NONE',  ( 1.228762462150238276E-16, 1.000000000000000000, -0.000000000000000000 ) ) ;
#1315 = EDGE_LOOP ( 'NONE', ( #4046, #1059 ) ) ;
#1316 = DIRECTION ( 'NONE',  ( -0.2870939462787172047, 0.9579024303185126321, 0.000000000000000000 ) ) ;
#1317 = CARTESIAN_POINT ( 'NONE',  ( 73.50000000000000000, 73.50000000000000000, 0.5000000000000000000 ) ) ;
#1318 = DIRECTION ( 'NONE',  ( -0.000000000000000000, -0.000000000000000000, 1.000000000000000000 ) ) ;
#1319 = VERTEX_POINT ( 'NONE', #1783 ) ;
#1320 = CARTESIAN_POINT ( 'NONE',  ( 35.00763628465025334, 51.82798241853258503, 4.599999999999999645 ) ) ;
#1321 = ADVANCED_FACE ( 'NONE', ( #3369 ), #4918, .T. ) ;
#1322 = ORIENTED_EDGE ( 'NONE', *, *, #578, .T. ) ;
#1323 = DIRECTION ( 'NONE',  ( -1.000000000000000000, 0.000000000000000000, -0.000000000000000000 ) ) ;
#1324 = LINE ( 'NONE', #111, #1272 ) ;
#1325 = CARTESIAN_POINT ( 'NONE',  ( 43.76239363741270694, 63.34270742456207870, 4.599999999999999645 ) ) ;
#1326 = VERTEX_POINT ( 'NONE', #3683 ) ;
#1327 = VECTOR ( 'NONE', #4012, 1000.000000000000000 ) ;
#1328 = ORIENTED_EDGE ( 'NONE', *, *, #953, .T. ) ;
#1329 = CARTESIAN_POINT ( 'NONE',  ( 29.90268027374996151, 55.46778468053395272, 4.599999999999999645 ) ) ;
#1330 = CARTESIAN_POINT ( 'NONE',  ( 26.17347629967591871, 69.52399929548073487, 4.599999999999999645 ) ) ;
#1331 = CARTESIAN_POINT ( 'NONE',  ( 22.49999999999999289, 114.9999999999999858, -15.00000000000000000 ) ) ;
#1332 = ORIENTED_EDGE ( 'NONE', *, *, #980, .F. ) ;
#1333 = EDGE_CURVE ( 'NONE', #3954, #5050, #2090, .T. ) ;
#1334 = ORIENTED_EDGE ( 'NONE', *, *, #2069, .T. ) ;
#1335 = ADVANCED_FACE ( 'NONE', ( #1336 ), #3029, .F. ) ;
#1336 = FACE_OUTER_BOUND ( 'NONE', #158, .T. ) ;
#1337 = CARTESIAN_POINT ( 'NONE',  ( 74.82803848460876850, 74.25257204672369937, 1.301227930856633463 ) ) ;
#1338 = DIRECTION ( 'NONE',  ( 0.000000000000000000, -0.7071067811865474617, 0.7071067811865476838 ) ) ;
#1339 = CARTESIAN_POINT ( 'NONE',  ( 1.128200527441389545, 74.55402460371043105, 1.128200527441392875 ) ) ;
#1340 = VECTOR ( 'NONE', #4254, 1000.000000000000000 ) ;
#1341 = EDGE_CURVE ( 'NONE', #474, #1610, #4257, .T. ) ;
#1342 = VECTOR ( 'NONE', #3139, 1000.000000000000000 ) ;
#1343 = ORIENTED_EDGE ( 'NONE', *, *, #2841, .T. ) ;
#1344 = VECTOR ( 'NONE', #3340, 1000.000000000000000 ) ;
#1345 = ORIENTED_EDGE ( 'NONE', *, *, #156, .T. ) ;
#1346 = LINE ( 'NONE', #2915, #4483 ) ;
#1347 = CARTESIAN_POINT ( 'NONE',  ( 72.50000000000000000, 4.999999999999993783, -12.50000000000000000 ) ) ;
#1348 = VECTOR ( 'NONE', #3252, 1000.000000000000114 ) ;
#1349 = CARTESIAN_POINT ( 'NONE',  ( 5.000000000000000000, 0.000000000000000000, 0.000000000000000000 ) ) ;
#1350 = AXIS2_PLACEMENT_3D ( 'NONE', #3815, #4669, #4202 ) ;
#1351 = ORIENTED_EDGE ( 'NONE', *, *, #4297, .T. ) ;
#1352 = CARTESIAN_POINT ( 'NONE',  ( 16.97589199274863958, 59.84551655870923526, 4.599999999999999645 ) ) ;
#1353 = DIRECTION ( 'NONE',  ( 0.000000000000000000, 0.000000000000000000, -1.000000000000000000 ) ) ;
#1354 = CARTESIAN_POINT ( 'NONE',  ( 17.50000000000000000, 117.5000000000000142, -12.50000000000000000 ) ) ;
#1355 = VERTEX_POINT ( 'NONE', #2711 ) ;
#1356 = EDGE_CURVE ( 'NONE', #2171, #815, #3797, .T. ) ;
#1357 = EDGE_LOOP ( 'NONE', ( #3304, #3561, #5048 ) ) ;
#1358 = DIRECTION ( 'NONE',  ( 0.000000000000000000, 0.000000000000000000, -1.000000000000000000 ) ) ;
#1359 = LINE ( 'NONE', #520, #3574 ) ;
#1360 = CARTESIAN_POINT ( 'NONE',  ( 47.85035056033056122, 66.73785271226965676, 4.599999999999999645 ) ) ;
#1361 = EDGE_CURVE ( 'NONE', #1160, #4682, #3418, .T. ) ;
#1362 = CARTESIAN_POINT ( 'NONE',  ( 35.87667499726751430, 69.15288993489288316, 5.000000000000000000 ) ) ;
#1363 = ORIENTED_EDGE ( 'NONE', *, *, #3929, .T. ) ;
#1364 = CARTESIAN_POINT ( 'NONE',  ( 28.99618295937897017, 74.32974751677330971, 5.000000000000000000 ) ) ;
#1365 = EDGE_CURVE ( 'NONE', #4330, #3311, #1884, .T. ) ;
#1366 = VERTEX_POINT ( 'NONE', #3078 ) ;
#1367 = DIRECTION ( 'NONE',  ( -0.000000000000000000, -0.000000000000000000, 1.000000000000000000 ) ) ;
#1368 = CARTESIAN_POINT ( 'NONE',  ( 0.4999999999999975020, 45.62132034355963128, 1.500000000000000000 ) ) ;
#1369 = EDGE_CURVE ( 'NONE', #4613, #3311, #1468, .T. ) ;
#1370 = ORIENTED_EDGE ( 'NONE', *, *, #4962, .T. ) ;
#1371 = CARTESIAN_POINT ( 'NONE',  ( 37.41813806569387424, 69.15622655406406238, 5.000000000000000000 ) ) ;
#1372 = EDGE_CURVE ( 'NONE', #3054, #2630, #2632, .T. ) ;
#1373 = CARTESIAN_POINT ( 'NONE',  ( 31.42165254070773628, -10.77726782925159732, 4.599999999999999645 ) ) ;
#1374 = FACE_OUTER_BOUND ( 'NONE', #4721, .T. ) ;
#1375 = ORIENTED_EDGE ( 'NONE', *, *, #2929, .T. ) ;
#1376 = VERTEX_POINT ( 'NONE', #1805 ) ;
#1377 = EDGE_CURVE ( 'NONE', #4844, #3517, #1402, .T. ) ;
#1378 = DIRECTION ( 'NONE',  ( 0.000000000000000000, 1.000000000000000000, 0.000000000000000000 ) ) ;
#1379 = FACE_OUTER_BOUND ( 'NONE', #2387, .T. ) ;
#1380 = PLANE ( 'NONE',  #3711 ) ;
#1381 = AXIS2_PLACEMENT_3D ( 'NONE', #5058, #2693, #2780 ) ;
#1382 = LINE ( 'NONE', #509, #3650 ) ;
#1383 = PLANE ( 'NONE',  #105 ) ;
#1384 = CARTESIAN_POINT ( 'NONE',  ( 35.87667499726751430, 69.15288993489288316, 5.000000000000000000 ) ) ;
#1385 = ORIENTED_EDGE ( 'NONE', *, *, #2382, .T. ) ;
#1386 = SURFACE_STYLE_USAGE ( .BOTH. , #211 ) ;
#1387 = ADVANCED_FACE ( 'NONE', ( #707 ), #918, .T. ) ;
#1388 = EDGE_LOOP ( 'NONE', ( #1083, #2142, #2284, #3060 ) ) ;
#1389 =( NAMED_UNIT ( * ) SI_UNIT ( $, .STERADIAN. ) SOLID_ANGLE_UNIT ( ) );
#1390 = DIRECTION ( 'NONE',  ( -0.000000000000000000, -0.000000000000000000, 1.000000000000000000 ) ) ;
#1391 = CARTESIAN_POINT ( 'NONE',  ( 43.44441003206581087, 63.58188194402834625, 5.000000000000000000 ) ) ;
#1392 = ORIENTED_EDGE ( 'NONE', *, *, #4013, .T. ) ;
#1393 = DIRECTION ( 'NONE',  ( -0.9587445370430260905, -0.2842690850060091701, 0.000000000000000000 ) ) ;
#1394 = CARTESIAN_POINT ( 'NONE',  ( 23.52078599485841082, 52.59678160645988498, 5.000000000000000000 ) ) ;
#1395 = CARTESIAN_POINT ( 'NONE',  ( 17.93053125479569232, 74.99553061957149680, 4.599999999999999645 ) ) ;
#1396 = EDGE_LOOP ( 'NONE', ( #2068, #4958, #4069, #3745 ) ) ;
#1397 = ORIENTED_EDGE ( 'NONE', *, *, #26, .F. ) ;
#1398 =( BOUNDED_CURVE ( )  B_SPLINE_CURVE ( 3, ( #4022, #1368, #1703, #3336 ),
 .UNSPECIFIED., .F., .F. ) 
 B_SPLINE_CURVE_WITH_KNOTS ( ( 4, 4 ),
 ( 0.000000000000000000, 1.570796326794896780 ),
 .UNSPECIFIED. ) 
 CURVE ( )  GEOMETRIC_REPRESENTATION_ITEM ( )  RATIONAL_B_SPLINE_CURVE ( ( 1.000000000000000000, 0.8047378541243649375, 0.8047378541243649375, 1.000000000000000000 ) ) 
 REPRESENTATION_ITEM ( '' )  );
#1399 = PLANE ( 'NONE',  #3483 ) ;
#1400 = LINE ( 'NONE', #2610, #4218 ) ;
#1401 = CARTESIAN_POINT ( 'NONE',  ( 49.81101981722417804, 63.73675655674161789, 4.599999999999999645 ) ) ;
#1402 =( BOUNDED_CURVE ( )  B_SPLINE_CURVE ( 3, ( #4674, #2662, #4238, #323 ),
 .UNSPECIFIED., .F., .F. ) 
 B_SPLINE_CURVE_WITH_KNOTS ( ( 4, 4 ),
 ( 0.000000000000000000, 1.570796326794902109 ),
 .UNSPECIFIED. ) 
 CURVE ( )  GEOMETRIC_REPRESENTATION_ITEM ( )  RATIONAL_B_SPLINE_CURVE ( ( 1.000000000000000000, 0.8047378541243637162, 0.8047378541243637162, 1.000000000000000000 ) ) 
 REPRESENTATION_ITEM ( '' )  );
#1403 = CARTESIAN_POINT ( 'NONE',  ( 15.43487065834723104, 69.41552549916616499, 5.000000000000000000 ) ) ;
#1404 = FACE_OUTER_BOUND ( 'NONE', #1886, .T. ) ;
#1405 = LINE ( 'NONE', #2563, #316 ) ;
#1406 = ORIENTED_EDGE ( 'NONE', *, *, #2886, .T. ) ;
#1407 = ADVANCED_FACE ( 'NONE', ( #2686 ), #4260, .F. ) ;
#1408 =( LENGTH_UNIT ( ) NAMED_UNIT ( * ) SI_UNIT ( .MILLI., .METRE. ) );
#1409 = ORIENTED_EDGE ( 'NONE', *, *, #1628, .T. ) ;
#1410 = VECTOR ( 'NONE', #694, 1000.000000000000000 ) ;
#1411 = DIRECTION ( 'NONE',  ( -1.000000000000000000, 0.000000000000000000, 0.000000000000000000 ) ) ;
#1412 = CARTESIAN_POINT ( 'NONE',  ( 1.423389135037539610, 46.01667645971301113, 0.4744630450125235099 ) ) ;
#1413 = VECTOR ( 'NONE', #3643, 1000.000000000000000 ) ;
#1414 = VECTOR ( 'NONE', #414, 1000.000000000000000 ) ;
#1415 = ORIENTED_EDGE ( 'NONE', *, *, #3687, .F. ) ;
#1416 = FACE_OUTER_BOUND ( 'NONE', #4344, .T. ) ;
#1417 = CARTESIAN_POINT ( 'NONE',  ( 16.96517205049047661, 64.79795321356733950, 4.599999999999999645 ) ) ;
#1418 = CARTESIAN_POINT ( 'NONE',  ( 35.78597283154926600, 50.76086759227583656, 4.599999999999999645 ) ) ;
#1419 = LINE ( 'NONE', #2145, #3979 ) ;
#1420 = VERTEX_POINT ( 'NONE', #345 ) ;
#1421 = AXIS2_PLACEMENT_3D ( 'NONE', #2464, #4373, #4755 ) ;
#1422 = VERTEX_POINT ( 'NONE', #1910 ) ;
#1423 = EDGE_CURVE ( 'NONE', #2781, #2931, #3496, .T. ) ;
#1424 = CARTESIAN_POINT ( 'NONE',  ( 37.41813806569387424, 69.15622655406406238, 4.599999999999999645 ) ) ;
#1425 = AXIS2_PLACEMENT_3D ( 'NONE', #559, #4823, #2119 ) ;
#1426 = CARTESIAN_POINT ( 'NONE',  ( 26.89661543495349250, 54.17378028218959685, 4.599999999999999645 ) ) ;
#1427 = EDGE_CURVE ( 'NONE', #1974, #3677, #2589, .T. ) ;
#1428 = CIRCLE ( 'NONE', #2252, 1.250000000000001110 ) ;
#1429 = CARTESIAN_POINT ( 'NONE',  ( 31.45523698125404621, 60.12377736324087607, 4.599999999999999645 ) ) ;
#1430 = DIRECTION ( 'NONE',  ( 0.000000000000000000, 1.000000000000000000, 0.000000000000000000 ) ) ;
#1431 = CARTESIAN_POINT ( 'NONE',  ( 51.97385331965853794, 56.96884372970191635, 4.599999999999999645 ) ) ;
#1432 = DIRECTION ( 'NONE',  ( -0.2870939462787172047, 0.9579024303185126321, 0.000000000000000000 ) ) ;
#1433 = LINE ( 'NONE', #4143, #2456 ) ;
#1434 = EDGE_CURVE ( 'NONE', #4240, #1136, #4183, .T. ) ;
#1435 = ORIENTED_EDGE ( 'NONE', *, *, #1682, .F. ) ;
#1436 = CARTESIAN_POINT ( 'NONE',  ( 67.50000000000000000, 2.499999999999993783, -12.50000000000000000 ) ) ;
#1437 = ORIENTED_EDGE ( 'NONE', *, *, #1953, .T. ) ;
#1438 = FACE_OUTER_BOUND ( 'NONE', #2259, .T. ) ;
#1439 = CARTESIAN_POINT ( 'NONE',  ( 0.4999999999999975020, 46.49999999999999289, 1.500000000000000000 ) ) ;
#1440 = ORIENTED_EDGE ( 'NONE', *, *, #1953, .F. ) ;
#1441 = CARTESIAN_POINT ( 'NONE',  ( 56.20969273636311669, 68.63604813294755047, 4.599999999999999645 ) ) ;
#1442 = CARTESIAN_POINT ( 'NONE',  ( 52.50000000000000000, -0.001000000000001000089, -15.00000000000000711 ) ) ;
#1443 = DIRECTION ( 'NONE',  ( -0.9999976573062886454, -0.002164574307960163285, 0.000000000000000000 ) ) ;
#1444 = CARTESIAN_POINT ( 'NONE',  ( 47.58123054275102248, 52.55009577986906777, 5.000000000000000000 ) ) ;
#1445 = ORIENTED_EDGE ( 'NONE', *, *, #4465, .T. ) ;
#1446 = DIRECTION ( 'NONE',  ( -0.000000000000000000, -0.000000000000000000, 1.000000000000000000 ) ) ;
#1447 = CARTESIAN_POINT ( 'NONE',  ( 26.88347510842798016, 60.24439457978235168, 4.599999999999999645 ) ) ;
#1448 = CARTESIAN_POINT ( 'NONE',  ( 45.34840069594080347, 52.54526264242620215, 4.599999999999999645 ) ) ;
#1449 = LINE ( 'NONE', #1915, #2099 ) ;
#1450 = EDGE_CURVE ( 'NONE', #1310, #374, #4974, .T. ) ;
#1451 = CARTESIAN_POINT ( 'NONE',  ( 47.18616342779203876, 52.54924062573878274, 4.599999999999999645 ) ) ;
#1452 = LINE ( 'NONE', #2951, #2973 ) ;
#1453 = CARTESIAN_POINT ( 'NONE',  ( 50.49088868411231346, 67.42082781729087060, 5.000000000000000000 ) ) ;
#1454 = ORIENTED_EDGE ( 'NONE', *, *, #3834, .T. ) ;
#1455 = FACE_OUTER_BOUND ( 'NONE', #396, .T. ) ;
#1456 = ORIENTED_EDGE ( 'NONE', *, *, #719, .F. ) ;
#1457 = CARTESIAN_POINT ( 'NONE',  ( -8.933467110627823615, 45.41887459687293216, 5.000000000000000000 ) ) ;
#1458 = CARTESIAN_POINT ( 'NONE',  ( 1.477205669890436113, 46.17507540393180676, 1.477205669890445439 ) ) ;
#1459 = CYLINDRICAL_SURFACE ( 'NONE', #4549, 2.500000000000002220 ) ;
#1460 = EDGE_CURVE ( 'NONE', #3430, #3517, #1912, .T. ) ;
#1461 = ORIENTED_EDGE ( 'NONE', *, *, #2937, .T. ) ;
#1462 = DIRECTION ( 'NONE',  ( 0.000000000000000000, 1.000000000000000000, -0.000000000000000000 ) ) ;
#1463 = CARTESIAN_POINT ( 'NONE',  ( 57.49999999999999289, 120.0000000000000142, -9.999999999999998224 ) ) ;
#1464 = CARTESIAN_POINT ( 'NONE',  ( 34.84299446063909045, 51.29851711344042542, 4.599999999999999645 ) ) ;
#1465 = CARTESIAN_POINT ( 'NONE',  ( 73.66391708182916886, 45.75207113318916896, 1.336082918170693912 ) ) ;
#1466 = ORIENTED_EDGE ( 'NONE', *, *, #3271, .F. ) ;
#1467 = B_SPLINE_SURFACE_WITH_KNOTS ( 'NONE', 3, 1, ( 
 ( #4654, #3821 ),
 ( #4621, #1144 ),
 ( #303, #3055 ),
 ( #3393, #3032 ),
 ( #736, #1093 ),
 ( #1887, #3467 ) ),
 .UNSPECIFIED., .F., .F., .F.,
 ( 4, 2, 4 ),
 ( 2, 2 ),
 ( 2.000000000000000000, 3.000000000000000000, 4.000000000000000000 ),
 ( 0.000000000000000000, 1.000000000000000000 ),
 .UNSPECIFIED. ) ;
#1468 = LINE ( 'NONE', #4590, #2744 ) ;
#1469 = EDGE_CURVE ( 'NONE', #757, #1035, #1601, .T. ) ;
#1470 = CARTESIAN_POINT ( 'NONE',  ( 14.03395320428463044, 59.88853312862018896, 4.599999999999999645 ) ) ;
#1471 = EDGE_CURVE ( 'NONE', #2783, #2797, #89, .T. ) ;
#1472 = ORIENTED_EDGE ( 'NONE', *, *, #70, .F. ) ;
#1473 = CARTESIAN_POINT ( 'NONE',  ( 74.50000000000000000, 0.000000000000000000, 0.5000000000000000000 ) ) ;
#1474 = VECTOR ( 'NONE', #3688, 1000.000000000000000 ) ;
#1475 = FACE_BOUND ( 'NONE', #2480, .T. ) ;
#1476 = LINE ( 'NONE', #3395, #2727 ) ;
#1477 = DIRECTION ( 'NONE',  ( -0.9812001574319504371, -0.1929928782507674412, 0.000000000000000000 ) ) ;
#1478 = ORIENTED_EDGE ( 'NONE', *, *, #515, .F. ) ;
#1479 = DIRECTION ( 'NONE',  ( 0.000000000000000000, 0.000000000000000000, -1.000000000000000000 ) ) ;
#1480 = ORIENTED_EDGE ( 'NONE', *, *, #3028, .F. ) ;
#1481 = EDGE_CURVE ( 'NONE', #2630, #1992, #541, .T. ) ;
#1482 = CARTESIAN_POINT ( 'NONE',  ( 33.01779607714239972, 60.15890489015593090, 5.000000000000000000 ) ) ;
#1483 = CARTESIAN_POINT ( 'NONE',  ( 1.499999999999997335, 46.49999999999999289, 1.500000000000000000 ) ) ;
#1484 = LINE ( 'NONE', #5010, #3883 ) ;
#1485 = VERTEX_POINT ( 'NONE', #4367 ) ;
#1486 = CARTESIAN_POINT ( 'NONE',  ( 52.50000000000000711, 114.9999999999999858, -10.00000000000000711 ) ) ;
#1487 = DIRECTION ( 'NONE',  ( 0.000000000000000000, 1.000000000000000000, 0.000000000000000000 ) ) ;
#1488 = LINE ( 'NONE', #3073, #3251 ) ;
#1489 = PLANE ( 'NONE',  #198 ) ;
#1490 = AXIS2_PLACEMENT_3D ( 'NONE', #3070, #1060, #2626 ) ;
#1491 = VECTOR ( 'NONE', #1042, 1000.000000000000000 ) ;
#1492 = ORIENTED_EDGE ( 'NONE', *, *, #4897, .F. ) ;
#1493 = B_SPLINE_CURVE_WITH_KNOTS ( 'NONE', 3,
 ( #394, #4463, #777, #3612 ),
 .UNSPECIFIED., .F., .F.,
 ( 4, 4 ),
 ( 2.000000000000000000, 3.000000000000000000 ),
 .UNSPECIFIED. ) ;
#1494 = VECTOR ( 'NONE', #1314, 1000.000000000000000 ) ;
#1495 = CARTESIAN_POINT ( 'NONE',  ( 14.04654379219795857, 54.07188900997300607, 4.599999999999999645 ) ) ;
#1496 = LINE ( 'NONE', #2324, #3476 ) ;
#1497 = AXIS2_PLACEMENT_3D ( 'NONE', #4995, #3052, #4209 ) ;
#1498 = ORIENTED_EDGE ( 'NONE', *, *, #3278, .F. ) ;
#1499 = VECTOR ( 'NONE', #1173, 1000.000000000000000 ) ;
#1500 = AXIS2_PLACEMENT_3D ( 'NONE', #2477, #4184, #1019 ) ;
#1501 = LINE ( 'NONE', #1864, #2740 ) ;
#1502 = VECTOR ( 'NONE', #1959, 1000.000000000000000 ) ;
#1503 = CARTESIAN_POINT ( 'NONE',  ( 69.99999999999998579, 5.000000000000000000, 0.000000000000000000 ) ) ;
#1504 = LINE ( 'NONE', #4375, #4711 ) ;
#1505 = CARTESIAN_POINT ( 'NONE',  ( 72.50000000000000000, 4.999999999999993783, 0.000000000000000000 ) ) ;
#1506 = EDGE_CURVE ( 'NONE', #176, #4854, #1652, .T. ) ;
#1507 = VERTEX_POINT ( 'NONE', #2402 ) ;
#1508 = FACE_OUTER_BOUND ( 'NONE', #1102, .T. ) ;
#1509 = AXIS2_PLACEMENT_3D ( 'NONE', #622, #3828, #3429 ) ;
#1510 = VERTEX_POINT ( 'NONE', #1228 ) ;
#1511 = CARTESIAN_POINT ( 'NONE',  ( 21.45251452048412588, 58.04918181031906244, 5.000000000000000000 ) ) ;
#1512 = CARTESIAN_POINT ( 'NONE',  ( 35.09940047173320465, 68.10004456002852180, 4.599999999999999645 ) ) ;
#1513 = LINE ( 'NONE', #4763, #42 ) ;
#1514 = ORIENTED_EDGE ( 'NONE', *, *, #1963, .T. ) ;
#1515 = ADVANCED_FACE ( 'NONE', ( #3605 ), #3579, .T. ) ;
#1516 = CARTESIAN_POINT ( 'NONE',  ( 15.79999999999998117, 106.6999999999999886, 3.000000000000000000 ) ) ;
#1517 = CARTESIAN_POINT ( 'NONE',  ( 54.64768155626245516, 56.93935805308352371, 4.599999999999999645 ) ) ;
#1518 = DIRECTION ( 'NONE',  ( 0.9999976573062887564, 0.002164574307898256642, 0.000000000000000000 ) ) ;
#1519 = DIRECTION ( 'NONE',  ( -0.000000000000000000, -0.000000000000000000, 1.000000000000000000 ) ) ;
#1520 = VERTEX_POINT ( 'NONE', #1572 ) ;
#1521 = EDGE_CURVE ( 'NONE', #700, #75, #1626, .T. ) ;
#1522 = ORIENTED_EDGE ( 'NONE', *, *, #4311, .F. ) ;
#1523 = DIRECTION ( 'NONE',  ( -0.000000000000000000, 1.000000000000000000, -0.000000000000000000 ) ) ;
#1524 = DIRECTION ( 'NONE',  ( -0.9999976573062887564, -0.002164574307904475192, 0.000000000000000000 ) ) ;
#1525 = ORIENTED_EDGE ( 'NONE', *, *, #2556, .F. ) ;
#1526 = EDGE_CURVE ( 'NONE', #4503, #2274, #4798, .T. ) ;
#1527 = EDGE_CURVE ( 'NONE', #3317, #705, #1546, .T. ) ;
#1528 = CARTESIAN_POINT ( 'NONE',  ( 37.41813806569387424, 69.15622655406406238, 5.000000000000000000 ) ) ;
#1529 = VECTOR ( 'NONE', #4243, 1000.000000000000000 ) ;
#1530 = FACE_OUTER_BOUND ( 'NONE', #4540, .T. ) ;
#1531 = DIRECTION ( 'NONE',  ( 2.602085213965210642E-16, 0.000000000000000000, 1.000000000000000000 ) ) ;
#1532 = DIRECTION ( 'NONE',  ( -1.000000000000000000, 0.000000000000000000, 0.000000000000000000 ) ) ;
#1533 = EDGE_LOOP ( 'NONE', ( #2943, #4602, #3447, #2401, #4408, #755, #1637, #1913 ) ) ;
#1534 =( NAMED_UNIT ( * ) PLANE_ANGLE_UNIT ( ) SI_UNIT ( $, .RADIAN. ) );
#1535 = B_SPLINE_CURVE_WITH_KNOTS ( 'NONE', 3,
 ( #4609, #1877, #3813, #1441 ),
 .UNSPECIFIED., .F., .F.,
 ( 4, 4 ),
 ( 0.000000000000000000, 1.000000000000000000 ),
 .UNSPECIFIED. ) ;
#1536 = ORIENTED_EDGE ( 'NONE', *, *, #4285, .F. ) ;
#1537 = CARTESIAN_POINT ( 'NONE',  ( 26.17347629967591871, 69.52399929548073487, 4.599999999999999645 ) ) ;
#1538 = EDGE_CURVE ( 'NONE', #3172, #4264, #787, .T. ) ;
#1539 = ORIENTED_EDGE ( 'NONE', *, *, #887, .F. ) ;
#1540 = CARTESIAN_POINT ( 'NONE',  ( 61.71829178137526384, 4.045320493428457453, 4.599999999999999645 ) ) ;
#1541 = DIRECTION ( 'NONE',  ( -1.000000000000000000, 0.000000000000000000, 0.000000000000000000 ) ) ;
#1542 = FACE_OUTER_BOUND ( 'NONE', #3000, .T. ) ;
#1543 = ORIENTED_EDGE ( 'NONE', *, *, #5055, .F. ) ;
#1544 = EDGE_LOOP ( 'NONE', ( #1375, #1781, #1435, #3076, #3682 ) ) ;
#1545 = ORIENTED_EDGE ( 'NONE', *, *, #3743, .F. ) ;
#1546 = LINE ( 'NONE', #758, #4630 ) ;
#1547 = EDGE_CURVE ( 'NONE', #1651, #3288, #4813, .T. ) ;
#1548 = CARTESIAN_POINT ( 'NONE',  ( 36.14294705659228413, 60.21152601110345159, 5.000000000000000000 ) ) ;
#1549 = EDGE_LOOP ( 'NONE', ( #552, #317, #246, #1758 ) ) ;
#1550 = ORIENTED_EDGE ( 'NONE', *, *, #1100, .F. ) ;
#1551 = CARTESIAN_POINT ( 'NONE',  ( 28.05446503742488318, 47.25554083441714681, 5.000000000000000000 ) ) ;
#1552 = CARTESIAN_POINT ( 'NONE',  ( -6.938893903907228378E-15, 120.0000000000000000, -12.50000000000000000 ) ) ;
#1553 = CARTESIAN_POINT ( 'NONE',  ( 47.98893882117888410, 53.22823707465383336, 4.599999999999999645 ) ) ;
#1554 = CYLINDRICAL_SURFACE ( 'NONE', #4873, 1.500000000000001332 ) ;
#1555 = DIRECTION ( 'NONE',  ( -0.000000000000000000, -0.000000000000000000, 1.000000000000000000 ) ) ;
#1556 = ORIENTED_EDGE ( 'NONE', *, *, #4418, .T. ) ;
#1557 = CARTESIAN_POINT ( 'NONE',  ( 5.000000000000000000, 5.000000000000000000, 0.000000000000000000 ) ) ;
#1558 = VECTOR ( 'NONE', #3727, 1000.000000000000000 ) ;
#1559 = EDGE_LOOP ( 'NONE', ( #3779, #3221, #3295, #734 ) ) ;
#1560 = CARTESIAN_POINT ( 'NONE',  ( 33.01779607714239972, 60.15890489015593090, 4.599999999999999645 ) ) ;
#1561 = EDGE_CURVE ( 'NONE', #4264, #1687, #2897, .T. ) ;
#1562 = EDGE_CURVE ( 'NONE', #5036, #3622, #196, .T. ) ;
#1563 =( BOUNDED_CURVE ( )  B_SPLINE_CURVE ( 3, ( #2968, #4108, #3724, #225 ),
 .UNSPECIFIED., .F., .T. ) 
 B_SPLINE_CURVE_WITH_KNOTS ( ( 4, 4 ),
 ( 3.141592653589793116, 4.712388980384689674 ),
 .UNSPECIFIED. ) 
 CURVE ( )  GEOMETRIC_REPRESENTATION_ITEM ( )  RATIONAL_B_SPLINE_CURVE ( ( 1.000000000000000000, 0.8047378541243649375, 0.8047378541243649375, 1.000000000000000000 ) ) 
 REPRESENTATION_ITEM ( '' )  );
#1564 = EDGE_LOOP ( 'NONE', ( #4456, #556, #2139, #2964, #344, #1397 ) ) ;
#1565 = DIRECTION ( 'NONE',  ( 0.000000000000000000, 0.000000000000000000, 1.000000000000000000 ) ) ;
#1566 = DIRECTION ( 'NONE',  ( 0.000000000000000000, 0.000000000000000000, 1.000000000000000000 ) ) ;
#1567 = CARTESIAN_POINT ( 'NONE',  ( 27.11389941078662247, 71.12337289908460036, 4.599999999999999645 ) ) ;
#1568 = ORIENTED_EDGE ( 'NONE', *, *, #1527, .F. ) ;
#1569 = EDGE_CURVE ( 'NONE', #4492, #3430, #1280, .T. ) ;
#1570 = ORIENTED_EDGE ( 'NONE', *, *, #3937, .T. ) ;
#1571 = ORIENTED_EDGE ( 'NONE', *, *, #2246, .T. ) ;
#1572 = CARTESIAN_POINT ( 'NONE',  ( 52.50000000000000000, 117.5000000000000000, -12.50000000000000000 ) ) ;
#1573 = VECTOR ( 'NONE', #4237, 1000.000000000000000 ) ;
#1574 = DIRECTION ( 'NONE',  ( 0.000000000000000000, 0.000000000000000000, 1.000000000000000000 ) ) ;
#1575 = ORIENTED_EDGE ( 'NONE', *, *, #4152, .T. ) ;
#1576 = ORIENTED_EDGE ( 'NONE', *, *, #853, .T. ) ;
#1577 = ADVANCED_FACE ( 'NONE', ( #377 ), #491, .F. ) ;
#1578 = AXIS2_PLACEMENT_3D ( 'NONE', #1395, #4538, #632 ) ;
#1579 = DIRECTION ( 'NONE',  ( 1.000000000000000000, 0.000000000000000000, 0.000000000000000000 ) ) ;
#1580 = CARTESIAN_POINT ( 'NONE',  ( 0.000000000000000000, 46.49999999999999289, 1.500000000000000000 ) ) ;
#1581 = EDGE_CURVE ( 'NONE', #2455, #3677, #1166, .T. ) ;
#1582 = CARTESIAN_POINT ( 'NONE',  ( 74.76969600708471830, 73.59966597350837958, 1.499999999999999778 ) ) ;
#1583 = CARTESIAN_POINT ( 'NONE',  ( 69.99999999999998579, 5.000000000000000000, 5.000000000000000000 ) ) ;
#1584 = VECTOR ( 'NONE', #2560, 1000.000000000000000 ) ;
#1585 = EDGE_LOOP ( 'NONE', ( #1219, #624, #3484, #2306, #3050, #462, #1935, #651, #27, #2239, #5081, #350, #3268, #154, #2247, #2184, #2551, #948, #4153, #1242, #2216, #4295, #2506, #2337, #784, #1545, #2026, #3388, #2745, #4053, #1956, #1478, #3063, #2547, #4070, #3122, #933, #443, #179, #4566, #416, #1978, #3069, #2857, #3915, #1415 ) ) ;
#1586 = DIRECTION ( 'NONE',  ( -0.9852984825684729664, 0.1708417403571640403, 0.000000000000000000 ) ) ;
#1587 = CARTESIAN_POINT ( 'NONE',  ( 73.57661086496244707, 73.98332354028694624, 0.4744630450125239540 ) ) ;
#1588 = EDGE_CURVE ( 'NONE', #2210, #1136, #315, .T. ) ;
#1589 = ORIENTED_EDGE ( 'NONE', *, *, #3890, .F. ) ;
#1590 = PLANE ( 'NONE',  #2234 ) ;
#1591 = CARTESIAN_POINT ( 'NONE',  ( 74.60737810821601101, 45.03904101202291343, 0.1308739639280551426 ) ) ;
#1592 = DIRECTION ( 'NONE',  ( -0.9999976573062886454, -0.002164574307960163285, 0.000000000000000000 ) ) ;
#1593 = EDGE_CURVE ( 'NONE', #3129, #4693, #4970, .T. ) ;
#1594 = VERTEX_POINT ( 'NONE', #3924 ) ;
#1595 = CARTESIAN_POINT ( 'NONE',  ( 22.50000000000000355, 112.5000000000000000, 0.000000000000000000 ) ) ;
#1596 = DIRECTION ( 'NONE',  ( 0.000000000000000000, -1.000000000000000000, 0.000000000000000000 ) ) ;
#1597 = DIRECTION ( 'NONE',  ( 0.9579024303185127431, 0.2870939462787172602, 0.000000000000000000 ) ) ;
#1598 = DIRECTION ( 'NONE',  ( 1.000000000000000000, -2.360167994526267448E-16, 0.000000000000000000 ) ) ;
#1599 = ORIENTED_EDGE ( 'NONE', *, *, #4986, .T. ) ;
#1600 = ORIENTED_EDGE ( 'NONE', *, *, #648, .F. ) ;
#1601 = LINE ( 'NONE', #3624, #3325 ) ;
#1602 = DIRECTION ( 'NONE',  ( 1.000000000000000000, 0.000000000000000000, 0.000000000000000000 ) ) ;
#1603 = ORIENTED_EDGE ( 'NONE', *, *, #247, .F. ) ;
#1604 = ORIENTED_EDGE ( 'NONE', *, *, #422, .T. ) ;
#1605 = B_SPLINE_CURVE_WITH_KNOTS ( 'NONE', 3,
 ( #3630, #901, #2800, #1234 ),
 .UNSPECIFIED., .F., .F.,
 ( 4, 4 ),
 ( 0.000000000000000000, 1.000000000000000000 ),
 .UNSPECIFIED. ) ;
#1606 = FACE_OUTER_BOUND ( 'NONE', #3341, .T. ) ;
#1607 = DIRECTION ( 'NONE',  ( 1.000000000000000000, -1.228762462150238276E-16, 0.000000000000000000 ) ) ;
#1608 = CARTESIAN_POINT ( 'NONE',  ( 31.14016907216635133, 70.42308002101647446, 5.000000000000000000 ) ) ;
#1609 = CARTESIAN_POINT ( 'NONE',  ( 7.499999999999989342, 2.499999999999993783, -12.50000000000000000 ) ) ;
#1610 = VERTEX_POINT ( 'NONE', #3649 ) ;
#1611 = CARTESIAN_POINT ( 'NONE',  ( 69.99999999999998579, 120.0000000000000000, 5.000000000000000000 ) ) ;
#1612 = LINE ( 'NONE', #1238, #289 ) ;
#1613 = CARTESIAN_POINT ( 'NONE',  ( 74.50000000006538414, 73.59817583765511984, 1.500000000000000000 ) ) ;
#1614 = FACE_OUTER_BOUND ( 'NONE', #2936, .T. ) ;
#1615 = CARTESIAN_POINT ( 'NONE',  ( 74.62330660438824737, 45.50875984327557688, 1.130080186835223044 ) ) ;
#1616 = CARTESIAN_POINT ( 'NONE',  ( 5.000000000000000000, 5.000000000000000000, 0.000000000000000000 ) ) ;
#1617 = EDGE_LOOP ( 'NONE', ( #1237, #3277, #5041, #4172 ) ) ;
#1618 = CARTESIAN_POINT ( 'NONE',  ( 59.94118143679965982, 68.86282220606143767, 5.000000000000000000 ) ) ;
#1619 = CARTESIAN_POINT ( 'NONE',  ( 59.20000000000001705, 106.6999999999999886, 3.000000000000000000 ) ) ;
#1620 = DIRECTION ( 'NONE',  ( 0.002164574307901916041, -0.9999976573062887564, 0.000000000000000000 ) ) ;
#1621 = CARTESIAN_POINT ( 'NONE',  ( 37.41813806569387424, 69.15622655406406238, 4.599999999999999645 ) ) ;
#1622 = ORIENTED_EDGE ( 'NONE', *, *, #148, .F. ) ;
#1623 = VECTOR ( 'NONE', #1920, 1000.000000000000000 ) ;
#1624 = B_SPLINE_SURFACE_WITH_KNOTS ( 'NONE', 3, 1, ( 
 ( #1788, #251 ),
 ( #2495, #4072 ),
 ( #3443, #4595 ),
 ( #4950, #1528 ) ),
 .UNSPECIFIED., .F., .F., .F.,
 ( 4, 4 ),
 ( 2, 2 ),
 ( 16.00000000000000000, 17.00000000000000000 ),
 ( 0.000000000000000000, 1.000000000000000000 ),
 .UNSPECIFIED. ) ;
#1625 = EDGE_LOOP ( 'NONE', ( #1345, #391, #1016, #3607 ) ) ;
#1626 = LINE ( 'NONE', #66, #3243 ) ;
#1627 = FACE_OUTER_BOUND ( 'NONE', #682, .T. ) ;
#1628 = EDGE_CURVE ( 'NONE', #448, #2073, #3360, .T. ) ;
#1629 = ORIENTED_EDGE ( 'NONE', *, *, #1713, .F. ) ;
#1630 = CARTESIAN_POINT ( 'NONE',  ( 58.98905642500519519, 50.81109250854794368, 4.599999999999999645 ) ) ;
#1631 = ORIENTED_EDGE ( 'NONE', *, *, #3994, .F. ) ;
#1632 = CARTESIAN_POINT ( 'NONE',  ( 29.89265525571779136, 60.09923018964615693, 4.599999999999999645 ) ) ;
#1633 = FACE_OUTER_BOUND ( 'NONE', #114, .T. ) ;
#1634 = CARTESIAN_POINT ( 'NONE',  ( 38.89999999999998437, 103.6499999999999915, 0.000000000000000000 ) ) ;
#1635 = ADVANCED_FACE ( 'NONE', ( #603 ), #2482, .T. ) ;
#1636 = CARTESIAN_POINT ( 'NONE',  ( 31.14016907216635133, 70.42308002101647446, 4.599999999999999645 ) ) ;
#1637 = ORIENTED_EDGE ( 'NONE', *, *, #2231, .F. ) ;
#1638 = DIRECTION ( 'NONE',  ( -0.000000000000000000, -0.000000000000000000, 1.000000000000000000 ) ) ;
#1639 = CARTESIAN_POINT ( 'NONE',  ( 61.25000000000000711, 114.9999999999999858, 0.000000000000000000 ) ) ;
#1640 = DIRECTION ( 'NONE',  ( 0.000000000000000000, 0.000000000000000000, -1.000000000000000000 ) ) ;
#1641 = B_SPLINE_SURFACE_WITH_KNOTS ( 'NONE', 3, 1, ( 
 ( #4564, #3384 ),
 ( #1464, #3488 ),
 ( #3048, #1133 ),
 ( #1418, #5045 ) ),
 .UNSPECIFIED., .F., .F., .F.,
 ( 4, 4 ),
 ( 2, 2 ),
 ( 21.00000000000000000, 22.00000000000000000 ),
 ( 0.000000000000000000, 1.000000000000000000 ),
 .UNSPECIFIED. ) ;
#1642 = CARTESIAN_POINT ( 'NONE',  ( 61.25000000000001421, 117.5000000000000000, -15.00000000000000000 ) ) ;
#1643 = FACE_OUTER_BOUND ( 'NONE', #3307, .T. ) ;
#1644 = ADVANCED_FACE ( 'NONE', ( #4125 ), #581, .F. ) ;
#1645 = EDGE_LOOP ( 'NONE', ( #3758, #2769, #3155, #2651 ) ) ;
#1646 = CARTESIAN_POINT ( 'NONE',  ( 25.84768651253223481, 69.43806486563988756, 4.599999999999999645 ) ) ;
#1647 = CARTESIAN_POINT ( 'NONE',  ( -0.000000000000000000, 75.00000000000000000, 0.09966174935353641628 ) ) ;
#1648 = CARTESIAN_POINT ( 'NONE',  ( 51.27523411172361278, 66.83697843894681512, 4.599999999999999645 ) ) ;
#1649 = EDGE_CURVE ( 'NONE', #4905, #4963, #540, .T. ) ;
#1650 = ORIENTED_EDGE ( 'NONE', *, *, #4994, .T. ) ;
#1651 = VERTEX_POINT ( 'NONE', #513 ) ;
#1652 = LINE ( 'NONE', #4750, #2570 ) ;
#1653 = PLANE ( 'NONE',  #1262 ) ;
#1654 = ORIENTED_EDGE ( 'NONE', *, *, #2128, .T. ) ;
#1655 = VERTEX_POINT ( 'NONE', #944 ) ;
#1656 = FACE_OUTER_BOUND ( 'NONE', #1645, .T. ) ;
#1657 = DIRECTION ( 'NONE',  ( 0.000000000000000000, 1.000000000000000000, -0.000000000000000000 ) ) ;
#1658 = AXIS2_PLACEMENT_3D ( 'NONE', #4357, #392, #4685 ) ;
#1659 = CYLINDRICAL_SURFACE ( 'NONE', #2835, 2.499999999999995115 ) ;
#1660 = EDGE_CURVE ( 'NONE', #3461, #4682, #2325, .T. ) ;
#1661 = CARTESIAN_POINT ( 'NONE',  ( 31.45523698125404621, 60.12377736324087607, 5.000000000000000000 ) ) ;
#1662 = EDGE_LOOP ( 'NONE', ( #3721, #1697, #1076, #742 ) ) ;
#1663 = CIRCLE ( 'NONE', #1905, 7.499999999999944045 ) ;
#1664 = ORIENTED_EDGE ( 'NONE', *, *, #1700, .F. ) ;
#1665 = AXIS2_PLACEMENT_3D ( 'NONE', #1308, #466, #3653 ) ;
#1666 = ADVANCED_FACE ( 'NONE', ( #563 ), #1684, .F. ) ;
#1667 = LINE ( 'NONE', #3613, #1348 ) ;
#1668 = VECTOR ( 'NONE', #77, 1000.000000000000000 ) ;
#1669 = AXIS2_PLACEMENT_3D ( 'NONE', #4719, #3600, #2398 ) ;
#1670 = CARTESIAN_POINT ( 'NONE',  ( 8.998878031629684830E-16, 73.50000000000000000, 0.000000000000000000 ) ) ;
#1671 = CARTESIAN_POINT ( 'NONE',  ( 7.499999999999989342, -6.071532165918824830E-15, 2.168404344971008868E-14 ) ) ;
#1672 = CARTESIAN_POINT ( 'NONE',  ( 0.2303039929152719822, 46.49999999999999289, 1.500000000000000000 ) ) ;
#1673 = ORIENTED_EDGE ( 'NONE', *, *, #3044, .T. ) ;
#1674 = AXIS2_PLACEMENT_3D ( 'NONE', #2045, #3125, #5078 ) ;
#1675 = CARTESIAN_POINT ( 'NONE',  ( 55.44276670398557627, 16.43885722650673742, 4.599999999999999645 ) ) ;
#1676 = VERTEX_POINT ( 'NONE', #4101 ) ;
#1677 = VECTOR ( 'NONE', #4690, 1000.000000000000000 ) ;
#1678 = DIRECTION ( 'NONE',  ( -1.000000000000000000, 0.000000000000000000, 0.000000000000000000 ) ) ;
#1679 = DIRECTION ( 'NONE',  ( 1.000000000000000000, 0.000000000000000000, 0.000000000000000000 ) ) ;
#1680 = FACE_OUTER_BOUND ( 'NONE', #2048, .T. ) ;
#1681 = VERTEX_POINT ( 'NONE', #3699 ) ;
#1682 = EDGE_CURVE ( 'NONE', #1950, #1831, #2525, .T. ) ;
#1683 = ORIENTED_EDGE ( 'NONE', *, *, #4811, .F. ) ;
#1684 = PLANE ( 'NONE',  #1741 ) ;
#1685 = DIRECTION ( 'NONE',  ( -1.000000000000000000, 0.000000000000000000, 0.000000000000000000 ) ) ;
#1686 = CARTESIAN_POINT ( 'NONE',  ( 52.39487941846498131, 56.38420791783046582, 4.599999999999999645 ) ) ;
#1687 = VERTEX_POINT ( 'NONE', #4498 ) ;
#1688 = ORIENTED_EDGE ( 'NONE', *, *, #1746, .T. ) ;
#1689 = B_SPLINE_SURFACE_WITH_KNOTS ( 'NONE', 3, 1, ( 
 ( #847, #1996 ),
 ( #3528, #2360 ),
 ( #2412, #519 ),
 ( #4701, #470 ) ),
 .UNSPECIFIED., .F., .F., .F.,
 ( 4, 4 ),
 ( 2, 2 ),
 ( 35.00000000000000000, 36.00000000000000000 ),
 ( 0.000000000000000000, 1.000000000000000000 ),
 .UNSPECIFIED. ) ;
#1690 = DIRECTION ( 'NONE',  ( 1.000000000000000000, 0.000000000000000000, 0.000000000000000000 ) ) ;
#1691 = FACE_OUTER_BOUND ( 'NONE', #4824, .T. ) ;
#1692 = CARTESIAN_POINT ( 'NONE',  ( 75.00000000000002842, 75.00000000000000000, 0.1993198068520182775 ) ) ;
#1693 = ORIENTED_EDGE ( 'NONE', *, *, #3626, .T. ) ;
#1694 = EDGE_CURVE ( 'NONE', #1854, #1002, #2874, .T. ) ;
#1695 = FACE_OUTER_BOUND ( 'NONE', #3127, .T. ) ;
#1696 = CARTESIAN_POINT ( 'NONE',  ( -10.93025206120001513, 6.426919324222285290, 4.599999999999999645 ) ) ;
#1697 = ORIENTED_EDGE ( 'NONE', *, *, #3959, .F. ) ;
#1698 = VERTEX_POINT ( 'NONE', #2548 ) ;
#1699 = AXIS2_PLACEMENT_3D ( 'NONE', #4084, #2483, #3265 ) ;
#1700 = EDGE_CURVE ( 'NONE', #3507, #1420, #5034, .T. ) ;
#1701 = DIRECTION ( 'NONE',  ( -0.000000000000000000, -0.000000000000000000, 1.000000000000000000 ) ) ;
#1702 = EDGE_CURVE ( 'NONE', #3840, #2783, #2919, .T. ) ;
#1703 = CARTESIAN_POINT ( 'NONE',  ( 0.2928932188134499293, 45.00000000000000000, 0.8786796564403571708 ) ) ;
#1704 = FACE_OUTER_BOUND ( 'NONE', #3088, .T. ) ;
#1705 = ORIENTED_EDGE ( 'NONE', *, *, #3306, .F. ) ;
#1706 = ORIENTED_EDGE ( 'NONE', *, *, #3306, .T. ) ;
#1707 = CARTESIAN_POINT ( 'NONE',  ( 47.50000000000062528, 117.5000000000000000, -5.000000000000004441 ) ) ;
#1708 = DIRECTION ( 'NONE',  ( -0.000000000000000000, -0.000000000000000000, 1.000000000000000000 ) ) ;
#1709 = LINE ( 'NONE', #3292, #4943 ) ;
#1710 = B_SPLINE_CURVE_WITH_KNOTS ( 'NONE', 3,
 ( #4957, #2229, #1869, #1364 ),
 .UNSPECIFIED., .F., .F.,
 ( 4, 4 ),
 ( 3.000000000000000000, 4.000000000000000000 ),
 .UNSPECIFIED. ) ;
#1711 = ORIENTED_EDGE ( 'NONE', *, *, #3796, .F. ) ;
#1712 = ORIENTED_EDGE ( 'NONE', *, *, #1301, .T. ) ;
#1713 = EDGE_CURVE ( 'NONE', #790, #4628, #3338, .T. ) ;
#1714 = DIRECTION ( 'NONE',  ( 0.000000000000000000, -1.000000000000000000, -0.000000000000000000 ) ) ;
#1715 = CARTESIAN_POINT ( 'NONE',  ( 74.85602966855876161, 74.41511377356557944, 1.192529075109655112 ) ) ;
#1716 = CARTESIAN_POINT ( 'NONE',  ( 61.25000000000000711, 114.9999999999999858, 0.000000000000000000 ) ) ;
#1717 = DIRECTION ( 'NONE',  ( 0.000000000000000000, 0.000000000000000000, 1.000000000000000000 ) ) ;
#1718 = CARTESIAN_POINT ( 'NONE',  ( 0.3975538220526765865, 74.41498464624837084, 1.192661466157837191 ) ) ;
#1719 = VERTEX_POINT ( 'NONE', #1759 ) ;
#1720 = CARTESIAN_POINT ( 'NONE',  ( 16.98661193500679900, 54.89307990385177050, 4.599999999999999645 ) ) ;
#1721 = ADVANCED_FACE ( 'NONE', ( #4891 ), #2458, .F. ) ;
#1722 = EDGE_LOOP ( 'NONE', ( #3923, #1870, #4735, #2435 ) ) ;
#1723 = LINE ( 'NONE', #4493, #4793 ) ;
#1724 = CARTESIAN_POINT ( 'NONE',  ( 56.20969273636310959, 68.63604813294755047, 5.000000000000000000 ) ) ;
#1725 = CARTESIAN_POINT ( 'NONE',  ( 67.50000000000000000, -6.071532165918824830E-15, -9.999999999999998224 ) ) ;
#1726 = VERTEX_POINT ( 'NONE', #4913 ) ;
#1727 = DIRECTION ( 'NONE',  ( -0.9999976573062887564, -0.002164574307898562821, 0.000000000000000000 ) ) ;
#1728 = EDGE_CURVE ( 'NONE', #542, #3794, #1535, .T. ) ;
#1729 = DIRECTION ( 'NONE',  ( 1.000000000000000000, 0.000000000000000000, 0.000000000000000000 ) ) ;
#1730 = CARTESIAN_POINT ( 'NONE',  ( 56.70000000000000284, 15.99999999999999289, 0.000000000000000000 ) ) ;
#1731 = VERTEX_POINT ( 'NONE', #318 ) ;
#1732 = ORIENTED_EDGE ( 'NONE', *, *, #144, .T. ) ;
#1733 = CARTESIAN_POINT ( 'NONE',  ( 19.61719426927506049, 61.80541116459607309, 5.000000000000000000 ) ) ;
#1734 = SHAPE_DEFINITION_REPRESENTATION ( #241, #4271 ) ;
#1735 = CARTESIAN_POINT ( 'NONE',  ( 18.29999999999999716, 15.99999999999999289, 3.000000000000000000 ) ) ;
#1736 = CARTESIAN_POINT ( 'NONE',  ( 34.94305739570599201, 68.62528759425747182, 4.599999999999999645 ) ) ;
#1737 = ADVANCED_FACE ( 'NONE', ( #652 ), #1856, .F. ) ;
#1738 = CYLINDRICAL_SURFACE ( 'NONE', #1178, 1.899999999999999023 ) ;
#1739 = EDGE_CURVE ( 'NONE', #432, #1309, #3062, .T. ) ;
#1740 = CARTESIAN_POINT ( 'NONE',  ( 0.1308739639280548928, 74.96095898797697998, 0.3926218917841873823 ) ) ;
#1741 = AXIS2_PLACEMENT_3D ( 'NONE', #2122, #895, #986 ) ;
#1742 = VECTOR ( 'NONE', #2638, 1000.000000000000000 ) ;
#1743 = EDGE_LOOP ( 'NONE', ( #4672, #5031, #4437, #785 ) ) ;
#1744 = B_SPLINE_CURVE_WITH_KNOTS ( 'NONE', 3,
 ( #2517, #2833, #1736, #4839 ),
 .UNSPECIFIED., .F., .F.,
 ( 4, 4 ),
 ( 18.00000000000000000, 19.00000000000000000 ),
 .UNSPECIFIED. ) ;
#1745 = CARTESIAN_POINT ( 'NONE',  ( 23.52078599485841082, 52.59678160645988498, 4.599999999999999645 ) ) ;
#1746 = EDGE_CURVE ( 'NONE', #1594, #2288, #293, .T. ) ;
#1747 = AXIS2_PLACEMENT_3D ( 'NONE', #2125, #2103, #565 ) ;
#1748 = ORIENTED_EDGE ( 'NONE', *, *, #342, .F. ) ;
#1749 = CARTESIAN_POINT ( 'NONE',  ( 59.15031960174529502, 69.19974004816646129, 4.599999999999999645 ) ) ;
#1750 = AXIS2_PLACEMENT_3D ( 'NONE', #433, #813, #1249 ) ;
#1751 = CARTESIAN_POINT ( 'NONE',  ( 0.000000000000000000, 0.000000000000000000, 0.000000000000000000 ) ) ;
#1752 = EDGE_CURVE ( 'NONE', #5036, #1687, #2211, .T. ) ;
#1753 = VECTOR ( 'NONE', #3368, 1000.000000000000000 ) ;
#1754 = LINE ( 'NONE', #2096, #1011 ) ;
#1755 = VECTOR ( 'NONE', #4446, 1000.000000000000000 ) ;
#1756 = ADVANCED_FACE ( 'NONE', ( #4177 ), #3789, .F. ) ;
#1757 = VECTOR ( 'NONE', #1518, 1000.000000000000000 ) ;
#1758 = ORIENTED_EDGE ( 'NONE', *, *, #212, .T. ) ;
#1759 = CARTESIAN_POINT ( 'NONE',  ( 69.99999999999998579, 2.499999999999996003, -10.00000000000000178 ) ) ;
#1760 = DIRECTION ( 'NONE',  ( -0.5068653939128120456, -0.8620252156715659808, 0.000000000000000000 ) ) ;
#1761 = FACE_OUTER_BOUND ( 'NONE', #1152, .T. ) ;
#1762 = ORIENTED_EDGE ( 'NONE', *, *, #258, .F. ) ;
#1763 = ORIENTED_EDGE ( 'NONE', *, *, #975, .T. ) ;
#1764 = CARTESIAN_POINT ( 'NONE',  ( 22.08057022590531560, 61.22519618111125084, 4.599999999999999645 ) ) ;
#1765 = CARTESIAN_POINT ( 'NONE',  ( 56.70000000000001705, 109.1999999999999886, 3.000000000000000000 ) ) ;
#1766 = CARTESIAN_POINT ( 'NONE',  ( 17.50000000000000000, 120.0000000000000142, -9.999999999999998224 ) ) ;
#1767 = LINE ( 'NONE', #618, #4619 ) ;
#1768 = CARTESIAN_POINT ( 'NONE',  ( 0.3766933956117335947, 74.49124015672440180, 1.130080186835233036 ) ) ;
#1769 = FACE_OUTER_BOUND ( 'NONE', #723, .T. ) ;
#1770 = VERTEX_POINT ( 'NONE', #1823 ) ;
#1771 = DIRECTION ( 'NONE',  ( 0.000000000000000000, 0.000000000000000000, 1.000000000000000000 ) ) ;
#1772 = VERTEX_POINT ( 'NONE', #3410 ) ;
#1773 =( NAMED_UNIT ( * ) PLANE_ANGLE_UNIT ( ) SI_UNIT ( $, .RADIAN. ) );
#1774 = DIRECTION ( 'NONE',  ( 0.9812001574316255859, 0.1929928782524191200, 0.000000000000000000 ) ) ;
#1775 = CARTESIAN_POINT ( 'NONE',  ( 74.24457159468852296, 74.81067960955668639, 0.2518094684370367209 ) ) ;
#1776 = AXIS2_PLACEMENT_3D ( 'NONE', #2169, #188, #1729 ) ;
#1777 = VERTEX_POINT ( 'NONE', #725 ) ;
#1778 = CARTESIAN_POINT ( 'NONE',  ( 57.49999999999999289, 117.5000000000000000, -15.00000000000000000 ) ) ;
#1779 = DIRECTION ( 'NONE',  ( -1.000000000000000000, 0.000000000000000000, 0.000000000000000000 ) ) ;
#1780 = CARTESIAN_POINT ( 'NONE',  ( 59.94118143679965982, 68.86282220606143767, 4.599999999999999645 ) ) ;
#1781 = ORIENTED_EDGE ( 'NONE', *, *, #2804, .F. ) ;
#1782 = ORIENTED_EDGE ( 'NONE', *, *, #1163, .T. ) ;
#1783 = CARTESIAN_POINT ( 'NONE',  ( 53.31128781982069853, 59.97355203718512939, 4.599999999999999645 ) ) ;
#1784 = EDGE_CURVE ( 'NONE', #1719, #14, #4425, .T. ) ;
#1785 = CARTESIAN_POINT ( 'NONE',  ( 32.49297329594386241, 48.40096926034961911, 5.000000000000000000 ) ) ;
#1786 = CARTESIAN_POINT ( 'NONE',  ( 22.49999999999999289, 114.9999999999999858, 0.000000000000000000 ) ) ;
#1787 = VECTOR ( 'NONE', #1685, 1000.000000000000000 ) ;
#1788 = CARTESIAN_POINT ( 'NONE',  ( 38.23827591779982527, 68.33259183104274825, 4.599999999999999645 ) ) ;
#1789 = CARTESIAN_POINT ( 'NONE',  ( 69.99999999999998579, 2.499999999999993783, 0.000000000000000000 ) ) ;
#1790 = CARTESIAN_POINT ( 'NONE',  ( -0.1457004807266669422, 67.31122090056931029, 4.599999999999999645 ) ) ;
#1791 = CARTESIAN_POINT ( 'NONE',  ( 47.85035056033056122, 66.73785271226967097, 5.000000000000000000 ) ) ;
#1792 = ORIENTED_EDGE ( 'NONE', *, *, #4207, .F. ) ;
#1793 = SURFACE_STYLE_FILL_AREA ( #3780 ) ;
#1794 = ORIENTED_EDGE ( 'NONE', *, *, #3563, .T. ) ;
#1795 = LINE ( 'NONE', #261, #3064 ) ;
#1796 = DIRECTION ( 'NONE',  ( 0.002164574307892184243, -0.9999976573062887564, 0.000000000000000000 ) ) ;
#1797 = CARTESIAN_POINT ( 'NONE',  ( 74.80361510686536519, 75.00000000000000000, 0.06546163104480420825 ) ) ;
#1798 = EDGE_CURVE ( 'NONE', #990, #3864, #1077, .T. ) ;
#1799 = ORIENTED_EDGE ( 'NONE', *, *, #434, .T. ) ;
#1800 = EDGE_CURVE ( 'NONE', #621, #4417, #4988, .T. ) ;
#1801 = CARTESIAN_POINT ( 'NONE',  ( 72.49999999999998579, 3.535533905932731980, -11.03553390593273953 ) ) ;
#1802 = CARTESIAN_POINT ( 'NONE',  ( 60.96604679571536423, 51.67958202849354166, 4.599999999999999645 ) ) ;
#1803 = CARTESIAN_POINT ( 'NONE',  ( 5.000000000000000000, 2.499999999999993783, 0.000000000000000000 ) ) ;
#1804 = ORIENTED_EDGE ( 'NONE', *, *, #1728, .T. ) ;
#1805 = CARTESIAN_POINT ( 'NONE',  ( 75.00000000000000000, 5.000000000000000000, 0.000000000000000000 ) ) ;
#1806 = CARTESIAN_POINT ( 'NONE',  ( 60.15309437322863317, 50.81361216108685142, 5.000000000000000000 ) ) ;
#1807 = B_SPLINE_CURVE_WITH_KNOTS ( 'NONE', 3,
 ( #2131, #3706, #173, #2882 ),
 .UNSPECIFIED., .F., .F.,
 ( 4, 4 ),
 ( 10.00000000000000000, 11.00000000000000000 ),
 .UNSPECIFIED. ) ;
#1808 = DIRECTION ( 'NONE',  ( -0.000000000000000000, -0.000000000000000000, 1.000000000000000000 ) ) ;
#1809 = DIRECTION ( 'NONE',  ( 0.2870939721814941836, -0.9579024225551636684, 0.000000000000000000 ) ) ;
#1810 = CARTESIAN_POINT ( 'NONE',  ( 44.56405526832952546, 53.12911202077057737, 4.599999999999999645 ) ) ;
#1811 = CARTESIAN_POINT ( 'NONE',  ( 48.65312595226107106, 67.41684983397829001, 5.000000000000000000 ) ) ;
#1812 = EDGE_LOOP ( 'NONE', ( #1711, #1283, #4182, #2450 ) ) ;
#1813 = DIRECTION ( 'NONE',  ( -0.7071067811865493491, 0.7071067811865455743, 0.000000000000000000 ) ) ;
#1814 = EDGE_CURVE ( 'NONE', #1422, #602, #3333, .T. ) ;
#1815 = ORIENTED_EDGE ( 'NONE', *, *, #2866, .T. ) ;
#1816 = CIRCLE ( 'NONE', #1899, 1.399999999999984590 ) ;
#1817 = DIRECTION ( 'NONE',  ( -0.3244355677352885325, -0.9459077980375681927, 0.000000000000000000 ) ) ;
#1818 = CARTESIAN_POINT ( 'NONE',  ( 0.3766933956117294313, 45.50875984327557688, 1.130080186835223044 ) ) ;
#1819 = VECTOR ( 'NONE', #1727, 1000.000000000000000 ) ;
#1820 = PRODUCT_RELATED_PRODUCT_CATEGORY ( 'part', '', ( #4882 ) ) ;
#1821 = AXIS2_PLACEMENT_3D ( 'NONE', #5021, #4726, #435 ) ;
#1822 = VERTEX_POINT ( 'NONE', #4154 ) ;
#1823 = CARTESIAN_POINT ( 'NONE',  ( 59.41939945595165540, 50.81202402019854958, 5.000000000000000000 ) ) ;
#1824 = LINE ( 'NONE', #1061, #3578 ) ;
#1825 = AXIS2_PLACEMENT_3D ( 'NONE', #4364, #4671, #3920 ) ;
#1826 = DIRECTION ( 'NONE',  ( 0.000000000000000000, -1.000000000000000000, -0.000000000000000000 ) ) ;
#1827 = VECTOR ( 'NONE', #2159, 1000.000000000000000 ) ;
#1828 = CARTESIAN_POINT ( 'NONE',  ( 47.18616342779203876, 52.54924062573878274, 5.000000000000000000 ) ) ;
#1829 = ORIENTED_EDGE ( 'NONE', *, *, #2016, .T. ) ;
#1830 = VECTOR ( 'NONE', #3867, 999.9999999999998863 ) ;
#1831 = VERTEX_POINT ( 'NONE', #1486 ) ;
#1832 = ADVANCED_FACE ( 'NONE', ( #1416 ), #1005, .F. ) ;
#1833 = CARTESIAN_POINT ( 'NONE',  ( -0.1097077414813996121, 50.68316854231772339, 4.599999999999999645 ) ) ;
#1834 = CARTESIAN_POINT ( 'NONE',  ( 26.89661543495349250, 54.17378028218959685, 4.599999999999999645 ) ) ;
#1835 = PRODUCT_CONTEXT ( 'NONE', #1938, 'mechanical' ) ;
#1836 = DIRECTION ( 'NONE',  ( 0.000000000000000000, 0.000000000000000000, -1.000000000000000000 ) ) ;
#1837 = AXIS2_PLACEMENT_3D ( 'NONE', #1616, #2009, #3200 ) ;
#1838 = CARTESIAN_POINT ( 'NONE',  ( 36.14294705659228413, 60.21152601110345159, 5.000000000000000000 ) ) ;
#1839 = CARTESIAN_POINT ( 'NONE',  ( 36.10000000000001563, 21.74999999999999289, 0.000000000000000000 ) ) ;
#1840 = B_SPLINE_SURFACE_WITH_KNOTS ( 'NONE', 3, 1, ( 
 ( #5008, #3854 ),
 ( #333, #1896 ),
 ( #5037, #1511 ),
 ( #3089, #4148 ),
 ( #2185, #3762 ),
 ( #237, #4381 ) ),
 .UNSPECIFIED., .F., .F., .F.,
 ( 4, 2, 4 ),
 ( 2, 2 ),
 ( 2.000000000000000000, 3.000000000000000000, 4.000000000000000000 ),
 ( 0.000000000000000000, 1.000000000000000000 ),
 .UNSPECIFIED. ) ;
#1841 = MECHANICAL_DESIGN_GEOMETRIC_PRESENTATION_REPRESENTATION (  '', ( #3894 ), #112 ) ;
#1842 = DIRECTION ( 'NONE',  ( 0.000000000000000000, 0.000000000000000000, -1.000000000000000000 ) ) ;
#1843 = CARTESIAN_POINT ( 'NONE',  ( 45.34840069594080347, 52.54526264242618794, 4.599999999999999645 ) ) ;
#1844 = CARTESIAN_POINT ( 'NONE',  ( 47.91652405408409265, 67.12953676969294747, 5.000000000000000000 ) ) ;
#1845 = ADVANCED_FACE ( 'NONE', ( #677 ), #4562, .F. ) ;
#1846 = ORIENTED_EDGE ( 'NONE', *, *, #3358, .T. ) ;
#1847 = DIRECTION ( 'NONE',  ( 0.000000000000000000, 0.000000000000000000, -1.000000000000000000 ) ) ;
#1848 = CARTESIAN_POINT ( 'NONE',  ( 29.81318971088235159, 69.10801979596014633, 5.000000000000000000 ) ) ;
#1849 = ORIENTED_EDGE ( 'NONE', *, *, #1226, .F. ) ;
#1850 = DIRECTION ( 'NONE',  ( 2.602085213965207190E-16, 0.000000000000000000, 1.000000000000000000 ) ) ;
#1851 = CARTESIAN_POINT ( 'NONE',  ( 0.4999999999345479118, 46.40182416234465990, 1.500000000000000000 ) ) ;
#1852 = CARTESIAN_POINT ( 'NONE',  ( 43.08109070326097623, 63.58109551050128516, 4.599999999999999645 ) ) ;
#1853 = EDGE_CURVE ( 'NONE', #1009, #4274, #2240, .T. ) ;
#1854 = VERTEX_POINT ( 'NONE', #701 ) ;
#1855 = EDGE_CURVE ( 'NONE', #2754, #4492, #1663, .T. ) ;
#1856 = CYLINDRICAL_SURFACE ( 'NONE', #444, 1.500000000000000000 ) ;
#1857 = CARTESIAN_POINT ( 'NONE',  ( 74.78285540165003908, 46.10293262095294864, 1.459587691556091249 ) ) ;
#1858 = LINE ( 'NONE', #3024, #2003 ) ;
#1859 = CARTESIAN_POINT ( 'NONE',  ( 51.97385331965853794, 56.96884372970191635, 4.599999999999999645 ) ) ;
#1860 = ORIENTED_EDGE ( 'NONE', *, *, #2472, .F. ) ;
#1861 = CARTESIAN_POINT ( 'NONE',  ( 14.04654379219795857, 54.07188900997300607, 4.599999999999999645 ) ) ;
#1862 = DIRECTION ( 'NONE',  ( -0.9999976573062887564, -0.002164574307906533875, 0.000000000000000000 ) ) ;
#1863 = EDGE_CURVE ( 'NONE', #2121, #2932, #2706, .T. ) ;
#1864 = CARTESIAN_POINT ( 'NONE',  ( 17.50000000000000000, 117.5000000000000000, -15.00000000000000000 ) ) ;
#1865 = PLANE ( 'NONE',  #3017 ) ;
#1866 = CARTESIAN_POINT ( 'NONE',  ( 47.50000000000062528, 117.5000000000000000, -5.000000000000095035 ) ) ;
#1867 = CARTESIAN_POINT ( 'NONE',  ( 47.85035056033056122, 66.73785271226967097, 4.599999999999999645 ) ) ;
#1868 = VERTEX_POINT ( 'NONE', #1036 ) ;
#1869 = CARTESIAN_POINT ( 'NONE',  ( 32.46596180904801088, 71.73792631199650316, 5.000000000000000000 ) ) ;
#1870 = ORIENTED_EDGE ( 'NONE', *, *, #3427, .F. ) ;
#1871 = DIRECTION ( 'NONE',  ( -0.9812001574319504371, -0.1929928782507674412, 0.000000000000000000 ) ) ;
#1872 = CARTESIAN_POINT ( 'NONE',  ( 52.50000000000000000, 117.5000000000000000, -12.50000000000000000 ) ) ;
#1873 = DIRECTION ( 'NONE',  ( 0.4450203073841546564, 0.8955204777199191613, 0.000000000000000000 ) ) ;
#1874 = ADVANCED_FACE ( 'NONE', ( #2372 ), #2344, .F. ) ;
#1875 = EDGE_CURVE ( 'NONE', #1960, #2350, #59, .T. ) ;
#1876 = ORIENTED_EDGE ( 'NONE', *, *, #3664, .F. ) ;
#1877 = CARTESIAN_POINT ( 'NONE',  ( 56.63175517114320456, 69.20134437186605680, 4.599999999999999645 ) ) ;
#1878 = DIRECTION ( 'NONE',  ( -0.000000000000000000, 0.000000000000000000, 1.000000000000000000 ) ) ;
#1879 = FACE_OUTER_BOUND ( 'NONE', #1564, .T. ) ;
#1880 = CARTESIAN_POINT ( 'NONE',  ( 39.62958920622759962, 51.33356971989759643, 4.599999999999999645 ) ) ;
#1881 = EDGE_LOOP ( 'NONE', ( #4691, #4717, #923, #647 ) ) ;
#1882 = B_SPLINE_SURFACE_WITH_KNOTS ( 'NONE', 3, 1, ( 
 ( #1810, #2671 ),
 ( #4142, #281 ),
 ( #4551, #4242 ),
 ( #1843, #2255 ) ),
 .UNSPECIFIED., .F., .F., .F.,
 ( 4, 4 ),
 ( 2, 2 ),
 ( 27.00000000000000000, 28.00000000000000000 ),
 ( 0.000000000000000000, 1.000000000000000000 ),
 .UNSPECIFIED. ) ;
#1883 = EDGE_CURVE ( 'NONE', #448, #260, #2035, .T. ) ;
#1884 = LINE ( 'NONE', #299, #858 ) ;
#1885 = DIRECTION ( 'NONE',  ( -0.9999976573062887564, -0.002164574307904475192, 0.000000000000000000 ) ) ;
#1886 = EDGE_LOOP ( 'NONE', ( #4309, #4535, #928, #2376 ) ) ;
#1887 = CARTESIAN_POINT ( 'NONE',  ( 23.96329594661243689, 60.01231934864183160, 4.599999999999999645 ) ) ;
#1888 = LINE ( 'NONE', #3468, #4000 ) ;
#1889 = CARTESIAN_POINT ( 'NONE',  ( 36.14294705659228413, 60.21152601110345159, 4.599999999999999645 ) ) ;
#1890 = DIRECTION ( 'NONE',  ( 0.9999976573062887564, 0.002164574307903472522, 0.000000000000000000 ) ) ;
#1891 = ORIENTED_EDGE ( 'NONE', *, *, #4665, .F. ) ;
#1892 = DIRECTION ( 'NONE',  ( 0.000000000000000000, -1.000000000000000000, 0.000000000000000000 ) ) ;
#1893 = EDGE_CURVE ( 'NONE', #2073, #1681, #1982, .T. ) ;
#1894 = FACE_OUTER_BOUND ( 'NONE', #5075, .T. ) ;
#1895 = EDGE_LOOP ( 'NONE', ( #840, #4749, #210, #2728 ) ) ;
#1896 = CARTESIAN_POINT ( 'NONE',  ( 22.08606763532822725, 58.68548362696230924, 5.000000000000000000 ) ) ;
#1897 = CARTESIAN_POINT ( 'NONE',  ( 52.50000000000001421, 117.5000000000000142, -11.03553390593273775 ) ) ;
#1898 = EDGE_CURVE ( 'NONE', #1510, #100, #750, .T. ) ;
#1899 = AXIS2_PLACEMENT_3D ( 'NONE', #4094, #912, #4511 ) ;
#1900 = ORIENTED_EDGE ( 'NONE', *, *, #3914, .F. ) ;
#1901 = CARTESIAN_POINT ( 'NONE',  ( 43.08109070326097623, 63.58109551050129937, 4.599999999999999645 ) ) ;
#1902 = CARTESIAN_POINT ( 'NONE',  ( 75.00000000000000000, 44.99999999999999289, 0.09966174935353648567 ) ) ;
#1903 = DIRECTION ( 'NONE',  ( -0.7071067811865493491, -0.7071067811865455743, 0.000000000000000000 ) ) ;
#1904 = ADVANCED_FACE ( 'NONE', ( #2313 ), #3887, .F. ) ;
#1905 = AXIS2_PLACEMENT_3D ( 'NONE', #2289, #2191, #2264 ) ;
#1906 = VECTOR ( 'NONE', #120, 1000.000000000000000 ) ;
#1907 = EDGE_CURVE ( 'NONE', #53, #3386, #3942, .T. ) ;
#1908 = EDGE_LOOP ( 'NONE', ( #3091, #1942, #3146, #3120 ) ) ;
#1909 = ORIENTED_EDGE ( 'NONE', *, *, #4175, .T. ) ;
#1910 = CARTESIAN_POINT ( 'NONE',  ( 43.86543613087226845, 62.99724613215688862, 4.599999999999999645 ) ) ;
#1911 = FACE_BOUND ( 'NONE', #731, .T. ) ;
#1912 = CIRCLE ( 'NONE', #2827, 7.500000000000032863 ) ;
#1913 = ORIENTED_EDGE ( 'NONE', *, *, #3465, .F. ) ;
#1914 = VECTOR ( 'NONE', #2463, 1000.000000000000000 ) ;
#1915 = CARTESIAN_POINT ( 'NONE',  ( 53.31128781982069853, 59.97355203718512939, 4.599999999999999645 ) ) ;
#1916 = EDGE_CURVE ( 'NONE', #4666, #4314, #3514, .T. ) ;
#1917 = AXIS2_PLACEMENT_3D ( 'NONE', #4282, #679, #1903 ) ;
#1918 = DIRECTION ( 'NONE',  ( -0.002164574307960163285, 0.9999976573062886454, 0.000000000000000000 ) ) ;
#1919 = DIRECTION ( 'NONE',  ( 0.000000000000000000, 0.000000000000000000, 1.000000000000000000 ) ) ;
#1920 = DIRECTION ( 'NONE',  ( -0.000000000000000000, -0.000000000000000000, 1.000000000000000000 ) ) ;
#1921 = VERTEX_POINT ( 'NONE', #3569 ) ;
#1922 = FACE_OUTER_BOUND ( 'NONE', #978, .T. ) ;
#1923 = AXIS2_PLACEMENT_3D ( 'NONE', #1436, #4982, #2205 ) ;
#1924 =( BOUNDED_CURVE ( )  B_SPLINE_CURVE ( 3, ( #4606, #313, #1897, #1872 ),
 .UNSPECIFIED., .F., .T. ) 
 B_SPLINE_CURVE_WITH_KNOTS ( ( 4, 4 ),
 ( 1.570796326794889675, 3.141592653589790451 ),
 .UNSPECIFIED. ) 
 CURVE ( )  GEOMETRIC_REPRESENTATION_ITEM ( )  RATIONAL_B_SPLINE_CURVE ( ( 1.000000000000000000, 0.8047378541243640493, 0.8047378541243640493, 1.000000000000000000 ) ) 
 REPRESENTATION_ITEM ( '' )  );
#1925 = CIRCLE ( 'NONE', #3406, 1.500000000000001332 ) ;
#1926 = ORIENTED_EDGE ( 'NONE', *, *, #536, .T. ) ;
#1927 = FACE_OUTER_BOUND ( 'NONE', #4522, .T. ) ;
#1928 = CARTESIAN_POINT ( 'NONE',  ( 41.61370355988124459, 63.57791923454993110, 4.599999999999999645 ) ) ;
#1929 = EDGE_CURVE ( 'NONE', #4810, #3386, #4306, .T. ) ;
#1930 = EDGE_LOOP ( 'NONE', ( #1604, #778, #3618, #717 ) ) ;
#1931 = B_SPLINE_CURVE_WITH_KNOTS ( 'NONE', 3,
 ( #4201, #1902, #4668, #1109, #2314, #4966, #4989, #678, #3411, #3093, #2241, #1857, #4643, #3486 ),
 .UNSPECIFIED., .F., .F.,
 ( 4, 2, 2, 2, 2, 2, 4 ),
 ( 0.000000000000000000, 0.0002946179475864391128, 0.0005892358951728782256, 0.0008838538427593171758, 0.001178471790345756018, 0.001767707685518639773, 0.002356943580691523744 ),
 .UNSPECIFIED. ) ;
#1932 = PLANE ( 'NONE',  #3877 ) ;
#1933 = CARTESIAN_POINT ( 'NONE',  ( 0.000000000000000000, 120.0000000000000000, 0.000000000000000000 ) ) ;
#1934 = DIRECTION ( 'NONE',  ( -0.3071847255501460316, -0.9516499064197303515, 0.000000000000000000 ) ) ;
#1935 = ORIENTED_EDGE ( 'NONE', *, *, #4495, .F. ) ;
#1936 = CARTESIAN_POINT ( 'NONE',  ( 58.60291684388124622, 51.57570027742514185, 4.599999999999999645 ) ) ;
#1937 = ORIENTED_EDGE ( 'NONE', *, *, #3845, .T. ) ;
#1938 = APPLICATION_CONTEXT ( 'automotive_design' ) ;
#1939 = ORIENTED_EDGE ( 'NONE', *, *, #2665, .F. ) ;
#1940 = CARTESIAN_POINT ( 'NONE',  ( 28.99618295937896306, 45.67025248322667608, 5.000000000000000000 ) ) ;
#1941 = DIRECTION ( 'NONE',  ( -0.000000000000000000, -0.000000000000000000, 1.000000000000000000 ) ) ;
#1942 = ORIENTED_EDGE ( 'NONE', *, *, #4954, .F. ) ;
#1943 = ORIENTED_EDGE ( 'NONE', *, *, #3213, .F. ) ;
#1944 = CARTESIAN_POINT ( 'NONE',  ( 42.42569968899294253, 59.99584445557870538, 5.000000000000000000 ) ) ;
#1945 = ADVANCED_FACE ( 'NONE', ( #2427 ), #1932, .F. ) ;
#1946 = VECTOR ( 'NONE', #946, 1000.000000000000000 ) ;
#1947 = CARTESIAN_POINT ( 'NONE',  ( 38.23827591779982527, 68.33259183104274825, 5.000000000000000000 ) ) ;
#1948 = CARTESIAN_POINT ( 'NONE',  ( 39.20752677072000125, 50.76827381737618339, 5.000000000000000000 ) ) ;
#1949 = CARTESIAN_POINT ( 'NONE',  ( 7.499999999999989342, 2.499999999999993783, 0.000000000000000000 ) ) ;
#1950 = VERTEX_POINT ( 'NONE', #780 ) ;
#1951 = CARTESIAN_POINT ( 'NONE',  ( -0.1457004807266669422, 67.31122090056931029, 4.599999999999999645 ) ) ;
#1952 = ORIENTED_EDGE ( 'NONE', *, *, #3044, .F. ) ;
#1953 = EDGE_CURVE ( 'NONE', #3181, #4810, #4743, .T. ) ;
#1954 = PLANE ( 'NONE',  #3320 ) ;
#1955 = CARTESIAN_POINT ( 'NONE',  ( 41.19160789426833702, 63.02673180877590653, 5.000000000000000000 ) ) ;
#1956 = ORIENTED_EDGE ( 'NONE', *, *, #571, .F. ) ;
#1957 = DIRECTION ( 'NONE',  ( 0.06540457701180862893, -0.9978588283449250085, 0.000000000000000000 ) ) ;
#1958 = CARTESIAN_POINT ( 'NONE',  ( 0.000000000000000000, 75.00000000000000000, 0.000000000000000000 ) ) ;
#1959 = DIRECTION ( 'NONE',  ( -0.000000000000000000, -0.000000000000000000, 1.000000000000000000 ) ) ;
#1960 = VERTEX_POINT ( 'NONE', #3540 ) ;
#1961 = EDGE_CURVE ( 'NONE', #4248, #106, #1193, .T. ) ;
#1962 = ORIENTED_EDGE ( 'NONE', *, *, #1471, .T. ) ;
#1963 = EDGE_CURVE ( 'NONE', #4310, #1854, #4068, .T. ) ;
#1964 = ORIENTED_EDGE ( 'NONE', *, *, #4805, .T. ) ;
#1965 = CARTESIAN_POINT ( 'NONE',  ( 38.24081909576754867, 68.78763099782081269, 5.000000000000000000 ) ) ;
#1966 = CARTESIAN_POINT ( 'NONE',  ( 50.85420801291714099, 67.42161425081793880, 5.000000000000000000 ) ) ;
#1967 = EDGE_LOOP ( 'NONE', ( #4205, #368, #1440, #2215 ) ) ;
#1968 = ORIENTED_EDGE ( 'NONE', *, *, #4095, .T. ) ;
#1969 = EDGE_CURVE ( 'NONE', #3809, #1731, #485, .T. ) ;
#1970 = CARTESIAN_POINT ( 'NONE',  ( 45.90133713412228644, 56.20436685281529066, 4.599999999999999645 ) ) ;
#1971 = CARTESIAN_POINT ( 'NONE',  ( 1.500000000000001110, 75.00000000000000000, 1.500000000000000000 ) ) ;
#1972 = DIRECTION ( 'NONE',  ( -0.000000000000000000, -0.000000000000000000, 1.000000000000000000 ) ) ;
#1973 = CARTESIAN_POINT ( 'NONE',  ( 62.50000000000001421, 116.2499999999999858, -15.00000000000000000 ) ) ;
#1974 = VERTEX_POINT ( 'NONE', #3972 ) ;
#1975 = CARTESIAN_POINT ( 'NONE',  ( 47.98893882117888410, 53.22823707465383336, 5.000000000000000000 ) ) ;
#1976 = VECTOR ( 'NONE', #2612, 1000.000000000000000 ) ;
#1977 = CARTESIAN_POINT ( 'NONE',  ( 27.50000000000062528, 117.5000000000000000, -5.000000000000001776 ) ) ;
#1978 = ORIENTED_EDGE ( 'NONE', *, *, #735, .F. ) ;
#1979 = CARTESIAN_POINT ( 'NONE',  ( 0.000000000000000000, 0.000000000000000000, 0.000000000000000000 ) ) ;
#1980 = CARTESIAN_POINT ( 'NONE',  ( 0.000000000000000000, 5.000000000000000000, 0.000000000000000000 ) ) ;
#1981 = ORIENTED_EDGE ( 'NONE', *, *, #571, .T. ) ;
#1982 = LINE ( 'NONE', #5043, #4212 ) ;
#1983 = CARTESIAN_POINT ( 'NONE',  ( 0.04382333232976041992, 74.84721904561826022, 0.6668159076367712323 ) ) ;
#1984 = FACE_OUTER_BOUND ( 'NONE', #1895, .T. ) ;
#1985 = FACE_OUTER_BOUND ( 'NONE', #4376, .T. ) ;
#1986 = ORIENTED_EDGE ( 'NONE', *, *, #4001, .T. ) ;
#1987 = ORIENTED_EDGE ( 'NONE', *, *, #16, .T. ) ;
#1988 = DIRECTION ( 'NONE',  ( -0.000000000000000000, -0.000000000000000000, -1.000000000000000000 ) ) ;
#1989 = VECTOR ( 'NONE', #4387, 1000.000000000000000 ) ;
#1990 = VECTOR ( 'NONE', #3684, 1000.000000000000000 ) ;
#1991 = FACE_OUTER_BOUND ( 'NONE', #715, .T. ) ;
#1992 = VERTEX_POINT ( 'NONE', #1220 ) ;
#1993 = ORIENTED_EDGE ( 'NONE', *, *, #3646, .T. ) ;
#1994 = AXIS2_PLACEMENT_3D ( 'NONE', #814, #4696, #2743 ) ;
#1995 = LINE ( 'NONE', #469, #195 ) ;
#1996 = CARTESIAN_POINT ( 'NONE',  ( 53.87637639000510603, 56.38741473562489404, 5.000000000000000000 ) ) ;
#1997 = B_SPLINE_CURVE_WITH_KNOTS ( 'NONE', 3,
 ( #1672, #4042, #1295, #525, #3255, #2862, #3637, #104, #4441, #266, #2290, #2265, #3457, #726 ),
 .UNSPECIFIED., .F., .F.,
 ( 4, 2, 2, 2, 2, 2, 4 ),
 ( 0.000000000000000000, 0.0002946116245286736378, 0.0005892232490573472755, 0.0008838348735860208048, 0.001178446498114694551, 0.001767669747172042260, 0.002356892996229389969 ),
 .UNSPECIFIED. ) ;
#1998 = CARTESIAN_POINT ( 'NONE',  ( 29.83130851283739915, 50.95962397155131640, 4.599999999999999645 ) ) ;
#1999 = VECTOR ( 'NONE', #930, 1000.000000000000000 ) ;
#2000 = VECTOR ( 'NONE', #3672, 1000.000000000000000 ) ;
#2001 = ORIENTED_EDGE ( 'NONE', *, *, #2231, .T. ) ;
#2002 = DIRECTION ( 'NONE',  ( -1.000000000000000000, 0.000000000000000000, 0.000000000000000000 ) ) ;
#2003 = VECTOR ( 'NONE', #4990, 1000.000000000000000 ) ;
#2004 = CARTESIAN_POINT ( 'NONE',  ( 74.09881687055322175, 74.75167855023863694, 0.9011831294467211873 ) ) ;
#2005 = EDGE_CURVE ( 'NONE', #260, #1681, #3203, .T. ) ;
#2006 = ORIENTED_EDGE ( 'NONE', *, *, #64, .T. ) ;
#2007 = CARTESIAN_POINT ( 'NONE',  ( 25.84768651253223481, 69.43806486563988756, 4.599999999999999645 ) ) ;
#2008 = CARTESIAN_POINT ( 'NONE',  ( 74.80361510686550730, 44.99999999999999289, 0.06546163104475538619 ) ) ;
#2009 = DIRECTION ( 'NONE',  ( 0.000000000000000000, 0.000000000000000000, -1.000000000000000000 ) ) ;
#2010 = B_SPLINE_CURVE_WITH_KNOTS ( 'NONE', 3,
 ( #643, #2615, #3803, #2977, #3823, #2202 ),
 .UNSPECIFIED., .F., .F.,
 ( 4, 2, 4 ),
 ( 2.000000000000000000, 3.000000000000000000, 4.000000000000000000 ),
 .UNSPECIFIED. ) ;
#2011 = VERTEX_POINT ( 'NONE', #4667 ) ;
#2012 = DIRECTION ( 'NONE',  ( -0.3244355677352885325, -0.9459077980375681927, 0.000000000000000000 ) ) ;
#2013 = CARTESIAN_POINT ( 'NONE',  ( 46.02826944961941535, 56.22933325006388117, 5.000000000000000000 ) ) ;
#2014 = DIRECTION ( 'NONE',  ( 0.000000000000000000, -0.7071067811865474617, 0.7071067811865476838 ) ) ;
#2015 = ORIENTED_EDGE ( 'NONE', *, *, #397, .F. ) ;
#2016 = EDGE_CURVE ( 'NONE', #2274, #467, #3138, .T. ) ;
#2017 = VERTEX_POINT ( 'NONE', #1157 ) ;
#2018 = DIRECTION ( 'NONE',  ( -0.1708417403571640125, -0.9852984825684728554, 0.000000000000000000 ) ) ;
#2019 = CARTESIAN_POINT ( 'NONE',  ( 51.27523411172361278, 66.83697843894681512, 5.000000000000000000 ) ) ;
#2020 = VERTEX_POINT ( 'NONE', #2586 ) ;
#2021 = ORIENTED_EDGE ( 'NONE', *, *, #2611, .T. ) ;
#2022 = DIRECTION ( 'NONE',  ( 0.006490873785237705890, 0.9999789340568651097, 0.000000000000000000 ) ) ;
#2023 = CARTESIAN_POINT ( 'NONE',  ( 31.45523698125404621, 60.12377736324087607, 5.000000000000000000 ) ) ;
#2024 = LINE ( 'NONE', #1257, #5061 ) ;
#2025 = CARTESIAN_POINT ( 'NONE',  ( 26.17347629967591871, 69.52399929548073487, 4.599999999999999645 ) ) ;
#2026 = ORIENTED_EDGE ( 'NONE', *, *, #477, .F. ) ;
#2027 = LINE ( 'NONE', #76, #5 ) ;
#2028 = EDGE_CURVE ( 'NONE', #1111, #3638, #533, .T. ) ;
#2029 = DIRECTION ( 'NONE',  ( -1.000000000000000000, 0.000000000000000000, 0.000000000000000000 ) ) ;
#2030 = EDGE_CURVE ( 'NONE', #4583, #942, #889, .T. ) ;
#2031 = CARTESIAN_POINT ( 'NONE',  ( 31.16037302392805231, 49.68205551682147814, 4.599999999999999645 ) ) ;
#2032 = CARTESIAN_POINT ( 'NONE',  ( 73.57661086496244707, 46.01667645971304665, 0.4744630450125235099 ) ) ;
#2033 = CARTESIAN_POINT ( 'NONE',  ( 44.56405526832953967, 53.12911202077057737, 4.599999999999999645 ) ) ;
#2034 = VERTEX_POINT ( 'NONE', #2177 ) ;
#2035 = LINE ( 'NONE', #6, #3566 ) ;
#2036 = CARTESIAN_POINT ( 'NONE',  ( 0.2303039929152719822, 73.50000000000000000, 1.500000000000000000 ) ) ;
#2037 = FACE_OUTER_BOUND ( 'NONE', #3919, .T. ) ;
#2038 = DIRECTION ( 'NONE',  ( -0.000000000000000000, -0.000000000000000000, 1.000000000000000000 ) ) ;
#2039 = ORIENTED_EDGE ( 'NONE', *, *, #461, .F. ) ;
#2040 = AXIS2_PLACEMENT_3D ( 'NONE', #4920, #2253, #2971 ) ;
#2041 = EDGE_CURVE ( 'NONE', #2736, #4386, #1026, .T. ) ;
#2042 = EDGE_CURVE ( 'NONE', #160, #1200, #1767, .T. ) ;
#2043 = B_SPLINE_SURFACE_WITH_KNOTS ( 'NONE', 3, 1, ( 
 ( #4520, #296 ),
 ( #1780, #245 ),
 ( #2245, #2940 ),
 ( #2629, #1039 ) ),
 .UNSPECIFIED., .F., .F., .F.,
 ( 4, 4 ),
 ( 2, 2 ),
 ( 43.00000000000000000, 44.00000000000000000 ),
 ( 0.000000000000000000, 1.000000000000000000 ),
 .UNSPECIFIED. ) ;
#2044 = VERTEX_POINT ( 'NONE', #206 ) ;
#2045 = CARTESIAN_POINT ( 'NONE',  ( 22.50000000000000000, -0.001000000000001000089, -15.00000000000000000 ) ) ;
#2046 = DIRECTION ( 'NONE',  ( -0.9725882268247872942, 0.2325341717722711754, 0.000000000000000000 ) ) ;
#2047 = EDGE_LOOP ( 'NONE', ( #2914, #1304 ) ) ;
#2048 = EDGE_LOOP ( 'NONE', ( #762, #1891, #2552, #4842 ) ) ;
#2049 = EDGE_CURVE ( 'NONE', #789, #2044, #1382, .T. ) ;
#2050 = LINE ( 'NONE', #3130, #2162 ) ;
#2051 = CARTESIAN_POINT ( 'NONE',  ( 75.00000000000000000, 75.00000000000000000, 0.000000000000000000 ) ) ;
#2052 = DIRECTION ( 'NONE',  ( 0.000000000000000000, 0.000000000000000000, -1.000000000000000000 ) ) ;
#2053 = ORIENTED_EDGE ( 'NONE', *, *, #2394, .T. ) ;
#2054 = LINE ( 'NONE', #2081, #426 ) ;
#2055 = CYLINDRICAL_SURFACE ( 'NONE', #689, 1.899999999999999023 ) ;
#2056 = CARTESIAN_POINT ( 'NONE',  ( 0.06546163104477492611, 75.00000000000000000, 0.1963848931343219473 ) ) ;
#2057 = CARTESIAN_POINT ( 'NONE',  ( 15.79999999999998117, 106.6999999999999886, 3.000000000000000000 ) ) ;
#2058 = EDGE_LOOP ( 'NONE', ( #3878, #3214, #2466, #2710 ) ) ;
#2059 = CARTESIAN_POINT ( 'NONE',  ( 17.47486356014925235, 52.58369472743159179, 4.599999999999999645 ) ) ;
#2060 = EDGE_CURVE ( 'NONE', #233, #292, #2152, .T. ) ;
#2061 = ORIENTED_EDGE ( 'NONE', *, *, #4560, .F. ) ;
#2062 = PLANE ( 'NONE',  #763 ) ;
#2063 = DIRECTION ( 'NONE',  ( 0.000000000000000000, 0.000000000000000000, 1.000000000000000000 ) ) ;
#2064 = FACE_OUTER_BOUND ( 'NONE', #3492, .T. ) ;
#2065 = ADVANCED_FACE ( 'NONE', ( #3775 ), #2062, .F. ) ;
#2066 = CARTESIAN_POINT ( 'NONE',  ( 56.20969273636311669, 68.63604813294755047, 5.000000000000000000 ) ) ;
#2067 = ORIENTED_EDGE ( 'NONE', *, *, #2180, .T. ) ;
#2068 = ORIENTED_EDGE ( 'NONE', *, *, #1054, .F. ) ;
#2069 = EDGE_CURVE ( 'NONE', #2044, #4248, #2451, .T. ) ;
#2070 = CARTESIAN_POINT ( 'NONE',  ( 65.35148764806179145, 19.38669273430911844, 5.000000000000000000 ) ) ;
#2071 = PLANE ( 'NONE',  #1665 ) ;
#2072 = ADVANCED_FACE ( 'NONE', ( #664 ), #3394, .F. ) ;
#2073 = VERTEX_POINT ( 'NONE', #2842 ) ;
#2074 = EDGE_LOOP ( 'NONE', ( #5007, #1792, #4176, #464 ) ) ;
#2075 = CARTESIAN_POINT ( 'NONE',  ( 47.50000000000000000, -0.001000000000001000089, -5.000000000000002665 ) ) ;
#2076 = CIRCLE ( 'NONE', #526, 5.000000000000000888 ) ;
#2077 = CARTESIAN_POINT ( 'NONE',  ( 61.25000000000000711, 114.9999999999999858, -15.00000000000000000 ) ) ;
#2078 = CARTESIAN_POINT ( 'NONE',  ( 33.00451068268754540, 66.29653818033413870, 4.599999999999999645 ) ) ;
#2079 = ORIENTED_EDGE ( 'NONE', *, *, #4859, .F. ) ;
#2080 = AXIS2_PLACEMENT_3D ( 'NONE', #4573, #230, #3350 ) ;
#2081 = CARTESIAN_POINT ( 'NONE',  ( 22.49999999999999289, 117.5000000000000000, -9.999999999999378275 ) ) ;
#2082 = VECTOR ( 'NONE', #879, 1000.000000000000000 ) ;
#2083 = EDGE_CURVE ( 'NONE', #1309, #2034, #110, .T. ) ;
#2084 = CARTESIAN_POINT ( 'NONE',  ( 74.31793184591964518, 74.88012564345399369, 0.6820681540805070275 ) ) ;
#2085 = EDGE_CURVE ( 'NONE', #3750, #942, #82, .T. ) ;
#2086 = VECTOR ( 'NONE', #381, 1000.000000000000000 ) ;
#2087 = CIRCLE ( 'NONE', #2909, 1.000000000000000000 ) ;
#2088 = CARTESIAN_POINT ( 'NONE',  ( 62.49999999999999289, -6.071532165918824830E-15, -9.999999999999998224 ) ) ;
#2089 = ORIENTED_EDGE ( 'NONE', *, *, #4547, .F. ) ;
#2090 = CIRCLE ( 'NONE', #1268, 4.999999999999997335 ) ;
#2091 = ORIENTED_EDGE ( 'NONE', *, *, #301, .T. ) ;
#2092 = VECTOR ( 'NONE', #4768, 999.9999999999998863 ) ;
#2093 = LINE ( 'NONE', #4866, #690 ) ;
#2094 = DIRECTION ( 'NONE',  ( -0.000000000000000000, -0.000000000000000000, 1.000000000000000000 ) ) ;
#2095 = PRESENTATION_LAYER_ASSIGNMENT (  '', '', ( #3894 ) ) ;
#2096 = CARTESIAN_POINT ( 'NONE',  ( 15.79999999999998117, 106.6999999999999886, 0.000000000000000000 ) ) ;
#2097 = ORIENTED_EDGE ( 'NONE', *, *, #604, .T. ) ;
#2098 = ADVANCED_FACE ( 'NONE', ( #1048 ), #170, .T. ) ;
#2099 = VECTOR ( 'NONE', #4998, 1000.000000000000000 ) ;
#2100 = ORIENTED_EDGE ( 'NONE', *, *, #2640, .T. ) ;
#2101 = CARTESIAN_POINT ( 'NONE',  ( 37.87316993195197767, 69.15721150665848427, 5.000000000000000000 ) ) ;
#2102 = FACE_OUTER_BOUND ( 'NONE', #3983, .T. ) ;
#2103 = DIRECTION ( 'NONE',  ( -0.000000000000000000, -0.000000000000000000, -1.000000000000000000 ) ) ;
#2104 = ORIENTED_EDGE ( 'NONE', *, *, #4024, .F. ) ;
#2105 = ORIENTED_EDGE ( 'NONE', *, *, #2501, .F. ) ;
#2106 = CARTESIAN_POINT ( 'NONE',  ( 75.00000000000000000, 73.50000000000000000, 0.000000000000000000 ) ) ;
#2107 = CARTESIAN_POINT ( 'NONE',  ( 74.87121831505562852, 74.49159939555059395, 1.129678126890393930 ) ) ;
#2108 = ORIENTED_EDGE ( 'NONE', *, *, #924, .F. ) ;
#2109 = CARTESIAN_POINT ( 'NONE',  ( 22.50000000000000000, 117.5000000000000000, -15.00000000000065192 ) ) ;
#2110 = B_SPLINE_CURVE_WITH_KNOTS ( 'NONE', 3,
 ( #1222, #3998, #460, #3149 ),
 .UNSPECIFIED., .F., .F.,
 ( 4, 4 ),
 ( 0.000000000000000000, 1.000000000000000000 ),
 .UNSPECIFIED. ) ;
#2111 = EDGE_CURVE ( 'NONE', #3539, #3598, #2275, .T. ) ;
#2112 = EDGE_CURVE ( 'NONE', #4693, #1726, #4790, .T. ) ;
#2113 = EDGE_CURVE ( 'NONE', #3208, #99, #2476, .T. ) ;
#2114 = CARTESIAN_POINT ( 'NONE',  ( 35.09940047173320465, 68.10004456002852180, 5.000000000000000000 ) ) ;
#2115 = ORIENTED_EDGE ( 'NONE', *, *, #1434, .T. ) ;
#2116 = EDGE_CURVE ( 'NONE', #1485, #1510, #2837, .T. ) ;
#2117 = ORIENTED_EDGE ( 'NONE', *, *, #5082, .F. ) ;
#2118 = DIRECTION ( 'NONE',  ( 0.7071067811865516806, 0.000000000000000000, 0.7071067811865434649 ) ) ;
#2119 = DIRECTION ( 'NONE',  ( 0.000000000000000000, 0.000000000000000000, -1.000000000000000000 ) ) ;
#2120 = CARTESIAN_POINT ( 'NONE',  ( 43.76239363741270694, 63.34270742456207870, 5.000000000000000000 ) ) ;
#2121 = VERTEX_POINT ( 'NONE', #2331 ) ;
#2122 = CARTESIAN_POINT ( 'NONE',  ( -10.92803065941448004, 6.425623486521693017, 4.599999999999999645 ) ) ;
#2123 = CARTESIAN_POINT ( 'NONE',  ( 46.02826944961941535, 56.22933325006388117, 4.599999999999999645 ) ) ;
#2124 = EDGE_CURVE ( 'NONE', #3129, #5011, #1175, .T. ) ;
#2125 = CARTESIAN_POINT ( 'NONE',  ( 56.70000000000000284, 18.49999999999998934, 3.000000000000000000 ) ) ;
#2126 = ORIENTED_EDGE ( 'NONE', *, *, #3834, .F. ) ;
#2127 = ORIENTED_EDGE ( 'NONE', *, *, #719, .T. ) ;
#2128 = EDGE_CURVE ( 'NONE', #3430, #2931, #2225, .T. ) ;
#2129 = FACE_OUTER_BOUND ( 'NONE', #3866, .T. ) ;
#2130 = CARTESIAN_POINT ( 'NONE',  ( 0.000000000000000000, 5.000000000000000000, 0.000000000000000000 ) ) ;
#2131 = CARTESIAN_POINT ( 'NONE',  ( 43.86543613087226845, 62.99724613215688862, 5.000000000000000000 ) ) ;
#2132 = DIRECTION ( 'NONE',  ( -0.000000000000000000, -0.000000000000000000, 1.000000000000000000 ) ) ;
#2133 = ADVANCED_FACE ( 'NONE', ( #5056, #4596, #3132, #1530, #1475 ), #2750, .F. ) ;
#2134 = CARTESIAN_POINT ( 'NONE',  ( 15.80000000000000071, 18.49999999999998934, 3.000000000000000000 ) ) ;
#2135 = ADVANCED_FACE ( 'NONE', ( #1095 ), #1865, .T. ) ;
#2136 = LINE ( 'NONE', #908, #3970 ) ;
#2137 = ORIENTED_EDGE ( 'NONE', *, *, #1481, .T. ) ;
#2138 = CARTESIAN_POINT ( 'NONE',  ( 53.31128781982069853, 59.97355203718512939, 5.000000000000000000 ) ) ;
#2139 = ORIENTED_EDGE ( 'NONE', *, *, #2599, .T. ) ;
#2140 = LINE ( 'NONE', #3713, #4304 ) ;
#2141 = LINE ( 'NONE', #2958, #4400 ) ;
#2142 = ORIENTED_EDGE ( 'NONE', *, *, #3513, .T. ) ;
#2143 = DIRECTION ( 'NONE',  ( 0.9999976573062887564, 0.002164574307903472522, 0.000000000000000000 ) ) ;
#2144 = CARTESIAN_POINT ( 'NONE',  ( 7.499999999999989342, 2.499999999999993783, 0.000000000000000000 ) ) ;
#2145 = CARTESIAN_POINT ( 'NONE',  ( 43.08109070326097623, 63.58109551050129937, 4.599999999999999645 ) ) ;
#2146 = ORIENTED_EDGE ( 'NONE', *, *, #3038, .T. ) ;
#2147 = VERTEX_POINT ( 'NONE', #3904 ) ;
#2148 = CARTESIAN_POINT ( 'NONE',  ( 19.61719426927506049, 61.80541116459607309, 4.599999999999999645 ) ) ;
#2149 = CARTESIAN_POINT ( 'NONE',  ( 28.99618295937897372, 45.67025248322667608, 5.000000000000000000 ) ) ;
#2150 = CARTESIAN_POINT ( 'NONE',  ( 0.000000000000000000, 75.00000000000000000, 0.000000000000000000 ) ) ;
#2151 = VECTOR ( 'NONE', #2449, 1000.000000000000000 ) ;
#2152 = LINE ( 'NONE', #4550, #2980 ) ;
#2153 = CARTESIAN_POINT ( 'NONE',  ( 1.423389135037542497, 73.98332354028698887, 0.4744630450125235099 ) ) ;
#2154 = CARTESIAN_POINT ( 'NONE',  ( 38.25068550026831105, 54.45232843701710834, 5.000000000000000000 ) ) ;
#2155 = VECTOR ( 'NONE', #3716, 1000.000000000000000 ) ;
#2156 = AXIS2_PLACEMENT_3D ( 'NONE', #713, #1070, #3010 ) ;
#2157 = ORIENTED_EDGE ( 'NONE', *, *, #185, .F. ) ;
#2158 = ORIENTED_EDGE ( 'NONE', *, *, #4412, .T. ) ;
#2159 = DIRECTION ( 'NONE',  ( -0.000000000000000000, -0.000000000000000000, 1.000000000000000000 ) ) ;
#2160 = VECTOR ( 'NONE', #2945, 1000.000000000000000 ) ;
#2161 = CARTESIAN_POINT ( 'NONE',  ( 35.87667499726751430, 69.15288993489288316, 5.000000000000000000 ) ) ;
#2162 = VECTOR ( 'NONE', #3928, 1000.000000000000000 ) ;
#2163 = CARTESIAN_POINT ( 'NONE',  ( 74.73490832185889587, 74.98741665692898550, 0.2650916781400244893 ) ) ;
#2164 = VECTOR ( 'NONE', #2658, 1000.000000000000000 ) ;
#2165 = ADVANCED_FACE ( 'NONE', ( #1069 ), #3870, .F. ) ;
#2166 = VECTOR ( 'NONE', #3673, 1000.000000000000000 ) ;
#2167 = ORIENTED_EDGE ( 'NONE', *, *, #2448, .F. ) ;
#2168 = CARTESIAN_POINT ( 'NONE',  ( 57.49999999999999289, 117.5000000000000000, -15.00000000000000000 ) ) ;
#2169 = CARTESIAN_POINT ( 'NONE',  ( 61.25000000000001421, 116.2499999999999858, -15.00000000000000000 ) ) ;
#2170 = DIRECTION ( 'NONE',  ( -0.000000000000000000, -0.000000000000000000, 1.000000000000000000 ) ) ;
#2171 = VERTEX_POINT ( 'NONE', #3107 ) ;
#2172 = ORIENTED_EDGE ( 'NONE', *, *, #4045, .F. ) ;
#2173 = EDGE_CURVE ( 'NONE', #2932, #236, #4999, .T. ) ;
#2174 = DIRECTION ( 'NONE',  ( -0.000000000000000000, -0.000000000000000000, 1.000000000000000000 ) ) ;
#2175 = FACE_OUTER_BOUND ( 'NONE', #2519, .T. ) ;
#2176 = LINE ( 'NONE', #4186, #383 ) ;
#2177 = CARTESIAN_POINT ( 'NONE',  ( 67.50000000000000000, 2.499999999999993783, 0.000000000000000000 ) ) ;
#2178 = LINE ( 'NONE', #3756, #1742 ) ;
#2179 = CARTESIAN_POINT ( 'NONE',  ( 58.60291684388124622, 51.57570027742514185, 5.000000000000000000 ) ) ;
#2180 = EDGE_CURVE ( 'NONE', #880, #3709, #3056, .T. ) ;
#2181 = EDGE_LOOP ( 'NONE', ( #4043, #4517, #3869, #3330 ) ) ;
#2182 = DIRECTION ( 'NONE',  ( 1.000000000000000000, -0.000000000000000000, -0.000000000000000000 ) ) ;
#2183 = EDGE_CURVE ( 'NONE', #425, #989, #1888, .T. ) ;
#2184 = ORIENTED_EDGE ( 'NONE', *, *, #2440, .F. ) ;
#2185 = CARTESIAN_POINT ( 'NONE',  ( 18.96433980743245939, 58.67872639927966816, 4.599999999999999645 ) ) ;
#2186 = VECTOR ( 'NONE', #766, 1000.000000000000000 ) ;
#2187 = CARTESIAN_POINT ( 'NONE',  ( 1.394230665565033833, 45.88162495592237633, 1.394230665565028948 ) ) ;
#2188 = B_SPLINE_CURVE_WITH_KNOTS ( 'NONE', 3,
 ( #4829, #4874, #4028, #67 ),
 .UNSPECIFIED., .F., .F.,
 ( 4, 4 ),
 ( 5.000000000000000000, 5.999744496299006080 ),
 .UNSPECIFIED. ) ;
#2189 = VECTOR ( 'NONE', #1121, 1000.000000000000000 ) ;
#2190 = ORIENTED_EDGE ( 'NONE', *, *, #1423, .F. ) ;
#2191 = DIRECTION ( 'NONE',  ( -0.000000000000000000, -1.000000000000000000, 0.000000000000000000 ) ) ;
#2192 = CYLINDRICAL_SURFACE ( 'NONE', #3279, 2.500000000000003997 ) ;
#2193 = CARTESIAN_POINT ( 'NONE',  ( 44.56405526832953967, 53.12911202077057737, 4.599999999999999645 ) ) ;
#2194 = ORIENTED_EDGE ( 'NONE', *, *, #3201, .T. ) ;
#2195 = CARTESIAN_POINT ( 'NONE',  ( 15.24677488885592602, 50.38836122693026454, 4.599999999999999645 ) ) ;
#2196 = EDGE_CURVE ( 'NONE', #1376, #1355, #4825, .T. ) ;
#2197 = DIRECTION ( 'NONE',  ( 0.9999976573062887564, 0.002164574307898256642, 0.000000000000000000 ) ) ;
#2198 = LINE ( 'NONE', #2947, #3051 ) ;
#2199 = DIRECTION ( 'NONE',  ( -1.000000000000000000, 0.000000000000000000, 0.000000000000000000 ) ) ;
#2200 = CARTESIAN_POINT ( 'NONE',  ( 26.87154115849022773, 65.75768277533703099, 5.000000000000000000 ) ) ;
#2201 =( BOUNDED_CURVE ( )  B_SPLINE_CURVE ( 3, ( #4704, #4350, #1209, #3555 ),
 .UNSPECIFIED., .F., .F. ) 
 B_SPLINE_CURVE_WITH_KNOTS ( ( 4, 4 ),
 ( 0.000000000000000000, 1.570796326794896558 ),
 .UNSPECIFIED. ) 
 CURVE ( )  GEOMETRIC_REPRESENTATION_ITEM ( )  RATIONAL_B_SPLINE_CURVE ( ( 1.000000000000000000, 0.8047378541243649375, 0.8047378541243649375, 1.000000000000000000 ) ) 
 REPRESENTATION_ITEM ( '' )  );
#2202 = CARTESIAN_POINT ( 'NONE',  ( 18.96159110272099824, 59.94858267635414251, 4.599999999999999645 ) ) ;
#2203 = PLANE ( 'NONE',  #2941 ) ;
#2204 = VERTEX_POINT ( 'NONE', #4655 ) ;
#2205 = DIRECTION ( 'NONE',  ( 0.000000000000000000, 0.000000000000000000, -1.000000000000000000 ) ) ;
#2206 = ORIENTED_EDGE ( 'NONE', *, *, #101, .F. ) ;
#2207 = CARTESIAN_POINT ( 'NONE',  ( 73.50000000000000000, 75.00000000000000000, 0.5000000000000000000 ) ) ;
#2208 = CARTESIAN_POINT ( 'NONE',  ( 1.348249462496321271, 45.83527324319172891, 0.4494164874987637281 ) ) ;
#2209 = ADVANCED_FACE ( 'NONE', ( #2691 ), #3424, .T. ) ;
#2210 = VERTEX_POINT ( 'NONE', #1947 ) ;
#2211 = LINE ( 'NONE', #3435, #5023 ) ;
#2212 = CARTESIAN_POINT ( 'NONE',  ( 22.50000000000000000, 117.5000000000000142, -12.50000000000000000 ) ) ;
#2213 = DIRECTION ( 'NONE',  ( -1.000000000000000000, 0.000000000000000000, 0.000000000000000000 ) ) ;
#2214 = CARTESIAN_POINT ( 'NONE',  ( 75.00000000000000000, 120.0000000000000000, 0.000000000000000000 ) ) ;
#2215 = ORIENTED_EDGE ( 'NONE', *, *, #2765, .T. ) ;
#2216 = ORIENTED_EDGE ( 'NONE', *, *, #3955, .F. ) ;
#2217 = VECTOR ( 'NONE', #2724, 1000.000000000000000 ) ;
#2218 = EDGE_CURVE ( 'NONE', #1698, #1992, #4215, .T. ) ;
#2219 = CARTESIAN_POINT ( 'NONE',  ( 31.45523698125404621, 60.12377736324087607, 4.599999999999999645 ) ) ;
#2220 = EDGE_CURVE ( 'NONE', #1485, #3141, #2716, .T. ) ;
#2221 = CARTESIAN_POINT ( 'NONE',  ( 18.96433980743245939, 58.67872639927966816, 5.000000000000000000 ) ) ;
#2222 = CARTESIAN_POINT ( 'NONE',  ( 60.99528194064776443, 51.21050410893639082, 5.000000000000000000 ) ) ;
#2223 = FACE_OUTER_BOUND ( 'NONE', #4449, .T. ) ;
#2224 = DIRECTION ( 'NONE',  ( 0.000000000000000000, 1.000000000000000000, 0.000000000000000000 ) ) ;
#2225 = LINE ( 'NONE', #3802, #2679 ) ;
#2226 = LINE ( 'NONE', #253, #1410 ) ;
#2227 = DIRECTION ( 'NONE',  ( -0.000000000000000000, -0.000000000000000000, 1.000000000000000000 ) ) ;
#2228 = ORIENTED_EDGE ( 'NONE', *, *, #2196, .F. ) ;
#2229 = CARTESIAN_POINT ( 'NONE',  ( 34.56461345859662515, 67.13590885259914387, 5.000000000000000000 ) ) ;
#2230 = EDGE_CURVE ( 'NONE', #3608, #432, #4266, .T. ) ;
#2231 = EDGE_CURVE ( 'NONE', #2631, #493, #1040, .T. ) ;
#2232 = DIRECTION ( 'NONE',  ( -0.000000000000000000, 0.000000000000000000, 1.000000000000000000 ) ) ;
#2233 = ORIENTED_EDGE ( 'NONE', *, *, #2196, .T. ) ;
#2234 = AXIS2_PLACEMENT_3D ( 'NONE', #478, #1640, #1 ) ;
#2235 = LINE ( 'NONE', #3041, #1255 ) ;
#2236 = DIRECTION ( 'NONE',  ( 0.5107203677843006329, -0.8597468848040500378, 0.000000000000000000 ) ) ;
#2237 = FACE_OUTER_BOUND ( 'NONE', #2074, .T. ) ;
#2238 = VECTOR ( 'NONE', #4758, 1000.000000000000000 ) ;
#2239 = ORIENTED_EDGE ( 'NONE', *, *, #791, .F. ) ;
#2240 = LINE ( 'NONE', #4536, #1260 ) ;
#2241 = CARTESIAN_POINT ( 'NONE',  ( 74.82611657079711165, 45.74279602131743871, 1.309465871075917942 ) ) ;
#2242 = VECTOR ( 'NONE', #2328, 1000.000000000000000 ) ;
#2243 = DIRECTION ( 'NONE',  ( -0.000000000000000000, -0.000000000000000000, 1.000000000000000000 ) ) ;
#2244 = AXIS2_PLACEMENT_3D ( 'NONE', #4893, #269, #3385 ) ;
#2245 = CARTESIAN_POINT ( 'NONE',  ( 59.58065994151687761, 69.20067155399181047, 4.599999999999999645 ) ) ;
#2246 = EDGE_CURVE ( 'NONE', #1676, #4911, #3822, .T. ) ;
#2247 = ORIENTED_EDGE ( 'NONE', *, *, #4686, .F. ) ;
#2248 = VECTOR ( 'NONE', #4323, 1000.000000000000000 ) ;
#2249 = CARTESIAN_POINT ( 'NONE',  ( 0.000000000000000000, 73.50000000000000000, 1.500000000000000000 ) ) ;
#2250 = DIRECTION ( 'NONE',  ( -0.000000000000000000, 1.000000000000000000, -0.000000000000000000 ) ) ;
#2251 = DIRECTION ( 'NONE',  ( -2.360167994526267448E-16, -1.000000000000000000, 0.000000000000000000 ) ) ;
#2252 = AXIS2_PLACEMENT_3D ( 'NONE', #4714, #2786, #2369 ) ;
#2253 = DIRECTION ( 'NONE',  ( -0.000000000000000000, 0.000000000000000000, -1.000000000000000000 ) ) ;
#2254 = DIRECTION ( 'NONE',  ( -1.000000000000000000, 0.000000000000000000, 0.000000000000000000 ) ) ;
#2255 = CARTESIAN_POINT ( 'NONE',  ( 45.34840069594080347, 52.54526264242618794, 5.000000000000000000 ) ) ;
#2256 = CARTESIAN_POINT ( 'NONE',  ( 52.39487941846498131, 56.38420791783046582, 5.000000000000000000 ) ) ;
#2257 = ORIENTED_EDGE ( 'NONE', *, *, #586, .T. ) ;
#2258 = DIRECTION ( 'NONE',  ( 1.000000000000000000, 0.000000000000000000, 0.000000000000000000 ) ) ;
#2259 = EDGE_LOOP ( 'NONE', ( #532, #2708, #191, #141 ) ) ;
#2260 = DIRECTION ( 'NONE',  ( 0.5107203677843007439, -0.8597468848040501488, 0.000000000000000000 ) ) ;
#2261 = DIRECTION ( 'NONE',  ( -0.000000000000000000, -0.000000000000000000, 1.000000000000000000 ) ) ;
#2262 = ADVANCED_FACE ( 'NONE', ( #4836 ), #4009, .F. ) ;
#2263 = ORIENTED_EDGE ( 'NONE', *, *, #3778, .T. ) ;
#2264 = DIRECTION ( 'NONE',  ( 1.000000000000000000, 0.000000000000000000, -1.255939796607217676E-13 ) ) ;
#2265 = CARTESIAN_POINT ( 'NONE',  ( 0.01249546401159797038, 45.04040982399680360, 0.3970951604480395525 ) ) ;
#2266 = PLANE ( 'NONE',  #3582 ) ;
#2267 = CARTESIAN_POINT ( 'NONE',  ( 75.00000000000000000, 44.99999999999999289, -1.715124499442881905E-15 ) ) ;
#2268 = ORIENTED_EDGE ( 'NONE', *, *, #4001, .F. ) ;
#2269 = VERTEX_POINT ( 'NONE', #3986 ) ;
#2270 = EDGE_CURVE ( 'NONE', #2788, #4723, #4162, .T. ) ;
#2271 = CARTESIAN_POINT ( 'NONE',  ( 26.88347510842798016, 60.24439457978235168, 4.599999999999999645 ) ) ;
#2272 = CARTESIAN_POINT ( 'NONE',  ( 33.01779607714239972, 60.15890489015593090, 4.599999999999999645 ) ) ;
#2273 = ADVANCED_FACE ( 'NONE', ( #3191 ), #4732, .F. ) ;
#2274 = VERTEX_POINT ( 'NONE', #3631 ) ;
#2275 = B_SPLINE_CURVE_WITH_KNOTS ( 'NONE', 3,
 ( #3733, #4419, #4821, #1302 ),
 .UNSPECIFIED., .F., .F.,
 ( 4, 4 ),
 ( 35.00000000000000000, 36.00000000000000000 ),
 .UNSPECIFIED. ) ;
#2276 = CARTESIAN_POINT ( 'NONE',  ( 75.00000000000000000, 0.000000000000000000, 0.000000000000000000 ) ) ;
#2277 = DIRECTION ( 'NONE',  ( 0.000000000000000000, 1.000000000000000000, 0.000000000000000000 ) ) ;
#2278 = CARTESIAN_POINT ( 'NONE',  ( 36.13642652309636105, 63.22390502553643188, 4.599999999999999645 ) ) ;
#2279 = CARTESIAN_POINT ( 'NONE',  ( 49.81101981722417804, 63.73675655674161789, 4.599999999999999645 ) ) ;
#2280 = ADVANCED_FACE ( 'NONE', ( #3274 ), #2, .F. ) ;
#2281 = EDGE_LOOP ( 'NONE', ( #3668, #1514, #4738, #985, #1804, #3520, #3518, #3826, #3761, #3602, #4502, #2021, #670, #1454, #4925, #551, #2902, #938, #1409, #3233, #2292, #1732, #2006, #1363, #4697, #1064, #3995, #3702, #1461, #1650, #5059, #5046, #4684, #4933, #2923, #1328, #1122, #5077, #1986, #1305, #2491, #1445, #1437, #88, #2878, #272 ) ) ;
#2282 = VECTOR ( 'NONE', #4507, 1000.000000000000000 ) ;
#2283 = CARTESIAN_POINT ( 'NONE',  ( 31.45523698125404621, 60.12377736324087607, 5.000000000000000000 ) ) ;
#2284 = ORIENTED_EDGE ( 'NONE', *, *, #4045, .T. ) ;
#2285 = ADVANCED_FACE ( 'NONE', ( #1691 ), #97, .F. ) ;
#2286 = CARTESIAN_POINT ( 'NONE',  ( 54.64768155626245516, 56.93935805308352371, 5.000000000000000000 ) ) ;
#2287 = CARTESIAN_POINT ( 'NONE',  ( 0.9774720920583955808, 45.30360659631814002, 0.9774720920583900297 ) ) ;
#2288 = VERTEX_POINT ( 'NONE', #2414 ) ;
#2289 = CARTESIAN_POINT ( 'NONE',  ( 47.50000000000000000, 120.0000000000000142, -10.00000000000000888 ) ) ;
#2290 = CARTESIAN_POINT ( 'NONE',  ( 0.05436644855881991867, 45.19061342204799558, 0.7573604411477009579 ) ) ;
#2291 = CARTESIAN_POINT ( 'NONE',  ( 37.50000000000000000, 21.74999999999999289, 3.000000000000000000 ) ) ;
#2292 = ORIENTED_EDGE ( 'NONE', *, *, #2714, .T. ) ;
#2293 = ORIENTED_EDGE ( 'NONE', *, *, #423, .F. ) ;
#2294 = EDGE_CURVE ( 'NONE', #2407, #2147, #2024, .T. ) ;
#2295 = DIRECTION ( 'NONE',  ( -0.000000000000000000, 0.000000000000000000, 1.000000000000000000 ) ) ;
#2296 = ORIENTED_EDGE ( 'NONE', *, *, #3788, .T. ) ;
#2297 = DIRECTION ( 'NONE',  ( 0.06540457701180862893, -0.9978588283449250085, 0.000000000000000000 ) ) ;
#2298 = CARTESIAN_POINT ( 'NONE',  ( 50.49088868411232056, 67.42082781729087060, 4.599999999999999645 ) ) ;
#2299 = ORIENTED_EDGE ( 'NONE', *, *, #2060, .F. ) ;
#2300 = DIRECTION ( 'NONE',  ( 0.000000000000000000, -1.000000000000000000, -0.000000000000000000 ) ) ;
#2301 = CARTESIAN_POINT ( 'NONE',  ( 7.499999999999989342, 4.999999999999993783, 2.168404344971008868E-14 ) ) ;
#2302 = CARTESIAN_POINT ( 'NONE',  ( 37.50000000000000000, 103.6499999999999915, 0.5000000000000108802 ) ) ;
#2303 = CARTESIAN_POINT ( 'NONE',  ( 52.75819874726980885, 56.38499435135753401, 5.000000000000000000 ) ) ;
#2304 = ORIENTED_EDGE ( 'NONE', *, *, #2895, .F. ) ;
#2305 = CARTESIAN_POINT ( 'NONE',  ( 29.81318971088235159, 69.10801979596014633, 4.599999999999999645 ) ) ;
#2306 = ORIENTED_EDGE ( 'NONE', *, *, #472, .F. ) ;
#2307 = CARTESIAN_POINT ( 'NONE',  ( 34.56461345859662515, 67.13590885259914387, 4.599999999999999645 ) ) ;
#2308 = CARTESIAN_POINT ( 'NONE',  ( 1.130080186835222600, 45.50875984327557688, 0.3766933956117318738 ) ) ;
#2309 = CARTESIAN_POINT ( 'NONE',  ( 34.84299446063909045, 51.29851711344042542, 5.000000000000000000 ) ) ;
#2310 = B_SPLINE_CURVE_WITH_KNOTS ( 'NONE', 3,
 ( #2219, #1137, #1085, #5049 ),
 .UNSPECIFIED., .F., .F.,
 ( 4, 4 ),
 ( 3.000000000000000000, 4.000000000000000000 ),
 .UNSPECIFIED. ) ;
#2311 = AXIS2_PLACEMENT_3D ( 'NONE', #936, #528, #3670 ) ;
#2312 = ORIENTED_EDGE ( 'NONE', *, *, #1024, .T. ) ;
#2313 = FACE_OUTER_BOUND ( 'NONE', #4497, .T. ) ;
#2314 = CARTESIAN_POINT ( 'NONE',  ( 74.97721132201532157, 45.07734595220222928, 0.4854874579622684982 ) ) ;
#2315 = CARTESIAN_POINT ( 'NONE',  ( -0.1218020318880143754, 56.27053139211767530, 5.000000000000000000 ) ) ;
#2316 = VECTOR ( 'NONE', #4141, 1000.000000000000000 ) ;
#2317 = ORIENTED_EDGE ( 'NONE', *, *, #411, .T. ) ;
#2318 = AXIS2_PLACEMENT_3D ( 'NONE', #473, #5057, #4325 ) ;
#2319 = ORIENTED_EDGE ( 'NONE', *, *, #2338, .T. ) ;
#2320 = ADVANCED_FACE ( 'NONE', ( #2778 ), #395, .F. ) ;
#2321 = ORIENTED_EDGE ( 'NONE', *, *, #5012, .F. ) ;
#2322 = VECTOR ( 'NONE', #503, 1000.000000000000000 ) ;
#2323 = CARTESIAN_POINT ( 'NONE',  ( -2.417770844642675282E-15, 46.49999999999999289, 0.000000000000000000 ) ) ;
#2324 = CARTESIAN_POINT ( 'NONE',  ( -0.1374238320307762662, 63.48754560515362755, 5.000000000000000000 ) ) ;
#2325 = CIRCLE ( 'NONE', #4638, 5.000000000000000000 ) ;
#2326 = ORIENTED_EDGE ( 'NONE', *, *, #658, .T. ) ;
#2327 = VERTEX_POINT ( 'NONE', #721 ) ;
#2328 = DIRECTION ( 'NONE',  ( 1.000000000000000000, -0.000000000000000000, -0.000000000000000000 ) ) ;
#2329 = AXIS2_PLACEMENT_3D ( 'NONE', #2291, #3458, #2683 ) ;
#2330 =( BOUNDED_SURFACE ( )  B_SPLINE_SURFACE ( 3, 2, ( 
 ( #1439, #1483, #3478 ),
 ( #1851, #3432, #4637 ),
 ( #4985, #1458, #2596 ),
 ( #3066, #2187, #3042 ),
 ( #720, #1075, #1412 ),
 ( #4174, #3856, #2208 ),
 ( #1105, #3784, #2648 ),
 ( #2677, #2287, #262 ),
 ( #1818, #747, #2308 ),
 ( #4277, #1127, #2701 ),
 ( #3881, #1256, #96 ),
 ( #3218, #73, #2749 ),
 ( #792, #2826, #3985 ),
 ( #413, #4404, #1207 ) ),
 .UNSPECIFIED., .F., .F., .F. ) 
 B_SPLINE_SURFACE_WITH_KNOTS ( ( 4, 2, 2, 2, 2, 2, 4 ),
 ( 3, 3 ),
 ( 6.283185307179586232, 6.479534848028948524, 6.675884388878310816, 6.872233929727672219, 7.068583470577034511, 7.461282552275758206, 7.853981633974482790 ),
 ( 0.000000000000000000, 1.000000000000000000 ),
 .UNSPECIFIED. ) 
 GEOMETRIC_REPRESENTATION_ITEM ( )  RATIONAL_B_SPLINE_SURFACE ( (
 ( 1.000000000000000000, 0.7071067811865475727, 1.000000000000000000),
 ( 1.000000000000000000, 0.7070717008705410533, 1.000000000000000000),
 ( 1.000000000000000000, 0.7117460391535113118, 1.000000000000000000),
 ( 1.000000000000000000, 0.7291288573898078162, 1.000000000000000000),
 ( 1.000000000000000000, 0.7418334672881334857, 1.000000000000000000),
 ( 1.000000000000000000, 0.7723967724090673448, 1.000000000000000000),
 ( 1.000000000000000000, 0.7902180514827672475, 1.000000000000000000),
 ( 1.000000000000000000, 0.8275942267605663760, 1.000000000000000000),
 ( 1.000000000000000000, 0.8471316911967915475, 1.000000000000000000),
 ( 1.000000000000000000, 0.9038128289597299192, 1.000000000000000000),
 ( 1.000000000000000000, 0.9386556746368156512, 1.000000000000000000),
 ( 1.000000000000000000, 0.9867291651254971319, 1.000000000000000000),
 ( 1.000000000000000000, 1.000158598892062045, 1.000000000000000000),
 ( 1.000000000000000000, 1.000000000000000000, 1.000000000000000000) ) ) 
 REPRESENTATION_ITEM ( '' )  SURFACE ( )  );
#2331 = CARTESIAN_POINT ( 'NONE',  ( 41.96291306052567904, 63.57867512623393935, 4.599999999999999645 ) ) ;
#2332 = CIRCLE ( 'NONE', #4405, 5.000000000000000000 ) ;
#2333 = CARTESIAN_POINT ( 'NONE',  ( 49.93795213272127143, 63.76172295399043577, 4.599999999999999645 ) ) ;
#2334 = LINE ( 'NONE', #3961, #1623 ) ;
#2335 = ORIENTED_EDGE ( 'NONE', *, *, #3170, .F. ) ;
#2336 = VECTOR ( 'NONE', #2917, 1000.000000000000000 ) ;
#2337 = ORIENTED_EDGE ( 'NONE', *, *, #4030, .F. ) ;
#2338 = EDGE_CURVE ( 'NONE', #3633, #4844, #365, .T. ) ;
#2339 = CARTESIAN_POINT ( 'NONE',  ( 35.09940047173320465, 68.10004456002852180, 4.599999999999999645 ) ) ;
#2340 = DIRECTION ( 'NONE',  ( 1.000000000000000000, 0.000000000000000000, 0.000000000000000000 ) ) ;
#2341 = CARTESIAN_POINT ( 'NONE',  ( 57.58860395026325563, 65.51376142484208742, 5.000000000000000000 ) ) ;
#2342 = EDGE_CURVE ( 'NONE', #4407, #1319, #3565, .T. ) ;
#2343 = VERTEX_POINT ( 'NONE', #2725 ) ;
#2344 = CYLINDRICAL_SURFACE ( 'NONE', #1081, 5.000000000000002665 ) ;
#2345 = CARTESIAN_POINT ( 'NONE',  ( 0.05629675538393313916, 74.80114148140457075, 0.7527245943439038189 ) ) ;
#2346 = CARTESIAN_POINT ( 'NONE',  ( 57.57466414737992721, 17.25576323075712182, 4.599999999999999645 ) ) ;
#2347 = EDGE_CURVE ( 'NONE', #2343, #2407, #1428, .T. ) ;
#2348 = EDGE_LOOP ( 'NONE', ( #2257, #3532, #1556, #1247, #594, #2873 ) ) ;
#2349 = DIRECTION ( 'NONE',  ( 0.5107203677843021872, -0.8597468848040491496, 0.000000000000000000 ) ) ;
#2350 = VERTEX_POINT ( 'NONE', #2341 ) ;
#2351 = PRODUCT_DEFINITION_CONTEXT ( 'detailed design', #3269, 'design' ) ;
#2352 = VERTEX_POINT ( 'NONE', #3175 ) ;
#2353 = DIRECTION ( 'NONE',  ( -0.000000000000000000, -1.000000000000000000, 0.000000000000000000 ) ) ;
#2354 = CARTESIAN_POINT ( 'NONE',  ( 12.49999999999998934, 4.999999999999993783, -4.999999999999989342 ) ) ;
#2355 = CARTESIAN_POINT ( 'NONE',  ( 51.27523411172359147, 66.83697843894680091, 4.599999999999999645 ) ) ;
#2356 = ORIENTED_EDGE ( 'NONE', *, *, #2832, .F. ) ;
#2357 = EDGE_LOOP ( 'NONE', ( #163, #3543, #1943, #4399 ) ) ;
#2358 = LINE ( 'NONE', #1970, #1914 ) ;
#2359 = ADVANCED_FACE ( 'NONE', ( #4741 ), #737, .F. ) ;
#2360 = CARTESIAN_POINT ( 'NONE',  ( 54.22558589064953338, 56.38817062730887386, 5.000000000000000000 ) ) ;
#2361 = DIRECTION ( 'NONE',  ( -1.000000000000000000, 0.000000000000000000, 0.000000000000000000 ) ) ;
#2362 = CARTESIAN_POINT ( 'NONE',  ( 59.15031960174529502, 69.19974004816646129, 5.000000000000000000 ) ) ;
#2363 = EDGE_LOOP ( 'NONE', ( #2375, #633, #3950, #1290 ) ) ;
#2364 = DIRECTION ( 'NONE',  ( 1.000000000000000000, -0.000000000000000000, -0.000000000000000000 ) ) ;
#2365 = CARTESIAN_POINT ( 'NONE',  ( 73.50000000000000000, 75.00000000000000000, 0.000000000000000000 ) ) ;
#2366 = ORIENTED_EDGE ( 'NONE', *, *, #1263, .T. ) ;
#2367 = CARTESIAN_POINT ( 'NONE',  ( 32.46596180904801088, 71.73792631199650316, 4.599999999999999645 ) ) ;
#2368 = CARTESIAN_POINT ( 'NONE',  ( 74.73490832186008959, 45.01258334307127029, 0.2650916781409399792 ) ) ;
#2369 = DIRECTION ( 'NONE',  ( 1.000000000000000000, 0.000000000000000000, 0.000000000000000000 ) ) ;
#2370 = ORIENTED_EDGE ( 'NONE', *, *, #2972, .T. ) ;
#2371 = EDGE_CURVE ( 'NONE', #585, #656, #3538, .T. ) ;
#2372 = FACE_OUTER_BOUND ( 'NONE', #186, .T. ) ;
#2373 = DIRECTION ( 'NONE',  ( 0.000000000000000000, 0.000000000000000000, -1.000000000000000000 ) ) ;
#2374 = CARTESIAN_POINT ( 'NONE',  ( 27.10923559923350012, 48.83376798311071809, 4.599999999999999645 ) ) ;
#2375 = ORIENTED_EDGE ( 'NONE', *, *, #3153, .T. ) ;
#2376 = ORIENTED_EDGE ( 'NONE', *, *, #1481, .F. ) ;
#2377 = VERTEX_POINT ( 'NONE', #4251 ) ;
#2378 = CARTESIAN_POINT ( 'NONE',  ( 60.15309437322863317, 50.81361216108685142, 4.599999999999999645 ) ) ;
#2379 = CARTESIAN_POINT ( 'NONE',  ( 59.20000000000001705, 106.6999999999999886, 0.000000000000000000 ) ) ;
#2380 = ORIENTED_EDGE ( 'NONE', *, *, #1916, .T. ) ;
#2381 = ORIENTED_EDGE ( 'NONE', *, *, #2461, .F. ) ;
#2382 = EDGE_CURVE ( 'NONE', #4576, #3608, #2751, .T. ) ;
#2383 = CARTESIAN_POINT ( 'NONE',  ( -2.417770844642675282E-15, 46.49999999999999289, 1.500000000000000000 ) ) ;
#2384 = CARTESIAN_POINT ( 'NONE',  ( 35.09940047173320465, 68.10004456002852180, 5.000000000000000000 ) ) ;
#2385 = DIRECTION ( 'NONE',  ( 0.9999976573062887564, 0.002164574307898256642, 0.000000000000000000 ) ) ;
#2386 = CARTESIAN_POINT ( 'NONE',  ( 59.19999999999999574, 18.49999999999998934, 3.000000000000000000 ) ) ;
#2387 = EDGE_LOOP ( 'NONE', ( #1251, #5088, #1472, #3210 ) ) ;
#2388 = CARTESIAN_POINT ( 'NONE',  ( 5.000000000000000000, 120.0000000000000000, 0.000000000000000000 ) ) ;
#2389 = FACE_OUTER_BOUND ( 'NONE', #4390, .T. ) ;
#2390 = PLANE ( 'NONE',  #4786 ) ;
#2391 = ORIENTED_EDGE ( 'NONE', *, *, #1961, .T. ) ;
#2392 = CARTESIAN_POINT ( 'NONE',  ( 28.05446503742489384, 47.25554083441714681, 5.000000000000000000 ) ) ;
#2393 = FACE_OUTER_BOUND ( 'NONE', #4393, .T. ) ;
#2394 = EDGE_CURVE ( 'NONE', #3900, #14, #1513, .T. ) ;
#2395 = EDGE_CURVE ( 'NONE', #1772, #965, #3603, .T. ) ;
#2396 = ORIENTED_EDGE ( 'NONE', *, *, #5012, .T. ) ;
#2397 = DIRECTION ( 'NONE',  ( -0.9459077980375683037, 0.3244355677352885881, 0.000000000000000000 ) ) ;
#2398 = DIRECTION ( 'NONE',  ( 0.000000000000000000, 0.000000000000000000, 1.000000000000000000 ) ) ;
#2399 = CARTESIAN_POINT ( 'NONE',  ( 37.79313599863449724, -0.2453156435208566355, 5.000000000000000000 ) ) ;
#2400 = VERTEX_POINT ( 'NONE', #335 ) ;
#2401 = ORIENTED_EDGE ( 'NONE', *, *, #2028, .F. ) ;
#2402 = CARTESIAN_POINT ( 'NONE',  ( 52.49999999999999289, 117.5000000000000000, -15.00000000000000000 ) ) ;
#2403 = VECTOR ( 'NONE', #4445, 1000.000000000000114 ) ;
#2404 = ADVANCED_FACE ( 'NONE', ( #4416 ), #2520, .F. ) ;
#2405 = AXIS2_PLACEMENT_3D ( 'NONE', #4601, #2643, #1150 ) ;
#2406 = CARTESIAN_POINT ( 'NONE',  ( 37.50000000000000000, 103.6499999999999915, 0.000000000000000000 ) ) ;
#2407 = VERTEX_POINT ( 'NONE', #481 ) ;
#2408 = VERTEX_POINT ( 'NONE', #507 ) ;
#2409 = CARTESIAN_POINT ( 'NONE',  ( 27.50000000000061462, 120.0000000000000142, -2.499999999999972022 ) ) ;
#2410 = VECTOR ( 'NONE', #1236, 1000.000000000000000 ) ;
#2411 = CARTESIAN_POINT ( 'NONE',  ( 0.000000000000000000, 120.0000000000000000, 0.000000000000000000 ) ) ;
#2412 = CARTESIAN_POINT ( 'NONE',  ( 54.53551570398803250, 56.61106762017198690, 4.599999999999999645 ) ) ;
#2413 = CIRCLE ( 'NONE', #3068, 1.899999999999999023 ) ;
#2414 = CARTESIAN_POINT ( 'NONE',  ( 12.49999999999998934, -6.071532165918824830E-15, -4.999999999999989342 ) ) ;
#2415 = DIRECTION ( 'NONE',  ( 1.000000000000000000, 0.000000000000000000, -2.602085213965210642E-16 ) ) ;
#2416 = AXIS2_PLACEMENT_3D ( 'NONE', #3216, #4776, #1579 ) ;
#2417 = VECTOR ( 'NONE', #4935, 999.9999999999998863 ) ;
#2418 = ORIENTED_EDGE ( 'NONE', *, *, #1628, .F. ) ;
#2419 = AXIS2_PLACEMENT_3D ( 'NONE', #4644, #4586, #2213 ) ;
#2420 = CARTESIAN_POINT ( 'NONE',  ( -6.938893903907228378E-15, 120.0000000000000142, -9.999999999999998224 ) ) ;
#2421 = LINE ( 'NONE', #4410, #1342 ) ;
#2422 = CARTESIAN_POINT ( 'NONE',  ( 0.4999999999345511870, 73.59817583765506299, 1.500000000000000000 ) ) ;
#2423 = CARTESIAN_POINT ( 'NONE',  ( 74.74819053156286941, 45.18932039044305071, 0.7554284053108960562 ) ) ;
#2424 = EDGE_CURVE ( 'NONE', #2011, #1772, #886, .T. ) ;
#2425 = VECTOR ( 'NONE', #159, 1000.000000000000000 ) ;
#2426 = ORIENTED_EDGE ( 'NONE', *, *, #1562, .F. ) ;
#2427 = FACE_OUTER_BOUND ( 'NONE', #3187, .T. ) ;
#2428 = CARTESIAN_POINT ( 'NONE',  ( 0.1738834292028910156, 74.25720397868252576, 1.309465871075918164 ) ) ;
#2429 = PLANE ( 'NONE',  #201 ) ;
#2430 = CARTESIAN_POINT ( 'NONE',  ( 55.00000000000003553, 120.0000000000000142, -10.00000000000062350 ) ) ;
#2431 = ORIENTED_EDGE ( 'NONE', *, *, #991, .T. ) ;
#2432 = ORIENTED_EDGE ( 'NONE', *, *, #4060, .F. ) ;
#2433 = DIRECTION ( 'NONE',  ( -1.000000000000000000, 0.000000000000000000, 1.301042606982605321E-16 ) ) ;
#2434 = DIRECTION ( 'NONE',  ( 1.000000000000000000, -0.000000000000000000, -0.000000000000000000 ) ) ;
#2435 = ORIENTED_EDGE ( 'NONE', *, *, #739, .T. ) ;
#2436 = EDGE_LOOP ( 'NONE', ( #33, #2194, #3337, #403, #3781 ) ) ;
#2437 = DIRECTION ( 'NONE',  ( 1.000000000000000000, -0.000000000000000000, -0.000000000000000000 ) ) ;
#2438 = DIRECTION ( 'NONE',  ( 0.000000000000000000, 1.000000000000000000, 0.000000000000000000 ) ) ;
#2439 = CARTESIAN_POINT ( 'NONE',  ( 37.41813806569387424, 69.15622655406406238, 5.000000000000000000 ) ) ;
#2440 = EDGE_CURVE ( 'NONE', #1610, #3141, #959, .T. ) ;
#2441 = CARTESIAN_POINT ( 'NONE',  ( 74.77281964719448126, 73.69754504386276039, 1.490166592345996133 ) ) ;
#2442 = ORIENTED_EDGE ( 'NONE', *, *, #4504, .F. ) ;
#2443 = CARTESIAN_POINT ( 'NONE',  ( -10.21421437156032219, 51.93035535905706013, 5.000000000000000000 ) ) ;
#2444 = VECTOR ( 'NONE', #3339, 1000.000000000000000 ) ;
#2445 = EDGE_CURVE ( 'NONE', #1420, #3507, #898, .T. ) ;
#2446 = CARTESIAN_POINT ( 'NONE',  ( 34.94305739570599201, 68.62528759425747182, 5.000000000000000000 ) ) ;
#2447 = FACE_OUTER_BOUND ( 'NONE', #2733, .T. ) ;
#2448 = EDGE_CURVE ( 'NONE', #2694, #2473, #3639, .T. ) ;
#2449 = DIRECTION ( 'NONE',  ( -0.000000000000000000, -0.000000000000000000, 1.000000000000000000 ) ) ;
#2450 = ORIENTED_EDGE ( 'NONE', *, *, #3266, .F. ) ;
#2451 = LINE ( 'NONE', #3009, #1413 ) ;
#2452 = CARTESIAN_POINT ( 'NONE',  ( 44.56405526832953967, 53.12911202077057737, 4.599999999999999645 ) ) ;
#2453 = LINE ( 'NONE', #2374, #1502 ) ;
#2454 = CARTESIAN_POINT ( 'NONE',  ( 23.56683206712730083, 67.17559582444506816, 5.000000000000000000 ) ) ;
#2455 = VERTEX_POINT ( 'NONE', #2864 ) ;
#2456 = VECTOR ( 'NONE', #1050, 1000.000000000000000 ) ;
#2457 = VERTEX_POINT ( 'NONE', #2138 ) ;
#2458 = PLANE ( 'NONE',  #3397 ) ;
#2459 = CARTESIAN_POINT ( 'NONE',  ( 17.93053125479569232, 74.99553061957149680, 4.599999999999999645 ) ) ;
#2460 = ORIENTED_EDGE ( 'NONE', *, *, #4268, .T. ) ;
#2461 = EDGE_CURVE ( 'NONE', #4274, #3638, #4787, .T. ) ;
#2462 = ORIENTED_EDGE ( 'NONE', *, *, #3994, .T. ) ;
#2463 = DIRECTION ( 'NONE',  ( -0.000000000000000000, -0.000000000000000000, 1.000000000000000000 ) ) ;
#2464 = CARTESIAN_POINT ( 'NONE',  ( 27.50000000000000000, 117.5000000000000000, -10.00000000000000000 ) ) ;
#2465 = CARTESIAN_POINT ( 'NONE',  ( 57.49999999999999289, 120.0000000000000000, 0.000000000000000000 ) ) ;
#2466 = ORIENTED_EDGE ( 'NONE', *, *, #4912, .F. ) ;
#2467 = LINE ( 'NONE', #929, #2217 ) ;
#2468 = LINE ( 'NONE', #4040, #3656 ) ;
#2469 = CARTESIAN_POINT ( 'NONE',  ( 0.4840083284431032085, 73.88892379092472140, 1.452024985329367857 ) ) ;
#2470 = B_SPLINE_SURFACE_WITH_KNOTS ( 'NONE', 3, 1, ( 
 ( #650, #3407 ),
 ( #4250, #4664 ),
 ( #4961, #334 ),
 ( #1033, #3452 ) ),
 .UNSPECIFIED., .F., .F., .F.,
 ( 4, 4 ),
 ( 2, 2 ),
 ( 39.00000000000000000, 40.00000000000000000 ),
 ( 0.000000000000000000, 1.000000000000000000 ),
 .UNSPECIFIED. ) ;
#2471 = DIRECTION ( 'NONE',  ( 1.000000000000000000, 0.000000000000000000, 0.000000000000000000 ) ) ;
#2472 = EDGE_CURVE ( 'NONE', #4753, #2269, #177, .T. ) ;
#2473 = VERTEX_POINT ( 'NONE', #2033 ) ;
#2474 = DIRECTION ( 'NONE',  ( -0.000000000000000000, -0.000000000000000000, -1.000000000000000000 ) ) ;
#2475 = EDGE_LOOP ( 'NONE', ( #3691, #336, #4471, #897 ) ) ;
#2476 = LINE ( 'NONE', #4047, #851 ) ;
#2477 = CARTESIAN_POINT ( 'NONE',  ( 0.000000000000000000, 0.000000000000000000, 0.000000000000000000 ) ) ;
#2478 = CARTESIAN_POINT ( 'NONE',  ( 56.20969273636310959, 68.63604813294755047, 4.599999999999999645 ) ) ;
#2479 = CARTESIAN_POINT ( 'NONE',  ( 33.01779607714239972, 60.15890489015593090, 5.000000000000000000 ) ) ;
#2480 = EDGE_LOOP ( 'NONE', ( #1570, #786 ) ) ;
#2481 = ORIENTED_EDGE ( 'NONE', *, *, #5002, .F. ) ;
#2482 = PLANE ( 'NONE',  #452 ) ;
#2483 = DIRECTION ( 'NONE',  ( -1.908195823574488050E-16, 0.000000000000000000, -1.000000000000000000 ) ) ;
#2484 = DIRECTION ( 'NONE',  ( 0.2325341717722711754, 0.9725882268247872942, 0.000000000000000000 ) ) ;
#2485 = EDGE_CURVE ( 'NONE', #919, #3539, #4044, .T. ) ;
#2486 = VERTEX_POINT ( 'NONE', #859 ) ;
#2487 = ORIENTED_EDGE ( 'NONE', *, *, #1124, .F. ) ;
#2488 = AXIS2_PLACEMENT_3D ( 'NONE', #4589, #3416, #4614 ) ;
#2489 = FACE_OUTER_BOUND ( 'NONE', #1544, .T. ) ;
#2490 = CARTESIAN_POINT ( 'NONE',  ( 0.000000000000000000, 75.00000000000000000, 0.000000000000000000 ) ) ;
#2491 = ORIENTED_EDGE ( 'NONE', *, *, #661, .T. ) ;
#2492 = VERTEX_POINT ( 'NONE', #3993 ) ;
#2493 = ADVANCED_FACE ( 'NONE', ( #1643 ), #309, .T. ) ;
#2494 = VECTOR ( 'NONE', #91, 1000.000000000000000 ) ;
#2495 = CARTESIAN_POINT ( 'NONE',  ( 38.24081909576754867, 68.78763099782081269, 4.599999999999999645 ) ) ;
#2496 = CIRCLE ( 'NONE', #4482, 5.000000000000000000 ) ;
#2497 = VECTOR ( 'NONE', #459, 1000.000000000000000 ) ;
#2498 = CARTESIAN_POINT ( 'NONE',  ( 16.97589199274863958, 59.84551655870923526, 4.599999999999999645 ) ) ;
#2499 = ORIENTED_EDGE ( 'NONE', *, *, #3537, .T. ) ;
#2500 = AXIS2_PLACEMENT_3D ( 'NONE', #2323, #44, #2817 ) ;
#2501 = EDGE_CURVE ( 'NONE', #1698, #1822, #1101, .T. ) ;
#2502 = ORIENTED_EDGE ( 'NONE', *, *, #362, .F. ) ;
#2503 = FACE_OUTER_BOUND ( 'NONE', #3095, .T. ) ;
#2504 = ADVANCED_FACE ( 'NONE', ( #4510 ), #1030, .F. ) ;
#2505 = PLANE ( 'NONE',  #3899 ) ;
#2506 = ORIENTED_EDGE ( 'NONE', *, *, #2395, .F. ) ;
#2507 = VECTOR ( 'NONE', #2038, 1000.000000000000000 ) ;
#2508 = EDGE_LOOP ( 'NONE', ( #4219, #2293, #3976, #4427 ) ) ;
#2509 = CARTESIAN_POINT ( 'NONE',  ( 69.99999999999998579, 120.0000000000000000, 0.000000000000000000 ) ) ;
#2510 = EDGE_CURVE ( 'NONE', #1868, #4666, #1292, .T. ) ;
#2511 = CARTESIAN_POINT ( 'NONE',  ( 17.50000000000000000, 120.0000000000000000, -15.00000000000000000 ) ) ;
#2512 = CARTESIAN_POINT ( 'NONE',  ( 35.75026295860399017, 54.22116314799411896, 5.000000000000000000 ) ) ;
#2513 = ORIENTED_EDGE ( 'NONE', *, *, #4901, .F. ) ;
#2514 = ORIENTED_EDGE ( 'NONE', *, *, #5017, .F. ) ;
#2515 = DIRECTION ( 'NONE',  ( 1.000000000000000000, -0.000000000000000000, 0.000000000000000000 ) ) ;
#2516 = DIRECTION ( 'NONE',  ( -1.000000000000000000, 0.000000000000000000, 0.000000000000000000 ) ) ;
#2517 = CARTESIAN_POINT ( 'NONE',  ( 35.87667499726751430, 69.15288993489288316, 4.599999999999999645 ) ) ;
#2518 = DIRECTION ( 'NONE',  ( -0.000000000000000000, -0.000000000000000000, 1.000000000000000000 ) ) ;
#2519 = EDGE_LOOP ( 'NONE', ( #1277, #609, #2268, #2722 ) ) ;
#2520 = CYLINDRICAL_SURFACE ( 'NONE', #3987, 5.000000000000000888 ) ;
#2521 = ORIENTED_EDGE ( 'NONE', *, *, #3537, .F. ) ;
#2522 = CARTESIAN_POINT ( 'NONE',  ( 7.499999999999989342, -6.071532165918824830E-15, 2.168404344971008868E-14 ) ) ;
#2523 = CARTESIAN_POINT ( 'NONE',  ( 56.31831518861017827, 68.97138550662481293, 4.599999999999999645 ) ) ;
#2524 = ORIENTED_EDGE ( 'NONE', *, *, #4811, .T. ) ;
#2525 = LINE ( 'NONE', #118, #2564 ) ;
#2526 = LINE ( 'NONE', #582, #2444 ) ;
#2527 = CARTESIAN_POINT ( 'NONE',  ( 73.50000000000000000, 46.49999999999999289, 0.4999999999999998890 ) ) ;
#2529 = ORIENTED_EDGE ( 'NONE', *, *, #2445, .F. ) ;
#2528 = VECTOR ( 'NONE', #4734, 1000.000000000000000 ) ;
#2530 = ORIENTED_EDGE ( 'NONE', *, *, #4756, .T. ) ;
#2531 = CARTESIAN_POINT ( 'NONE',  ( 61.25000000000000711, 114.9999999999999858, -15.00000000000000000 ) ) ;
#2532 = FACE_OUTER_BOUND ( 'NONE', #3550, .T. ) ;
#2533 = LINE ( 'NONE', #550, #352 ) ;
#2534 = DIRECTION ( 'NONE',  ( -0.002164574307906533875, 0.9999976573062887564, 0.000000000000000000 ) ) ;
#2535 = CARTESIAN_POINT ( 'NONE',  ( 75.00000000000000000, 75.00000000000000000, 0.000000000000000000 ) ) ;
#2536 = DIRECTION ( 'NONE',  ( 0.000000000000000000, 1.000000000000000000, 0.000000000000000000 ) ) ;
#2537 = CARTESIAN_POINT ( 'NONE',  ( 51.17218398280328273, 67.18596718839175708, 5.000000000000000000 ) ) ;
#2538 = ORIENTED_EDGE ( 'NONE', *, *, #2112, .F. ) ;
#2539 = EDGE_CURVE ( 'NONE', #1950, #1507, #4926, .T. ) ;
#2540 = PLANE ( 'NONE',  #1923 ) ;
#2541 = ORIENTED_EDGE ( 'NONE', *, *, #4246, .T. ) ;
#2542 = CARTESIAN_POINT ( 'NONE',  ( 48.65312595226107106, 67.41684983397829001, 5.000000000000000000 ) ) ;
#2543 = DIRECTION ( 'NONE',  ( -0.8597468848040501488, -0.5107203677843007439, 0.000000000000000000 ) ) ;
#2544 = EDGE_CURVE ( 'NONE', #1687, #2766, #1710, .T. ) ;
#2545 = DIRECTION ( 'NONE',  ( 1.000000000000000000, 0.000000000000000000, 0.000000000000000000 ) ) ;
#2546 = CARTESIAN_POINT ( 'NONE',  ( 23.95290432188574670, 64.81307871474692206, 5.000000000000000000 ) ) ;
#2547 = ORIENTED_EDGE ( 'NONE', *, *, #4116, .F. ) ;
#2548 = CARTESIAN_POINT ( 'NONE',  ( 39.39999999999999858, 21.74999999999999289, 3.000000000000000000 ) ) ;
#2549 = LINE ( 'NONE', #143, #2600 ) ;
#2550 = LINE ( 'NONE', #4915, #3482 ) ;
#2551 = ORIENTED_EDGE ( 'NONE', *, *, #1341, .F. ) ;
#2552 = ORIENTED_EDGE ( 'NONE', *, *, #1814, .F. ) ;
#2553 = EDGE_CURVE ( 'NONE', #3466, #656, #367, .T. ) ;
#2554 = CARTESIAN_POINT ( 'NONE',  ( 48.65312595226107106, 67.41684983397829001, 4.599999999999999645 ) ) ;
#2555 = CARTESIAN_POINT ( 'NONE',  ( 15.24677488885592602, 50.38836122693026454, 4.599999999999999645 ) ) ;
#2556 = EDGE_CURVE ( 'NONE', #1035, #2788, #2332, .T. ) ;
#2557 = LINE ( 'NONE', #4135, #3198 ) ;
#2558 = B_SPLINE_CURVE_WITH_KNOTS ( 'NONE', 3,
 ( #3445, #4527, #997, #2562, #619, #3373 ),
 .UNSPECIFIED., .F., .F.,
 ( 4, 2, 4 ),
 ( 0.000000000000000000, 1.000000000000000000, 2.000000000000000000 ),
 .UNSPECIFIED. ) ;
#2559 = VECTOR ( 'NONE', #2437, 1000.000000000000000 ) ;
#2560 = DIRECTION ( 'NONE',  ( -0.000000000000000000, -0.000000000000000000, 1.000000000000000000 ) ) ;
#2561 = CARTESIAN_POINT ( 'NONE',  ( 14.03395320428463044, 59.88853312862018896, 5.000000000000000000 ) ) ;
#2562 = CARTESIAN_POINT ( 'NONE',  ( 25.84768651253223481, 69.43806486563988756, 5.000000000000000000 ) ) ;
#2563 = CARTESIAN_POINT ( 'NONE',  ( 15.79999999999998117, 106.6999999999999886, 3.000000000000000000 ) ) ;
#2564 = VECTOR ( 'NONE', #4827, 1000.000000000000000 ) ;
#2565 = VECTOR ( 'NONE', #2385, 1000.000000000000000 ) ;
#2566 = VERTEX_POINT ( 'NONE', #3807 ) ;
#2567 = VECTOR ( 'NONE', #1014, 1000.000000000000000 ) ;
#2568 = VERTEX_POINT ( 'NONE', #234 ) ;
#2569 = EDGE_CURVE ( 'NONE', #522, #1355, #2993, .T. ) ;
#2570 = VECTOR ( 'NONE', #2018, 1000.000000000000114 ) ;
#2571 = LINE ( 'NONE', #238, #2748 ) ;
#2572 = CIRCLE ( 'NONE', #2416, 2.500000000000002220 ) ;
#2573 = ADVANCED_FACE ( 'NONE', ( #285 ), #2540, .F. ) ;
#2574 = AXIS2_PLACEMENT_3D ( 'NONE', #1012, #268, #5015 ) ;
#2575 = EDGE_LOOP ( 'NONE', ( #4652, #753, #1130, #3086, #2888, #958, #3366, #4894, #2481, #2263, #5018, #558, #2883, #3655, #139, #1536, #3186, #4424, #4105, #547, #706, #3026, #728, #4553, #2108, #3021, #387, #2304, #3769, #1952, #2233, #1031, #607, #4117, #3377 ) ) ;
#2576 = CARTESIAN_POINT ( 'NONE',  ( 12.49999999999998934, -6.071532165918824830E-15, -4.999999999999989342 ) ) ;
#2577 = CARTESIAN_POINT ( 'NONE',  ( 17.51381357382892645, -6.007037960595728698, 5.000000000000000000 ) ) ;
#2578 = CARTESIAN_POINT ( 'NONE',  ( 35.78597283154926600, 50.76086759227584366, 4.599999999999999645 ) ) ;
#2579 = ORIENTED_EDGE ( 'NONE', *, *, #2230, .T. ) ;
#2580 = VECTOR ( 'NONE', #142, 1000.000000000000000 ) ;
#2581 = CARTESIAN_POINT ( 'NONE',  ( 61.25000000000001421, 116.2499999999999858, -15.00000000000000000 ) ) ;
#2582 = DIRECTION ( 'NONE',  ( -0.000000000000000000, -0.000000000000000000, 1.000000000000000000 ) ) ;
#2583 = CARTESIAN_POINT ( 'NONE',  ( 1.500000000000000888, 73.50000000000000000, 0.5000000000000000000 ) ) ;
#2584 = CARTESIAN_POINT ( 'NONE',  ( 28.99618295937896306, 45.67025248322667608, 4.599999999999999645 ) ) ;
#2585 = ADVANCED_FACE ( 'NONE', ( #1455 ), #4118, .T. ) ;
#2586 = CARTESIAN_POINT ( 'NONE',  ( 28.05446503742488318, 47.25554083441714681, 4.599999999999999645 ) ) ;
#2587 = CARTESIAN_POINT ( 'NONE',  ( 56.20969273636311669, 68.63604813294755047, 4.599999999999999645 ) ) ;
#2588 = CARTESIAN_POINT ( 'NONE',  ( 73.50000000000000000, 73.50000000000000000, 1.500000000000000000 ) ) ;
#2589 = B_SPLINE_CURVE_WITH_KNOTS ( 'NONE', 3,
 ( #3102, #636, #3770, #248, #2221, #4944 ),
 .UNSPECIFIED., .F., .F.,
 ( 4, 2, 4 ),
 ( 2.000000000000000000, 3.000000000000000000, 4.000000000000000000 ),
 .UNSPECIFIED. ) ;
#2590 = MANIFOLD_SOLID_BREP ( 'Enl\X2\00e8\X0\vement de mati\X2\00e8\X0\re-Balayage1', #3551 ) ;
#2591 = ORIENTED_EDGE ( 'NONE', *, *, #2347, .T. ) ;
#2592 = CARTESIAN_POINT ( 'NONE',  ( 5.000000000000000000, 5.000000000000000000, 0.000000000000000000 ) ) ;
#2593 = ORIENTED_EDGE ( 'NONE', *, *, #1728, .F. ) ;
#2594 = CARTESIAN_POINT ( 'NONE',  ( 42.42569968899294253, 59.99584445557870538, 4.599999999999999645 ) ) ;
#2595 = AXIS2_PLACEMENT_3D ( 'NONE', #471, #51, #3660 ) ;
#2596 = CARTESIAN_POINT ( 'NONE',  ( 1.490330855880392269, 46.30365282487669276, 0.4967769519601262784 ) ) ;
#2597 = CARTESIAN_POINT ( 'NONE',  ( 29.83130851283739915, 50.95962397155131640, 5.000000000000000000 ) ) ;
#2598 = EDGE_CURVE ( 'NONE', #3054, #1777, #769, .T. ) ;
#2599 = EDGE_CURVE ( 'NONE', #1520, #790, #3909, .T. ) ;
#2600 = VECTOR ( 'NONE', #1708, 1000.000000000000000 ) ;
#2601 = ORIENTED_EDGE ( 'NONE', *, *, #434, .F. ) ;
#2602 = CARTESIAN_POINT ( 'NONE',  ( 41.30377374508643840, 63.35502291448069911, 4.599999999999999645 ) ) ;
#2603 = DIRECTION ( 'NONE',  ( -1.000000000000000000, 0.000000000000000000, 0.000000000000000000 ) ) ;
#2604 = CARTESIAN_POINT ( 'NONE',  ( -0.1295671220299760007, 59.85787506458685669, 5.000000000000000000 ) ) ;
#2605 = CARTESIAN_POINT ( 'NONE',  ( 35.00763628465025334, 51.82798241853258503, 4.599999999999999645 ) ) ;
#2606 = VERTEX_POINT ( 'NONE', #3111 ) ;
#2607 = FACE_OUTER_BOUND ( 'NONE', #2058, .T. ) ;
#2608 = CARTESIAN_POINT ( 'NONE',  ( 15.24677488885592602, 50.38836122693026454, 5.000000000000000000 ) ) ;
#2609 = ADVANCED_FACE ( 'NONE', ( #5060 ), #4683, .F. ) ;
#2610 = CARTESIAN_POINT ( 'NONE',  ( 18.29999999999998295, 109.1999999999999886, 3.000000000000000000 ) ) ;
#2611 = EDGE_CURVE ( 'NONE', #374, #621, #4707, .T. ) ;
#2612 = DIRECTION ( 'NONE',  ( -0.000000000000000000, -0.000000000000000000, 1.000000000000000000 ) ) ;
#2613 = CARTESIAN_POINT ( 'NONE',  ( 47.18616342779203876, 52.54924062573878274, 5.000000000000000000 ) ) ;
#2614 = CARTESIAN_POINT ( 'NONE',  ( 14.02141606605299806, 65.68048437519374261, 4.599999999999999645 ) ) ;
#2615 = CARTESIAN_POINT ( 'NONE',  ( 22.08606763532822725, 58.68548362696230924, 4.599999999999999645 ) ) ;
#2616 = CARTESIAN_POINT ( 'NONE',  ( 58.98905642500519519, 50.81109250854794368, 5.000000000000000000 ) ) ;
#2617 = ORIENTED_EDGE ( 'NONE', *, *, #4246, .F. ) ;
#2618 = CARTESIAN_POINT ( 'NONE',  ( 39.20752677072000125, 50.76827381737618339, 4.599999999999999645 ) ) ;
#2619 = ORIENTED_EDGE ( 'NONE', *, *, #1142, .T. ) ;
#2620 = ADVANCED_FACE ( 'NONE', ( #23 ), #3156, .T. ) ;
#2621 = DIRECTION ( 'NONE',  ( -1.000000000000000000, 4.625929269271485914E-16, 2.602085213965210642E-16 ) ) ;
#2622 = B_SPLINE_SURFACE_WITH_KNOTS ( 'NONE', 3, 1, ( 
 ( #1632, #4804 ),
 ( #2852, #256 ),
 ( #3013, #3827 ),
 ( #4192, #669 ) ),
 .UNSPECIFIED., .F., .F., .F.,
 ( 4, 4 ),
 ( 2, 2 ),
 ( 0.000000000000000000, 1.000000000000000000 ),
 ( 0.000000000000000000, 1.000000000000000000 ),
 .UNSPECIFIED. ) ;
#2623 = CARTESIAN_POINT ( 'NONE',  ( 22.49999999999999289, 114.9999999999999858, -15.00000000000000000 ) ) ;
#2624 = CARTESIAN_POINT ( 'NONE',  ( 74.76969600708471830, 46.49999999999999289, 1.500000000000000000 ) ) ;
#2625 = ORIENTED_EDGE ( 'NONE', *, *, #4418, .F. ) ;
#2626 = DIRECTION ( 'NONE',  ( 0.000000000000000000, -0.000000000000000000, -1.000000000000000000 ) ) ;
#2627 = CARTESIAN_POINT ( 'NONE',  ( 58.60291684388124622, 51.57570027742514185, 4.599999999999999645 ) ) ;
#2628 = CARTESIAN_POINT ( 'NONE',  ( 60.15309437322863317, 50.81361216108685852, 4.599999999999999645 ) ) ;
#2629 = CARTESIAN_POINT ( 'NONE',  ( 59.15031960174529502, 69.19974004816644708, 4.599999999999999645 ) ) ;
#2630 = VERTEX_POINT ( 'NONE', #798 ) ;
#2631 = VERTEX_POINT ( 'NONE', #824 ) ;
#2632 = LINE ( 'NONE', #3818, #1830 ) ;
#2633 = ADVANCED_FACE ( 'NONE', ( #1508 ), #4960, .F. ) ;
#2634 = CARTESIAN_POINT ( 'NONE',  ( 39.62958920622759962, 51.33356971989758932, 5.000000000000000000 ) ) ;
#2635 = FACE_OUTER_BOUND ( 'NONE', #3012, .T. ) ;
#2636 = DIRECTION ( 'NONE',  ( 0.2870939721814941836, -0.9579024225551636684, 0.000000000000000000 ) ) ;
#2637 = DIRECTION ( 'NONE',  ( -0.000000000000000000, -0.000000000000000000, 1.000000000000000000 ) ) ;
#2638 = DIRECTION ( 'NONE',  ( -0.000000000000000000, -0.000000000000000000, 1.000000000000000000 ) ) ;
#2639 = CARTESIAN_POINT ( 'NONE',  ( 52.07689581311743154, 56.62338243729705312, 5.000000000000000000 ) ) ;
#2640 = EDGE_CURVE ( 'NONE', #3208, #757, #2496, .T. ) ;
#2641 = ORIENTED_EDGE ( 'NONE', *, *, #2338, .F. ) ;
#2642 = DIRECTION ( 'NONE',  ( 0.7071067811865456854, 0.7071067811865494601, 0.000000000000000000 ) ) ;
#2643 = DIRECTION ( 'NONE',  ( 0.9587050017762077658, 0.2844023902313085883, 0.000000000000000000 ) ) ;
#2644 = VECTOR ( 'NONE', #1678, 1000.000000000000000 ) ;
#2645 = ORIENTED_EDGE ( 'NONE', *, *, #1226, .T. ) ;
#2646 = AXIS2_PLACEMENT_3D ( 'NONE', #2647, #1411, #4662 ) ;
#2647 = CARTESIAN_POINT ( 'NONE',  ( 73.50000000000000000, 75.00000000000000000, 1.500000000000000000 ) ) ;
#2648 = CARTESIAN_POINT ( 'NONE',  ( 1.301747370749579025, 45.74827394718921880, 0.4339157902498696484 ) ) ;
#2649 = ADVANCED_FACE ( 'NONE', ( #388 ), #4245, .F. ) ;
#2650 = AXIS2_PLACEMENT_3D ( 'NONE', #3464, #3522, #1602 ) ;
#2651 = ORIENTED_EDGE ( 'NONE', *, *, #2124, .T. ) ;
#2652 = ADVANCED_FACE ( 'NONE', ( #2674 ), #4236, .F. ) ;
#2653 = CARTESIAN_POINT ( 'NONE',  ( 69.99999999999998579, 5.000000000000000000, 0.000000000000000000 ) ) ;
#2654 = DIRECTION ( 'NONE',  ( 0.000000000000000000, 0.000000000000000000, -1.000000000000000000 ) ) ;
#2655 = AXIS2_PLACEMENT_3D ( 'NONE', #4906, #3558, #2002 ) ;
#2656 = CARTESIAN_POINT ( 'NONE',  ( 60.99528194064776443, 51.21050410893639082, 4.599999999999999645 ) ) ;
#2657 = AXIS2_PLACEMENT_3D ( 'NONE', #4785, #321, #79 ) ;
#2658 = DIRECTION ( 'NONE',  ( 0.000000000000000000, 0.7071067811865474617, -0.7071067811865476838 ) ) ;
#2659 = ORIENTED_EDGE ( 'NONE', *, *, #817, .F. ) ;
#2660 = VECTOR ( 'NONE', #2094, 1000.000000000000000 ) ;
#2661 = EDGE_CURVE ( 'NONE', #1035, #4723, #941, .T. ) ;
#2662 = CARTESIAN_POINT ( 'NONE',  ( 22.49999999999999289, 117.5000000000000284, -11.03553390593273953 ) ) ;
#2663 = CARTESIAN_POINT ( 'NONE',  ( 29.89265525571779136, 60.09923018964610009, 4.599999999999999645 ) ) ;
#2665 = EDGE_CURVE ( 'NONE', #4340, #1921, #716, .T. ) ;
#2664 = AXIS2_PLACEMENT_3D ( 'NONE', #453, #3940, #424 ) ;
#2666 = ORIENTED_EDGE ( 'NONE', *, *, #2777, .F. ) ;
#2667 = ADVANCED_FACE ( 'NONE', ( #1922 ), #3508, .T. ) ;
#2668 = DIRECTION ( 'NONE',  ( 0.000000000000000000, 0.000000000000000000, -1.000000000000000000 ) ) ;
#2669 = B_SPLINE_SURFACE_WITH_KNOTS ( 'NONE', 3, 1, ( 
 ( #3173, #802 ),
 ( #2307, #1154 ),
 ( #2367, #1216 ),
 ( #2784, #828 ) ),
 .UNSPECIFIED., .F., .F., .F.,
 ( 4, 4 ),
 ( 2, 2 ),
 ( 3.000000000000000000, 4.000000000000000000 ),
 ( 0.000000000000000000, 1.000000000000000000 ),
 .UNSPECIFIED. ) ;
#2670 = DIRECTION ( 'NONE',  ( 0.000000000000000000, 0.000000000000000000, -1.000000000000000000 ) ) ;
#2671 = CARTESIAN_POINT ( 'NONE',  ( 44.56405526832952546, 53.12911202077057737, 5.000000000000000000 ) ) ;
#2672 = LINE ( 'NONE', #442, #2189 ) ;
#2673 = ORIENTED_EDGE ( 'NONE', *, *, #3250, .F. ) ;
#2674 = FACE_OUTER_BOUND ( 'NONE', #575, .T. ) ;
#2675 = ORIENTED_EDGE ( 'NONE', *, *, #2173, .T. ) ;
#2676 = PLANE ( 'NONE',  #2646 ) ;
#2677 = CARTESIAN_POINT ( 'NONE',  ( 0.3975538220526730337, 45.58501535375197022, 1.192661466158059236 ) ) ;
#2678 = CARTESIAN_POINT ( 'NONE',  ( 75.00000000000000000, 75.00000000000000000, -1.836970198721028701E-16 ) ) ;
#2679 = VECTOR ( 'NONE', #5085, 1000.000000000000114 ) ;
#2680 = ORIENTED_EDGE ( 'NONE', *, *, #1356, .T. ) ;
#2681 = DIRECTION ( 'NONE',  ( -0.9812001574319504371, -0.1929928782507674412, 0.000000000000000000 ) ) ;
#2682 = DIRECTION ( 'NONE',  ( 0.000000000000000000, -0.000000000000000000, 1.000000000000000000 ) ) ;
#2683 = DIRECTION ( 'NONE',  ( -1.000000000000000000, 0.000000000000000000, 0.000000000000000000 ) ) ;
#2684 = ORIENTED_EDGE ( 'NONE', *, *, #5017, .T. ) ;
#2685 = EDGE_LOOP ( 'NONE', ( #4096, #2601, #2896, #224 ) ) ;
#2686 = FACE_OUTER_BOUND ( 'NONE', #1967, .T. ) ;
#2687 = CARTESIAN_POINT ( 'NONE',  ( 36.14294705659228413, 60.21152601110345159, 4.599999999999999645 ) ) ;
#2688 = ORIENTED_EDGE ( 'NONE', *, *, #3316, .F. ) ;
#2689 = B_SPLINE_CURVE_WITH_KNOTS ( 'NONE', 3,
 ( #4198, #2597, #673, #2959 ),
 .UNSPECIFIED., .F., .F.,
 ( 4, 4 ),
 ( 2.000000000000000000, 3.000000000000000000 ),
 .UNSPECIFIED. ) ;
#2690 = FACE_OUTER_BOUND ( 'NONE', #484, .T. ) ;
#2691 = FACE_OUTER_BOUND ( 'NONE', #217, .T. ) ;
#2692 = CYLINDRICAL_SURFACE ( 'NONE', #2318, 5.000000000000000000 ) ;
#2693 = DIRECTION ( 'NONE',  ( -0.000000000000000000, -0.000000000000000000, 1.000000000000000000 ) ) ;
#2694 = VERTEX_POINT ( 'NONE', #3195 ) ;
#2695 = CIRCLE ( 'NONE', #3364, 1.899999999999999023 ) ;
#2696 = CARTESIAN_POINT ( 'NONE',  ( -6.938893903907228378E-15, 117.5000000000000142, -12.50000000000000000 ) ) ;
#2697 = CARTESIAN_POINT ( 'NONE',  ( 27.11389941078662247, 71.12337289908460036, 5.000000000000000000 ) ) ;
#2698 = ORIENTED_EDGE ( 'NONE', *, *, #3937, .F. ) ;
#2699 = FACE_OUTER_BOUND ( 'NONE', #1315, .T. ) ;
#2700 = EDGE_CURVE ( 'NONE', #4556, #168, #1612, .T. ) ;
#2701 = CARTESIAN_POINT ( 'NONE',  ( 0.9218201416690205985, 45.30049979810937089, 0.3072733805563603315 ) ) ;
#2702 = DIRECTION ( 'NONE',  ( 1.000000000000000000, -0.000000000000000000, -0.000000000000000000 ) ) ;
#2703 = ORIENTED_EDGE ( 'NONE', *, *, #1182, .F. ) ;
#2704 = DIRECTION ( 'NONE',  ( -0.000000000000000000, -0.000000000000000000, 1.000000000000000000 ) ) ;
#2705 = CARTESIAN_POINT ( 'NONE',  ( 8.998878031629684830E-16, 73.50000000000000000, 1.500000000000000000 ) ) ;
#2706 = B_SPLINE_CURVE_WITH_KNOTS ( 'NONE', 3,
 ( #4642, #1010, #2602, #2789 ),
 .UNSPECIFIED., .F., .F.,
 ( 4, 4 ),
 ( 12.00000000000000000, 13.00000000000000000 ),
 .UNSPECIFIED. ) ;
#2707 = FACE_OUTER_BOUND ( 'NONE', #850, .T. ) ;
#2708 = ORIENTED_EDGE ( 'NONE', *, *, #3536, .T. ) ;
#2709 = ORIENTED_EDGE ( 'NONE', *, *, #2060, .T. ) ;
#2710 = ORIENTED_EDGE ( 'NONE', *, *, #4175, .F. ) ;
#2711 = CARTESIAN_POINT ( 'NONE',  ( 69.99999999999998579, 0.000000000000000000, 0.000000000000000000 ) ) ;
#2712 = CARTESIAN_POINT ( 'NONE',  ( 47.50000000000000000, 112.4999999999999858, -5.000000000000002665 ) ) ;
#2713 = VERTEX_POINT ( 'NONE', #4722 ) ;
#2714 = EDGE_CURVE ( 'NONE', #843, #4240, #557, .T. ) ;
#2715 = PLANE ( 'NONE',  #4140 ) ;
#2716 = LINE ( 'NONE', #1451, #1297 ) ;
#2717 = ADVANCED_FACE ( 'NONE', ( #62 ), #3207, .F. ) ;
#2718 = LINE ( 'NONE', #2333, #1414 ) ;
#2719 = DIRECTION ( 'NONE',  ( -4.625929269271485914E-16, -1.000000000000000000, -0.000000000000000000 ) ) ;
#2720 = ORIENTED_EDGE ( 'NONE', *, *, #995, .T. ) ;
#2721 = CARTESIAN_POINT ( 'NONE',  ( 47.98893882117888410, 53.22823707465383336, 4.599999999999999645 ) ) ;
#2722 = ORIENTED_EDGE ( 'NONE', *, *, #90, .T. ) ;
#2723 = CARTESIAN_POINT ( 'NONE',  ( 57.49999999999999289, 120.0000000000000000, -15.00000000000000000 ) ) ;
#2724 = DIRECTION ( 'NONE',  ( 2.775557561564408331E-15, 0.000000000000000000, 1.000000000000000000 ) ) ;
#2725 = CARTESIAN_POINT ( 'NONE',  ( 13.74999999999999112, 114.9999999999999858, 0.000000000000000000 ) ) ;
#2726 = EDGE_CURVE ( 'NONE', #1507, #4724, #1197, .T. ) ;
#2727 = VECTOR ( 'NONE', #4903, 1000.000000000000000 ) ;
#2728 = ORIENTED_EDGE ( 'NONE', *, *, #4273, .T. ) ;
#2729 = CARTESIAN_POINT ( 'NONE',  ( 58.60291684388124622, 51.57570027742514185, 4.599999999999999645 ) ) ;
#2730 = CARTESIAN_POINT ( 'NONE',  ( 74.50000000000000000, 45.62132034355963839, 1.500000000000000000 ) ) ;
#2731 = DIRECTION ( 'NONE',  ( 0.4450203073841546564, 0.8955204777199191613, 0.000000000000000000 ) ) ;
#2732 = AXIS2_PLACEMENT_3D ( 'NONE', #3022, #1462, #4584 ) ;
#2733 = EDGE_LOOP ( 'NONE', ( #2067, #94, #1001, #809, #4875, #4797 ) ) ;
#2734 = CARTESIAN_POINT ( 'NONE',  ( 18.29999999999999716, 18.49999999999998934, 3.000000000000000000 ) ) ;
#2735 = AXIS2_PLACEMENT_3D ( 'NONE', #2406, #3981, #4773 ) ;
#2736 = VERTEX_POINT ( 'NONE', #3544 ) ;
#2737 = ADVANCED_FACE ( 'NONE', ( #3180 ), #5073, .F. ) ;
#2738 = B_SPLINE_CURVE_WITH_KNOTS ( 'NONE', 3,
 ( #4293, #1948, #2802, #2779 ),
 .UNSPECIFIED., .F., .F.,
 ( 4, 4 ),
 ( 23.00000000000000000, 24.00000000000000000 ),
 .UNSPECIFIED. ) ;
#2739 = ORIENTED_EDGE ( 'NONE', *, *, #4582, .T. ) ;
#2740 = VECTOR ( 'NONE', #765, 1000.000000000000000 ) ;
#2741 = AXIS2_PLACEMENT_3D ( 'NONE', #2705, #1878, #3436 ) ;
#2742 = CARTESIAN_POINT ( 'NONE',  ( 18.96159110272099824, 59.94858267635414251, 4.599999999999999645 ) ) ;
#2743 = DIRECTION ( 'NONE',  ( -1.000000000000000000, 0.000000000000000000, 0.000000000000000000 ) ) ;
#2744 = VECTOR ( 'NONE', #2250, 1000.000000000000000 ) ;
#2745 = ORIENTED_EDGE ( 'NONE', *, *, #836, .F. ) ;
#2746 = EDGE_LOOP ( 'NONE', ( #1522, #3806, #2891, #3101 ) ) ;
#2747 = CARTESIAN_POINT ( 'NONE',  ( 19.61719426927506049, 61.80541116459607309, 4.599999999999999645 ) ) ;
#2748 = VECTOR ( 'NONE', #3018, 1000.000000000000000 ) ;
#2749 = CARTESIAN_POINT ( 'NONE',  ( 0.3926218917843692369, 45.03904101202306265, 0.1308739639280551703 ) ) ;
#2750 = PLANE ( 'NONE',  #3273 ) ;
#2751 = CIRCLE ( 'NONE', #1837, 2.500000000000003997 ) ;
#2752 = CARTESIAN_POINT ( 'NONE',  ( 27.50000000000000000, 112.5000000000000000, -10.00000000000000000 ) ) ;
#2753 = CARTESIAN_POINT ( 'NONE',  ( 37.50000000000000000, 103.6499999999999915, 0.5000000000000108802 ) ) ;
#2754 = VERTEX_POINT ( 'NONE', #2430 ) ;
#2755 = CARTESIAN_POINT ( 'NONE',  ( 35.21975722808575426, -6.106783605428752537, 4.599999999999999645 ) ) ;
#2756 = ADVANCED_FACE ( 'NONE', ( #1985 ), #3491, .F. ) ;
#2757 = CARTESIAN_POINT ( 'NONE',  ( 74.51599167155681869, 73.88892379092472140, 1.452024985329367857 ) ) ;
#2758 = ORIENTED_EDGE ( 'NONE', *, *, #1649, .T. ) ;
#2759 = CARTESIAN_POINT ( 'NONE',  ( 67.50000000000000000, 2.499999999999996003, -10.00000000000000178 ) ) ;
#2760 = CARTESIAN_POINT ( 'NONE',  ( 74.09881687055320754, 45.24832144976078041, 0.9011831294467208542 ) ) ;
#2761 = EDGE_LOOP ( 'NONE', ( #844, #1705, #1466 ) ) ;
#2762 = DIRECTION ( 'NONE',  ( -0.000000000000000000, -0.000000000000000000, 1.000000000000000000 ) ) ;
#2763 = CARTESIAN_POINT ( 'NONE',  ( 0.02278867798466225822, 74.92265404779777782, 0.4854874579622681652 ) ) ;
#2764 = CARTESIAN_POINT ( 'NONE',  ( 0.000000000000000000, 4.999999999999993783, -12.50000000000000000 ) ) ;
#2765 = EDGE_CURVE ( 'NONE', #3181, #53, #3573, .T. ) ;
#2766 = VERTEX_POINT ( 'NONE', #810 ) ;
#2767 = CARTESIAN_POINT ( 'NONE',  ( 38.24081909576754867, 68.78763099782081269, 4.599999999999999645 ) ) ;
#2768 = EDGE_LOOP ( 'NONE', ( #517, #87, #2426, #379 ) ) ;
#2769 = ORIENTED_EDGE ( 'NONE', *, *, #4103, .F. ) ;
#2770 = CARTESIAN_POINT ( 'NONE',  ( 48.25805883730210155, 67.41599467984798366, 4.599999999999999645 ) ) ;
#2771 = CARTESIAN_POINT ( 'NONE',  ( -0.1374238320307762662, 63.48754560515362755, 4.599999999999999645 ) ) ;
#2772 = ORIENTED_EDGE ( 'NONE', *, *, #1538, .T. ) ;
#2773 = EDGE_LOOP ( 'NONE', ( #4908, #4062, #255, #2985 ) ) ;
#2774 = CYLINDRICAL_SURFACE ( 'NONE', #4394, 1.500000000000000000 ) ;
#2775 = ADVANCED_FACE ( 'NONE', ( #4747 ), #3121, .F. ) ;
#2776 = DIRECTION ( 'NONE',  ( -0.000000000000000000, -0.000000000000000000, 1.000000000000000000 ) ) ;
#2777 = EDGE_CURVE ( 'NONE', #1165, #1594, #277, .T. ) ;
#2778 = FACE_OUTER_BOUND ( 'NONE', #2796, .T. ) ;
#2779 = CARTESIAN_POINT ( 'NONE',  ( 39.62958920622759962, 51.33356971989758932, 5.000000000000000000 ) ) ;
#2780 = DIRECTION ( 'NONE',  ( -1.000000000000000000, 0.000000000000000000, 0.000000000000000000 ) ) ;
#2781 = VERTEX_POINT ( 'NONE', #1135 ) ;
#2782 = CARTESIAN_POINT ( 'NONE',  ( 74.50000000000000000, 73.50000000000000000, 1.500000000000000000 ) ) ;
#2783 = VERTEX_POINT ( 'NONE', #1161 ) ;
#2784 = CARTESIAN_POINT ( 'NONE',  ( 28.99618295937897372, 74.32974751677330971, 4.599999999999999645 ) ) ;
#2785 = CARTESIAN_POINT ( 'NONE',  ( 74.07817985833101204, 45.30049979810934957, 0.3072733805563603315 ) ) ;
#2786 = DIRECTION ( 'NONE',  ( -0.000000000000000000, 0.000000000000000000, -1.000000000000000000 ) ) ;
#2787 = EDGE_CURVE ( 'NONE', #1035, #522, #4496, .T. ) ;
#2788 = VERTEX_POINT ( 'NONE', #1349 ) ;
#2789 = CARTESIAN_POINT ( 'NONE',  ( 41.19160789426834413, 63.02673180877590653, 4.599999999999999645 ) ) ;
#2790 = CARTESIAN_POINT ( 'NONE',  ( 30.84107323525157796, -9.955243575954488833, 5.000000000000000000 ) ) ;
#2791 = DIRECTION ( 'NONE',  ( 0.000000000000000000, -0.000000000000000000, 1.000000000000000000 ) ) ;
#2792 = ORIENTED_EDGE ( 'NONE', *, *, #1423, .T. ) ;
#2793 = EDGE_LOOP ( 'NONE', ( #2999, #1203, #438, #4144, #43, #874, #811, #2100, #3947, #3576, #2965, #4853 ) ) ;
#2794 = DIRECTION ( 'NONE',  ( 0.000000000000000000, 0.000000000000000000, 1.000000000000000000 ) ) ;
#2795 = DIRECTION ( 'NONE',  ( 0.3071847037978341355, 0.9516499134411965377, 0.000000000000000000 ) ) ;
#2796 = EDGE_LOOP ( 'NONE', ( #2703, #2190, #4886, #3926, #1794 ) ) ;
#2797 = VERTEX_POINT ( 'NONE', #182 ) ;
#2798 = DIRECTION ( 'NONE',  ( -0.000000000000000000, -0.000000000000000000, 1.000000000000000000 ) ) ;
#2799 = B_SPLINE_SURFACE_WITH_KNOTS ( 'NONE', 3, 1, ( 
 ( #3804, #282 ),
 ( #3426, #2639 ),
 ( #695, #2256 ),
 ( #3824, #2303 ) ),
 .UNSPECIFIED., .F., .F., .F.,
 ( 4, 4 ),
 ( 2, 2 ),
 ( 33.00000000000000000, 34.00000000000000000 ),
 ( 0.000000000000000000, 1.000000000000000000 ),
 .UNSPECIFIED. ) ;
#2800 = CARTESIAN_POINT ( 'NONE',  ( 31.16037302392805231, 49.68205551682147814, 5.000000000000000000 ) ) ;
#2801 = CARTESIAN_POINT ( 'NONE',  ( 13.74999999999998757, 116.2500000000000000, -15.00000000000000000 ) ) ;
#2802 = CARTESIAN_POINT ( 'NONE',  ( 39.52096675179606677, 50.99823335541131542, 5.000000000000000000 ) ) ;
#2803 = ORIENTED_EDGE ( 'NONE', *, *, #4403, .T. ) ;
#2804 = EDGE_CURVE ( 'NONE', #1831, #2352, #4050, .T. ) ;
#2805 = CARTESIAN_POINT ( 'NONE',  ( 1.500000000000000888, 73.59817583765506299, 0.4999999999345502988 ) ) ;
#2806 = CARTESIAN_POINT ( 'NONE',  ( 73.80733853384215593, 45.58501535375167180, 0.3975538220526754762 ) ) ;
#2807 = DIRECTION ( 'NONE',  ( -0.000000000000000000, -0.000000000000000000, 1.000000000000000000 ) ) ;
#2808 = ORIENTED_EDGE ( 'NONE', *, *, #4167, .T. ) ;
#2809 = CARTESIAN_POINT ( 'NONE',  ( 47.50000000000000000, -0.001000000000001000089, -10.00000000000000533 ) ) ;
#2810 = CARTESIAN_POINT ( 'NONE',  ( 45.34840069594080347, 52.54526264242620215, 4.599999999999999645 ) ) ;
#2811 = PLANE ( 'NONE',  #1020 ) ;
#2812 = CARTESIAN_POINT ( 'NONE',  ( 59.20000000000001705, 106.6999999999999886, 3.000000000000000000 ) ) ;
#2813 = EDGE_LOOP ( 'NONE', ( #109, #3686, #969, #4233 ) ) ;
#2814 = VECTOR ( 'NONE', #1056, 1000.000000000000000 ) ;
#2815 = ADVANCED_FACE ( 'NONE', ( #1704 ), #2505, .F. ) ;
#2816 = ORIENTED_EDGE ( 'NONE', *, *, #1333, .F. ) ;
#2817 = DIRECTION ( 'NONE',  ( -1.000000000000000000, 0.000000000000000000, 0.000000000000000000 ) ) ;
#2818 = VECTOR ( 'NONE', #866, 1000.000000000000114 ) ;
#2819 = AXIS2_PLACEMENT_3D ( 'NONE', #4546, #639, #1836 ) ;
#2820 = CARTESIAN_POINT ( 'NONE',  ( 35.75026295860399017, 54.22116314799411896, 4.599999999999999645 ) ) ;
#2821 = ORIENTED_EDGE ( 'NONE', *, *, #90, .F. ) ;
#2822 = VERTEX_POINT ( 'NONE', #2066 ) ;
#2823 = EDGE_CURVE ( 'NONE', #493, #2269, #1754, .T. ) ;
#2824 = AXIS2_PLACEMENT_3D ( 'NONE', #129, #2052, #3610 ) ;
#2825 = CARTESIAN_POINT ( 'NONE',  ( 74.50000000000000000, 73.50000000000000000, 0.5000000000000000000 ) ) ;
#2826 = CARTESIAN_POINT ( 'NONE',  ( 0.1308856618477886036, 45.00000000828688940, 0.1308856618477909073 ) ) ;
#2827 = AXIS2_PLACEMENT_3D ( 'NONE', #657, #2353, #3211 ) ;
#2828 = CARTESIAN_POINT ( 'NONE',  ( 31.45523698125404621, 60.12377736324087607, 4.599999999999999645 ) ) ;
#2829 = B_SPLINE_SURFACE_WITH_KNOTS ( 'NONE', 3, 1, ( 
 ( #2687, #1548 ),
 ( #4398, #4429 ),
 ( #2820, #2512 ),
 ( #1282, #4059 ) ),
 .UNSPECIFIED., .F., .F., .F.,
 ( 4, 4 ),
 ( 2, 2 ),
 ( 20.00000000000000000, 21.00000000000000000 ),
 ( 0.000000000000000000, 1.000000000000000000 ),
 .UNSPECIFIED. ) ;
#2830 = AXIS2_PLACEMENT_3D ( 'NONE', #4321, #2438, #412 ) ;
#2831 = ORIENTED_EDGE ( 'NONE', *, *, #4197, .T. ) ;
#2832 = EDGE_CURVE ( 'NONE', #3648, #3954, #984, .T. ) ;
#2833 = CARTESIAN_POINT ( 'NONE',  ( 35.32993193914360575, 69.15170646614373595, 4.599999999999999645 ) ) ;
#2834 = EDGE_CURVE ( 'NONE', #3045, #4468, #3007, .T. ) ;
#2835 = AXIS2_PLACEMENT_3D ( 'NONE', #1552, #3131, #819 ) ;
#2836 = CARTESIAN_POINT ( 'NONE',  ( 74.69272661944366121, 74.69950020189061490, 0.9218201416690187111 ) ) ;
#2837 = B_SPLINE_CURVE_WITH_KNOTS ( 'NONE', 3,
 ( #4702, #3033, #304, #1553 ),
 .UNSPECIFIED., .F., .F.,
 ( 4, 4 ),
 ( 29.00000000000000000, 30.00000000000000000 ),
 .UNSPECIFIED. ) ;
#2838 = CARTESIAN_POINT ( 'NONE',  ( 0.4967769519601289985, 73.69634717512361988, 1.490330855880327654 ) ) ;
#2839 = FACE_OUTER_BOUND ( 'NONE', #1138, .T. ) ;
#2840 = ORIENTED_EDGE ( 'NONE', *, *, #4962, .F. ) ;
#2841 = EDGE_CURVE ( 'NONE', #2017, #3589, #5091, .T. ) ;
#2842 = CARTESIAN_POINT ( 'NONE',  ( 38.14833781771924492, 54.47679853951059670, 4.599999999999999645 ) ) ;
#2843 = CARTESIAN_POINT ( 'NONE',  ( 18.29999999999998295, 106.6999999999999886, 0.000000000000000000 ) ) ;
#2844 = CARTESIAN_POINT ( 'NONE',  ( 53.87637639000512024, 56.38741473562488693, 4.599999999999999645 ) ) ;
#2845 = CARTESIAN_POINT ( 'NONE',  ( 16.96517205049047661, 64.79795321356733950, 5.000000000000000000 ) ) ;
#2846 = ORIENTED_EDGE ( 'NONE', *, *, #845, .T. ) ;
#2847 = ORIENTED_EDGE ( 'NONE', *, *, #2539, .T. ) ;
#2848 = CARTESIAN_POINT ( 'NONE',  ( 26.16751767727940958, 50.41905633430118883, 4.599999999999999645 ) ) ;
#2849 = CARTESIAN_POINT ( 'NONE',  ( 14.38323494084624166, 60.15874940231086043, 4.599999999999999645 ) ) ;
#2850 = ORIENTED_EDGE ( 'NONE', *, *, #604, .F. ) ;
#2851 = ORIENTED_EDGE ( 'NONE', *, *, #616, .T. ) ;
#2852 = CARTESIAN_POINT ( 'NONE',  ( 29.90268027374996151, 55.46778468053395272, 4.599999999999999645 ) ) ;
#2853 = LINE ( 'NONE', #4433, #3247 ) ;
#2854 = ADVANCED_FACE ( 'NONE', ( #1680 ), #3451, .F. ) ;
#2855 = CARTESIAN_POINT ( 'NONE',  ( 28.05576097198110119, 72.73037325243286944, 4.599999999999999645 ) ) ;
#2856 = CARTESIAN_POINT ( 'NONE',  ( 56.98449280162159880, 69.20210790046715488, 5.000000000000000000 ) ) ;
#2857 = ORIENTED_EDGE ( 'NONE', *, *, #4756, .F. ) ;
#2858 = LINE ( 'NONE', #2443, #1327 ) ;
#2859 = AXIS2_PLACEMENT_3D ( 'NONE', #2753, #415, #3556 ) ;
#2860 = CARTESIAN_POINT ( 'NONE',  ( 22.50000000000000000, 116.2500000000000000, -15.00000000000000000 ) ) ;
#2861 = CARTESIAN_POINT ( 'NONE',  ( 0.2518094684370378311, 74.81067960955685692, 0.7554284053110944530 ) ) ;
#2862 = CARTESIAN_POINT ( 'NONE',  ( 0.1847761177309279745, 45.83330897006320725, 1.347278031071429849 ) ) ;
#2863 = VERTEX_POINT ( 'NONE', #2624 ) ;
#2864 = CARTESIAN_POINT ( 'NONE',  ( 18.96159110272099824, 59.94858267635414251, 4.599999999999999645 ) ) ;
#2865 = FACE_OUTER_BOUND ( 'NONE', #3895, .T. ) ;
#2866 = EDGE_CURVE ( 'NONE', #168, #1200, #2689, .T. ) ;
#2867 = ORIENTED_EDGE ( 'NONE', *, *, #3480, .T. ) ;
#2868 = CARTESIAN_POINT ( 'NONE',  ( -0.1495104866752860751, 69.07138085878806066, 4.599999999999999645 ) ) ;
#2869 = CARTESIAN_POINT ( 'NONE',  ( 34.58037044103966906, 60.18697884857790115, 4.599999999999999645 ) ) ;
#2870 = CARTESIAN_POINT ( 'NONE',  ( 59.96680715955792351, 68.43253565528095805, 4.599999999999999645 ) ) ;
#2871 = DIRECTION ( 'NONE',  ( 1.000000000000000000, -0.000000000000000000, 0.000000000000000000 ) ) ;
#2872 = ORIENTED_EDGE ( 'NONE', *, *, #2937, .F. ) ;
#2873 = ORIENTED_EDGE ( 'NONE', *, *, #1562, .T. ) ;
#2874 = LINE ( 'NONE', #2938, #1819 ) ;
#2875 = EDGE_CURVE ( 'NONE', #3546, #4310, #1484, .T. ) ;
#2876 = CARTESIAN_POINT ( 'NONE',  ( 28.48680579615640340, 67.79361627235329024, 4.599999999999999645 ) ) ;
#2877 = CYLINDRICAL_SURFACE ( 'NONE', #1747, 2.499999999999995115 ) ;
#2878 = ORIENTED_EDGE ( 'NONE', *, *, #1702, .T. ) ;
#2879 = ORIENTED_EDGE ( 'NONE', *, *, #3786, .T. ) ;
#2880 = CARTESIAN_POINT ( 'NONE',  ( 18.96159110272099824, 59.94858267635414251, 4.599999999999999645 ) ) ;
#2881 = CARTESIAN_POINT ( 'NONE',  ( 33.00451068268754540, 66.29653818033413870, 4.599999999999999645 ) ) ;
#2882 = CARTESIAN_POINT ( 'NONE',  ( 43.08109070326097623, 63.58109551050129937, 5.000000000000000000 ) ) ;
#2883 = ORIENTED_EDGE ( 'NONE', *, *, #975, .F. ) ;
#2884 = CARTESIAN_POINT ( 'NONE',  ( 72.50000000000000000, 4.999999999999993783, -12.50000000000000000 ) ) ;
#2885 = ADVANCED_FACE ( 'NONE', ( #627 ), #1459, .F. ) ;
#2886 = EDGE_CURVE ( 'NONE', #3510, #4119, #3380, .T. ) ;
#2887 = CARTESIAN_POINT ( 'NONE',  ( 0.4744630450125243981, 73.98332354028698887, 1.423389135037541386 ) ) ;
#2888 = ORIENTED_EDGE ( 'NONE', *, *, #1024, .F. ) ;
#2889 = CARTESIAN_POINT ( 'NONE',  ( 23.97390899241983675, 55.10926709234449561, 4.599999999999999645 ) ) ;
#2890 = ADVANCED_FACE ( 'NONE', ( #3453 ), #2956, .F. ) ;
#2891 = ORIENTED_EDGE ( 'NONE', *, *, #155, .T. ) ;
#2892 = DIRECTION ( 'NONE',  ( 0.9999976573062887564, 0.002164574307892184243, 0.000000000000000000 ) ) ;
#2893 = LINE ( 'NONE', #2870, #2990 ) ;
#2894 = ORIENTED_EDGE ( 'NONE', *, *, #1460, .F. ) ;
#2895 = EDGE_CURVE ( 'NONE', #3238, #2606, #800, .T. ) ;
#2896 = ORIENTED_EDGE ( 'NONE', *, *, #1898, .F. ) ;
#2897 = B_SPLINE_CURVE_WITH_KNOTS ( 'NONE', 3,
 ( #1940, #465, #3896, #4695 ),
 .UNSPECIFIED., .F., .F.,
 ( 4, 4 ),
 ( 2.000000000000000000, 3.000000000000000000 ),
 .UNSPECIFIED. ) ;
#2898 = CARTESIAN_POINT ( 'NONE',  ( 28.50223509472851191, 52.24071647654527339, 4.599999999999999645 ) ) ;
#2899 = CARTESIAN_POINT ( 'NONE',  ( 19.61719426927506049, 61.80541116459607309, 5.000000000000000000 ) ) ;
#2900 = CYLINDRICAL_SURFACE ( 'NONE', #108, 1.500000000000000000 ) ;
#2901 = ORIENTED_EDGE ( 'NONE', *, *, #4640, .T. ) ;
#2902 = ORIENTED_EDGE ( 'NONE', *, *, #1863, .T. ) ;
#2903 = AXIS2_PLACEMENT_3D ( 'NONE', #4377, #2543, #2236 ) ;
#2904 = CARTESIAN_POINT ( 'NONE',  ( 22.08331893061677320, 59.95533990403678359, 4.599999999999999645 ) ) ;
#2905 = CARTESIAN_POINT ( 'NONE',  ( 25.61020819466324028, 50.41079370095809509, 5.000000000000000000 ) ) ;
#2906 = DIRECTION ( 'NONE',  ( 0.7071067811865493491, -0.7071067811865455743, 2.698596413365594160E-15 ) ) ;
#2907 = VECTOR ( 'NONE', #1972, 1000.000000000000000 ) ;
#2908 = VECTOR ( 'NONE', #4328, 1000.000000000000114 ) ;
#2909 = AXIS2_PLACEMENT_3D ( 'NONE', #3515, #1596, #4420 ) ;
#2910 = CARTESIAN_POINT ( 'NONE',  ( 1.336082918170579337, 74.24792886681095183, 1.336082918170578226 ) ) ;
#2911 = ORIENTED_EDGE ( 'NONE', *, *, #2394, .F. ) ;
#2912 = DIRECTION ( 'NONE',  ( -0.000000000000000000, -0.000000000000000000, 1.000000000000000000 ) ) ;
#2913 = CONICAL_SURFACE ( 'NONE', #1089, 7.499999999999944045, 0.7853981633974510546 ) ;
#2914 = ORIENTED_EDGE ( 'NONE', *, *, #1223, .F. ) ;
#2915 = CARTESIAN_POINT ( 'NONE',  ( 38.89999999999998437, 103.6499999999999915, 0.000000000000000000 ) ) ;
#2916 = DIRECTION ( 'NONE',  ( 1.000000000000000000, 4.163336342344356748E-15, 0.000000000000000000 ) ) ;
#2917 = DIRECTION ( 'NONE',  ( 0.000000000000000000, 1.000000000000000000, 0.000000000000000000 ) ) ;
#2918 = ORIENTED_EDGE ( 'NONE', *, *, #1365, .F. ) ;
#2919 = LINE ( 'NONE', #967, #4543 ) ;
#2920 = EDGE_CURVE ( 'NONE', #221, #3517, #3935, .T. ) ;
#2921 = CARTESIAN_POINT ( 'NONE',  ( 7.499999999999989342, 4.999999999999993783, -10.00000000000000000 ) ) ;
#2922 = CARTESIAN_POINT ( 'NONE',  ( 67.49999999999998579, -6.071532165918824830E-15, -10.00000000000000000 ) ) ;
#2923 = ORIENTED_EDGE ( 'NONE', *, *, #1898, .T. ) ;
#2924 = ORIENTED_EDGE ( 'NONE', *, *, #3664, .T. ) ;
#2925 = DIRECTION ( 'NONE',  ( 0.000000000000000000, 1.000000000000000000, 0.000000000000000000 ) ) ;
#2926 = CARTESIAN_POINT ( 'NONE',  ( 74.79348989583553475, 73.98542895927329255, 1.422671342195628519 ) ) ;
#2927 = CARTESIAN_POINT ( 'NONE',  ( 35.77095332533829009, 65.84749438515547126, 5.000000000000000000 ) ) ;
#2928 = DIRECTION ( 'NONE',  ( -0.000000000000000000, -0.000000000000000000, -1.000000000000000000 ) ) ;
#2929 = EDGE_CURVE ( 'NONE', #39, #2352, #882, .T. ) ;
#2930 = CARTESIAN_POINT ( 'NONE',  ( 49.93795213272127143, 63.76172295399043577, 5.000000000000000000 ) ) ;
#2931 = VERTEX_POINT ( 'NONE', #1977 ) ;
#2932 = VERTEX_POINT ( 'NONE', #4354 ) ;
#2933 = CARTESIAN_POINT ( 'NONE',  ( 61.25000000000001421, 117.5000000000000000, 0.000000000000000000 ) ) ;
#2934 = LINE ( 'NONE', #1751, #776 ) ;
#2935 = ADVANCED_FACE ( 'NONE', ( #2389 ), #2055, .T. ) ;
#2936 = EDGE_LOOP ( 'NONE', ( #1782, #193, #2625, #3873 ) ) ;
#2937 = EDGE_CURVE ( 'NONE', #4666, #3583, #1667, .T. ) ;
#2938 = CARTESIAN_POINT ( 'NONE',  ( -0.1495104866752860751, 69.07138085878806066, 4.599999999999999645 ) ) ;
#2939 = CARTESIAN_POINT ( 'NONE',  ( 7.499999999999989342, 2.499999999999996003, -10.00000000000000178 ) ) ;
#2940 = CARTESIAN_POINT ( 'NONE',  ( 59.58065994151687761, 69.20067155399181047, 5.000000000000000000 ) ) ;
#2942 = EDGE_LOOP ( 'NONE', ( #242, #1392, #3557 ) ) ;
#2941 = AXIS2_PLACEMENT_3D ( 'NONE', #3735, #3777, #4904 ) ;
#2943 = ORIENTED_EDGE ( 'NONE', *, *, #3696, .F. ) ;
#2944 = CARTESIAN_POINT ( 'NONE',  ( 75.00000000000000000, 75.00000000000000000, 0.000000000000000000 ) ) ;
#2945 = DIRECTION ( 'NONE',  ( -0.000000000000000000, 1.000000000000000000, -0.000000000000000000 ) ) ;
#2946 = DIRECTION ( 'NONE',  ( -1.000000000000000000, 0.000000000000000000, 0.000000000000000000 ) ) ;
#2947 = CARTESIAN_POINT ( 'NONE',  ( -0.1495181222758735495, 69.07490838016774148, 4.599999999999999645 ) ) ;
#2948 = EDGE_CURVE ( 'NONE', #1655, #4330, #1293, .T. ) ;
#2949 = FACE_OUTER_BOUND ( 'NONE', #3355, .T. ) ;
#2950 = CARTESIAN_POINT ( 'NONE',  ( 26.88347510842798016, 60.24439457978235168, 5.000000000000000000 ) ) ;
#2951 = CARTESIAN_POINT ( 'NONE',  ( 57.57466414737992721, 17.25576323075712182, 4.599999999999999645 ) ) ;
#2952 = DIRECTION ( 'NONE',  ( 0.7071067811865516806, 0.000000000000000000, 0.7071067811865434649 ) ) ;
#2953 = EDGE_LOOP ( 'NONE', ( #4481, #2299, #310, #2115 ) ) ;
#2954 = PRESENTATION_STYLE_ASSIGNMENT (( #1386 ) ) ;
#2955 = EDGE_CURVE ( 'NONE', #880, #4340, #2468, .T. ) ;
#2956 =( BOUNDED_SURFACE ( )  B_SPLINE_SURFACE ( 3, 2, ( 
 ( #1106, #2678, #240 ),
 ( #1797, #4559, #598 ),
 ( #4932, #2163, #216 ),
 ( #1775, #2988, #1239 ),
 ( #906, #2084, #2836 ),
 ( #447, #2004, #3280 ),
 ( #4409, #476, #3224 ),
 ( #3559, #3635, #4737 ),
 ( #4815, #1264, #25 ),
 ( #1587, #56, #4379 ),
 ( #4014, #1184, #2757 ),
 ( #3171, #3964, #1213 ),
 ( #4329, #854, #1613 ),
 ( #418, #3666, #2782 ) ),
 .UNSPECIFIED., .F., .F., .F. ) 
 B_SPLINE_SURFACE_WITH_KNOTS ( ( 4, 2, 2, 2, 2, 2, 4 ),
 ( 3, 3 ),
 ( 4.712388980384689674, 5.105088062083414258, 5.497787143782137953, 5.694136684631500245, 5.890486225480861648, 6.086835766330223940, 6.283185307179586232 ),
 ( 0.000000000000000000, 1.000000000000000000 ),
 .UNSPECIFIED. ) 
 GEOMETRIC_REPRESENTATION_ITEM ( )  RATIONAL_B_SPLINE_SURFACE ( (
 ( 1.000000000000000000, 1.000000000000000000, 1.000000000000000000),
 ( 1.000000000000000000, 1.000158598892021633, 1.000000000000000000),
 ( 1.000000000000000000, 0.9867291651255519769, 1.000000000000000000),
 ( 1.000000000000000000, 0.9386556746367616944, 1.000000000000000000),
 ( 1.000000000000000000, 0.9038128289597350262, 1.000000000000000000),
 ( 1.000000000000000000, 0.8471316911967899932, 1.000000000000000000),
 ( 1.000000000000000000, 0.8275942267606678504, 1.000000000000000000),
 ( 1.000000000000000000, 0.7902180514826775415, 1.000000000000000000),
 ( 1.000000000000000000, 0.7723967724090148312, 1.000000000000000000),
 ( 1.000000000000000000, 0.7418334672881859992, 1.000000000000000000),
 ( 1.000000000000000000, 0.7291288573897718450, 1.000000000000000000),
 ( 1.000000000000000000, 0.7117460391535419539, 1.000000000000000000),
 ( 1.000000000000000000, 0.7070717008705190709, 1.000000000000000000),
 ( 1.000000000000000000, 0.7071067811865475727, 1.000000000000000000) ) ) 
 REPRESENTATION_ITEM ( '' )  SURFACE ( )  );
#2957 = EDGE_LOOP ( 'NONE', ( #2846, #2061, #2167, #1599 ) ) ;
#2958 = CARTESIAN_POINT ( 'NONE',  ( -10.21421437156032219, 51.93035535905706013, 4.599999999999999645 ) ) ;
#2959 = CARTESIAN_POINT ( 'NONE',  ( 31.45523698125404621, 60.12377736324087607, 5.000000000000000000 ) ) ;
#2960 = ORIENTED_EDGE ( 'NONE', *, *, #964, .T. ) ;
#2961 = CARTESIAN_POINT ( 'NONE',  ( 69.99999999999998579, 2.499999999999996003, -10.00000000000000178 ) ) ;
#2962 = CARTESIAN_POINT ( 'NONE',  ( 23.97390899241983675, 55.10926709234449561, 5.000000000000000000 ) ) ;
#2963 = DIRECTION ( 'NONE',  ( -0.000000000000000000, -0.000000000000000000, 1.000000000000000000 ) ) ;
#2964 = ORIENTED_EDGE ( 'NONE', *, *, #1713, .T. ) ;
#2965 = ORIENTED_EDGE ( 'NONE', *, *, #924, .T. ) ;
#2966 = EDGE_CURVE ( 'NONE', #790, #4826, #4303, .T. ) ;
#2967 = DIRECTION ( 'NONE',  ( 0.000000000000000000, 1.000000000000000000, -0.000000000000000000 ) ) ;
#2968 = CARTESIAN_POINT ( 'NONE',  ( 1.500000000000000888, 73.50000000000000000, 0.5000000000000000000 ) ) ;
#2969 = APPLICATION_PROTOCOL_DEFINITION ( 'draft international standard', 'automotive_design', 1998, #3269 ) ;
#2970 = CARTESIAN_POINT ( 'NONE',  ( 34.59541195506342603, 53.23804725903598722, 5.000000000000000000 ) ) ;
#2971 = DIRECTION ( 'NONE',  ( 1.000000000000000000, 0.000000000000000000, 0.000000000000000000 ) ) ;
#2972 = EDGE_CURVE ( 'NONE', #3282, #1185, #3730, .T. ) ;
#2973 = VECTOR ( 'NONE', #1432, 1000.000000000000000 ) ;
#2974 = CARTESIAN_POINT ( 'NONE',  ( 57.49999999999999289, 120.0000000000000000, -12.50000000000000000 ) ) ;
#2975 =( BOUNDED_CURVE ( )  B_SPLINE_CURVE ( 3, ( #4149, #3811, #288, #3379 ),
 .UNSPECIFIED., .F., .F. ) 
 B_SPLINE_CURVE_WITH_KNOTS ( ( 4, 4 ),
 ( 4.712388980384688786, 6.283185307179586232 ),
 .UNSPECIFIED. ) 
 CURVE ( )  GEOMETRIC_REPRESENTATION_ITEM ( )  RATIONAL_B_SPLINE_CURVE ( ( 1.000000000000000000, 0.8047378541243648264, 0.8047378541243648264, 1.000000000000000000 ) ) 
 REPRESENTATION_ITEM ( '' )  );
#2976 = CARTESIAN_POINT ( 'NONE',  ( 41.48062131786240769, 24.64097113909109282, 4.599999999999999645 ) ) ;
#2977 = CARTESIAN_POINT ( 'NONE',  ( 19.62533348695867375, 58.04522673193246618, 4.599999999999999645 ) ) ;
#2978 = CARTESIAN_POINT ( 'NONE',  ( 50.85420801291714099, 67.42161425081793880, 5.000000000000000000 ) ) ;
#2979 = EDGE_CURVE ( 'NONE', #2566, #4264, #954, .T. ) ;
#2980 = VECTOR ( 'NONE', #4188, 1000.000000000000000 ) ;
#2981 = CIRCLE ( 'NONE', #2735, 1.399999999999984590 ) ;
#2982 = VERTEX_POINT ( 'NONE', #2134 ) ;
#2983 = DIRECTION ( 'NONE',  ( -1.000000000000000000, 0.000000000000000000, 0.000000000000000000 ) ) ;
#2984 = VECTOR ( 'NONE', #1873, 1000.000000000000114 ) ;
#2985 = ORIENTED_EDGE ( 'NONE', *, *, #4024, .T. ) ;
#2986 = CARTESIAN_POINT ( 'NONE',  ( 61.25000000000001421, 117.5000000000000000, 0.000000000000000000 ) ) ;
#2987 = VECTOR ( 'NONE', #2433, 1000.000000000000000 ) ;
#2988 = CARTESIAN_POINT ( 'NONE',  ( 74.46269279592408452, 74.92874584099953950, 0.5373072040770915381 ) ) ;
#2989 = ADVANCED_FACE ( 'NONE', ( #2949 ), #1738, .T. ) ;
#2990 = VECTOR ( 'NONE', #983, 1000.000000000000000 ) ;
#2991 = ORIENTED_EDGE ( 'NONE', *, *, #366, .F. ) ;
#2992 = ADVANCED_FACE ( 'NONE', ( #3774 ), #4138, .F. ) ;
#2993 = CIRCLE ( 'NONE', #4150, 5.000000000000000000 ) ;
#2994 = CARTESIAN_POINT ( 'NONE',  ( 0.2303039929152719822, 46.49999999999999289, 1.500000000000000000 ) ) ;
#2995 = CARTESIAN_POINT ( 'NONE',  ( 16.96517205049047661, 64.79795321356733950, 5.000000000000000000 ) ) ;
#2996 = FACE_OUTER_BOUND ( 'NONE', #3604, .T. ) ;
#2997 = LINE ( 'NONE', #2922, #357 ) ;
#2998 = B_SPLINE_CURVE_WITH_KNOTS ( 'NONE', 3,
 ( #1936, #1252, #1630, #15 ),
 .UNSPECIFIED., .F., .F.,
 ( 4, 4 ),
 ( 39.00000000000000000, 40.00000000000000000 ),
 .UNSPECIFIED. ) ;
#2999 = ORIENTED_EDGE ( 'NONE', *, *, #483, .F. ) ;
#3000 = EDGE_LOOP ( 'NONE', ( #2530, #629, #2593, #2851 ) ) ;
#3001 = AXIS2_PLACEMENT_3D ( 'NONE', #771, #4270, #3169 ) ;
#3002 = PLANE ( 'NONE',  #1091 ) ;
#3003 = CARTESIAN_POINT ( 'NONE',  ( 14.03395320428463044, 59.88853312862018896, 4.599999999999999645 ) ) ;
#3004 = CARTESIAN_POINT ( 'NONE',  ( 22.50000000000000355, 112.5000000000000000, 0.000000000000000000 ) ) ;
#3005 = CARTESIAN_POINT ( 'NONE',  ( 47.85035056033056122, 66.73785271226965676, 5.000000000000000000 ) ) ;
#3006 = EDGE_CURVE ( 'NONE', #1160, #2568, #3124, .T. ) ;
#3007 = B_SPLINE_CURVE_WITH_KNOTS ( 'NONE', 3,
 ( #892, #2546, #2454, #4122, #2845, #4847 ),
 .UNSPECIFIED., .F., .F.,
 ( 4, 2, 4 ),
 ( 0.000000000000000000, 1.000000000000000000, 2.000000000000000000 ),
 .UNSPECIFIED. ) ;
#3008 = LINE ( 'NONE', #2276, #4063 ) ;
#3009 = CARTESIAN_POINT ( 'NONE',  ( 52.50000000000000711, 112.4999999999999858, 0.000000000000000000 ) ) ;
#3010 = DIRECTION ( 'NONE',  ( 1.000000000000000000, 0.000000000000000000, 0.000000000000000000 ) ) ;
#3011 = CARTESIAN_POINT ( 'NONE',  ( 33.01779607714239972, 60.15890489015593090, 4.599999999999999645 ) ) ;
#3012 = EDGE_LOOP ( 'NONE', ( #1964, #4983, #4802, #3793, #153, #3534, #4087, #17 ) ) ;
#3013 = CARTESIAN_POINT ( 'NONE',  ( 28.50223509472851191, 52.24071647654527339, 4.599999999999999645 ) ) ;
#3014 = DIRECTION ( 'NONE',  ( -0.000000000000000000, -0.000000000000000000, -1.000000000000000000 ) ) ;
#3015 = ORIENTED_EDGE ( 'NONE', *, *, #4814, .T. ) ;
#3016 = CARTESIAN_POINT ( 'NONE',  ( 41.48631741186515143, 24.64435482244645925, 4.599999999999999645 ) ) ;
#3017 = AXIS2_PLACEMENT_3D ( 'NONE', #4324, #2277, #3847 ) ;
#3018 = DIRECTION ( 'NONE',  ( 0.9999976573062887564, 0.002164574307901916041, 0.000000000000000000 ) ) ;
#3019 = ADVANCED_FACE ( 'NONE', ( #553 ), #1624, .F. ) ;
#3020 = ADVANCED_FACE ( 'NONE', ( #2690 ), #3846, .F. ) ;
#3021 = ORIENTED_EDGE ( 'NONE', *, *, #1361, .F. ) ;
#3022 = CARTESIAN_POINT ( 'NONE',  ( 27.50000000000000000, 120.0000000000000142, -10.00000000000000000 ) ) ;
#3023 = FACE_OUTER_BOUND ( 'NONE', #4342, .T. ) ;
#3024 = CARTESIAN_POINT ( 'NONE',  ( 22.50000000000000355, 112.5000000000000000, -15.00000000000000000 ) ) ;
#3025 = CARTESIAN_POINT ( 'NONE',  ( 47.98893882117888410, 53.22823707465383336, 5.000000000000000000 ) ) ;
#3026 = ORIENTED_EDGE ( 'NONE', *, *, #739, .F. ) ;
#3027 = CYLINDRICAL_SURFACE ( 'NONE', #2488, 1.000000000000000000 ) ;
#3028 = EDGE_CURVE ( 'NONE', #308, #3675, #4214, .T. ) ;
#3029 = PLANE ( 'NONE',  #1497 ) ;
#3030 = CARTESIAN_POINT ( 'NONE',  ( 22.49999999999999289, 114.9999999999999858, 0.000000000000000000 ) ) ;
#3031 = CARTESIAN_POINT ( 'NONE',  ( 35.09940047173320465, 68.10004456002852180, 5.000000000000000000 ) ) ;
#3032 = CARTESIAN_POINT ( 'NONE',  ( 23.52078599485841082, 52.59678160645988498, 5.000000000000000000 ) ) ;
#3033 = CARTESIAN_POINT ( 'NONE',  ( 47.58123054275102248, 52.55009577986906777, 4.599999999999999645 ) ) ;
#3034 = DIRECTION ( 'NONE',  ( 0.000000000000000000, 1.000000000000000000, 0.000000000000000000 ) ) ;
#3035 = CARTESIAN_POINT ( 'NONE',  ( 59.41939945595165540, 50.81202402019854958, 5.000000000000000000 ) ) ;
#3036 = EDGE_CURVE ( 'NONE', #3628, #4583, #5025, .T. ) ;
#3037 = EDGE_LOOP ( 'NONE', ( #2840, #2831, #501 ) ) ;
#3038 = EDGE_CURVE ( 'NONE', #4677, #4844, #3801, .T. ) ;
#3039 = CARTESIAN_POINT ( 'NONE',  ( 0.000000000000000000, 0.000000000000000000, 4.599999999999999645 ) ) ;
#3040 = EDGE_LOOP ( 'NONE', ( #1343, #3833, #5072, #1227 ) ) ;
#3041 = CARTESIAN_POINT ( 'NONE',  ( 17.51381357382892645, -6.007037960595728698, 4.599999999999999645 ) ) ;
#3042 = CARTESIAN_POINT ( 'NONE',  ( 1.452024985329293694, 46.11107620907489490, 0.4840083284431040966 ) ) ;
#3043 = CARTESIAN_POINT ( 'NONE',  ( 18.29999999999998295, 106.6999999999999886, 3.000000000000000000 ) ) ;
#3044 = EDGE_CURVE ( 'NONE', #1376, #2486, #3008, .T. ) ;
#3045 = VERTEX_POINT ( 'NONE', #3423 ) ;
#3046 = DIRECTION ( 'NONE',  ( 1.000000000000000000, -0.000000000000000000, -0.000000000000000000 ) ) ;
#3047 = PLANE ( 'NONE',  #4633 ) ;
#3048 = CARTESIAN_POINT ( 'NONE',  ( 35.23217485934515736, 50.75966885260515227, 4.599999999999999645 ) ) ;
#3049 = CARTESIAN_POINT ( 'NONE',  ( 73.50966914411959863, 46.30365282487669276, 0.4967769519601262784 ) ) ;
#3050 = ORIENTED_EDGE ( 'NONE', *, *, #311, .F. ) ;
#3051 = VECTOR ( 'NONE', #589, 1000.000000000000000 ) ;
#3052 = DIRECTION ( 'NONE',  ( 0.1929928782524192032, -0.9812001574316256969, 0.000000000000000000 ) ) ;
#3053 = CARTESIAN_POINT ( 'NONE',  ( 60.99528194064776443, 51.21050410893639082, 4.599999999999999645 ) ) ;
#3054 = VERTEX_POINT ( 'NONE', #1839 ) ;
#3055 = CARTESIAN_POINT ( 'NONE',  ( 17.47486356014925235, 52.58369472743159179, 5.000000000000000000 ) ) ;
#3056 = LINE ( 'NONE', #280, #1212 ) ;
#3057 = DIRECTION ( 'NONE',  ( 0.000000000000000000, 0.000000000000000000, -1.000000000000000000 ) ) ;
#3058 = CARTESIAN_POINT ( 'NONE',  ( 48.25805883730210155, 67.41599467984798366, 5.000000000000000000 ) ) ;
#3059 = B_SPLINE_CURVE_WITH_KNOTS ( 'NONE', 3,
 ( #5000, #4624, #2278, #1889 ),
 .UNSPECIFIED., .F., .F.,
 ( 4, 4 ),
 ( 19.00000000000000000, 20.00000000000000000 ),
 .UNSPECIFIED. ) ;
#3060 = ORIENTED_EDGE ( 'NONE', *, *, #410, .T. ) ;
#3061 = CARTESIAN_POINT ( 'NONE',  ( 47.18616342779203876, 52.54924062573876853, 4.599999999999999645 ) ) ;
#3062 = CIRCLE ( 'NONE', #1171, 2.500000000000002220 ) ;
#3063 = ORIENTED_EDGE ( 'NONE', *, *, #4334, .F. ) ;
#3064 = VECTOR ( 'NONE', #2621, 1000.000000000000000 ) ;
#3065 = PLANE ( 'NONE',  #184 ) ;
#3066 = CARTESIAN_POINT ( 'NONE',  ( 0.4840083284431017097, 46.11107620907489490, 1.452024985329295914 ) ) ;
#3067 = CIRCLE ( 'NONE', #2819, 2.499999999999995115 ) ;
#3068 = AXIS2_PLACEMENT_3D ( 'NONE', #4088, #1358, #4505 ) ;
#3069 = ORIENTED_EDGE ( 'NONE', *, *, #905, .F. ) ;
#3070 = CARTESIAN_POINT ( 'NONE',  ( 56.70000000000000284, 15.99999999999999289, 3.000000000000000000 ) ) ;
#3071 = CARTESIAN_POINT ( 'NONE',  ( 52.75819874726981595, 56.38499435135753401, 5.000000000000000000 ) ) ;
#3072 = CIRCLE ( 'NONE', #3732, 4.999999999999913847 ) ;
#3073 = CARTESIAN_POINT ( 'NONE',  ( 5.000000000000000000, 2.499999999999993783, -12.50000000000000000 ) ) ;
#3074 = CARTESIAN_POINT ( 'NONE',  ( 56.31831518861017827, 68.97138550662481293, 5.000000000000000000 ) ) ;
#3075 = CARTESIAN_POINT ( 'NONE',  ( 0.000000000000000000, 120.0000000000000000, 5.000000000000000000 ) ) ;
#3076 = ORIENTED_EDGE ( 'NONE', *, *, #3285, .F. ) ;
#3077 = VECTOR ( 'NONE', #1245, 1000.000000000000114 ) ;
#3078 = CARTESIAN_POINT ( 'NONE',  ( 13.74999999999999112, 114.9999999999999858, -15.00000000000000000 ) ) ;
#3079 = FACE_OUTER_BOUND ( 'NONE', #4608, .T. ) ;
#3080 = ORIENTED_EDGE ( 'NONE', *, *, #3955, .T. ) ;
#3081 = FACE_OUTER_BOUND ( 'NONE', #134, .T. ) ;
#3082 = EDGE_CURVE ( 'NONE', #5063, #1655, #1501, .T. ) ;
#3083 = DIRECTION ( 'NONE',  ( -1.000000000000000000, 0.000000000000000000, 0.000000000000000000 ) ) ;
#3084 = CARTESIAN_POINT ( 'NONE',  ( 67.49999999999998579, 4.999999999999993783, -10.00000000000000000 ) ) ;
#3085 = CARTESIAN_POINT ( 'NONE',  ( 15.80000000000000071, 18.49999999999998934, 0.000000000000000000 ) ) ;
#3086 = ORIENTED_EDGE ( 'NONE', *, *, #658, .F. ) ;
#3087 = EDGE_CURVE ( 'NONE', #4658, #4462, #662, .T. ) ;
#3088 = EDGE_LOOP ( 'NONE', ( #3707, #1332, #3654, #1937 ) ) ;
#3089 = CARTESIAN_POINT ( 'NONE',  ( 19.62533348695867375, 58.04522673193246618, 4.599999999999999645 ) ) ;
#3090 = CARTESIAN_POINT ( 'NONE',  ( 36.10000000000001563, 103.6499999999999915, 0.000000000000000000 ) ) ;
#3091 = ORIENTED_EDGE ( 'NONE', *, *, #4422, .T. ) ;
#3092 = DIRECTION ( 'NONE',  ( -0.000000000000000000, -0.000000000000000000, 1.000000000000000000 ) ) ;
#3093 = CARTESIAN_POINT ( 'NONE',  ( 74.85640449230625393, 45.57660623700265745, 1.197963648748552323 ) ) ;
#3094 = FACE_OUTER_BOUND ( 'NONE', #1357, .T. ) ;
#3095 = EDGE_LOOP ( 'NONE', ( #4473, #4168, #2391, #174 ) ) ;
#3096 = DIRECTION ( 'NONE',  ( 0.000000000000000000, 1.000000000000000000, 0.000000000000000000 ) ) ;
#3097 = ADVANCED_FACE ( 'NONE', ( #3081 ), #691, .F. ) ;
#3098 = ORIENTED_EDGE ( 'NONE', *, *, #1916, .F. ) ;
#3099 = VECTOR ( 'NONE', #1555, 1000.000000000000000 ) ;
#3100 = EDGE_CURVE ( 'NONE', #1319, #2457, #1449, .T. ) ;
#3101 = ORIENTED_EDGE ( 'NONE', *, *, #2083, .T. ) ;
#3102 = CARTESIAN_POINT ( 'NONE',  ( 22.08331893061677320, 59.95533990403678359, 5.000000000000000000 ) ) ;
#3103 = CARTESIAN_POINT ( 'NONE',  ( 0.000000000000000000, 2.499999999999996003, -10.00000000000000178 ) ) ;
#3104 = CARTESIAN_POINT ( 'NONE',  ( 53.41358205560006667, 59.97377346117848873, 4.599999999999999645 ) ) ;
#3105 = ORIENTED_EDGE ( 'NONE', *, *, #4457, .F. ) ;
#3106 = LINE ( 'NONE', #4571, #860 ) ;
#3107 = CARTESIAN_POINT ( 'NONE',  ( 26.88347510842798016, 60.24439457978235168, 4.599999999999999645 ) ) ;
#3108 = CARTESIAN_POINT ( 'NONE',  ( 31.46693423918955190, 54.71983697195834395, 4.599999999999999645 ) ) ;
#3109 = DIRECTION ( 'NONE',  ( -0.000000000000000000, -0.000000000000000000, 1.000000000000000000 ) ) ;
#3110 = ORIENTED_EDGE ( 'NONE', *, *, #4055, .T. ) ;
#3111 = CARTESIAN_POINT ( 'NONE',  ( 73.50000000000000000, 73.50000000000000000, 0.000000000000000000 ) ) ;
#3112 = ORIENTED_EDGE ( 'NONE', *, *, #4197, .F. ) ;
#3113 = PLANE ( 'NONE',  #3232 ) ;
#3114 = ADVANCED_FACE ( 'NONE', ( #326 ), #1467, .T. ) ;
#3115 = CARTESIAN_POINT ( 'NONE',  ( -0.1295671220299760007, 59.85787506458685669, 4.599999999999999645 ) ) ;
#3116 = EDGE_LOOP ( 'NONE', ( #1456, #2105 ) ) ;
#3117 = CARTESIAN_POINT ( 'NONE',  ( 39.62958920622759962, 51.33356971989758932, 4.599999999999999645 ) ) ;
#3118 = CARTESIAN_POINT ( 'NONE',  ( 52.39487941846498131, 56.38420791783046582, 5.000000000000000000 ) ) ;
#3119 = CARTESIAN_POINT ( 'NONE',  ( 36.14986462676659329, 57.01572259455750213, 4.599999999999999645 ) ) ;
#3120 = ORIENTED_EDGE ( 'NONE', *, *, #2461, .T. ) ;
#3121 = PLANE ( 'NONE',  #3239 ) ;
#3122 = ORIENTED_EDGE ( 'NONE', *, *, #3626, .F. ) ;
#3123 = ORIENTED_EDGE ( 'NONE', *, *, #3771, .F. ) ;
#3124 =( BOUNDED_CURVE ( )  B_SPLINE_CURVE ( 3, ( #2535, #4112, #3349, #1317 ),
 .UNSPECIFIED., .F., .T. ) 
 B_SPLINE_CURVE_WITH_KNOTS ( ( 4, 4 ),
 ( 4.712388980384689674, 6.283185307179586232 ),
 .UNSPECIFIED. ) 
 CURVE ( )  GEOMETRIC_REPRESENTATION_ITEM ( )  RATIONAL_B_SPLINE_CURVE ( ( 1.000000000000000000, 0.8047378541243649375, 0.8047378541243649375, 1.000000000000000000 ) ) 
 REPRESENTATION_ITEM ( '' )  );
#3125 = DIRECTION ( 'NONE',  ( -1.000000000000000000, 0.000000000000000000, 0.000000000000000000 ) ) ;
#3126 = CARTESIAN_POINT ( 'NONE',  ( 0.000000000000000000, 46.49999999999999289, 0.000000000000000000 ) ) ;
#3127 = EDGE_LOOP ( 'NONE', ( #2053, #805, #2442, #1748 ) ) ;
#3128 = ADVANCED_FACE ( 'NONE', ( #1118 ), #2715, .F. ) ;
#3129 = VERTEX_POINT ( 'NONE', #5054 ) ;
#3130 = CARTESIAN_POINT ( 'NONE',  ( 52.50000000000000000, 117.5000000000000000, -15.00000000000065903 ) ) ;
#3131 = DIRECTION ( 'NONE',  ( 1.000000000000000000, -0.000000000000000000, -0.000000000000000000 ) ) ;
#3132 = FACE_BOUND ( 'NONE', #1585, .T. ) ;
#3133 = CARTESIAN_POINT ( 'NONE',  ( 7.499999999999989342, 4.999999999999993783, -12.50000000000000000 ) ) ;
#3134 = CARTESIAN_POINT ( 'NONE',  ( 42.42569968899294253, 59.99584445557870538, 4.599999999999999645 ) ) ;
#3135 = EDGE_LOOP ( 'NONE', ( #2089, #3015, #1631, #2321 ) ) ;
#3136 = DIRECTION ( 'NONE',  ( 0.000000000000000000, 0.000000000000000000, -1.000000000000000000 ) ) ;
#3137 = CARTESIAN_POINT ( 'NONE',  ( 53.87637639000512024, 56.38741473562488693, 4.599999999999999645 ) ) ;
#3138 = B_SPLINE_CURVE_WITH_KNOTS ( 'NONE', 3,
 ( #3599, #1618, #1243, #1131 ),
 .UNSPECIFIED., .F., .F.,
 ( 4, 4 ),
 ( 43.00000000000000000, 44.00000000000000000 ),
 .UNSPECIFIED. ) ;
#3139 = DIRECTION ( 'NONE',  ( 0.000000000000000000, -1.000000000000000000, 0.000000000000000000 ) ) ;
#3140 = EDGE_CURVE ( 'NONE', #4492, #3921, #3106, .T. ) ;
#3141 = VERTEX_POINT ( 'NONE', #2613 ) ;
#3142 = EDGE_CURVE ( 'NONE', #522, #3461, #4187, .T. ) ;
#3143 = CARTESIAN_POINT ( 'NONE',  ( -0.1495104866752860751, 69.07138085878806066, 5.000000000000000000 ) ) ;
#3144 = DIRECTION ( 'NONE',  ( 0.000000000000000000, 1.000000000000000000, 0.000000000000000000 ) ) ;
#3145 = AXIS2_PLACEMENT_3D ( 'NONE', #375, #4286, #390 ) ;
#3146 = ORIENTED_EDGE ( 'NONE', *, *, #4378, .F. ) ;
#3147 = DIRECTION ( 'NONE',  ( -0.000000000000000000, -0.000000000000000000, 1.000000000000000000 ) ) ;
#3148 = CARTESIAN_POINT ( 'NONE',  ( 51.97385331965853794, 56.96884372970191635, 5.000000000000000000 ) ) ;
#3149 = CARTESIAN_POINT ( 'NONE',  ( 26.16751767727940958, 50.41905633430118883, 5.000000000000000000 ) ) ;
#3150 = ORIENTED_EDGE ( 'NONE', *, *, #4285, .T. ) ;
#3151 = VECTOR ( 'NONE', #2170, 1000.000000000000000 ) ;
#3152 = EDGE_LOOP ( 'NONE', ( #3853, #4645, #4335, #4157 ) ) ;
#3153 = EDGE_CURVE ( 'NONE', #3409, #3921, #3072, .T. ) ;
#3154 = EDGE_CURVE ( 'NONE', #3794, #4407, #1995, .T. ) ;
#3155 = ORIENTED_EDGE ( 'NONE', *, *, #1593, .F. ) ;
#3156 = CONICAL_SURFACE ( 'NONE', #3001, 1.399999999999984590, 0.7853981633974541632 ) ;
#3157 = AXIS2_PLACEMENT_3D ( 'NONE', #4097, #1323, #2063 ) ;
#3158 = DIRECTION ( 'NONE',  ( -0.05953976485936679497, 0.9982259345461282907, 0.000000000000000000 ) ) ;
#3159 = CYLINDRICAL_SURFACE ( 'NONE', #5024, 1.500000000000000000 ) ;
#3160 = EDGE_LOOP ( 'NONE', ( #380, #1492, #1299 ) ) ;
#3161 = ORIENTED_EDGE ( 'NONE', *, *, #1182, .T. ) ;
#3162 = B_SPLINE_CURVE_WITH_KNOTS ( 'NONE', 3,
 ( #232, #2537, #2978, #1453 ),
 .UNSPECIFIED., .F., .F.,
 ( 4, 4 ),
 ( 4.000000000000000000, 5.000000000000000000 ),
 .UNSPECIFIED. ) ;
#3163 = CARTESIAN_POINT ( 'NONE',  ( 38.23827591779982527, 68.33259183104274825, 4.599999999999999645 ) ) ;
#3164 = FACE_OUTER_BOUND ( 'NONE', #4258, .T. ) ;
#3165 = DIRECTION ( 'NONE',  ( 0.000000000000000000, 0.000000000000000000, 1.000000000000000000 ) ) ;
#3166 = PLANE ( 'NONE',  #189 ) ;
#3167 = LINE ( 'NONE', #2070, #3519 ) ;
#3168 = ORIENTED_EDGE ( 'NONE', *, *, #2294, .T. ) ;
#3169 = DIRECTION ( 'NONE',  ( 1.000000000000000000, 0.000000000000000000, 0.000000000000000000 ) ) ;
#3170 = EDGE_CURVE ( 'NONE', #2455, #2492, #862, .T. ) ;
#3171 = CARTESIAN_POINT ( 'NONE',  ( 73.50966914411966968, 73.69634717512364830, 0.4967769519601279993 ) ) ;
#3172 = VERTEX_POINT ( 'NONE', #1551 ) ;
#3173 = CARTESIAN_POINT ( 'NONE',  ( 34.58037044103966906, 60.18697884857790825, 4.599999999999999645 ) ) ;
#3174 = CARTESIAN_POINT ( 'NONE',  ( 73.52279433010944842, 46.17507540393180676, 1.477205669890446105 ) ) ;
#3175 = CARTESIAN_POINT ( 'NONE',  ( 52.50000000000000711, 114.9999999999999858, 0.000000000000000000 ) ) ;
#3176 = ORIENTED_EDGE ( 'NONE', *, *, #2640, .F. ) ;
#3177 = DIRECTION ( 'NONE',  ( -4.163336342344356748E-15, 1.000000000000000000, 0.000000000000000000 ) ) ;
#3178 = DIRECTION ( 'NONE',  ( -0.000000000000000000, -0.000000000000000000, 1.000000000000000000 ) ) ;
#3179 = DIRECTION ( 'NONE',  ( -0.7071067811865493491, -0.7071067811865455743, -0.000000000000000000 ) ) ;
#3180 = FACE_OUTER_BOUND ( 'NONE', #2508, .T. ) ;
#3181 = VERTEX_POINT ( 'NONE', #3585 ) ;
#3182 = ORIENTED_EDGE ( 'NONE', *, *, #3946, .F. ) ;
#3183 = CARTESIAN_POINT ( 'NONE',  ( 47.85035056033056122, 66.73785271226965676, 4.599999999999999645 ) ) ;
#3184 = CARTESIAN_POINT ( 'NONE',  ( 56.98098263606785707, 69.19504434610479393, 5.000000000000000000 ) ) ;
#3185 = CARTESIAN_POINT ( 'NONE',  ( 1.499999999999997558, 46.49999999999999289, 1.500000000000000000 ) ) ;
#3186 = ORIENTED_EDGE ( 'NONE', *, *, #1961, .F. ) ;
#3187 = EDGE_LOOP ( 'NONE', ( #4848, #1860, #3263, #65 ) ) ;
#3188 = ADVANCED_FACE ( 'NONE', ( #1606 ), #2774, .F. ) ;
#3189 = CARTESIAN_POINT ( 'NONE',  ( 22.08331893061677320, 59.95533990403678359, 4.599999999999999645 ) ) ;
#3190 = DIRECTION ( 'NONE',  ( 1.228762462150238276E-16, 1.000000000000000000, 0.000000000000000000 ) ) ;
#3191 = FACE_OUTER_BOUND ( 'NONE', #1908, .T. ) ;
#3192 = LINE ( 'NONE', #5028, #4627 ) ;
#3193 = VERTEX_POINT ( 'NONE', #876 ) ;
#3194 = FACE_OUTER_BOUND ( 'NONE', #3365, .T. ) ;
#3195 = CARTESIAN_POINT ( 'NONE',  ( 42.52799392477230356, 59.99606587957203629, 4.599999999999999645 ) ) ;
#3196 = EDGE_CURVE ( 'NONE', #843, #2210, #4730, .T. ) ;
#3197 = CARTESIAN_POINT ( 'NONE',  ( 1.500000000000000888, 73.50000000000000000, 0.4999999999999998890 ) ) ;
#3198 = VECTOR ( 'NONE', #615, 1000.000000000000000 ) ;
#3199 = CARTESIAN_POINT ( 'NONE',  ( 74.86911433815184580, 45.00000000828689650, 0.1308856618479455614 ) ) ;
#3200 = DIRECTION ( 'NONE',  ( -1.000000000000000000, 0.000000000000000000, 0.000000000000000000 ) ) ;
#3201 = EDGE_CURVE ( 'NONE', #1520, #1507, #2050, .T. ) ;
#3202 = ORIENTED_EDGE ( 'NONE', *, *, #1377, .T. ) ;
#3203 = LINE ( 'NONE', #4718, #351 ) ;
#3204 = CARTESIAN_POINT ( 'NONE',  ( 37.50000000000000000, 103.6499999999999915, 3.000000000000000000 ) ) ;
#3205 = LINE ( 'NONE', #3974, #2092 ) ;
#3206 = EDGE_CURVE ( 'NONE', #2073, #843, #1254, .T. ) ;
#3207 = PLANE ( 'NONE',  #4558 ) ;
#3208 = VERTEX_POINT ( 'NONE', #2411 ) ;
#3209 = ADVANCED_FACE ( 'NONE', ( #1633 ), #95, .T. ) ;
#3210 = ORIENTED_EDGE ( 'NONE', *, *, #2979, .T. ) ;
#3211 = DIRECTION ( 'NONE',  ( 8.187894806610494145E-14, 0.000000000000000000, 1.000000000000000000 ) ) ;
#3212 = CARTESIAN_POINT ( 'NONE',  ( 47.50000000000061817, 120.0000000000000142, -2.500000000000064837 ) ) ;
#3213 = EDGE_CURVE ( 'NONE', #4753, #1009, #2572, .T. ) ;
#3214 = ORIENTED_EDGE ( 'NONE', *, *, #5074, .F. ) ;
#3215 = ORIENTED_EDGE ( 'NONE', *, *, #1883, .T. ) ;
#3216 = CARTESIAN_POINT ( 'NONE',  ( 18.29999999999998295, 106.6999999999999886, 3.000000000000000000 ) ) ;
#3217 = B_SPLINE_SURFACE_WITH_KNOTS ( 'NONE', 3, 1, ( 
 ( #2628, #3889 ),
 ( #654, #339 ),
 ( #2656, #1062 ),
 ( #1802, #3412 ) ),
 .UNSPECIFIED., .F., .F., .F.,
 ( 4, 4 ),
 ( 2, 2 ),
 ( 41.00000000000000000, 42.00000000000000000 ),
 ( 0.000000000000000000, 1.000000000000000000 ),
 .UNSPECIFIED. ) ;
#3218 = CARTESIAN_POINT ( 'NONE',  ( 0.1308739639280527556, 45.03904101202306975, 0.3926218917843757317 ) ) ;
#3219 = DIRECTION ( 'NONE',  ( 0.000000000000000000, 1.000000000000000000, -0.000000000000000000 ) ) ;
#3220 = LINE ( 'NONE', #4406, #2082 ) ;
#3221 = ORIENTED_EDGE ( 'NONE', *, *, #3087, .F. ) ;
#3222 = LINE ( 'NONE', #4782, #4196 ) ;
#3223 = EDGE_CURVE ( 'NONE', #4417, #2327, #2358, .T. ) ;
#3224 = CARTESIAN_POINT ( 'NONE',  ( 74.60244617794749900, 74.41498464624837084, 1.192661466157833638 ) ) ;
#3225 = CARTESIAN_POINT ( 'NONE',  ( 31.16037302392805231, 49.68205551682147814, 5.000000000000000000 ) ) ;
#3226 = CARTESIAN_POINT ( 'NONE',  ( 75.00000000000000000, 44.99999999999999289, -8.575622497214412481E-16 ) ) ;
#3227 = ORIENTED_EDGE ( 'NONE', *, *, #2124, .F. ) ;
#3228 = CARTESIAN_POINT ( 'NONE',  ( 26.87154115849022773, 65.75768277533703099, 4.599999999999999645 ) ) ;
#3229 = LINE ( 'NONE', #5070, #4136 ) ;
#3230 = PLANE ( 'NONE',  #4880 ) ;
#3231 = ORIENTED_EDGE ( 'NONE', *, *, #5082, .T. ) ;
#3232 = AXIS2_PLACEMENT_3D ( 'NONE', #3991, #3614, #29 ) ;
#3233 = ORIENTED_EDGE ( 'NONE', *, *, #3206, .T. ) ;
#3234 = CARTESIAN_POINT ( 'NONE',  ( 48.65312595226107106, 67.41684983397829001, 4.599999999999999645 ) ) ;
#3235 = VECTOR ( 'NONE', #1168, 1000.000000000000000 ) ;
#3236 = LINE ( 'NONE', #2459, #273 ) ;
#3237 = VERTEX_POINT ( 'NONE', #4700 ) ;
#3238 = VERTEX_POINT ( 'NONE', #71 ) ;
#3239 = AXIS2_PLACEMENT_3D ( 'NONE', #1224, #3096, #2791 ) ;
#3240 = VECTOR ( 'NONE', #833, 1000.000000000000000 ) ;
#3241 = CARTESIAN_POINT ( 'NONE',  ( 18.96159110272099824, 59.94858267635414251, 4.599999999999999645 ) ) ;
#3242 = LINE ( 'NONE', #4008, #34 ) ;
#3243 = VECTOR ( 'NONE', #1988, 1000.000000000000000 ) ;
#3244 = CARTESIAN_POINT ( 'NONE',  ( 28.05576097198110475, 72.73037325243288365, 4.599999999999999645 ) ) ;
#3245 = DIRECTION ( 'NONE',  ( -0.000000000000000000, -0.000000000000000000, 1.000000000000000000 ) ) ;
#3246 = B_SPLINE_SURFACE_WITH_KNOTS ( 'NONE', 3, 1, ( 
 ( #653, #702 ),
 ( #4255, #338 ),
 ( #1132, #5044 ),
 ( #751, #371 ),
 ( #1417, #2995 ),
 ( #4563, #1037 ) ),
 .UNSPECIFIED., .F., .F., .F.,
 ( 4, 2, 4 ),
 ( 2, 2 ),
 ( 0.000000000000000000, 1.000000000000000000, 2.000000000000000000 ),
 ( 0.000000000000000000, 1.000000000000000000 ),
 .UNSPECIFIED. ) ;
#3247 = VECTOR ( 'NONE', #4032, 1000.000000000000000 ) ;
#3248 = EDGE_LOOP ( 'NONE', ( #1629, #5080, #1993, #2739 ) ) ;
#3249 = LINE ( 'NONE', #2109, #1474 ) ;
#3250 = EDGE_CURVE ( 'NONE', #3193, #2034, #4754, .T. ) ;
#3251 = VECTOR ( 'NONE', #2243, 1000.000000000000000 ) ;
#3252 = DIRECTION ( 'NONE',  ( 0.3071847037978341355, 0.9516499134411965377, 0.000000000000000000 ) ) ;
#3253 = B_SPLINE_CURVE_WITH_KNOTS ( 'NONE', 3,
 ( #3852, #4247, #1848, #2697 ),
 .UNSPECIFIED., .F., .F.,
 ( 4, 4 ),
 ( 3.000000000000000000, 4.000000000000000000 ),
 .UNSPECIFIED. ) ;
#3254 = CARTESIAN_POINT ( 'NONE',  ( 0.2650916781406461031, 74.98741665692840286, 0.2650916781406452705 ) ) ;
#3255 = CARTESIAN_POINT ( 'NONE',  ( 0.2065101041644589186, 46.01457104072670035, 1.422671342195630517 ) ) ;
#3256 = ORIENTED_EDGE ( 'NONE', *, *, #2726, .T. ) ;
#3257 = CARTESIAN_POINT ( 'NONE',  ( 56.70000000000001705, 109.1999999999999886, 3.000000000000000000 ) ) ;
#3258 = AXIS2_PLACEMENT_3D ( 'NONE', #417, #4760, #54 ) ;
#3259 = ORIENTED_EDGE ( 'NONE', *, *, #3591, .F. ) ;
#3260 = CARTESIAN_POINT ( 'NONE',  ( 26.88347510842798016, 60.24439457978235168, 4.599999999999999645 ) ) ;
#3261 = CARTESIAN_POINT ( 'NONE',  ( 56.63175517114320456, 69.20134437186605680, 5.000000000000000000 ) ) ;
#3262 = ORIENTED_EDGE ( 'NONE', *, *, #4783, .F. ) ;
#3263 = ORIENTED_EDGE ( 'NONE', *, *, #239, .F. ) ;
#3264 = DIRECTION ( 'NONE',  ( 1.000000000000000000, -0.000000000000000000, -0.000000000000000000 ) ) ;
#3265 = DIRECTION ( 'NONE',  ( -1.000000000000000000, 0.000000000000000000, 1.908195823574488050E-16 ) ) ;
#3266 = EDGE_CURVE ( 'NONE', #749, #39, #3553, .T. ) ;
#3267 = CARTESIAN_POINT ( 'NONE',  ( 52.75819874726981595, 56.38499435135753401, 4.599999999999999645 ) ) ;
#3268 = ORIENTED_EDGE ( 'NONE', *, *, #40, .F. ) ;
#3269 = APPLICATION_CONTEXT ( 'automotive_design' ) ;
#3270 = ORIENTED_EDGE ( 'NONE', *, *, #307, .F. ) ;
#3271 = EDGE_CURVE ( 'NONE', #2568, #4911, #1270, .T. ) ;
#3272 = CARTESIAN_POINT ( 'NONE',  ( 36.14294705659228413, 60.21152601110345159, 5.000000000000000000 ) ) ;
#3273 = AXIS2_PLACEMENT_3D ( 'NONE', #711, #2670, #1119 ) ;
#3274 = FACE_OUTER_BOUND ( 'NONE', #3040, .T. ) ;
#3275 = CARTESIAN_POINT ( 'NONE',  ( 74.81522388226905207, 74.16669102993677143, 1.347278031071426740 ) ) ;
#3276 = ORIENTED_EDGE ( 'NONE', *, *, #1588, .T. ) ;
#3277 = ORIENTED_EDGE ( 'NONE', *, *, #1471, .F. ) ;
#3278 = EDGE_CURVE ( 'NONE', #789, #1831, #2853, .T. ) ;
#3279 = AXIS2_PLACEMENT_3D ( 'NONE', #4476, #4519, #244 ) ;
#3280 = CARTESIAN_POINT ( 'NONE',  ( 74.62330660438824737, 74.49124015672441601, 1.130080186835221268 ) ) ;
#3281 = CARTESIAN_POINT ( 'NONE',  ( -6.927720163651781748E-16, 75.00000000000000000, -1.592659819528146559E-15 ) ) ;
#3282 = VERTEX_POINT ( 'NONE', #1944 ) ;
#3283 = B_SPLINE_CURVE_WITH_KNOTS ( 'NONE', 3,
 ( #219, #3362, #4914, #1394, #2962, #4537 ),
 .UNSPECIFIED., .F., .F.,
 ( 4, 2, 4 ),
 ( 2.000000000000000000, 3.000000000000000000, 4.000000000000000000 ),
 .UNSPECIFIED. ) ;
#3284 = EDGE_LOOP ( 'NONE', ( #4800, #4928, #1143, #567, #2579, #3399, #2911, #2317, #358, #2158 ) ) ;
#3285 = EDGE_CURVE ( 'NONE', #749, #1950, #169, .T. ) ;
#3286 =( LENGTH_UNIT ( ) NAMED_UNIT ( * ) SI_UNIT ( .MILLI., .METRE. ) );
#3287 = CARTESIAN_POINT ( 'NONE',  ( 34.94305739570599201, 68.62528759425747182, 4.599999999999999645 ) ) ;
#3288 = VERTEX_POINT ( 'NONE', #518 ) ;
#3289 = ORIENTED_EDGE ( 'NONE', *, *, #1434, .F. ) ;
#3290 = DIRECTION ( 'NONE',  ( -9.199760500100218944E-17, 0.7071067811865494601, -0.7071067811865456854 ) ) ;
#3291 = CARTESIAN_POINT ( 'NONE',  ( 22.08057022590531560, 61.22519618111125084, 5.000000000000000000 ) ) ;
#3292 = CARTESIAN_POINT ( 'NONE',  ( 0.000000000000000000, 2.499999999999996003, -10.00000000000000178 ) ) ;
#3294 = ORIENTED_EDGE ( 'NONE', *, *, #1285, .T. ) ;
#3293 = B_SPLINE_CURVE_WITH_KNOTS ( 'NONE', 3,
 ( #1330, #2876, #3679, #4452 ),
 .UNSPECIFIED., .F., .F.,
 ( 4, 4 ),
 ( 5.000000000000000000, 5.999744496299006080 ),
 .UNSPECIFIED. ) ;
#3295 = ORIENTED_EDGE ( 'NONE', *, *, #4805, .F. ) ;
#3296 = CARTESIAN_POINT ( 'NONE',  ( 74.76969600708471830, 73.50000000000000000, 1.500000000000000000 ) ) ;
#3297 = CARTESIAN_POINT ( 'NONE',  ( 74.50000000000000000, 73.50000000000000000, 1.500000000000000000 ) ) ;
#3298 = DIRECTION ( 'NONE',  ( 0.000000000000000000, 0.000000000000000000, -1.000000000000000000 ) ) ;
#3299 = ADVANCED_FACE ( 'NONE', ( #199 ), #4458, .T. ) ;
#3300 = CARTESIAN_POINT ( 'NONE',  ( 26.88347510842798016, 60.24439457978235168, 5.000000000000000000 ) ) ;
#3301 = CARTESIAN_POINT ( 'NONE',  ( 57.57466414737992721, 17.25576323075712182, 5.000000000000000000 ) ) ;
#3302 =( BOUNDED_SURFACE ( )  B_SPLINE_SURFACE ( 3, 2, ( 
 ( #2527, #4104, #583 ),
 ( #803, #829, #4762 ),
 ( #3049, #3174, #3459 ),
 ( #3616, #704, #479 ),
 ( #2032, #1465, #857 ),
 ( #421, #30, #4740 ),
 ( #1217, #4612, #4713 ),
 ( #2806, #4018, #4414 ),
 ( #4382, #2760, #1615 ),
 ( #2785, #1080, #1187 ),
 ( #1241, #4333, #2423 ),
 ( #1591, #2368, #3939 ),
 ( #2008, #3199, #4358 ),
 ( #3226, #2267, #3992 ) ),
 .UNSPECIFIED., .F., .F., .F. ) 
 B_SPLINE_SURFACE_WITH_KNOTS ( ( 4, 2, 2, 2, 2, 2, 4 ),
 ( 3, 3 ),
 ( 6.283185307179586232, 6.479534848028948524, 6.675884388878310816, 6.872233929727672219, 7.068583470577034511, 7.461282552275758206, 7.853981633974482790 ),
 ( 0.000000000000000000, 1.000000000000000000 ),
 .UNSPECIFIED. ) 
 GEOMETRIC_REPRESENTATION_ITEM ( )  RATIONAL_B_SPLINE_SURFACE ( (
 ( 1.000000000000000000, 0.7071067811865475727, 1.000000000000000000),
 ( 1.000000000000000000, 0.7070717008705423856, 1.000000000000000000),
 ( 1.000000000000000000, 0.7117460391535094244, 1.000000000000000000),
 ( 1.000000000000000000, 0.7291288573898097036, 1.000000000000000000),
 ( 1.000000000000000000, 0.7418334672881322644, 1.000000000000000000),
 ( 1.000000000000000000, 0.7723967724090701203, 1.000000000000000000),
 ( 1.000000000000000000, 0.7902180514827302771, 1.000000000000000000),
 ( 1.000000000000000000, 0.8275942267606042346, 1.000000000000000000),
 ( 1.000000000000000000, 0.8471316911967897711, 1.000000000000000000),
 ( 1.000000000000000000, 0.9038128289597348042, 1.000000000000000000),
 ( 1.000000000000000000, 0.9386556746367816784, 1.000000000000000000),
 ( 1.000000000000000000, 0.9867291651255324370, 1.000000000000000000),
 ( 1.000000000000000000, 1.000158598892035622, 1.000000000000000000),
 ( 1.000000000000000000, 1.000000000000000000, 1.000000000000000000) ) ) 
 REPRESENTATION_ITEM ( '' )  SURFACE ( )  );
#3303 = CARTESIAN_POINT ( 'NONE',  ( 0.4494164874987646163, 74.16472675680824977, 1.348249462496324158 ) ) ;
#3304 = ORIENTED_EDGE ( 'NONE', *, *, #1054, .T. ) ;
#3305 = AXIS2_PLACEMENT_3D ( 'NONE', #4858, #1155, #1338 ) ;
#3306 = EDGE_CURVE ( 'NONE', #4911, #1160, #4380, .T. ) ;
#3307 = EDGE_LOOP ( 'NONE', ( #1568, #4863, #3703, #893 ) ) ;
#3308 = CYLINDRICAL_SURFACE ( 'NONE', #3157, 1.500000000000000000 ) ;
#3309 = DIRECTION ( 'NONE',  ( -4.163336342344356748E-15, 1.000000000000000000, 0.000000000000000000 ) ) ;
#3310 = CARTESIAN_POINT ( 'NONE',  ( 52.50000000000000711, 114.9999999999999858, -15.00000000000000000 ) ) ;
#3311 = VERTEX_POINT ( 'NONE', #549 ) ;
#3312 = CARTESIAN_POINT ( 'NONE',  ( 23.56683206712730083, 67.17559582444506816, 4.599999999999999645 ) ) ;
#3313 = CARTESIAN_POINT ( 'NONE',  ( -10.93025206120001513, 6.426919324222285290, 4.599999999999999645 ) ) ;
#3314 = CARTESIAN_POINT ( 'NONE',  ( 20.88358404535131641, -6.741047825046448949, 5.000000000000000000 ) ) ;
#3315 = ORIENTED_EDGE ( 'NONE', *, *, #576, .F. ) ;
#3316 = EDGE_CURVE ( 'NONE', #4430, #3921, #1017, .T. ) ;
#3317 = VERTEX_POINT ( 'NONE', #125 ) ;
#3318 = ADVANCED_FACE ( 'NONE', ( #2129 ), #3002, .F. ) ;
#3319 = AXIS2_PLACEMENT_3D ( 'NONE', #5013, #1393, #3765 ) ;
#3320 = AXIS2_PLACEMENT_3D ( 'NONE', #1979, #4761, #3562 ) ;
#3321 = CARTESIAN_POINT ( 'NONE',  ( 18.95884240092216899, 61.21843760784149424, 4.599999999999999645 ) ) ;
#3322 = CARTESIAN_POINT ( 'NONE',  ( 74.78464393234969521, 73.88991565636713688, 1.451752836476856157 ) ) ;
#3323 = DIRECTION ( 'NONE',  ( 0.000000000000000000, 0.000000000000000000, 1.000000000000000000 ) ) ;
#3324 = VECTOR ( 'NONE', #1202, 1000.000000000000000 ) ;
#3325 = VECTOR ( 'NONE', #841, 1000.000000000000000 ) ;
#3326 = VECTOR ( 'NONE', #3657, 1000.000000000000000 ) ;
#3327 = VECTOR ( 'NONE', #961, 1000.000000000000000 ) ;
#3328 = DIRECTION ( 'NONE',  ( -0.5068653939128120456, -0.8620252156715659808, 0.000000000000000000 ) ) ;
#3329 = EDGE_CURVE ( 'NONE', #4694, #1485, #343, .T. ) ;
#3330 = ORIENTED_EDGE ( 'NONE', *, *, #1893, .T. ) ;
#3331 = CARTESIAN_POINT ( 'NONE',  ( 53.87637639000512024, 56.38741473562488693, 4.599999999999999645 ) ) ;
#3332 = AXIS2_PLACEMENT_3D ( 'NONE', #4226, #1796, #5038 ) ;
#3333 = B_SPLINE_CURVE_WITH_KNOTS ( 'NONE', 3,
 ( #3860, #3382, #337, #1901 ),
 .UNSPECIFIED., .F., .F.,
 ( 4, 4 ),
 ( 10.00000000000000000, 11.00000000000000000 ),
 .UNSPECIFIED. ) ;
#3334 = ORIENTED_EDGE ( 'NONE', *, *, #2920, .T. ) ;
#3335 = DIRECTION ( 'NONE',  ( 1.000000000000000000, 0.000000000000000000, 0.000000000000000000 ) ) ;
#3336 = CARTESIAN_POINT ( 'NONE',  ( -3.980102097228902570E-15, 44.99999999999999289, 0.000000000000000000 ) ) ;
#3337 = ORIENTED_EDGE ( 'NONE', *, *, #2539, .F. ) ;
#3338 = LINE ( 'NONE', #1778, #2155 ) ;
#3339 = DIRECTION ( 'NONE',  ( 0.000000000000000000, 1.000000000000000000, 0.000000000000000000 ) ) ;
#3340 = DIRECTION ( 'NONE',  ( 0.000000000000000000, 1.000000000000000000, 0.000000000000000000 ) ) ;
#3341 = EDGE_LOOP ( 'NONE', ( #4489, #4710, #4775 ) ) ;
#3342 = ADVANCED_FACE ( 'NONE', ( #2607 ), #3027, .F. ) ;
#3343 = ORIENTED_EDGE ( 'NONE', *, *, #342, .T. ) ;
#3344 = CARTESIAN_POINT ( 'NONE',  ( 22.08331893061677320, 59.95533990403678359, 5.000000000000000000 ) ) ;
#3345 = CARTESIAN_POINT ( 'NONE',  ( -0.1218020318880143754, 56.27053139211767530, 4.599999999999999645 ) ) ;
#3346 = DIRECTION ( 'NONE',  ( -1.000000000000000000, 4.625929269271485914E-16, 0.000000000000000000 ) ) ;
#3347 = EDGE_CURVE ( 'NONE', #160, #880, #2310, .T. ) ;
#3348 = AXIS2_PLACEMENT_3D ( 'NONE', #878, #3219, #3165 ) ;
#3349 = CARTESIAN_POINT ( 'NONE',  ( 73.50000000000000000, 74.37867965644035451, 0.4999999999999996669 ) ) ;
#3350 = DIRECTION ( 'NONE',  ( 0.3071847037978341910, 0.9516499134411965377, 0.000000000000000000 ) ) ;
#3351 = CARTESIAN_POINT ( 'NONE',  ( 0.7554284053110952302, 74.81067960955685692, 0.2518094684370369429 ) ) ;
#3352 = FACE_OUTER_BOUND ( 'NONE', #1617, .T. ) ;
#3353 = ORIENTED_EDGE ( 'NONE', *, *, #4994, .F. ) ;
#3354 = CARTESIAN_POINT ( 'NONE',  ( 22.50000000000000000, 117.5000000000000000, -9.999999999999374722 ) ) ;
#3355 = EDGE_LOOP ( 'NONE', ( #4279, #63, #2462, #409 ) ) ;
#3356 = LINE ( 'NONE', #4533, #3403 ) ;
#3357 = CARTESIAN_POINT ( 'NONE',  ( 56.63175517114320456, 69.20134437186605680, 4.599999999999999645 ) ) ;
#3358 = EDGE_CURVE ( 'NONE', #4911, #3428, #4208, .T. ) ;
#3359 = EDGE_LOOP ( 'NONE', ( #340, #1231, #1284, #4204 ) ) ;
#3360 = LINE ( 'NONE', #3678, #2580 ) ;
#3361 = EDGE_CURVE ( 'NONE', #3460, #1868, #3795, .T. ) ;
#3362 = CARTESIAN_POINT ( 'NONE',  ( 16.98661193500679900, 54.89307990385177050, 5.000000000000000000 ) ) ;
#3363 = PLANE ( 'NONE',  #1578 ) ;
#3365 = EDGE_LOOP ( 'NONE', ( #2772, #490, #3592, #3681 ) ) ;
#3364 = AXIS2_PLACEMENT_3D ( 'NONE', #3470, #822, #1532 ) ;
#3366 = ORIENTED_EDGE ( 'NONE', *, *, #3902, .F. ) ;
#3367 = EDGE_CURVE ( 'NONE', #2400, #1676, #4620, .T. ) ;
#3368 = DIRECTION ( 'NONE',  ( -1.000000000000000000, 0.000000000000000000, 0.000000000000000000 ) ) ;
#3369 = FACE_OUTER_BOUND ( 'NONE', #1812, .T. ) ;
#3370 = DIRECTION ( 'NONE',  ( 0.002164574307898256642, -0.9999976573062887564, 0.000000000000000000 ) ) ;
#3371 = CARTESIAN_POINT ( 'NONE',  ( -0.1495181222758735495, 69.07490838016774148, 4.599999999999999645 ) ) ;
#3372 = CARTESIAN_POINT ( 'NONE',  ( 25.84768651253223481, 69.43806486563988756, 5.000000000000000000 ) ) ;
#3373 = CARTESIAN_POINT ( 'NONE',  ( 26.88347510842798016, 60.24439457978235168, 5.000000000000000000 ) ) ;
#3374 = LINE ( 'NONE', #2588, #1129 ) ;
#3375 = ORIENTED_EDGE ( 'NONE', *, *, #2556, .T. ) ;
#3376 = EDGE_CURVE ( 'NONE', #919, #4830, #3740, .T. ) ;
#3377 = ORIENTED_EDGE ( 'NONE', *, *, #1739, .F. ) ;
#3378 = CARTESIAN_POINT ( 'NONE',  ( 53.87637639000512024, 56.38741473562488693, 5.000000000000000000 ) ) ;
#3379 = CARTESIAN_POINT ( 'NONE',  ( 1.499999999999997558, 46.49999999999999289, 0.5000000000000000000 ) ) ;
#3380 = LINE ( 'NONE', #314, #2984 ) ;
#3381 = EDGE_LOOP ( 'NONE', ( #4454, #3512, #2126, #4781 ) ) ;
#3382 = CARTESIAN_POINT ( 'NONE',  ( 43.76239363741270694, 63.34270742456207870, 4.599999999999999645 ) ) ;
#3383 = CARTESIAN_POINT ( 'NONE',  ( 36.10000000000001563, 103.6499999999999915, 0.000000000000000000 ) ) ;
#3384 = CARTESIAN_POINT ( 'NONE',  ( 35.00763628465025334, 51.82798241853258503, 5.000000000000000000 ) ) ;
#3385 = DIRECTION ( 'NONE',  ( 0.1708417296058795942, 0.9852984844326471148, 0.000000000000000000 ) ) ;
#3386 = VERTEX_POINT ( 'NONE', #4631 ) ;
#3387 = EDGE_CURVE ( 'NONE', #1200, #4340, #3253, .T. ) ;
#3388 = ORIENTED_EDGE ( 'NONE', *, *, #1588, .F. ) ;
#3389 = CARTESIAN_POINT ( 'NONE',  ( 25.61020819466324028, 50.41079370095809509, 5.000000000000000000 ) ) ;
#3390 = CARTESIAN_POINT ( 'NONE',  ( 34.59541195506342603, 53.23804725903598722, 4.599999999999999645 ) ) ;
#3391 = CYLINDRICAL_SURFACE ( 'NONE', #3783, 5.000000000000000000 ) ;
#3392 = AXIS2_PLACEMENT_3D ( 'NONE', #1670, #2518, #4074 ) ;
#3393 = CARTESIAN_POINT ( 'NONE',  ( 23.52078599485841082, 52.59678160645988498, 4.599999999999999645 ) ) ;
#3394 = PLANE ( 'NONE',  #2080 ) ;
#3395 = CARTESIAN_POINT ( 'NONE',  ( 56.20969273636311669, 68.63604813294755047, 4.599999999999999645 ) ) ;
#3396 = CARTESIAN_POINT ( 'NONE',  ( 67.50000000000000000, 3.749999999999994671, -11.25000000000000000 ) ) ;
#3397 = AXIS2_PLACEMENT_3D ( 'NONE', #2168, #3746, #218 ) ;
#3398 = VECTOR ( 'NONE', #1524, 1000.000000000000000 ) ;
#3399 = ORIENTED_EDGE ( 'NONE', *, *, #991, .F. ) ;
#3400 = ADVANCED_FACE ( 'NONE', ( #1894 ), #4272, .T. ) ;
#3401 = CARTESIAN_POINT ( 'NONE',  ( 37.50000000000000000, 103.6499999999999915, 3.000000000000000000 ) ) ;
#3402 = AXIS2_PLACEMENT_3D ( 'NONE', #1557, #1892, #3136 ) ;
#3403 = VECTOR ( 'NONE', #2892, 1000.000000000000000 ) ;
#3404 = ORIENTED_EDGE ( 'NONE', *, *, #2042, .F. ) ;
#3405 = DIRECTION ( 'NONE',  ( -1.000000000000000000, 0.000000000000000000, 2.602085213965207190E-16 ) ) ;
#3406 = AXIS2_PLACEMENT_3D ( 'NONE', #2106, #2174, #3751 ) ;
#3407 = CARTESIAN_POINT ( 'NONE',  ( 58.60291684388123912, 51.57570027742514185, 5.000000000000000000 ) ) ;
#3408 = ADVANCED_FACE ( 'NONE', ( #744 ), #5062, .F. ) ;
#3409 = VERTEX_POINT ( 'NONE', #4541 ) ;
#3410 = CARTESIAN_POINT ( 'NONE',  ( 35.00763628465025334, 51.82798241853258503, 5.000000000000000000 ) ) ;
#3411 = CARTESIAN_POINT ( 'NONE',  ( 74.90115196172206424, 45.37049195927841083, 0.9917937397773899377 ) ) ;
#3412 = CARTESIAN_POINT ( 'NONE',  ( 60.96604679571536423, 51.67958202849354166, 5.000000000000000000 ) ) ;
#3413 = LINE ( 'NONE', #988, #937 ) ;
#3414 = ORIENTED_EDGE ( 'NONE', *, *, #4861, .F. ) ;
#3415 = VECTOR ( 'NONE', #1519, 1000.000000000000000 ) ;
#3416 = DIRECTION ( 'NONE',  ( 1.228762462150238276E-16, 1.000000000000000000, 0.000000000000000000 ) ) ;
#3417 = EDGE_CURVE ( 'NONE', #2020, #3172, #634, .T. ) ;
#3418 = LINE ( 'NONE', #1087, #4137 ) ;
#3419 = APPLICATION_PROTOCOL_DEFINITION ( 'draft international standard', 'automotive_design', 1998, #1938 ) ;
#3420 = PLANE ( 'NONE',  #684 ) ;
#3421 = EDGE_CURVE ( 'NONE', #1125, #1055, #1816, .T. ) ;
#3422 = CARTESIAN_POINT ( 'NONE',  ( 27.10923559923350012, 48.83376798311071809, 5.000000000000000000 ) ) ;
#3423 = CARTESIAN_POINT ( 'NONE',  ( 23.96329594661243689, 60.01231934864183160, 5.000000000000000000 ) ) ;
#3424 = PLANE ( 'NONE',  #140 ) ;
#3425 = CARTESIAN_POINT ( 'NONE',  ( 59.41939945595165540, 50.81202402019854958, 4.599999999999999645 ) ) ;
#3426 = CARTESIAN_POINT ( 'NONE',  ( 52.07689581311743154, 56.62338243729705312, 4.599999999999999645 ) ) ;
#3427 = EDGE_CURVE ( 'NONE', #4724, #425, #3472, .T. ) ;
#3428 = VERTEX_POINT ( 'NONE', #3296 ) ;
#3429 = DIRECTION ( 'NONE',  ( -0.000000000000000000, 0.000000000000000000, 1.000000000000000000 ) ) ;
#3430 = VERTEX_POINT ( 'NONE', #2409 ) ;
#3431 = DIRECTION ( 'NONE',  ( -0.000000000000000000, -1.000000000000000000, -0.000000000000000000 ) ) ;
#3432 = CARTESIAN_POINT ( 'NONE',  ( 1.499999994035233097, 46.33612760128816888, 1.499999994035267292 ) ) ;
#3433 = DIRECTION ( 'NONE',  ( -0.05953976485936679497, 0.9982259345461282907, 0.000000000000000000 ) ) ;
#3434 = ORIENTED_EDGE ( 'NONE', *, *, #2041, .T. ) ;
#3435 = CARTESIAN_POINT ( 'NONE',  ( 34.58037044103966906, 60.18697884857790115, 4.599999999999999645 ) ) ;
#3436 = DIRECTION ( 'NONE',  ( 1.000000000000000000, 0.000000000000000000, 0.000000000000000000 ) ) ;
#3437 = FACE_OUTER_BOUND ( 'NONE', #1743, .T. ) ;
#3438 = LINE ( 'NONE', #4156, #1344 ) ;
#3439 = EDGE_LOOP ( 'NONE', ( #801, #3270, #3495, #1072 ) ) ;
#3440 = CARTESIAN_POINT ( 'NONE',  ( 45.34840069594080347, 52.54526264242620215, 5.000000000000000000 ) ) ;
#3441 = CARTESIAN_POINT ( 'NONE',  ( 0.000000000000000000, 0.000000000000000000, 1.500000000000000000 ) ) ;
#3442 = ORIENTED_EDGE ( 'NONE', *, *, #4703, .T. ) ;
#3443 = CARTESIAN_POINT ( 'NONE',  ( 37.87316993195197767, 69.15721150665848427, 4.599999999999999645 ) ) ;
#3444 = DIRECTION ( 'NONE',  ( -0.9999976573062886454, -0.002164574307960163285, 0.000000000000000000 ) ) ;
#3445 = CARTESIAN_POINT ( 'NONE',  ( 14.03395320428463044, 59.88853312862018896, 5.000000000000000000 ) ) ;
#3446 = CARTESIAN_POINT ( 'NONE',  ( 41.19160789426834413, 63.02673180877590653, 5.000000000000000000 ) ) ;
#3447 = ORIENTED_EDGE ( 'NONE', *, *, #4422, .F. ) ;
#3448 = CARTESIAN_POINT ( 'NONE',  ( 54.22558589064953338, 56.38817062730887386, 4.599999999999999645 ) ) ;
#3449 = VERTEX_POINT ( 'NONE', #49 ) ;
#3450 = CARTESIAN_POINT ( 'NONE',  ( 22.50000000000000000, 117.5000000000000000, -9.999999999999378275 ) ) ;
#3451 = B_SPLINE_SURFACE_WITH_KNOTS ( 'NONE', 3, 1, ( 
 ( #560, #3674 ),
 ( #1325, #2120 ),
 ( #4099, #1391 ),
 ( #1852, #290 ) ),
 .UNSPECIFIED., .F., .F., .F.,
 ( 4, 4 ),
 ( 2, 2 ),
 ( 10.00000000000000000, 11.00000000000000000 ),
 ( 0.000000000000000000, 1.000000000000000000 ),
 .UNSPECIFIED. ) ;
#3452 = CARTESIAN_POINT ( 'NONE',  ( 59.41939945595165540, 50.81202402019855668, 5.000000000000000000 ) ) ;
#3453 = FACE_OUTER_BOUND ( 'NONE', #2761, .T. ) ;
#3454 = ADVANCED_FACE ( 'NONE', ( #1656 ), #2622, .F. ) ;
#3455 = ORIENTED_EDGE ( 'NONE', *, *, #2116, .F. ) ;
#3456 = CARTESIAN_POINT ( 'NONE',  ( 72.50000000000000000, 4.999999999999993783, -12.50000000000000000 ) ) ;
#3457 = CARTESIAN_POINT ( 'NONE',  ( -6.522153693858112611E-17, 45.00000000000000000, 0.1993198068520180000 ) ) ;
#3458 = DIRECTION ( 'NONE',  ( 0.000000000000000000, 0.000000000000000000, -1.000000000000000000 ) ) ;
#3459 = CARTESIAN_POINT ( 'NONE',  ( 74.50322304803994200, 46.30365282487669276, 1.490330855880394267 ) ) ;
#3460 = VERTEX_POINT ( 'NONE', #4659 ) ;
#3461 = VERTEX_POINT ( 'NONE', #1611 ) ;
#3462 = ADVANCED_FACE ( 'NONE', ( #3194 ), #5089, .F. ) ;
#3463 = CARTESIAN_POINT ( 'NONE',  ( 26.89661543495349250, 54.17378028218959685, 5.000000000000000000 ) ) ;
#3464 = CARTESIAN_POINT ( 'NONE',  ( 0.000000000000000000, 0.000000000000000000, 4.599999999999999645 ) ) ;
#3465 = EDGE_CURVE ( 'NONE', #4462, #2631, #4636, .T. ) ;
#3466 = VERTEX_POINT ( 'NONE', #2354 ) ;
#3467 = CARTESIAN_POINT ( 'NONE',  ( 23.96329594661243689, 60.01231934864183160, 5.000000000000000000 ) ) ;
#3468 = CARTESIAN_POINT ( 'NONE',  ( 62.50000000000001421, 116.2499999999999858, -15.00000000000000000 ) ) ;
#3469 = CARTESIAN_POINT ( 'NONE',  ( 35.75026295860399017, 54.22116314799411896, 5.000000000000000000 ) ) ;
#3470 = CARTESIAN_POINT ( 'NONE',  ( 37.50000000000000000, 21.74999999999999289, 0.5000000000000108802 ) ) ;
#3471 = ORIENTED_EDGE ( 'NONE', *, *, #2569, .F. ) ;
#3472 = CIRCLE ( 'NONE', #2311, 1.250000000000001110 ) ;
#3473 = VECTOR ( 'NONE', #3619, 1000.000000000000000 ) ;
#3474 = ORIENTED_EDGE ( 'NONE', *, *, #3, .T. ) ;
#3475 = EDGE_CURVE ( 'NONE', #1319, #910, #267, .T. ) ;
#3476 = VECTOR ( 'NONE', #1885, 1000.000000000000000 ) ;
#3477 = LINE ( 'NONE', #3016, #4052 ) ;
#3478 = CARTESIAN_POINT ( 'NONE',  ( 1.499999999999997335, 46.49999999999999289, 0.4999999999999998890 ) ) ;
#3479 = CARTESIAN_POINT ( 'NONE',  ( 35.00763628465025334, 51.82798241853258503, 5.000000000000000000 ) ) ;
#3480 = EDGE_CURVE ( 'NONE', #2352, #2044, #2421, .T. ) ;
#3481 = CARTESIAN_POINT ( 'NONE',  ( 28.05446503742488318, 47.25554083441714681, 4.599999999999999645 ) ) ;
#3482 = VECTOR ( 'NONE', #2963, 1000.000000000000000 ) ;
#3483 = AXIS2_PLACEMENT_3D ( 'NONE', #2077, #2925, #971 ) ;
#3484 = ORIENTED_EDGE ( 'NONE', *, *, #4297, .F. ) ;
#3485 = DIRECTION ( 'NONE',  ( -0.000000000000000000, -0.000000000000000000, 1.000000000000000000 ) ) ;
#3486 = CARTESIAN_POINT ( 'NONE',  ( 74.76969600708471830, 46.49999999999999289, 1.500000000000000000 ) ) ;
#3487 = VECTOR ( 'NONE', #2798, 1000.000000000000000 ) ;
#3488 = CARTESIAN_POINT ( 'NONE',  ( 34.84299446063909045, 51.29851711344042542, 5.000000000000000000 ) ) ;
#3489 = AXIS2_PLACEMENT_3D ( 'NONE', #3695, #4048, #3335 ) ;
#3490 = ORIENTED_EDGE ( 'NONE', *, *, #2787, .F. ) ;
#3491 = CYLINDRICAL_SURFACE ( 'NONE', #1025, 2.499999999999995115 ) ;
#3492 = EDGE_LOOP ( 'NONE', ( #943, #4789, #3552, #2709 ) ) ;
#3493 = CIRCLE ( 'NONE', #1350, 1.250000000000001110 ) ;
#3494 = CARTESIAN_POINT ( 'NONE',  ( -0.1135253844867327028, 52.44685669470982248, 4.599999999999999645 ) ) ;
#3495 = ORIENTED_EDGE ( 'NONE', *, *, #4113, .F. ) ;
#3496 = LINE ( 'NONE', #5051, #116 ) ;
#3497 = LINE ( 'NONE', #45, #3324 ) ;
#3498 = ADVANCED_FACE ( 'NONE', ( #3560 ), #2390, .F. ) ;
#3499 = AXIS2_PLACEMENT_3D ( 'NONE', #4170, #3760, #1771 ) ;
#3500 = EDGE_LOOP ( 'NONE', ( #1550, #580, #1248 ) ) ;
#3501 = DIRECTION ( 'NONE',  ( 0.9999976573062887564, 0.002164574307900884748, 0.000000000000000000 ) ) ;
#3502 = EDGE_CURVE ( 'NONE', #4810, #3840, #2998, .T. ) ;
#3503 = CARTESIAN_POINT ( 'NONE',  ( -0.1295671220299760007, 59.85787506458685669, 4.599999999999999645 ) ) ;
#3504 = LINE ( 'NONE', #3133, #2907 ) ;
#3505 = CARTESIAN_POINT ( 'NONE',  ( 47.85035056033056122, 66.73785271226965676, 4.599999999999999645 ) ) ;
#3506 = EDGE_CURVE ( 'NONE', #3622, #2766, #437, .T. ) ;
#3507 = VERTEX_POINT ( 'NONE', #346 ) ;
#3508 = PLANE ( 'NONE',  #3258 ) ;
#3509 = CARTESIAN_POINT ( 'NONE',  ( 54.64768155626245516, 56.93935805308352371, 4.599999999999999645 ) ) ;
#3510 = VERTEX_POINT ( 'NONE', #3184 ) ;
#3511 = FACE_BOUND ( 'NONE', #1533, .T. ) ;
#3512 = ORIENTED_EDGE ( 'NONE', *, *, #4955, .F. ) ;
#3513 = EDGE_CURVE ( 'NONE', #4963, #585, #406, .T. ) ;
#3514 = LINE ( 'NONE', #3117, #4299 ) ;
#3515 = CARTESIAN_POINT ( 'NONE',  ( 0.5000000000000008882, 73.50000000000000000, 0.5000000000000000000 ) ) ;
#3516 = CARTESIAN_POINT ( 'NONE',  ( 0.000000000000000000, 120.0000000000000000, 0.000000000000000000 ) ) ;
#3517 = VERTEX_POINT ( 'NONE', #197 ) ;
#3518 = ORIENTED_EDGE ( 'NONE', *, *, #2342, .T. ) ;
#3519 = VECTOR ( 'NONE', #119, 1000.000000000000000 ) ;
#3520 = ORIENTED_EDGE ( 'NONE', *, *, #3154, .T. ) ;
#3521 = DIRECTION ( 'NONE',  ( -1.000000000000000000, 0.000000000000000000, 0.000000000000000000 ) ) ;
#3522 = DIRECTION ( 'NONE',  ( -0.000000000000000000, 0.000000000000000000, 1.000000000000000000 ) ) ;
#3523 = EDGE_LOOP ( 'NONE', ( #4770, #2541, #3231, #1763 ) ) ;
#3524 = EDGE_LOOP ( 'NONE', ( #3112, #4765, #1113 ) ) ;
#3525 = EDGE_CURVE ( 'NONE', #1310, #5003, #149, .T. ) ;
#3526 = ADVANCED_FACE ( 'NONE', ( #2865 ), #729, .T. ) ;
#3527 = CARTESIAN_POINT ( 'NONE',  ( 22.08057022590531560, 61.22519618111125084, 4.599999999999999645 ) ) ;
#3528 = CARTESIAN_POINT ( 'NONE',  ( 54.22558589064953338, 56.38817062730887386, 4.599999999999999645 ) ) ;
#3529 = CARTESIAN_POINT ( 'NONE',  ( 18.29999999999999716, 18.49999999999998934, 0.000000000000000000 ) ) ;
#3530 = DIRECTION ( 'NONE',  ( -0.000000000000000000, -0.000000000000000000, 1.000000000000000000 ) ) ;
#3531 = CARTESIAN_POINT ( 'NONE',  ( 43.08109070326097623, 63.58109551050129937, 5.000000000000000000 ) ) ;
#3532 = ORIENTED_EDGE ( 'NONE', *, *, #4111, .T. ) ;
#3533 = DIRECTION ( 'NONE',  ( -0.002164574307904652134, 0.9999976573062887564, 0.000000000000000000 ) ) ;
#3534 = ORIENTED_EDGE ( 'NONE', *, *, #1853, .T. ) ;
#3535 = CARTESIAN_POINT ( 'NONE',  ( 18.96159110272099824, 59.94858267635414251, 5.000000000000000000 ) ) ;
#3536 = EDGE_CURVE ( 'NONE', #2568, #2400, #649, .T. ) ;
#3537 = EDGE_CURVE ( 'NONE', #4430, #2781, #1795, .T. ) ;
#3538 = LINE ( 'NONE', #830, #1189 ) ;
#3539 = VERTEX_POINT ( 'NONE', #3378 ) ;
#3540 = CARTESIAN_POINT ( 'NONE',  ( 57.58860395026325563, 65.51376142484208742, 4.599999999999999645 ) ) ;
#3541 = CARTESIAN_POINT ( 'NONE',  ( 0.09884803827792058850, 74.62950804072157496, 0.9917937397773900488 ) ) ;
#3542 = FACE_OUTER_BOUND ( 'NONE', #3381, .T. ) ;
#3543 = ORIENTED_EDGE ( 'NONE', *, *, #4222, .F. ) ;
#3544 = CARTESIAN_POINT ( 'NONE',  ( 50.49088868411231346, 67.42082781729087060, 4.599999999999999645 ) ) ;
#3545 = VERTEX_POINT ( 'NONE', #2986 ) ;
#3546 = VERTEX_POINT ( 'NONE', #3810 ) ;
#3547 = CARTESIAN_POINT ( 'NONE',  ( 63.82145453975622473, 3.806667673894479798, 5.000000000000000000 ) ) ;
#3548 = ADVANCED_FACE ( 'NONE', ( #4959 ), #4249, .F. ) ;
#3549 = LINE ( 'NONE', #2379, #3235 ) ;
#3550 = EDGE_LOOP ( 'NONE', ( #3375, #2312, #2960, #3662, #3471, #3490 ) ) ;
#3551 = CLOSED_SHELL ( 'NONE', ( #4964, #4709, #2935, #2989, #1321, #3498, #1577, #4820, #1874, #3949, #2320, #1128, #1644, #2133, #3676, #3526, #2667, #945, #3548, #4071, #3299, #1218, #132, #3209, #4975, #3097, #955, #1721, #683, #640, #1269, #2504, #115, #2992, #2285, #4499, #2737, #2273, #2262, #2885, #1945, #2756, #1845, #209, #2493, #676, #3694, #2209, #2404, #544, #3752, #2775, #2135, #3584, #4320, #1151, #3318, #4822, #5005, #3188, #4530, #1737, #4073, #4339, #85, #1112, #3342, #3731, #2890, #3020, #4699, #2573, #1000, #3825, #628, #4487, #4834, #804, #55, #4843, #2098, #1387, #3114, #864, #2815, #748, #291, #1084, #1407, #4593, #907, #1114, #4275, #349, #3597, #1335, #4626, #2652, #3128, #3903, #1756, #1051, #2072, #4746, #827, #783, #4435, #1215, #1034, #135, #3019, #4864, #4443, #1904, #2359, #687, #2854, #838, #259, #2609, #229, #2649, #4397, #3408, #2165, #194, #935, #3689, #2065, #4572, #1515, #3739, #3717, #4234, #3462, #3704, #2280, #4415, #1666, #2633, #4107, #2717, #3454, #4221, #4764, #4383, #1230, #3641, #3400, #3882, #2620, #773, #2585, #1832, #1635, #1164 ) ) ;
#3552 = ORIENTED_EDGE ( 'NONE', *, *, #64, .F. ) ;
#3553 = LINE ( 'NONE', #1286, #3487 ) ;
#3554 = DIRECTION ( 'NONE',  ( 0.000000000000000000, 1.000000000000000000, -0.000000000000000000 ) ) ;
#3555 = CARTESIAN_POINT ( 'NONE',  ( 75.00000000000000000, 44.99999999999999289, 0.000000000000000000 ) ) ;
#3556 = DIRECTION ( 'NONE',  ( -1.000000000000000000, 0.000000000000000000, 0.000000000000000000 ) ) ;
#3557 = ORIENTED_EDGE ( 'NONE', *, *, #382, .F. ) ;
#3558 = DIRECTION ( 'NONE',  ( 0.000000000000000000, 0.000000000000000000, -1.000000000000000000 ) ) ;
#3559 = CARTESIAN_POINT ( 'NONE',  ( 73.69825262925007792, 74.25172605281026961, 0.4339157902498683717 ) ) ;
#3560 = FACE_OUTER_BOUND ( 'NONE', #2793, .T. ) ;
#3561 = ORIENTED_EDGE ( 'NONE', *, *, #80, .T. ) ;
#3562 = DIRECTION ( 'NONE',  ( -1.000000000000000000, 0.000000000000000000, -0.000000000000000000 ) ) ;
#3563 = EDGE_CURVE ( 'NONE', #3311, #3633, #312, .T. ) ;
#3564 = CARTESIAN_POINT ( 'NONE',  ( 38.85478914024159991, 50.76751028877509953, 5.000000000000000000 ) ) ;
#3565 = LINE ( 'NONE', #3115, #1022 ) ;
#3566 = VECTOR ( 'NONE', #3916, 1000.000000000000000 ) ;
#3567 = AXIS2_PLACEMENT_3D ( 'NONE', #1671, #3405, #1850 ) ;
#3568 = EDGE_LOOP ( 'NONE', ( #4191, #2821, #283, #826 ) ) ;
#3569 = CARTESIAN_POINT ( 'NONE',  ( 26.17347629967592226, 69.52399929548074908, 5.000000000000000000 ) ) ;
#3570 = FACE_OUTER_BOUND ( 'NONE', #3135, .T. ) ;
#3571 = CARTESIAN_POINT ( 'NONE',  ( 18.12035258729484966, -9.004735323125991897, 4.599999999999999645 ) ) ;
#3572 = EDGE_CURVE ( 'NONE', #2932, #448, #2235, .T. ) ;
#3573 = LINE ( 'NONE', #5047, #3415 ) ;
#3574 = VECTOR ( 'NONE', #3245, 1000.000000000000000 ) ;
#3575 = EDGE_LOOP ( 'NONE', ( #645, #4742, #2617, #3334 ) ) ;
#3576 = ORIENTED_EDGE ( 'NONE', *, *, #1660, .T. ) ;
#3577 = VECTOR ( 'NONE', #4439, 1000.000000000000000 ) ;
#3578 = VECTOR ( 'NONE', #2654, 1000.000000000000000 ) ;
#3579 = PLANE ( 'NONE',  #1750 ) ;
#3580 = CARTESIAN_POINT ( 'NONE',  ( 50.85420801291714099, 67.42161425081793880, 4.599999999999999645 ) ) ;
#3581 = ORIENTED_EDGE ( 'NONE', *, *, #1883, .F. ) ;
#3582 = AXIS2_PLACEMENT_3D ( 'NONE', #320, #3837, #4256 ) ;
#3583 = VERTEX_POINT ( 'NONE', #2594 ) ;
#3584 = ADVANCED_FACE ( 'NONE', ( #1438 ), #2676, .F. ) ;
#3585 = CARTESIAN_POINT ( 'NONE',  ( 57.69095163281237149, 65.48929132234873407, 4.599999999999999645 ) ) ;
#3586 = LINE ( 'NONE', #1580, #3665 ) ;
#3587 = EDGE_CURVE ( 'NONE', #2020, #2566, #3477, .T. ) ;
#3588 = CARTESIAN_POINT ( 'NONE',  ( 36.14986462676659329, 57.01572259455750213, 5.000000000000000000 ) ) ;
#3589 = VERTEX_POINT ( 'NONE', #1482 ) ;
#3590 = DIRECTION ( 'NONE',  ( 0.5107203677843021872, -0.8597468848040491496, 0.000000000000000000 ) ) ;
#3591 = EDGE_CURVE ( 'NONE', #1366, #2343, #4580, .T. ) ;
#3592 = ORIENTED_EDGE ( 'NONE', *, *, #3587, .F. ) ;
#3593 = CARTESIAN_POINT ( 'NONE',  ( 33.03116546166571510, 53.98246957253758183, 5.000000000000000000 ) ) ;
#3594 = CARTESIAN_POINT ( 'NONE',  ( 39.20752677072000125, 50.76827381737618339, 5.000000000000000000 ) ) ;
#3595 = CARTESIAN_POINT ( 'NONE',  ( 41.61370355988124459, 63.57791923454993110, 5.000000000000000000 ) ) ;
#3596 = EDGE_CURVE ( 'NONE', #3193, #1355, #1126, .T. ) ;
#3597 = ADVANCED_FACE ( 'NONE', ( #4173 ), #3065, .F. ) ;
#3598 = VERTEX_POINT ( 'NONE', #2286 ) ;
#3599 = CARTESIAN_POINT ( 'NONE',  ( 59.96680715955792351, 68.43253565528095805, 5.000000000000000000 ) ) ;
#3600 = DIRECTION ( 'NONE',  ( -0.000000000000000000, -1.000000000000000000, -0.000000000000000000 ) ) ;
#3601 = CARTESIAN_POINT ( 'NONE',  ( 26.88347510842798016, 60.24439457978235168, 5.000000000000000000 ) ) ;
#3602 = ORIENTED_EDGE ( 'NONE', *, *, #3890, .T. ) ;
#3603 = B_SPLINE_CURVE_WITH_KNOTS ( 'NONE', 3,
 ( #3479, #2309, #5040, #3692 ),
 .UNSPECIFIED., .F., .F.,
 ( 4, 4 ),
 ( 21.00000000000000000, 22.00000000000000000 ),
 .UNSPECIFIED. ) ;
#3604 = EDGE_LOOP ( 'NONE', ( #4639, #4532, #2097, #2137 ) ) ;
#3605 = FACE_OUTER_BOUND ( 'NONE', #2281, .T. ) ;
#3606 = LINE ( 'NONE', #4004, #1906 ) ;
#3607 = ORIENTED_EDGE ( 'NONE', *, *, #494, .T. ) ;
#3608 = VERTEX_POINT ( 'NONE', #671 ) ;
#3609 = DIRECTION ( 'NONE',  ( 0.000000000000000000, 0.000000000000000000, 1.000000000000000000 ) ) ;
#3610 = DIRECTION ( 'NONE',  ( -1.000000000000000000, 0.000000000000000000, 0.000000000000000000 ) ) ;
#3611 = EDGE_LOOP ( 'NONE', ( #3150, #3259, #3105, #436, #297 ) ) ;
#3612 = CARTESIAN_POINT ( 'NONE',  ( 34.58037044103966906, 60.18697884857790115, 4.599999999999999645 ) ) ;
#3613 = CARTESIAN_POINT ( 'NONE',  ( 20.88358404535131641, -6.741047825046448949, 4.599999999999999645 ) ) ;
#3614 = DIRECTION ( 'NONE',  ( 0.8955204777199192723, -0.4450203073841547119, 0.000000000000000000 ) ) ;
#3615 = CIRCLE ( 'NONE', #1381, 1.500000000000001332 ) ;
#3616 = CARTESIAN_POINT ( 'NONE',  ( 73.54797501467069765, 46.11107620907489490, 0.4840083284431040966 ) ) ;
#3617 = B_SPLINE_SURFACE_WITH_KNOTS ( 'NONE', 3, 1, ( 
 ( #2355, #3925 ),
 ( #4651, #407 ),
 ( #3580, #1966 ),
 ( #2298, #760 ) ),
 .UNSPECIFIED., .F., .F., .F.,
 ( 4, 4 ),
 ( 2, 2 ),
 ( 4.000000000000000000, 5.000000000000000000 ),
 ( 0.000000000000000000, 1.000000000000000000 ),
 .UNSPECIFIED. ) ;
#3618 = ORIENTED_EDGE ( 'NONE', *, *, #1569, .F. ) ;
#3619 = DIRECTION ( 'NONE',  ( 1.000000000000000000, -0.000000000000000000, -0.000000000000000000 ) ) ;
#3620 = CARTESIAN_POINT ( 'NONE',  ( 5.000000000000000888, 2.499999999999996003, -10.00000000000000178 ) ) ;
#3621 = LINE ( 'NONE', #3571, #865 ) ;
#3622 = VERTEX_POINT ( 'NONE', #4984 ) ;
#3623 = ORIENTED_EDGE ( 'NONE', *, *, #4591, .T. ) ;
#3624 = CARTESIAN_POINT ( 'NONE',  ( 5.000000000000000000, 0.000000000000000000, 5.000000000000000000 ) ) ;
#3625 = CARTESIAN_POINT ( 'NONE',  ( 16.97589199274863958, 59.84551655870923526, 5.000000000000000000 ) ) ;
#3626 = EDGE_CURVE ( 'NONE', #4854, #2327, #4929, .T. ) ;
#3627 = ORIENTED_EDGE ( 'NONE', *, *, #3142, .T. ) ;
#3628 = VERTEX_POINT ( 'NONE', #1074 ) ;
#3629 = CARTESIAN_POINT ( 'NONE',  ( 67.50000000000000000, -6.071532165918824830E-15, 0.000000000000000000 ) ) ;
#3630 = CARTESIAN_POINT ( 'NONE',  ( 33.01779607714239972, 60.15890489015593090, 5.000000000000000000 ) ) ;
#3631 = CARTESIAN_POINT ( 'NONE',  ( 59.96680715955792351, 68.43253565528095805, 5.000000000000000000 ) ) ;
#3632 = CARTESIAN_POINT ( 'NONE',  ( 75.00000000000000000, 75.00000000000000000, 0.000000000000000000 ) ) ;
#3633 = VERTEX_POINT ( 'NONE', #3450 ) ;
#3634 = EDGE_LOOP ( 'NONE', ( #4086, #3227, #3315, #2808 ) ) ;
#3635 = CARTESIAN_POINT ( 'NONE',  ( 73.87179947255803825, 74.55402460371043105, 1.128200527441372669 ) ) ;
#3636 = CARTESIAN_POINT ( 'NONE',  ( 0.9011831294467331777, 74.75167855023860852, 0.9011831294467274045 ) ) ;
#3637 = CARTESIAN_POINT ( 'NONE',  ( 0.1719615153912169569, 45.74742795327626510, 1.301227930856629689 ) ) ;
#3638 = VERTEX_POINT ( 'NONE', #698 ) ;
#3639 = LINE ( 'NONE', #1675, #617 ) ;
#3640 = DIRECTION ( 'NONE',  ( -0.000000000000000000, -0.000000000000000000, 1.000000000000000000 ) ) ;
#3641 = ADVANCED_FACE ( 'NONE', ( #3830 ), #1840, .T. ) ;
#3642 = ORIENTED_EDGE ( 'NONE', *, *, #2371, .F. ) ;
#3643 = DIRECTION ( 'NONE',  ( -1.000000000000000000, 4.625929269271485914E-16, 0.000000000000000000 ) ) ;
#3644 = CYLINDRICAL_SURFACE ( 'NONE', #3489, 1.250000000000001110 ) ;
#3645 = CARTESIAN_POINT ( 'NONE',  ( 35.32993193914360575, 69.15170646614373595, 4.599999999999999645 ) ) ;
#3646 = EDGE_CURVE ( 'NONE', #4826, #4128, #3911, .T. ) ;
#3647 = ORIENTED_EDGE ( 'NONE', *, *, #1798, .F. ) ;
#3648 = VERTEX_POINT ( 'NONE', #2759 ) ;
#3649 = CARTESIAN_POINT ( 'NONE',  ( 45.34840069594080347, 52.54526264242620215, 5.000000000000000000 ) ) ;
#3650 = VECTOR ( 'NONE', #4020, 1000.000000000000000 ) ;
#3651 = DIRECTION ( 'NONE',  ( -1.000000000000000000, 0.000000000000000000, 1.301042606982605321E-16 ) ) ;
#3652 = AXIS2_PLACEMENT_3D ( 'NONE', #2302, #767, #5086 ) ;
#3653 = DIRECTION ( 'NONE',  ( 0.000000000000000000, 0.000000000000000000, 1.000000000000000000 ) ) ;
#3654 = ORIENTED_EDGE ( 'NONE', *, *, #2875, .F. ) ;
#3655 = ORIENTED_EDGE ( 'NONE', *, *, #2294, .F. ) ;
#3656 = VECTOR ( 'NONE', #523, 1000.000000000000000 ) ;
#3657 = DIRECTION ( 'NONE',  ( -0.000000000000000000, 1.000000000000000000, -0.000000000000000000 ) ) ;
#3658 = CARTESIAN_POINT ( 'NONE',  ( 18.95884240092216899, 61.21843760784149424, 5.000000000000000000 ) ) ;
#3659 = CIRCLE ( 'NONE', #1421, 5.000000000000002665 ) ;
#3660 = DIRECTION ( 'NONE',  ( -1.000000000000000000, 0.000000000000000000, 0.000000000000000000 ) ) ;
#3661 = CARTESIAN_POINT ( 'NONE',  ( 74.94563355144116201, 74.80938657795199731, 0.7573604411477068421 ) ) ;
#3662 = ORIENTED_EDGE ( 'NONE', *, *, #3596, .T. ) ;
#3663 = CARTESIAN_POINT ( 'NONE',  ( 61.25000000000001421, 117.5000000000000000, -15.00000000000000000 ) ) ;
#3664 = EDGE_CURVE ( 'NONE', #308, #2171, #4161, .T. ) ;
#3665 = VECTOR ( 'NONE', #50, 1000.000000000000000 ) ;
#3666 = CARTESIAN_POINT ( 'NONE',  ( 73.50000000000000000, 73.50000000000000000, 1.500000000000000000 ) ) ;
#3667 = CARTESIAN_POINT ( 'NONE',  ( 0.9218201416690011696, 74.69950020189062911, 0.3072733805563552245 ) ) ;
#3668 = ORIENTED_EDGE ( 'NONE', *, *, #2875, .T. ) ;
#3669 = AXIS2_PLACEMENT_3D ( 'NONE', #4900, #205, #4884 ) ;
#3670 = DIRECTION ( 'NONE',  ( -1.000000000000000000, 0.000000000000000000, 0.000000000000000000 ) ) ;
#3671 = VERTEX_POINT ( 'NONE', #2339 ) ;
#3672 = DIRECTION ( 'NONE',  ( 2.602085213965207190E-16, -0.000000000000000000, 1.000000000000000000 ) ) ;
#3673 = DIRECTION ( 'NONE',  ( -0.000000000000000000, 1.000000000000000000, -0.000000000000000000 ) ) ;
#3674 = CARTESIAN_POINT ( 'NONE',  ( 43.86543613087225424, 62.99724613215688862, 5.000000000000000000 ) ) ;
#3675 = VERTEX_POINT ( 'NONE', #78 ) ;
#3676 = ADVANCED_FACE ( 'NONE', ( #3511, #3938 ), #1954, .T. ) ;
#3677 = VERTEX_POINT ( 'NONE', #3535 ) ;
#3678 = CARTESIAN_POINT ( 'NONE',  ( 14.38323494084624166, 60.15874940231086043, 4.599999999999999645 ) ) ;
#3679 = CARTESIAN_POINT ( 'NONE',  ( 29.88269561313709133, 64.70051189553737458, 4.599999999999999645 ) ) ;
#3680 = CARTESIAN_POINT ( 'NONE',  ( 52.07689581311743154, 56.62338243729705312, 4.599999999999999645 ) ) ;
#3681 = ORIENTED_EDGE ( 'NONE', *, *, #3417, .T. ) ;
#3682 = ORIENTED_EDGE ( 'NONE', *, *, #3266, .T. ) ;
#3683 = CARTESIAN_POINT ( 'NONE',  ( 0.5000000000000011102, 73.50000000000000000, 1.500000000000000000 ) ) ;
#3684 = DIRECTION ( 'NONE',  ( -0.000000000000000000, -0.000000000000000000, 1.000000000000000000 ) ) ;
#3685 = CARTESIAN_POINT ( 'NONE',  ( 31.46693423918955190, 54.71983697195834395, 4.599999999999999645 ) ) ;
#3686 = ORIENTED_EDGE ( 'NONE', *, *, #2220, .F. ) ;
#3687 = EDGE_CURVE ( 'NONE', #467, #3510, #450, .T. ) ;
#3688 = DIRECTION ( 'NONE',  ( 0.000000000000000000, 5.551115123125785858E-15, 1.000000000000000000 ) ) ;
#3689 = ADVANCED_FACE ( 'NONE', ( #1927 ), #3113, .F. ) ;
#3690 = CYLINDRICAL_SURFACE ( 'NONE', #4385, 4.999999999999998224 ) ;
#3691 = ORIENTED_EDGE ( 'NONE', *, *, #515, .T. ) ;
#3692 = CARTESIAN_POINT ( 'NONE',  ( 35.78597283154926600, 50.76086759227584366, 5.000000000000000000 ) ) ;
#3693 = ORIENTED_EDGE ( 'NONE', *, *, #2180, .F. ) ;
#3694 = ADVANCED_FACE ( 'NONE', ( #2699 ), #1590, .T. ) ;
#3695 = CARTESIAN_POINT ( 'NONE',  ( 13.74999999999998757, 116.2500000000000000, -15.00000000000000000 ) ) ;
#3696 = EDGE_CURVE ( 'NONE', #3965, #4462, #4869, .T. ) ;
#3697 = LINE ( 'NONE', #138, #2166 ) ;
#3698 = ORIENTED_EDGE ( 'NONE', *, *, #3082, .F. ) ;
#3699 = CARTESIAN_POINT ( 'NONE',  ( 38.14833781771924492, 54.47679853951059670, 5.000000000000000000 ) ) ;
#3700 = CARTESIAN_POINT ( 'NONE',  ( 46.02826944961941535, 56.22933325006388117, 4.599999999999999645 ) ) ;
#3701 = DIRECTION ( 'NONE',  ( 0.000000000000000000, 0.000000000000000000, -1.000000000000000000 ) ) ;
#3702 = ORIENTED_EDGE ( 'NONE', *, *, #2510, .T. ) ;
#3703 = ORIENTED_EDGE ( 'NONE', *, *, #1521, .T. ) ;
#3704 = ADVANCED_FACE ( 'NONE', ( #1614 ), #1104, .F. ) ;
#3705 = CARTESIAN_POINT ( 'NONE',  ( 36.14294705659228413, 60.21152601110345159, 4.599999999999999645 ) ) ;
#3706 = CARTESIAN_POINT ( 'NONE',  ( 43.76239363741270694, 63.34270742456207870, 5.000000000000000000 ) ) ;
#3707 = ORIENTED_EDGE ( 'NONE', *, *, #1526, .T. ) ;
#3708 = CARTESIAN_POINT ( 'NONE',  ( 1.192661466157838079, 74.41498464624837084, 0.3975538220526756428 ) ) ;
#3709 = VERTEX_POINT ( 'NONE', #1537 ) ;
#3710 = CARTESIAN_POINT ( 'NONE',  ( 12.49999999999998757, -6.071532165918824830E-15, -9.999999999999991118 ) ) ;
#3711 = AXIS2_PLACEMENT_3D ( 'NONE', #973, #4110, #3346 ) ;
#3712 = ORIENTED_EDGE ( 'NONE', *, *, #3316, .T. ) ;
#3713 = CARTESIAN_POINT ( 'NONE',  ( 0.4999999999999976130, 46.49999999999999289, 1.500000000000000000 ) ) ;
#3714 = CYLINDRICAL_SURFACE ( 'NONE', #4801, 2.500000000000002220 ) ;
#3715 = ORIENTED_EDGE ( 'NONE', *, *, #4560, .T. ) ;
#3716 = DIRECTION ( 'NONE',  ( -0.000000000000000000, -0.000000000000000000, 1.000000000000000000 ) ) ;
#3717 = ADVANCED_FACE ( 'NONE', ( #746 ), #2669, .F. ) ;
#3718 = DIRECTION ( 'NONE',  ( -0.000000000000000000, -0.000000000000000000, -1.000000000000000000 ) ) ;
#3719 = LINE ( 'NONE', #2193, #3151 ) ;
#3720 = EDGE_LOOP ( 'NONE', ( #1815, #3404, #1073, #1576 ) ) ;
#3721 = ORIENTED_EDGE ( 'NONE', *, *, #2111, .T. ) ;
#3722 = VECTOR ( 'NONE', #4965, 1000.000000000000000 ) ;
#3723 = CONICAL_SURFACE ( 'NONE', #2156, 1.399999999999984590, 0.7853981633974541632 ) ;
#3724 = CARTESIAN_POINT ( 'NONE',  ( 0.8786796564403583920, 75.00000000000000000, 0.2928932188134524273 ) ) ;
#3725 = CARTESIAN_POINT ( 'NONE',  ( 35.78597283154926600, 50.76086759227584366, 4.599999999999999645 ) ) ;
#3726 = B_SPLINE_CURVE_WITH_KNOTS ( 'NONE', 3,
 ( #3906, #3588, #3469, #3871 ),
 .UNSPECIFIED., .F., .F.,
 ( 4, 4 ),
 ( 20.00000000000000000, 21.00000000000000000 ),
 .UNSPECIFIED. ) ;
#3727 = DIRECTION ( 'NONE',  ( -0.000000000000000000, -0.000000000000000000, 1.000000000000000000 ) ) ;
#3728 = VECTOR ( 'NONE', #1941, 1000.000000000000000 ) ;
#3729 = AXIS2_PLACEMENT_3D ( 'NONE', #732, #4971, #2297 ) ;
#3730 = LINE ( 'NONE', #4860, #1999 ) ;
#3731 = ADVANCED_FACE ( 'NONE', ( #3966 ), #635, .F. ) ;
#3732 = AXIS2_PLACEMENT_3D ( 'NONE', #1233, #4372, #439 ) ;
#3733 = CARTESIAN_POINT ( 'NONE',  ( 53.87637639000512024, 56.38741473562488693, 5.000000000000000000 ) ) ;
#3734 = CARTESIAN_POINT ( 'NONE',  ( 0.1308856618478879130, 74.99999999171568277, 0.1308856618478870248 ) ) ;
#3735 = CARTESIAN_POINT ( 'NONE',  ( -0.1097077414814782992, 50.68316854231763813, 4.599999999999999645 ) ) ;
#3736 = ORIENTED_EDGE ( 'NONE', *, *, #2665, .T. ) ;
#3737 = DIRECTION ( 'NONE',  ( 0.000000000000000000, 0.000000000000000000, -1.000000000000000000 ) ) ;
#3738 = VECTOR ( 'NONE', #1443, 999.9999999999998863 ) ;
#3739 = ADVANCED_FACE ( 'NONE', ( #133 ), #883, .F. ) ;
#3740 = B_SPLINE_CURVE_WITH_KNOTS ( 'NONE', 3,
 ( #3137, #3448, #5006, #3509 ),
 .UNSPECIFIED., .F., .F.,
 ( 4, 4 ),
 ( 35.00000000000000000, 36.00000000000000000 ),
 .UNSPECIFIED. ) ;
#3741 = ORIENTED_EDGE ( 'NONE', *, *, #5002, .T. ) ;
#3742 = CARTESIAN_POINT ( 'NONE',  ( 35.32993193914360575, 69.15170646614373595, 5.000000000000000000 ) ) ;
#3743 = EDGE_CURVE ( 'NONE', #292, #4, #599, .T. ) ;
#3744 = EDGE_CURVE ( 'NONE', #1420, #4468, #4016, .T. ) ;
#3745 = ORIENTED_EDGE ( 'NONE', *, *, #2599, .F. ) ;
#3746 = DIRECTION ( 'NONE',  ( -1.000000000000000000, 0.000000000000000000, 0.000000000000000000 ) ) ;
#3747 = DIRECTION ( 'NONE',  ( 0.3244355677353744083, 0.9459077980375387718, 0.000000000000000000 ) ) ;
#3748 = CARTESIAN_POINT ( 'NONE',  ( 22.50000000000000355, 112.5000000000000000, -10.00000000000000000 ) ) ;
#3749 = ORIENTED_EDGE ( 'NONE', *, *, #4591, .F. ) ;
#3750 = VERTEX_POINT ( 'NONE', #2930 ) ;
#3751 = DIRECTION ( 'NONE',  ( -1.000000000000000000, 0.000000000000000000, 0.000000000000000000 ) ) ;
#3752 = ADVANCED_FACE ( 'NONE', ( #976 ), #3690, .F. ) ;
#3753 = CARTESIAN_POINT ( 'NONE',  ( 60.62223606764680994, 50.81462765552436167, 4.599999999999999645 ) ) ;
#3754 = DIRECTION ( 'NONE',  ( -1.000000000000000000, 0.000000000000000000, -0.000000000000000000 ) ) ;
#3755 = CARTESIAN_POINT ( 'NONE',  ( 15.43487065834723104, 69.41552549916616499, 4.599999999999999645 ) ) ;
#3756 = CARTESIAN_POINT ( 'NONE',  ( 60.96604679571537133, 51.67958202849354876, 4.599999999999999645 ) ) ;
#3757 = CARTESIAN_POINT ( 'NONE',  ( 35.87667499726751430, 69.15288993489288316, 4.599999999999999645 ) ) ;
#3758 = ORIENTED_EDGE ( 'NONE', *, *, #887, .T. ) ;
#3759 = CIRCLE ( 'NONE', #4431, 5.000000000000004441 ) ;
#3760 = DIRECTION ( 'NONE',  ( -0.000000000000000000, -1.000000000000000000, -0.000000000000000000 ) ) ;
#3761 = ORIENTED_EDGE ( 'NONE', *, *, #999, .T. ) ;
#3762 = CARTESIAN_POINT ( 'NONE',  ( 18.96433980743245939, 58.67872639927966816, 5.000000000000000000 ) ) ;
#3763 = CARTESIAN_POINT ( 'NONE',  ( 34.94305739570599201, 68.62528759425747182, 5.000000000000000000 ) ) ;
#3764 = ORIENTED_EDGE ( 'NONE', *, *, #5026, .T. ) ;
#3765 = DIRECTION ( 'NONE',  ( 0.2842690850060091146, -0.9587445370430259795, 0.000000000000000000 ) ) ;
#3766 = FACE_OUTER_BOUND ( 'NONE', #584, .T. ) ;
#3767 = DIRECTION ( 'NONE',  ( 0.000000000000000000, 1.000000000000000000, 0.000000000000000000 ) ) ;
#3768 = ORIENTED_EDGE ( 'NONE', *, *, #2661, .F. ) ;
#3769 = ORIENTED_EDGE ( 'NONE', *, *, #382, .T. ) ;
#3770 = CARTESIAN_POINT ( 'NONE',  ( 21.45251452048412588, 58.04918181031906244, 5.000000000000000000 ) ) ;
#3771 = EDGE_CURVE ( 'NONE', #2121, #1090, #103, .T. ) ;
#3772 = CARTESIAN_POINT ( 'NONE',  ( 28.99618295937897372, 45.67025248322667608, 4.599999999999999645 ) ) ;
#3773 = PLANE ( 'NONE',  #172 ) ;
#3774 = FACE_OUTER_BOUND ( 'NONE', #3611, .T. ) ;
#3775 = FACE_OUTER_BOUND ( 'NONE', #3886, .T. ) ;
#3776 = CARTESIAN_POINT ( 'NONE',  ( 0.2303039929152719822, 46.49999999999999289, 1.500000000000000000 ) ) ;
#3777 = DIRECTION ( 'NONE',  ( 0.002164574307903472522, -0.9999976573062887564, 0.000000000000000000 ) ) ;
#3778 = EDGE_CURVE ( 'NONE', #2204, #99, #1082, .T. ) ;
#3779 = ORIENTED_EDGE ( 'NONE', *, *, #3696, .T. ) ;
#3780 = FILL_AREA_STYLE ('',( #593 ) ) ;
#3781 = ORIENTED_EDGE ( 'NONE', *, *, #1153, .T. ) ;
#3782 = DIRECTION ( 'NONE',  ( -0.000000000000000000, 1.000000000000000000, -0.000000000000000000 ) ) ;
#3783 = AXIS2_PLACEMENT_3D ( 'NONE', #250, #3799, #4899 ) ;
#3784 = CARTESIAN_POINT ( 'NONE',  ( 1.128200527441172385, 45.44597539628943395, 1.128200527441183265 ) ) ;
#3785 = B_SPLINE_CURVE_WITH_KNOTS ( 'NONE', 3,
 ( #795, #1582, #2441, #3322, #2926, #3275, #1337, #1715, #2107, #951, #3661, #4089, #1692, #3632 ),
 .UNSPECIFIED., .F., .F.,
 ( 4, 2, 2, 2, 2, 2, 4 ),
 ( 0.000000000000000000, 0.0002946116245286738546, 0.0005892232490573477092, 0.0008838348735860214554, 0.001178446498114695418, 0.001767669747172043561, 0.002356892996229391704 ),
 .UNSPECIFIED. ) ;
#3786 = EDGE_CURVE ( 'NONE', #3507, #3045, #1294, .T. ) ;
#3787 = ORIENTED_EDGE ( 'NONE', *, *, #3153, .F. ) ;
#3788 = EDGE_CURVE ( 'NONE', #3461, #757, #2136, .T. ) ;
#3789 = PLANE ( 'NONE',  #3319 ) ;
#3790 = LINE ( 'NONE', #4178, #1265 ) ;
#3791 = CYLINDRICAL_SURFACE ( 'NONE', #2419, 1.899999999999999023 ) ;
#3792 = CARTESIAN_POINT ( 'NONE',  ( 26.16751767727940958, 50.41905633430118883, 4.599999999999999645 ) ) ;
#3793 = ORIENTED_EDGE ( 'NONE', *, *, #239, .T. ) ;
#3794 = VERTEX_POINT ( 'NONE', #2587 ) ;
#3795 = LINE ( 'NONE', #1833, #1573 ) ;
#3796 = EDGE_CURVE ( 'NONE', #425, #749, #24, .T. ) ;
#3797 = LINE ( 'NONE', #1139, #4949 ) ;
#3798 = CARTESIAN_POINT ( 'NONE',  ( 60.96604679571537133, 51.67958202849354876, 5.000000000000000000 ) ) ;
#3799 = DIRECTION ( 'NONE',  ( 0.000000000000000000, 1.000000000000000000, 0.000000000000000000 ) ) ;
#3800 = VECTOR ( 'NONE', #1318, 1000.000000000000000 ) ;
#3801 = LINE ( 'NONE', #279, #2242 ) ;
#3802 = CARTESIAN_POINT ( 'NONE',  ( 27.50000000000062528, 117.5000000000000000, -4.999999999999997335 ) ) ;
#3803 = CARTESIAN_POINT ( 'NONE',  ( 21.45251452048412588, 58.04918181031906244, 4.599999999999999645 ) ) ;
#3804 = CARTESIAN_POINT ( 'NONE',  ( 51.97385331965852373, 56.96884372970191635, 4.599999999999999645 ) ) ;
#3805 = VECTOR ( 'NONE', #4134, 1000.000000000000000 ) ;
#3806 = ORIENTED_EDGE ( 'NONE', *, *, #4504, .T. ) ;
#3807 = CARTESIAN_POINT ( 'NONE',  ( 28.99618295937896306, 45.67025248322667608, 4.599999999999999645 ) ) ;
#3808 = VECTOR ( 'NONE', #1367, 1000.000000000000000 ) ;
#3809 = VERTEX_POINT ( 'NONE', #4574 ) ;
#3810 = CARTESIAN_POINT ( 'NONE',  ( 60.96604679571537133, 51.67958202849354876, 4.599999999999999645 ) ) ;
#3811 = CARTESIAN_POINT ( 'NONE',  ( 0.8786796564403539511, 44.99999999999999289, 0.2928932188134519277 ) ) ;
#3812 = ORIENTED_EDGE ( 'NONE', *, *, #2371, .T. ) ;
#3813 = CARTESIAN_POINT ( 'NONE',  ( 56.31831518861017827, 68.97138550662481293, 4.599999999999999645 ) ) ;
#3814 = CARTESIAN_POINT ( 'NONE',  ( 56.70000000000000284, 18.49999999999998934, 3.000000000000000000 ) ) ;
#3815 = CARTESIAN_POINT ( 'NONE',  ( 61.25000000000001421, 116.2499999999999858, 0.000000000000000000 ) ) ;
#3816 = LINE ( 'NONE', #4937, #2567 ) ;
#3817 = ORIENTED_EDGE ( 'NONE', *, *, #3525, .F. ) ;
#3818 = CARTESIAN_POINT ( 'NONE',  ( 36.10000000000001563, 21.74999999999999289, 0.000000000000000000 ) ) ;
#3819 = FACE_OUTER_BOUND ( 'NONE', #4634, .T. ) ;
#3820 = LINE ( 'NONE', #228, #663 ) ;
#3821 = CARTESIAN_POINT ( 'NONE',  ( 16.97589199274863958, 59.84551655870923526, 5.000000000000000000 ) ) ;
#3822 = LINE ( 'NONE', #820, #4570 ) ;
#3823 = CARTESIAN_POINT ( 'NONE',  ( 18.96433980743245939, 58.67872639927966816, 4.599999999999999645 ) ) ;
#3824 = CARTESIAN_POINT ( 'NONE',  ( 52.75819874726980885, 56.38499435135753401, 4.599999999999999645 ) ) ;
#3825 = ADVANCED_FACE ( 'NONE', ( #231 ), #1383, .F. ) ;
#3826 = ORIENTED_EDGE ( 'NONE', *, *, #3475, .T. ) ;
#3827 = CARTESIAN_POINT ( 'NONE',  ( 28.50223509472851191, 52.24071647654527339, 5.000000000000000000 ) ) ;
#3828 = DIRECTION ( 'NONE',  ( -1.000000000000000000, 0.000000000000000000, -0.000000000000000000 ) ) ;
#3829 = ORIENTED_EDGE ( 'NONE', *, *, #16, .F. ) ;
#3830 = FACE_OUTER_BOUND ( 'NONE', #4005, .T. ) ;
#3831 = PLANE ( 'NONE',  #3332 ) ;
#3832 = DIRECTION ( 'NONE',  ( -1.000000000000000000, 0.000000000000000000, 0.000000000000000000 ) ) ;
#3833 = ORIENTED_EDGE ( 'NONE', *, *, #284, .F. ) ;
#3834 = EDGE_CURVE ( 'NONE', #4417, #1422, #1452, .T. ) ;
#3835 = CARTESIAN_POINT ( 'NONE',  ( 0.000000000000000000, 73.50000000000000000, 0.000000000000000000 ) ) ;
#3836 = DIRECTION ( 'NONE',  ( 0.000000000000000000, 0.000000000000000000, -1.000000000000000000 ) ) ;
#3837 = DIRECTION ( 'NONE',  ( -0.002164574307904475192, 0.9999976573062887564, 0.000000000000000000 ) ) ;
#3838 = LINE ( 'NONE', #1267, #2164 ) ;
#3839 = VERTEX_POINT ( 'NONE', #4597 ) ;
#3840 = VERTEX_POINT ( 'NONE', #3425 ) ;
#3841 = CARTESIAN_POINT ( 'NONE',  ( 26.88347510842798016, 60.24439457978235168, 5.000000000000000000 ) ) ;
#3842 = VECTOR ( 'NONE', #620, 1000.000000000000000 ) ;
#3843 = CARTESIAN_POINT ( 'NONE',  ( 56.70000000000001705, 106.6999999999999886, 0.000000000000000000 ) ) ;
#3844 = EDGE_LOOP ( 'NONE', ( #47, #1214, #4051, #4284 ) ) ;
#3845 = EDGE_CURVE ( 'NONE', #3546, #4503, #2178, .T. ) ;
#3846 = CYLINDRICAL_SURFACE ( 'NONE', #4318, 1.000000000000000000 ) ;
#3847 = DIRECTION ( 'NONE',  ( 0.000000000000000000, -0.000000000000000000, 1.000000000000000000 ) ) ;
#3848 = DIRECTION ( 'NONE',  ( -1.000000000000000000, -0.000000000000000000, -0.000000000000000000 ) ) ;
#3849 = CARTESIAN_POINT ( 'NONE',  ( 35.09940047173320465, 68.10004456002852180, 4.599999999999999645 ) ) ;
#3850 = ORIENTED_EDGE ( 'NONE', *, *, #1281, .T. ) ;
#3851 = CARTESIAN_POINT ( 'NONE',  ( 29.81318971088235159, 69.10801979596014633, 5.000000000000000000 ) ) ;
#3852 = CARTESIAN_POINT ( 'NONE',  ( 31.45523698125404621, 60.12377736324087607, 5.000000000000000000 ) ) ;
#3853 = ORIENTED_EDGE ( 'NONE', *, *, #905, .T. ) ;
#3854 = CARTESIAN_POINT ( 'NONE',  ( 22.08331893061677320, 59.95533990403678359, 5.000000000000000000 ) ) ;
#3855 = B_SPLINE_SURFACE_WITH_KNOTS ( 'NONE', 3, 1, ( 
 ( #4210, #4185 ),
 ( #1088, #4524 ),
 ( #4159, #4568 ),
 ( #2663, #4617 ) ),
 .UNSPECIFIED., .F., .F., .F.,
 ( 4, 4 ),
 ( 2, 2 ),
 ( 5.000000000000000000, 5.999744496299006080 ),
 ( 0.000000000000000000, 1.000000000000000000 ),
 .UNSPECIFIED. ) ;
#3856 = CARTESIAN_POINT ( 'NONE',  ( 1.202225496247616654, 45.53443967518060020, 1.202225496247623537 ) ) ;
#3857 = DIRECTION ( 'NONE',  ( 0.000000000000000000, 0.000000000000000000, -1.000000000000000000 ) ) ;
#3858 = EDGE_CURVE ( 'NONE', #3794, #2822, #1476, .T. ) ;
#3859 = ORIENTED_EDGE ( 'NONE', *, *, #397, .T. ) ;
#3860 = CARTESIAN_POINT ( 'NONE',  ( 43.86543613087226845, 62.99724613215688862, 4.599999999999999645 ) ) ;
#3861 = DIRECTION ( 'NONE',  ( 1.000000000000000000, 0.000000000000000000, -1.387778780781445873E-15 ) ) ;
#3862 = DIRECTION ( 'NONE',  ( 0.000000000000000000, 0.000000000000000000, -1.000000000000000000 ) ) ;
#3863 = ORIENTED_EDGE ( 'NONE', *, *, #2220, .T. ) ;
#3864 = VERTEX_POINT ( 'NONE', #3776 ) ;
#3865 = DIRECTION ( 'NONE',  ( 1.000000000000000000, 0.000000000000000000, 0.000000000000000000 ) ) ;
#3866 = EDGE_LOOP ( 'NONE', ( #2091, #709, #1170, #1712 ) ) ;
#3867 = DIRECTION ( 'NONE',  ( -0.7071067811865516806, 8.659560562354984627E-17, 0.7071067811865434649 ) ) ;
#3868 = FACE_OUTER_BOUND ( 'NONE', #2348, .T. ) ;
#3869 = ORIENTED_EDGE ( 'NONE', *, *, #3206, .F. ) ;
#3870 = PLANE ( 'NONE',  #799 ) ;
#3871 = CARTESIAN_POINT ( 'NONE',  ( 35.00763628465025334, 51.82798241853258503, 5.000000000000000000 ) ) ;
#3872 = CARTESIAN_POINT ( 'NONE',  ( 41.30377374508643840, 63.35502291448069911, 5.000000000000000000 ) ) ;
#3873 = ORIENTED_EDGE ( 'NONE', *, *, #284, .T. ) ;
#3874 = DIRECTION ( 'NONE',  ( -0.5068659995676726426, -0.8620248595500387134, 0.000000000000000000 ) ) ;
#3875 = VECTOR ( 'NONE', #3782, 1000.000000000000000 ) ;
#3876 = EDGE_CURVE ( 'NONE', #2492, #2455, #2010, .T. ) ;
#3877 = AXIS2_PLACEMENT_3D ( 'NONE', #1516, #398, #3996 ) ;
#3878 = ORIENTED_EDGE ( 'NONE', *, *, #674, .T. ) ;
#3879 = VECTOR ( 'NONE', #4676, 1000.000000000000000 ) ;
#3880 = CARTESIAN_POINT ( 'NONE',  ( 0.5000000000000007772, 73.50000000000000000, 1.500000000000000000 ) ) ;
#3881 = CARTESIAN_POINT ( 'NONE',  ( 0.2518094684370333347, 45.18932039044305071, 0.7554284053108960562 ) ) ;
#3882 = ADVANCED_FACE ( 'NONE', ( #1404 ), #3723, .T. ) ;
#3883 = VECTOR ( 'NONE', #3433, 1000.000000000000114 ) ;
#3884 = AXIS2_PLACEMENT_3D ( 'NONE', #1442, #3861, #5014 ) ;
#3885 = VECTOR ( 'NONE', #3980, 999.9999999999998863 ) ;
#3886 = EDGE_LOOP ( 'NONE', ( #770, #2206, #668, #3764 ) ) ;
#3887 = PLANE ( 'NONE',  #183 ) ;
#3888 = CARTESIAN_POINT ( 'NONE',  ( 7.499999999999989342, 2.499999999999993783, -12.50000000000000000 ) ) ;
#3889 = CARTESIAN_POINT ( 'NONE',  ( 60.15309437322863317, 50.81361216108685852, 5.000000000000000000 ) ) ;
#3890 = EDGE_CURVE ( 'NONE', #2736, #1310, #4952, .T. ) ;
#3891 = ORIENTED_EDGE ( 'NONE', *, *, #2700, .T. ) ;
#3892 = ORIENTED_EDGE ( 'NONE', *, *, #1963, .F. ) ;
#3893 = AXIS2_PLACEMENT_3D ( 'NONE', #400, #1620, #782 ) ;
#3894 = STYLED_ITEM ( 'NONE', ( #2954 ), #2590 ) ;
#3895 = EDGE_LOOP ( 'NONE', ( #2326, #2172, #4916, #2684 ) ) ;
#3896 = CARTESIAN_POINT ( 'NONE',  ( 34.59541195506342603, 53.23804725903598722, 5.000000000000000000 ) ) ;
#3897 = CARTESIAN_POINT ( 'NONE',  ( 12.49999999999998934, 4.999999999999993783, -4.999999999999989342 ) ) ;
#3898 = ORIENTED_EDGE ( 'NONE', *, *, #1313, .F. ) ;
#3899 = AXIS2_PLACEMENT_3D ( 'NONE', #1276, #916, #538 ) ;
#3900 = VERTEX_POINT ( 'NONE', #305 ) ;
#3901 = DIRECTION ( 'NONE',  ( 0.002164574307900884748, -0.9999976573062887564, 0.000000000000000000 ) ) ;
#3902 = EDGE_CURVE ( 'NONE', #1651, #4723, #2226, .T. ) ;
#3903 = ADVANCED_FACE ( 'NONE', ( #1027 ), #1882, .F. ) ;
#3904 = CARTESIAN_POINT ( 'NONE',  ( 17.50000000000000000, 117.5000000000000000, 0.000000000000000000 ) ) ;
#3905 = B_SPLINE_CURVE_WITH_KNOTS ( 'NONE', 3,
 ( #2272, #5079, #1141, #4289 ),
 .UNSPECIFIED., .F., .F.,
 ( 4, 4 ),
 ( 0.000000000000000000, 1.000000000000000000 ),
 .UNSPECIFIED. ) ;
#3906 = CARTESIAN_POINT ( 'NONE',  ( 36.14294705659228413, 60.21152601110345159, 5.000000000000000000 ) ) ;
#3907 = CARTESIAN_POINT ( 'NONE',  ( 41.61370355988124459, 63.57791923454993110, 5.000000000000000000 ) ) ;
#3908 = VERTEX_POINT ( 'NONE', #1049 ) ;
#3909 = LINE ( 'NONE', #2696, #128 ) ;
#3910 = ORIENTED_EDGE ( 'NONE', *, *, #2841, .F. ) ;
#3911 = LINE ( 'NONE', #2723, #852 ) ;
#3912 = FACE_OUTER_BOUND ( 'NONE', #2942, .T. ) ;
#3913 = CARTESIAN_POINT ( 'NONE',  ( 41.96291306052567904, 63.57867512623392514, 5.000000000000000000 ) ) ;
#3914 = EDGE_CURVE ( 'NONE', #93, #2204, #4189, .T. ) ;
#3915 = ORIENTED_EDGE ( 'NONE', *, *, #2886, .F. ) ;
#3916 = DIRECTION ( 'NONE',  ( -0.000000000000000000, -0.000000000000000000, 1.000000000000000000 ) ) ;
#3917 = CARTESIAN_POINT ( 'NONE',  ( 44.98508136713597594, 52.54447620889911974, 4.599999999999999645 ) ) ;
#3918 = LINE ( 'NONE', #834, #4313 ) ;
#3919 = EDGE_LOOP ( 'NONE', ( #2803, #1205, #4300, #330 ) ) ;
#3920 = DIRECTION ( 'NONE',  ( 0.000000000000000000, 0.000000000000000000, -1.000000000000000000 ) ) ;
#3921 = VERTEX_POINT ( 'NONE', #1866 ) ;
#3922 = VECTOR ( 'NONE', #3718, 1000.000000000000000 ) ;
#3923 = ORIENTED_EDGE ( 'NONE', *, *, #2183, .F. ) ;
#3924 = CARTESIAN_POINT ( 'NONE',  ( 62.49999999999999289, -6.071532165918824830E-15, -5.000000000000000000 ) ) ;
#3925 = CARTESIAN_POINT ( 'NONE',  ( 51.27523411172359147, 66.83697843894680091, 5.000000000000000000 ) ) ;
#3926 = ORIENTED_EDGE ( 'NONE', *, *, #1369, .T. ) ;
#3927 = EDGE_LOOP ( 'NONE', ( #3736, #4794, #3693, #81 ) ) ;
#3928 = DIRECTION ( 'NONE',  ( -1.387778780781445873E-15, -5.551115123125785858E-15, -1.000000000000000000 ) ) ;
#3929 = EDGE_CURVE ( 'NONE', #3671, #3809, #3059, .T. ) ;
#3930 = PLANE ( 'NONE',  #1094 ) ;
#3931 = LINE ( 'NONE', #1146, #2565 ) ;
#3932 = LINE ( 'NONE', #3849, #4169 ) ;
#3933 = EDGE_LOOP ( 'NONE', ( #1664, #2529 ) ) ;
#3934 = CARTESIAN_POINT ( 'NONE',  ( -10.92803065941448004, 6.425623486521693017, 5.000000000000000000 ) ) ;
#3935 = LINE ( 'NONE', #2420, #1668 ) ;
#3936 = ORIENTED_EDGE ( 'NONE', *, *, #2948, .F. ) ;
#3937 = EDGE_CURVE ( 'NONE', #3675, #815, #2558, .T. ) ;
#3938 = FACE_OUTER_BOUND ( 'NONE', #2575, .T. ) ;
#3939 = CARTESIAN_POINT ( 'NONE',  ( 74.86912603607204630, 45.03904101202306975, 0.3926218917843757317 ) ) ;
#3940 = DIRECTION ( 'NONE',  ( -0.000000000000000000, 1.000000000000000000, -0.000000000000000000 ) ) ;
#3941 = EDGE_LOOP ( 'NONE', ( #2698, #1480, #2924, #2680 ) ) ;
#3942 = LINE ( 'NONE', #370, #2818 ) ;
#3943 = CARTESIAN_POINT ( 'NONE',  ( 74.50000000000000000, 73.50000000000000000, 1.500000000000000000 ) ) ;
#3944 = FACE_BOUND ( 'NONE', #3933, .T. ) ;
#3945 = ORIENTED_EDGE ( 'NONE', *, *, #3876, .T. ) ;
#3946 = EDGE_CURVE ( 'NONE', #2781, #4613, #2076, .T. ) ;
#3947 = ORIENTED_EDGE ( 'NONE', *, *, #3788, .F. ) ;
#3948 = UNCERTAINTY_MEASURE_WITH_UNIT (LENGTH_MEASURE( 1.000000000000000082E-05 ), #3286, 'distance_accuracy_value', 'NONE');
#3949 = ADVANCED_FACE ( 'NONE', ( #821 ), #3166, .F. ) ;
#3950 = ORIENTED_EDGE ( 'NONE', *, *, #1855, .F. ) ;
#3951 = CARTESIAN_POINT ( 'NONE',  ( 28.99618295937897017, 74.32974751677330971, 4.599999999999999645 ) ) ;
#3952 = PLANE ( 'NONE',  #1821 ) ;
#3953 = ORIENTED_EDGE ( 'NONE', *, *, #3347, .F. ) ;
#3954 = VERTEX_POINT ( 'NONE', #3084 ) ;
#3955 = EDGE_CURVE ( 'NONE', #4002, #4314, #2738, .T. ) ;
#3956 = DIRECTION ( 'NONE',  ( 0.000000000000000000, 1.000000000000000000, 0.000000000000000000 ) ) ;
#3957 = B_SPLINE_CURVE_WITH_KNOTS ( 'NONE', 3,
 ( #4126, #4155, #2899, #921, #3291, #545 ),
 .UNSPECIFIED., .F., .F.,
 ( 4, 2, 4 ),
 ( 0.000000000000000000, 1.000000000000000000, 2.000000000000000000 ),
 .UNSPECIFIED. ) ;
#3958 = CARTESIAN_POINT ( 'NONE',  ( 35.77095332533829009, 65.84749438515547126, 4.599999999999999645 ) ) ;
#3959 = EDGE_CURVE ( 'NONE', #4830, #3598, #3192, .T. ) ;
#3960 = CARTESIAN_POINT ( 'NONE',  ( 27.10923559923350012, 48.83376798311071809, 4.599999999999999645 ) ) ;
#3961 = CARTESIAN_POINT ( 'NONE',  ( 47.98893882117888410, 53.22823707465383336, 4.599999999999999645 ) ) ;
#3962 = ORIENTED_EDGE ( 'NONE', *, *, #667, .F. ) ;
#3963 = DIRECTION ( 'NONE',  ( -0.000000000000000000, 1.000000000000000000, -0.000000000000000000 ) ) ;
#3964 = CARTESIAN_POINT ( 'NONE',  ( 73.52279433010969001, 73.82492459606893931, 1.477205669890325535 ) ) ;
#3965 = VERTEX_POINT ( 'NONE', #4680 ) ;
#3966 = FACE_OUTER_BOUND ( 'NONE', #3524, .T. ) ;
#3967 = CARTESIAN_POINT ( 'NONE',  ( 38.85478914024159991, 50.76751028877509953, 4.599999999999999645 ) ) ;
#3968 = CARTESIAN_POINT ( 'NONE',  ( 41.30377374508643840, 63.35502291448069911, 5.000000000000000000 ) ) ;
#3969 = VECTOR ( 'NONE', #1809, 1000.000000000000114 ) ;
#3970 = VECTOR ( 'NONE', #3848, 1000.000000000000000 ) ;
#3971 = ORIENTED_EDGE ( 'NONE', *, *, #4778, .F. ) ;
#3972 = CARTESIAN_POINT ( 'NONE',  ( 22.08331893061677320, 59.95533990403678359, 5.000000000000000000 ) ) ;
#3973 = CARTESIAN_POINT ( 'NONE',  ( 0.2171445983499538379, 73.89706737904704426, 1.459587691556089695 ) ) ;
#3974 = CARTESIAN_POINT ( 'NONE',  ( 55.44276670398557627, 16.43885722650673742, 5.000000000000000000 ) ) ;
#3975 = CIRCLE ( 'NONE', #4132, 1.250000000000001110 ) ;
#3976 = ORIENTED_EDGE ( 'NONE', *, *, #4252, .F. ) ;
#3977 = ORIENTED_EDGE ( 'NONE', *, *, #1649, .F. ) ;
#3978 = AXIS2_PLACEMENT_3D ( 'NONE', #150, #2967, #568 ) ;
#3979 = VECTOR ( 'NONE', #4565, 1000.000000000000000 ) ;
#3980 = DIRECTION ( 'NONE',  ( 0.5107203677843007439, -0.8597468848040501488, 0.000000000000000000 ) ) ;
#3981 = DIRECTION ( 'NONE',  ( 0.000000000000000000, 0.000000000000000000, -1.000000000000000000 ) ) ;
#3982 = ORIENTED_EDGE ( 'NONE', *, *, #1163, .F. ) ;
#3983 = EDGE_LOOP ( 'NONE', ( #4938, #4092, #1688, #3294 ) ) ;
#3984 = DIRECTION ( 'NONE',  ( 1.000000000000000000, 0.000000000000000000, 0.000000000000000000 ) ) ;
#3985 = CARTESIAN_POINT ( 'NONE',  ( 0.1963848931341958259, 44.99999999999999289, 0.06546163104473279315 ) ) ;
#3986 = CARTESIAN_POINT ( 'NONE',  ( 15.79999999999998117, 106.6999999999999886, 0.000000000000000000 ) ) ;
#3987 = AXIS2_PLACEMENT_3D ( 'NONE', #3710, #4467, #911 ) ;
#3988 = CARTESIAN_POINT ( 'NONE',  ( 31.45523698125404621, 60.12377736324087607, 4.599999999999999645 ) ) ;
#3989 = ORIENTED_EDGE ( 'NONE', *, *, #1581, .T. ) ;
#3990 = DIRECTION ( 'NONE',  ( -0.000000000000000000, -0.000000000000000000, -1.000000000000000000 ) ) ;
#3991 = CARTESIAN_POINT ( 'NONE',  ( 18.12035258729484966, -9.004735323125991897, 4.599999999999999645 ) ) ;
#3992 = CARTESIAN_POINT ( 'NONE',  ( 75.00000000000000000, 44.99999999999999289, -2.572686749164322364E-15 ) ) ;
#3993 = CARTESIAN_POINT ( 'NONE',  ( 22.08331893061677320, 59.95533990403678359, 4.599999999999999645 ) ) ;
#3994 = EDGE_CURVE ( 'NONE', #705, #75, #5030, .T. ) ;
#3995 = ORIENTED_EDGE ( 'NONE', *, *, #3361, .T. ) ;
#3996 = DIRECTION ( 'NONE',  ( 2.360167994526267448E-16, -1.000000000000000000, 0.000000000000000000 ) ) ;
#3997 = CARTESIAN_POINT ( 'NONE',  ( 0.2303039929152725651, 73.69932582160834045, 1.499999999999999556 ) ) ;
#3998 = CARTESIAN_POINT ( 'NONE',  ( 29.90268027374996151, 55.46778468053395272, 5.000000000000000000 ) ) ;
#3999 = EDGE_LOOP ( 'NONE', ( #1876, #1253 ) ) ;
#4000 = VECTOR ( 'NONE', #5027, 1000.000000000000000 ) ;
#4001 = EDGE_CURVE ( 'NONE', #2713, #919, #3931, .T. ) ;
#4002 = VERTEX_POINT ( 'NONE', #441 ) ;
#4003 = CARTESIAN_POINT ( 'NONE',  ( 34.58037044103966906, 60.18697884857790115, 4.599999999999999645 ) ) ;
#4004 = CARTESIAN_POINT ( 'NONE',  ( 17.93053125479569232, 74.99553061957149680, 5.000000000000000000 ) ) ;
#4005 = EDGE_LOOP ( 'NONE', ( #730, #1543, #3945, #3989 ) ) ;
#4006 = ORIENTED_EDGE ( 'NONE', *, *, #4334, .T. ) ;
#4007 = CARTESIAN_POINT ( 'NONE',  ( 69.99999999999998579, 0.000000000000000000, 5.000000000000000000 ) ) ;
#4008 = CARTESIAN_POINT ( 'NONE',  ( 52.50000000000000711, -0.001000000000001000089, -10.00000000000000711 ) ) ;
#4009 = PLANE ( 'NONE',  #3348 ) ;
#4010 = CARTESIAN_POINT ( 'NONE',  ( 29.83130851283739915, 50.95962397155131640, 5.000000000000000000 ) ) ;
#4011 = ORIENTED_EDGE ( 'NONE', *, *, #3572, .F. ) ;
#4012 = DIRECTION ( 'NONE',  ( 0.9812001574316255859, 0.1929928782524191200, 0.000000000000000000 ) ) ;
#4013 = EDGE_CURVE ( 'NONE', #2400, #2486, #2201, .T. ) ;
#4014 = CARTESIAN_POINT ( 'NONE',  ( 73.54797501467062659, 73.88892379092469298, 0.4840083284431022093 ) ) ;
#4015 = EDGE_CURVE ( 'NONE', #1726, #160, #4708, .T. ) ;
#4016 = LINE ( 'NONE', #2498, #4213 ) ;
#4017 = VECTOR ( 'NONE', #998, 1000.000000000000000 ) ;
#4018 = CARTESIAN_POINT ( 'NONE',  ( 74.02252790794209147, 45.30360659631839582, 0.9774720920583146455 ) ) ;
#4019 = ORIENTED_EDGE ( 'NONE', *, *, #4665, .T. ) ;
#4020 = DIRECTION ( 'NONE',  ( -0.000000000000000000, -0.000000000000000000, 1.000000000000000000 ) ) ;
#4021 = CARTESIAN_POINT ( 'NONE',  ( 2.499999999999998668, 4.999999999999993783, -12.50000000000000000 ) ) ;
#4022 = CARTESIAN_POINT ( 'NONE',  ( 0.4999999999999976130, 46.49999999999999289, 1.500000000000000000 ) ) ;
#4023 = ORIENTED_EDGE ( 'NONE', *, *, #1124, .T. ) ;
#4024 = EDGE_CURVE ( 'NONE', #3628, #3750, #2718, .T. ) ;
#4025 = B_SPLINE_CURVE_WITH_KNOTS ( 'NONE', 3,
 ( #2605, #606, #655, #2578 ),
 .UNSPECIFIED., .F., .F.,
 ( 4, 4 ),
 ( 21.00000000000000000, 22.00000000000000000 ),
 .UNSPECIFIED. ) ;
#4026 = ORIENTED_EDGE ( 'NONE', *, *, #853, .F. ) ;
#4027 = CARTESIAN_POINT ( 'NONE',  ( 3.535533905932738197, 2.499999999999996003, -10.00000000000000178 ) ) ;
#4028 = CARTESIAN_POINT ( 'NONE',  ( 29.88269561313709133, 64.70051189553737458, 5.000000000000000000 ) ) ;
#4029 = ORIENTED_EDGE ( 'NONE', *, *, #1153, .F. ) ;
#4030 = EDGE_CURVE ( 'NONE', #1731, #1772, #3726, .T. ) ;
#4031 = ORIENTED_EDGE ( 'NONE', *, *, #2218, .T. ) ;
#4032 = DIRECTION ( 'NONE',  ( -0.000000000000000000, 1.000000000000000000, -0.000000000000000000 ) ) ;
#4033 = B_SPLINE_SURFACE_WITH_KNOTS ( 'NONE', 3, 1, ( 
 ( #1159, #4447 ),
 ( #3357, #3261 ),
 ( #2523, #4494 ),
 ( #2478, #1724 ) ),
 .UNSPECIFIED., .F., .F., .F.,
 ( 4, 4 ),
 ( 2, 2 ),
 ( 0.000000000000000000, 1.000000000000000000 ),
 ( 0.000000000000000000, 1.000000000000000000 ),
 .UNSPECIFIED. ) ;
#4034 = LINE ( 'NONE', #2855, #359 ) ;
#4035 = DIRECTION ( 'NONE',  ( 0.000000000000000000, 1.000000000000000000, 0.000000000000000000 ) ) ;
#4036 = LINE ( 'NONE', #74, #1494 ) ;
#4037 = B_SPLINE_CURVE_WITH_KNOTS ( 'NONE', 3,
 ( #4478, #3680, #1686, #3267 ),
 .UNSPECIFIED., .F., .F.,
 ( 4, 4 ),
 ( 33.00000000000000000, 34.00000000000000000 ),
 .UNSPECIFIED. ) ;
#4038 = ORIENTED_EDGE ( 'NONE', *, *, #2041, .F. ) ;
#4039 = ORIENTED_EDGE ( 'NONE', *, *, #4465, .F. ) ;
#4040 = CARTESIAN_POINT ( 'NONE',  ( 27.11389941078662247, 71.12337289908460036, 4.599999999999999645 ) ) ;
#4041 = CARTESIAN_POINT ( 'NONE',  ( 0.3926218917841882705, 74.96095898797697998, 0.1308739639280539768 ) ) ;
#4042 = CARTESIAN_POINT ( 'NONE',  ( 0.2303039929152719545, 46.40033402649160621, 1.500000000000000000 ) ) ;
#4043 = ORIENTED_EDGE ( 'NONE', *, *, #836, .T. ) ;
#4044 = LINE ( 'NONE', #3331, #4228 ) ;
#4045 = EDGE_CURVE ( 'NONE', #585, #574, #52, .T. ) ;
#4046 = ORIENTED_EDGE ( 'NONE', *, *, #3421, .T. ) ;
#4047 = CARTESIAN_POINT ( 'NONE',  ( 0.000000000000000000, 0.000000000000000000, 0.000000000000000000 ) ) ;
#4048 = DIRECTION ( 'NONE',  ( -0.000000000000000000, -0.000000000000000000, 1.000000000000000000 ) ) ;
#4049 = CARTESIAN_POINT ( 'NONE',  ( 50.49088868411231346, 67.42082781729087060, 4.599999999999999645 ) ) ;
#4050 = LINE ( 'NONE', #3310, #2507 ) ;
#4051 = ORIENTED_EDGE ( 'NONE', *, *, #818, .F. ) ;
#4052 = VECTOR ( 'NONE', #2260, 999.9999999999998863 ) ;
#4053 = ORIENTED_EDGE ( 'NONE', *, *, #2005, .F. ) ;
#4054 = CARTESIAN_POINT ( 'NONE',  ( 23.95290432188574670, 64.81307871474692206, 4.599999999999999645 ) ) ;
#4055 = EDGE_CURVE ( 'NONE', #4905, #4647, #20, .T. ) ;
#4056 = VECTOR ( 'NONE', #2681, 1000.000000000000114 ) ;
#4057 = LINE ( 'NONE', #2577, #1300 ) ;
#4058 = VECTOR ( 'NONE', #2946, 1000.000000000000000 ) ;
#4059 = CARTESIAN_POINT ( 'NONE',  ( 35.00763628465025334, 51.82798241853258503, 5.000000000000000000 ) ) ;
#4060 = EDGE_CURVE ( 'NONE', #3193, #1165, #1504, .T. ) ;
#4061 = EDGE_LOOP ( 'NONE', ( #881, #521, #4466, #2619 ) ) ;
#4062 = ORIENTED_EDGE ( 'NONE', *, *, #2030, .F. ) ;
#4063 = VECTOR ( 'NONE', #2224, 1000.000000000000000 ) ;
#4064 = AXIS2_PLACEMENT_3D ( 'NONE', #3204, #2373, #1541 ) ;
#4065 = LINE ( 'NONE', #4133, #2160 ) ;
#4066 = VECTOR ( 'NONE', #3158, 1000.000000000000114 ) ;
#4067 = CARTESIAN_POINT ( 'NONE',  ( 0.2928932188134531489, 75.00000000000000000, 0.8786796564403568377 ) ) ;
#4068 = B_SPLINE_CURVE_WITH_KNOTS ( 'NONE', 3,
 ( #4361, #4766, #806, #832 ),
 .UNSPECIFIED., .F., .F.,
 ( 4, 4 ),
 ( 43.00000000000000000, 44.00000000000000000 ),
 .UNSPECIFIED. ) ;
#4069 = ORIENTED_EDGE ( 'NONE', *, *, #2966, .F. ) ;
#4070 = ORIENTED_EDGE ( 'NONE', *, *, #41, .F. ) ;
#4071 = ADVANCED_FACE ( 'NONE', ( #849 ), #2692, .T. ) ;
#4072 = CARTESIAN_POINT ( 'NONE',  ( 38.24081909576754867, 68.78763099782081269, 5.000000000000000000 ) ) ;
#4073 = ADVANCED_FACE ( 'NONE', ( #4656 ), #1554, .F. ) ;
#4074 = DIRECTION ( 'NONE',  ( -1.000000000000000000, 0.000000000000000000, 0.000000000000000000 ) ) ;
#4075 = ORIENTED_EDGE ( 'NONE', *, *, #3006, .T. ) ;
#4076 = CARTESIAN_POINT ( 'NONE',  ( 16.97589199274863958, 59.84551655870923526, 4.599999999999999645 ) ) ;
#4077 = VECTOR ( 'NONE', #2871, 1000.000000000000000 ) ;
#4078 = ORIENTED_EDGE ( 'NONE', *, *, #2777, .T. ) ;
#4079 = PLANE ( 'NONE',  #122 ) ;
#4080 = EDGE_LOOP ( 'NONE', ( #332, #1706, #1191 ) ) ;
#4081 = EDGE_CURVE ( 'NONE', #4647, #656, #3504, .T. ) ;
#4082 = ORIENTED_EDGE ( 'NONE', *, *, #4495, .T. ) ;
#4083 = DIRECTION ( 'NONE',  ( 0.000000000000000000, 0.000000000000000000, -1.000000000000000000 ) ) ;
#4084 = CARTESIAN_POINT ( 'NONE',  ( 12.49999999999998934, -6.071532165918824830E-15, -4.999999999999989342 ) ) ;
#4085 = DIRECTION ( 'NONE',  ( 1.000000000000000000, 0.000000000000000000, 0.000000000000000000 ) ) ;
#4086 = ORIENTED_EDGE ( 'NONE', *, *, #4479, .T. ) ;
#4087 = ORIENTED_EDGE ( 'NONE', *, *, #4378, .T. ) ;
#4088 = CARTESIAN_POINT ( 'NONE',  ( 37.50000000000000000, 103.6499999999999915, 3.000000000000000000 ) ) ;
#4089 = CARTESIAN_POINT ( 'NONE',  ( 74.98750453598840693, 74.95959017600318930, 0.3970951604480458252 ) ) ;
#4090 = CYLINDRICAL_SURFACE ( 'NONE', #4856, 1.500000000000001332 ) ;
#4091 = CARTESIAN_POINT ( 'NONE',  ( 0.1963848931343230297, 75.00000000000000000, 0.06546163104477407957 ) ) ;
#4092 = ORIENTED_EDGE ( 'NONE', *, *, #4152, .F. ) ;
#4093 = CARTESIAN_POINT ( 'NONE',  ( 23.96329594661243689, 60.01231934864183160, 4.599999999999999645 ) ) ;
#4094 = CARTESIAN_POINT ( 'NONE',  ( 37.50000000000000000, 103.6499999999999915, 0.000000000000000000 ) ) ;
#4095 = EDGE_CURVE ( 'NONE', #3428, #1160, #3785, .T. ) ;
#4096 = ORIENTED_EDGE ( 'NONE', *, *, #178, .T. ) ;
#4097 = CARTESIAN_POINT ( 'NONE',  ( 0.000000000000000000, 73.50000000000000000, 0.000000000000000000 ) ) ;
#4098 = CARTESIAN_POINT ( 'NONE',  ( 51.27523411172361278, 66.83697843894681512, 4.599999999999999645 ) ) ;
#4099 = CARTESIAN_POINT ( 'NONE',  ( 43.44441003206581087, 63.58188194402834625, 4.599999999999999645 ) ) ;
#4100 = EDGE_LOOP ( 'NONE', ( #1351, #4599, #4969, #1962 ) ) ;
#4101 = CARTESIAN_POINT ( 'NONE',  ( 74.50000000000000000, 46.49999999999999289, 1.500000000000000000 ) ) ;
#4102 = CARTESIAN_POINT ( 'NONE',  ( 18.29999999999999716, 18.49999999999998934, 3.000000000000000000 ) ) ;
#4103 = EDGE_CURVE ( 'NONE', #4693, #4556, #1359, .T. ) ;
#4104 = CARTESIAN_POINT ( 'NONE',  ( 73.50000000000000000, 46.49999999999999289, 1.500000000000000000 ) ) ;
#4105 = ORIENTED_EDGE ( 'NONE', *, *, #3480, .F. ) ;
#4106 = ORIENTED_EDGE ( 'NONE', *, *, #307, .T. ) ;
#4107 = ADVANCED_FACE ( 'NONE', ( #1289 ), #4648, .F. ) ;
#4108 = CARTESIAN_POINT ( 'NONE',  ( 1.500000000000000444, 74.37867965644035451, 0.4999999999999996669 ) ) ;
#4109 = LINE ( 'NONE', #2025, #764 ) ;
#4110 = DIRECTION ( 'NONE',  ( 4.625929269271485914E-16, 1.000000000000000000, 0.000000000000000000 ) ) ;
#4111 = EDGE_CURVE ( 'NONE', #2377, #123, #966, .T. ) ;
#4112 = CARTESIAN_POINT ( 'NONE',  ( 74.12132034355964549, 75.00000000000000000, 0.2928932188134522052 ) ) ;
#4113 = EDGE_CURVE ( 'NONE', #4658, #4147, #927, .T. ) ;
#4114 = DIRECTION ( 'NONE',  ( -0.8620252156715659808, 0.5068653939128120456, 0.000000000000000000 ) ) ;
#4115 = DIRECTION ( 'NONE',  ( -0.5068653939128120456, -0.8620252156715659808, 0.000000000000000000 ) ) ;
#4116 = EDGE_CURVE ( 'NONE', #2408, #489, #1807, .T. ) ;
#4117 = ORIENTED_EDGE ( 'NONE', *, *, #2083, .F. ) ;
#4118 = PLANE ( 'NONE',  #4808 ) ;
#4119 = VERTEX_POINT ( 'NONE', #2856 ) ;
#4120 = CARTESIAN_POINT ( 'NONE',  ( 29.89265525571779136, 60.09923018964615693, 5.000000000000000000 ) ) ;
#4121 = CARTESIAN_POINT ( 'NONE',  ( 35.87667499726751430, 69.15288993489288316, 4.599999999999999645 ) ) ;
#4122 = CARTESIAN_POINT ( 'NONE',  ( 17.57029234899437498, 67.16261583822674197, 5.000000000000000000 ) ) ;
#4123 = EDGE_CURVE ( 'NONE', #815, #3675, #48, .T. ) ;
#4124 = ORIENTED_EDGE ( 'NONE', *, *, #623, .F. ) ;
#4125 = FACE_OUTER_BOUND ( 'NONE', #3575, .T. ) ;
#4126 = CARTESIAN_POINT ( 'NONE',  ( 18.96159110272099824, 59.94858267635414251, 5.000000000000000000 ) ) ;
#4127 = CARTESIAN_POINT ( 'NONE',  ( 7.499999999999989342, 4.999999999999993783, -12.50000000000000000 ) ) ;
#4128 = VERTEX_POINT ( 'NONE', #2465 ) ;
#4129 = AXIS2_PLACEMENT_3D ( 'NONE', #3039, #2232, #2258 ) ;
#4130 = ORIENTED_EDGE ( 'NONE', *, *, #1875, .T. ) ;
#4131 = VECTOR ( 'NONE', #2704, 1000.000000000000000 ) ;
#4132 = AXIS2_PLACEMENT_3D ( 'NONE', #4453, #546, #166 ) ;
#4133 = CARTESIAN_POINT ( 'NONE',  ( 0.2303039929152719822, 0.000000000000000000, 1.500000000000000000 ) ) ;
#4134 = DIRECTION ( 'NONE',  ( -0.000000000000000000, -0.000000000000000000, 1.000000000000000000 ) ) ;
#4135 = CARTESIAN_POINT ( 'NONE',  ( -0.1457004807266669422, 67.31122090056931029, 5.000000000000000000 ) ) ;
#4136 = VECTOR ( 'NONE', #3178, 1000.000000000000000 ) ;
#4137 = VECTOR ( 'NONE', #1044, 1000.000000000000000 ) ;
#4138 = PLANE ( 'NONE',  #3669 ) ;
#4139 = DIRECTION ( 'NONE',  ( -0.2844023902313086438, 0.9587050017762077658, 0.000000000000000000 ) ) ;
#4140 = AXIS2_PLACEMENT_3D ( 'NONE', #353, #3901, #3501 ) ;
#4141 = DIRECTION ( 'NONE',  ( -0.000000000000000000, -0.000000000000000000, 1.000000000000000000 ) ) ;
#4142 = CARTESIAN_POINT ( 'NONE',  ( 44.66710539870615548, 52.78012259853174726, 4.599999999999999645 ) ) ;
#4143 = CARTESIAN_POINT ( 'NONE',  ( 18.29999999999999716, 15.99999999999999289, 3.000000000000000000 ) ) ;
#4144 = ORIENTED_EDGE ( 'NONE', *, *, #1460, .T. ) ;
#4145 = DIRECTION ( 'NONE',  ( 1.000000000000000000, 0.000000000000000000, -0.000000000000000000 ) ) ;
#4146 = CIRCLE ( 'NONE', #2329, 1.899999999999999023 ) ;
#4147 = VERTEX_POINT ( 'NONE', #1735 ) ;
#4148 = CARTESIAN_POINT ( 'NONE',  ( 19.62533348695867375, 58.04522673193246618, 5.000000000000000000 ) ) ;
#4149 = CARTESIAN_POINT ( 'NONE',  ( -3.980102097228902570E-15, 44.99999999999999289, 0.000000000000000000 ) ) ;
#4150 = AXIS2_PLACEMENT_3D ( 'NONE', #4600, #4145, #3737 ) ;
#4151 = VECTOR ( 'NONE', #4315, 1000.000000000000000 ) ;
#4152 = EDGE_CURVE ( 'NONE', #1594, #5050, #2533, .T. ) ;
#4153 = ORIENTED_EDGE ( 'NONE', *, *, #2972, .F. ) ;
#4154 = CARTESIAN_POINT ( 'NONE',  ( 35.60000000000000142, 21.74999999999999289, 3.000000000000000000 ) ) ;
#4155 = CARTESIAN_POINT ( 'NONE',  ( 18.95884240092216899, 61.21843760784149424, 5.000000000000000000 ) ) ;
#4156 = CARTESIAN_POINT ( 'NONE',  ( 74.76969600708471830, 0.000000000000000000, 1.500000000000000000 ) ) ;
#4157 = ORIENTED_EDGE ( 'NONE', *, *, #3858, .T. ) ;
#4158 = CYLINDRICAL_SURFACE ( 'NONE', #1183, 5.000000000000000000 ) ;
#4159 = CARTESIAN_POINT ( 'NONE',  ( 29.88269561313709133, 64.70051189553737458, 4.599999999999999645 ) ) ;
#4160 = FACE_OUTER_BOUND ( 'NONE', #2953, .T. ) ;
#4161 = B_SPLINE_CURVE_WITH_KNOTS ( 'NONE', 3,
 ( #4784, #4301, #775, #2007, #420, #4739 ),
 .UNSPECIFIED., .F., .F.,
 ( 4, 2, 4 ),
 ( 0.000000000000000000, 1.000000000000000000, 2.000000000000000000 ),
 .UNSPECIFIED. ) ;
#4162 = CIRCLE ( 'NONE', #885, 5.000000000000000000 ) ;
#4163 = CARTESIAN_POINT ( 'NONE',  ( 37.50000000000000000, 103.6499999999999915, 3.000000000000000000 ) ) ;
#4164 = DIRECTION ( 'NONE',  ( -0.002164574307898562821, 0.9999976573062887564, 0.000000000000000000 ) ) ;
#4165 = DIRECTION ( 'NONE',  ( -1.000000000000000000, 0.000000000000000000, 0.000000000000000000 ) ) ;
#4166 = DIRECTION ( 'NONE',  ( -2.360167994526267448E-16, 1.000000000000000000, -0.000000000000000000 ) ) ;
#4167 = EDGE_CURVE ( 'NONE', #3709, #1921, #4109, .T. ) ;
#4168 = ORIENTED_EDGE ( 'NONE', *, *, #756, .T. ) ;
#4169 = VECTOR ( 'NONE', #741, 1000.000000000000000 ) ;
#4170 = CARTESIAN_POINT ( 'NONE',  ( 12.49999999999998757, 4.999999999999993783, -9.999999999999991118 ) ) ;
#4171 = EDGE_CURVE ( 'NONE', #1777, #3054, #601, .T. ) ;
#4172 = ORIENTED_EDGE ( 'NONE', *, *, #4207, .T. ) ;
#4173 = FACE_OUTER_BOUND ( 'NONE', #2773, .T. ) ;
#4174 = CARTESIAN_POINT ( 'NONE',  ( 0.4494164874987612857, 45.83527324319172891, 1.348249462496324158 ) ) ;
#4175 = EDGE_CURVE ( 'NONE', #4521, #93, #4036, .T. ) ;
#4176 = ORIENTED_EDGE ( 'NONE', *, *, #3502, .F. ) ;
#4177 = FACE_OUTER_BOUND ( 'NONE', #2957, .T. ) ;
#4178 = CARTESIAN_POINT ( 'NONE',  ( 15.80000000000000071, 18.49999999999998934, 3.000000000000000000 ) ) ;
#4179 =( BOUNDED_CURVE ( )  B_SPLINE_CURVE ( 3, ( #4337, #4767, #2730, #60 ),
 .UNSPECIFIED., .F., .T. ) 
 B_SPLINE_CURVE_WITH_KNOTS ( ( 4, 4 ),
 ( 4.712388980384689674, 6.283185307179586232 ),
 .UNSPECIFIED. ) 
 CURVE ( )  GEOMETRIC_REPRESENTATION_ITEM ( )  RATIONAL_B_SPLINE_CURVE ( ( 1.000000000000000000, 0.8047378541243649375, 0.8047378541243649375, 1.000000000000000000 ) ) 
 REPRESENTATION_ITEM ( '' )  );
#4180 = CARTESIAN_POINT ( 'NONE',  ( 35.60000000000000142, 103.6499999999999915, 3.000000000000000000 ) ) ;
#4181 = CARTESIAN_POINT ( 'NONE',  ( 39.62958920622759962, 51.33356971989758932, 4.599999999999999645 ) ) ;
#4182 = ORIENTED_EDGE ( 'NONE', *, *, #4455, .T. ) ;
#4183 = LINE ( 'NONE', #1424, #5032 ) ;
#4184 = DIRECTION ( 'NONE',  ( 0.000000000000000000, 0.000000000000000000, 1.000000000000000000 ) ) ;
#4185 = CARTESIAN_POINT ( 'NONE',  ( 26.17347629967592226, 69.52399929548074908, 5.000000000000000000 ) ) ;
#4186 = CARTESIAN_POINT ( 'NONE',  ( 37.62837630339784312, -6.524415688749411579, 5.000000000000000000 ) ) ;
#4187 = LINE ( 'NONE', #4007, #1499 ) ;
#4188 = DIRECTION ( 'NONE',  ( -0.000000000000000000, -0.000000000000000000, 1.000000000000000000 ) ) ;
#4189 = LINE ( 'NONE', #4923, #4298 ) ;
#4190 = DIRECTION ( 'NONE',  ( -0.000000000000000000, -0.7071067811865474617, 0.7071067811865476838 ) ) ;
#4191 = ORIENTED_EDGE ( 'NONE', *, *, #4927, .T. ) ;
#4192 = CARTESIAN_POINT ( 'NONE',  ( 26.16751767727941314, 50.41905633430118883, 4.599999999999999645 ) ) ;
#4193 = CARTESIAN_POINT ( 'NONE',  ( 52.49999999999999289, 116.2500000000000000, -15.00000000000000000 ) ) ;
#4194 = ORIENTED_EDGE ( 'NONE', *, *, #3082, .T. ) ;
#4195 = CARTESIAN_POINT ( 'NONE',  ( 0.000000000000000000, 0.000000000000000000, 0.000000000000000000 ) ) ;
#4196 = VECTOR ( 'NONE', #1261, 1000.000000000000000 ) ;
#4197 = EDGE_CURVE ( 'NONE', #99, #1326, #1190, .T. ) ;
#4198 = CARTESIAN_POINT ( 'NONE',  ( 27.10923559923350012, 48.83376798311071809, 5.000000000000000000 ) ) ;
#4199 = ORIENTED_EDGE ( 'NONE', *, *, #3902, .T. ) ;
#4200 = DIRECTION ( 'NONE',  ( 0.000000000000000000, 0.000000000000000000, -1.000000000000000000 ) ) ;
#4201 = CARTESIAN_POINT ( 'NONE',  ( 75.00000000000000000, 44.99999999999999289, 0.000000000000000000 ) ) ;
#4202 = DIRECTION ( 'NONE',  ( -1.000000000000000000, 0.000000000000000000, 0.000000000000000000 ) ) ;
#4203 = PLANE ( 'NONE',  #2244 ) ;
#4204 = ORIENTED_EDGE ( 'NONE', *, *, #3506, .T. ) ;
#4205 = ORIENTED_EDGE ( 'NONE', *, *, #1907, .T. ) ;
#4206 = B_SPLINE_CURVE_WITH_KNOTS ( 'NONE', 3,
 ( #3148, #4307, #3118, #4689 ),
 .UNSPECIFIED., .F., .F.,
 ( 4, 4 ),
 ( 33.00000000000000000, 34.00000000000000000 ),
 .UNSPECIFIED. ) ;
#4207 = EDGE_CURVE ( 'NONE', #3840, #1770, #3220, .T. ) ;
#4208 = LINE ( 'NONE', #2249, #1003 ) ;
#4209 = DIRECTION ( 'NONE',  ( 0.9812001574316255859, 0.1929928782524191755, 0.000000000000000000 ) ) ;
#4210 = CARTESIAN_POINT ( 'NONE',  ( 26.17347629967592226, 69.52399929548074908, 4.599999999999999645 ) ) ;
#4211 = CARTESIAN_POINT ( 'NONE',  ( 56.70000000000000284, 18.49999999999998934, 3.000000000000000000 ) ) ;
#4212 = VECTOR ( 'NONE', #2762, 1000.000000000000000 ) ;
#4213 = VECTOR ( 'NONE', #4885, 1000.000000000000000 ) ;
#4214 = LINE ( 'NONE', #710, #2086 ) ;
#4215 = LINE ( 'NONE', #1145, #389 ) ;
#4216 = DIRECTION ( 'NONE',  ( -0.9999976573062887564, -0.002164574307904652568, 0.000000000000000000 ) ) ;
#4217 = CARTESIAN_POINT ( 'NONE',  ( 14.03395320428463044, 59.88853312862018896, 4.599999999999999645 ) ) ;
#4218 = VECTOR ( 'NONE', #4996, 1000.000000000000000 ) ;
#4219 = ORIENTED_EDGE ( 'NONE', *, *, #4371, .T. ) ;
#4220 = CARTESIAN_POINT ( 'NONE',  ( 37.50000000000000000, 21.74999999999999289, 3.000000000000000000 ) ) ;
#4221 = ADVANCED_FACE ( 'NONE', ( #1045 ), #3855, .F. ) ;
#4222 = EDGE_CURVE ( 'NONE', #1009, #1111, #1400, .T. ) ;
#4223 = AXIS2_PLACEMENT_3D ( 'NONE', #2843, #1158, #1194 ) ;
#4224 = ORIENTED_EDGE ( 'NONE', *, *, #422, .F. ) ;
#4225 = DIRECTION ( 'NONE',  ( -0.9579024225551637794, -0.2870939721814942391, 0.000000000000000000 ) ) ;
#4226 = CARTESIAN_POINT ( 'NONE',  ( -0.1296663786469602064, 59.90372998772974711, 4.599999999999999645 ) ) ;
#4227 = ORIENTED_EDGE ( 'NONE', *, *, #1660, .F. ) ;
#4228 = VECTOR ( 'NONE', #2807, 1000.000000000000000 ) ;
#4229 = CARTESIAN_POINT ( 'NONE',  ( -8.933467110627823615, 45.41887459687293216, 4.599999999999999645 ) ) ;
#4230 = FACE_OUTER_BOUND ( 'NONE', #1881, .T. ) ;
#4231 = LINE ( 'NONE', #2315, #1757 ) ;
#4232 = CARTESIAN_POINT ( 'NONE',  ( 56.20969273636311669, 68.63604813294755047, 5.000000000000000000 ) ) ;
#4233 = ORIENTED_EDGE ( 'NONE', *, *, #148, .T. ) ;
#4234 = ADVANCED_FACE ( 'NONE', ( #1379 ), #4392, .F. ) ;
#4235 = ORIENTED_EDGE ( 'NONE', *, *, #2765, .F. ) ;
#4236 = B_SPLINE_SURFACE_WITH_KNOTS ( 'NONE', 3, 1, ( 
 ( #3061, #5090 ),
 ( #4629, #1149 ),
 ( #1099, #4296 ),
 ( #2721, #1975 ) ),
 .UNSPECIFIED., .F., .F., .F.,
 ( 4, 4 ),
 ( 2, 2 ),
 ( 29.00000000000000000, 30.00000000000000000 ),
 ( 0.000000000000000000, 1.000000000000000000 ),
 .UNSPECIFIED. ) ;
#4237 = DIRECTION ( 'NONE',  ( 0.9999976573062887564, 0.002164574307901916041, 0.000000000000000000 ) ) ;
#4238 = CARTESIAN_POINT ( 'NONE',  ( 21.46446609406724448, 118.5355339059327520, -9.999999999999996447 ) ) ;
#4239 = CARTESIAN_POINT ( 'NONE',  ( 50.49088868411231346, 67.42082781729087060, 5.000000000000000000 ) ) ;
#4240 = VERTEX_POINT ( 'NONE', #4919 ) ;
#4241 = CARTESIAN_POINT ( 'NONE',  ( 29.89265525571779136, 60.09923018964615693, 4.599999999999999645 ) ) ;
#4242 = CARTESIAN_POINT ( 'NONE',  ( 44.98508136713597594, 52.54447620889911974, 5.000000000000000000 ) ) ;
#4243 = DIRECTION ( 'NONE',  ( 1.000000000000000000, -0.000000000000000000, -0.000000000000000000 ) ) ;
#4244 = ORIENTED_EDGE ( 'NONE', *, *, #3387, .F. ) ;
#4245 = PLANE ( 'NONE',  #537 ) ;
#4246 = EDGE_CURVE ( 'NONE', #221, #4677, #3067, .T. ) ;
#4247 = CARTESIAN_POINT ( 'NONE',  ( 31.44353972331855118, 65.52771775452278291, 5.000000000000000000 ) ) ;
#4248 = VERTEX_POINT ( 'NONE', #3004 ) ;
#4249 = PLANE ( 'NONE',  #5020 ) ;
#4250 = CARTESIAN_POINT ( 'NONE',  ( 58.63206800602740287, 51.14542102133970758, 4.599999999999999645 ) ) ;
#4251 = CARTESIAN_POINT ( 'NONE',  ( 28.05576097198110119, 72.73037325243286944, 4.599999999999999645 ) ) ;
#4252 = EDGE_CURVE ( 'NONE', #3839, #408, #993, .T. ) ;
#4253 = ORIENTED_EDGE ( 'NONE', *, *, #3170, .T. ) ;
#4254 = DIRECTION ( 'NONE',  ( -1.000000000000000000, -0.000000000000000000, 1.908195823574487804E-16 ) ) ;
#4255 = CARTESIAN_POINT ( 'NONE',  ( 23.95290432188574670, 64.81307871474692206, 4.599999999999999645 ) ) ;
#4256 = DIRECTION ( 'NONE',  ( -0.9999976573062887564, -0.002164574307904475192, 0.000000000000000000 ) ) ;
#4257 = B_SPLINE_CURVE_WITH_KNOTS ( 'NONE', 3,
 ( #685, #1065, #4615, #3440 ),
 .UNSPECIFIED., .F., .F.,
 ( 4, 4 ),
 ( 27.00000000000000000, 28.00000000000000000 ),
 .UNSPECIFIED. ) ;
#4258 = EDGE_LOOP ( 'NONE', ( #4347, #1909, #1211, #3741 ) ) ;
#4259 = CARTESIAN_POINT ( 'NONE',  ( 0.000000000000000000, 0.000000000000000000, 1.500000000000000000 ) ) ;
#4260 = PLANE ( 'NONE',  #3729 ) ;
#4261 = AXIS2_PLACEMENT_3D ( 'NONE', #4548, #4594, #4525 ) ;
#4262 = FACE_OUTER_BOUND ( 'NONE', #3844, .T. ) ;
#4263 = EDGE_CURVE ( 'NONE', #2783, #3546, #712, .T. ) ;
#4264 = VERTEX_POINT ( 'NONE', #588 ) ;
#4265 = CARTESIAN_POINT ( 'NONE',  ( 56.70000000000000284, 15.99999999999999289, 3.000000000000000000 ) ) ;
#4266 = LINE ( 'NONE', #2301, #2186 ) ;
#4267 = CARTESIAN_POINT ( 'NONE',  ( 67.50000000000000000, 4.999999999999993783, -12.50000000000000000 ) ) ;
#4268 = EDGE_CURVE ( 'NONE', #2171, #308, #4474, .T. ) ;
#4269 = ORIENTED_EDGE ( 'NONE', *, *, #1746, .F. ) ;
#4270 = DIRECTION ( 'NONE',  ( 0.000000000000000000, 0.000000000000000000, 1.000000000000000000 ) ) ;
#4271 = ADVANCED_BREP_SHAPE_REPRESENTATION ( 'Ubiquiti-24W-White', ( #2590, #1500 ), #861 ) ;
#4272 = PLANE ( 'NONE',  #4129 ) ;
#4273 = EDGE_CURVE ( 'NONE', #3460, #965, #202, .T. ) ;
#4274 = VERTEX_POINT ( 'NONE', #1765 ) ;
#4275 = ADVANCED_FACE ( 'NONE', ( #2175 ), #3420, .F. ) ;
#4276 = DIRECTION ( 'NONE',  ( -0.000000000000000000, -0.000000000000000000, 1.000000000000000000 ) ) ;
#4277 = CARTESIAN_POINT ( 'NONE',  ( 0.3072733805563578890, 45.30049979810937799, 0.9218201416690275929 ) ) ;
#4278 = CARTESIAN_POINT ( 'NONE',  ( 22.50000000000000000, 117.5000000000000000, -9.999999999999374722 ) ) ;
#4279 = ORIENTED_EDGE ( 'NONE', *, *, #1223, .T. ) ;
#4280 = CARTESIAN_POINT ( 'NONE',  ( 37.62837630339784312, -6.524415688749411579, 4.599999999999999645 ) ) ;
#4281 = DIRECTION ( 'NONE',  ( -0.000000000000000000, -0.000000000000000000, -1.000000000000000000 ) ) ;
#4282 = CARTESIAN_POINT ( 'NONE',  ( 52.49999999999997868, 117.5000000000000000, -19.99999999999515765 ) ) ;
#4283 = ORIENTED_EDGE ( 'NONE', *, *, #2005, .T. ) ;
#4284 = ORIENTED_EDGE ( 'NONE', *, *, #1969, .T. ) ;
#4285 = EDGE_CURVE ( 'NONE', #106, #2343, #4898, .T. ) ;
#4286 = DIRECTION ( 'NONE',  ( 0.000000000000000000, 1.000000000000000000, -0.000000000000000000 ) ) ;
#4287 = ORIENTED_EDGE ( 'NONE', *, *, #5026, .F. ) ;
#4288 = CARTESIAN_POINT ( 'NONE',  ( 34.56461345859662515, 67.13590885259914387, 4.599999999999999645 ) ) ;
#4289 = CARTESIAN_POINT ( 'NONE',  ( 28.05446503742488318, 47.25554083441714681, 4.599999999999999645 ) ) ;
#4290 = EDGE_LOOP ( 'NONE', ( #4588, #167 ) ) ;
#4291 = DIRECTION ( 'NONE',  ( -0.000000000000000000, -0.000000000000000000, -1.000000000000000000 ) ) ;
#4292 = DIRECTION ( 'NONE',  ( -0.5068659995676726426, -0.8620248595500387134, 0.000000000000000000 ) ) ;
#4293 = CARTESIAN_POINT ( 'NONE',  ( 38.85478914024159991, 50.76751028877510663, 5.000000000000000000 ) ) ;
#4294 = CARTESIAN_POINT ( 'NONE',  ( -0.1097077414814782992, 50.68316854231763813, 5.000000000000000000 ) ) ;
#4295 = ORIENTED_EDGE ( 'NONE', *, *, #1058, .F. ) ;
#4296 = CARTESIAN_POINT ( 'NONE',  ( 47.92276532451271720, 52.83655436281766526, 5.000000000000000000 ) ) ;
#4297 = EDGE_CURVE ( 'NONE', #2797, #4503, #5067, .T. ) ;
#4298 = VECTOR ( 'NONE', #3057, 1000.000000000000000 ) ;
#4299 = VECTOR ( 'NONE', #3147, 1000.000000000000000 ) ;
#4300 = ORIENTED_EDGE ( 'NONE', *, *, #661, .F. ) ;
#4301 = CARTESIAN_POINT ( 'NONE',  ( 14.02141606605299806, 65.68048437519374261, 4.599999999999999645 ) ) ;
#4302 = ORIENTED_EDGE ( 'NONE', *, *, #3525, .T. ) ;
#4303 = CIRCLE ( 'NONE', #779, 2.499999999999995115 ) ;
#4304 = VECTOR ( 'NONE', #1004, 1000.000000000000000 ) ;
#4305 = EDGE_LOOP ( 'NONE', ( #4194, #888, #11, #495 ) ) ;
#4306 = LINE ( 'NONE', #2729, #107 ) ;
#4307 = CARTESIAN_POINT ( 'NONE',  ( 52.07689581311743154, 56.62338243729705312, 5.000000000000000000 ) ) ;
#4308 = LINE ( 'NONE', #2399, #3077 ) ;
#4309 = ORIENTED_EDGE ( 'NONE', *, *, #1372, .F. ) ;
#4310 = VERTEX_POINT ( 'NONE', #275 ) ;
#4311 = EDGE_CURVE ( 'NONE', #3648, #2034, #4972, .T. ) ;
#4312 = UNCERTAINTY_MEASURE_WITH_UNIT (LENGTH_MEASURE( 1.000000000000000082E-05 ), #1408, 'distance_accuracy_value', 'NONE');
#4313 = VECTOR ( 'NONE', #3179, 1000.000000000000114 ) ;
#4314 = VERTEX_POINT ( 'NONE', #2634 ) ;
#4315 = DIRECTION ( 'NONE',  ( -0.000000000000000000, -0.000000000000000000, 1.000000000000000000 ) ) ;
#4316 = DIRECTION ( 'NONE',  ( -1.000000000000000000, 0.000000000000000000, 0.000000000000000000 ) ) ;
#4317 = ORIENTED_EDGE ( 'NONE', *, *, #623, .T. ) ;
#4318 = AXIS2_PLACEMENT_3D ( 'NONE', #1473, #1430, #1068 ) ;
#4319 = EDGE_LOOP ( 'NONE', ( #146, #508, #837, #117, #3812 ) ) ;
#4320 = ADVANCED_FACE ( 'NONE', ( #3819 ), #300, .T. ) ;
#4321 = CARTESIAN_POINT ( 'NONE',  ( 69.99999999999998579, 5.000000000000000000, 0.000000000000000000 ) ) ;
#4322 = B_SPLINE_SURFACE_WITH_KNOTS ( 'NONE', 3, 1, ( 
 ( #4980, #1811 ),
 ( #4598, #3058 ),
 ( #644, #1844 ),
 ( #1867, #1791 ) ),
 .UNSPECIFIED., .F., .F., .F.,
 ( 4, 4 ),
 ( 2, 2 ),
 ( 6.000000000000000000, 7.000000000000000000 ),
 ( 0.000000000000000000, 1.000000000000000000 ),
 .UNSPECIFIED. ) ;
#4323 = DIRECTION ( 'NONE',  ( -0.000000000000000000, -0.000000000000000000, 1.000000000000000000 ) ) ;
#4324 = CARTESIAN_POINT ( 'NONE',  ( 12.49999999999998757, 4.999999999999993783, -9.999999999999991118 ) ) ;
#4325 = DIRECTION ( 'NONE',  ( 0.000000000000000000, 0.000000000000000000, -1.000000000000000000 ) ) ;
#4326 = CARTESIAN_POINT ( 'NONE',  ( 41.96291306052567904, 63.57867512623393935, 5.000000000000000000 ) ) ;
#4327 = ORIENTED_EDGE ( 'NONE', *, *, #4986, .F. ) ;
#4328 = DIRECTION ( 'NONE',  ( -0.1708417403571640125, -0.9852984825684728554, 0.000000000000000000 ) ) ;
#4329 = CARTESIAN_POINT ( 'NONE',  ( 73.50000000000000000, 73.59817583765502036, 0.4999999999345502988 ) ) ;
#4330 = VERTEX_POINT ( 'NONE', #4346 ) ;
#4331 = EDGE_CURVE ( 'NONE', #3288, #4521, #348, .T. ) ;
#4332 = CARTESIAN_POINT ( 'NONE',  ( 28.05446503742489384, 47.25554083441714681, 4.599999999999999645 ) ) ;
#4333 = CARTESIAN_POINT ( 'NONE',  ( 74.46269279592280554, 45.07125415900014076, 0.5373072040761216472 ) ) ;
#4334 = EDGE_CURVE ( 'NONE', #489, #1090, #1496, .T. ) ;
#4335 = ORIENTED_EDGE ( 'NONE', *, *, #3154, .F. ) ;
#4336 = CARTESIAN_POINT ( 'NONE',  ( 17.51381357382892645, -6.007037960595728698, 4.599999999999999645 ) ) ;
#4337 = CARTESIAN_POINT ( 'NONE',  ( 75.00000000000000000, 44.99999999999999289, 0.000000000000000000 ) ) ;
#4338 = FACE_OUTER_BOUND ( 'NONE', #4618, .T. ) ;
#4339 = ADVANCED_FACE ( 'NONE', ( #3079 ), #3159, .F. ) ;
#4340 = VERTEX_POINT ( 'NONE', #5052 ) ;
#4341 = DIRECTION ( 'NONE',  ( -0.000000000000000000, -0.000000000000000000, -1.000000000000000000 ) ) ;
#4342 = EDGE_LOOP ( 'NONE', ( #1900, #3850, #68 ) ) ;
#4343 = EDGE_CURVE ( 'NONE', #602, #2121, #733, .T. ) ;
#4344 = EDGE_LOOP ( 'NONE', ( #3161, #3829, #2894, #1654 ) ) ;
#4345 = CARTESIAN_POINT ( 'NONE',  ( 37.50000000000000000, 21.74999999999999289, 0.5000000000000108802 ) ) ;
#4346 = CARTESIAN_POINT ( 'NONE',  ( 22.50000000000000000, 114.9999999999999858, -15.00000000000000000 ) ) ;
#4347 = ORIENTED_EDGE ( 'NONE', *, *, #4331, .T. ) ;
#4348 = ORIENTED_EDGE ( 'NONE', *, *, #212, .F. ) ;
#4349 = CARTESIAN_POINT ( 'NONE',  ( 35.09940047173320465, 68.10004456002852180, 4.599999999999999645 ) ) ;
#4350 = CARTESIAN_POINT ( 'NONE',  ( 73.50000000000000000, 45.62132034355963128, 0.4999999999999996669 ) ) ;
#4351 = DIRECTION ( 'NONE',  ( -1.000000000000000000, 0.000000000000000000, 0.000000000000000000 ) ) ;
#4352 = ORIENTED_EDGE ( 'NONE', *, *, #1427, .T. ) ;
#4353 = CARTESIAN_POINT ( 'NONE',  ( 31.44353972331855118, 65.52771775452278291, 5.000000000000000000 ) ) ;
#4354 = CARTESIAN_POINT ( 'NONE',  ( 41.19160789426834413, 63.02673180877590653, 4.599999999999999645 ) ) ;
#4355 = PRODUCT_DEFINITION ( 'UNKNOWN', '', #1013, #2351 ) ;
#4356 = EDGE_LOOP ( 'NONE', ( #4687, #4365, #2431, #404 ) ) ;
#4357 = CARTESIAN_POINT ( 'NONE',  ( 56.70000000000000284, 18.49999999999998934, 0.000000000000000000 ) ) ;
#4358 = CARTESIAN_POINT ( 'NONE',  ( 74.93453836895518805, 44.99999999999999289, 0.1963848931341944382 ) ) ;
#4359 = CARTESIAN_POINT ( 'NONE',  ( 41.19160789426833702, 63.02673180877590653, 4.599999999999999645 ) ) ;
#4360 = ORIENTED_EDGE ( 'NONE', *, *, #1800, .F. ) ;
#4361 = CARTESIAN_POINT ( 'NONE',  ( 59.96680715955792351, 68.43253565528095805, 4.599999999999999645 ) ) ;
#4362 = DIRECTION ( 'NONE',  ( 1.000000000000000000, 0.000000000000000000, 0.000000000000000000 ) ) ;
#4363 = CARTESIAN_POINT ( 'NONE',  ( 35.75026295860399017, 54.22116314799411896, 4.599999999999999645 ) ) ;
#4364 = CARTESIAN_POINT ( 'NONE',  ( 62.49999999999999289, -6.071532165918824830E-15, -9.999999999999998224 ) ) ;
#4365 = ORIENTED_EDGE ( 'NONE', *, *, #1784, .T. ) ;
#4366 = ORIENTED_EDGE ( 'NONE', *, *, #366, .T. ) ;
#4367 = CARTESIAN_POINT ( 'NONE',  ( 47.18616342779203876, 52.54924062573878274, 4.599999999999999645 ) ) ;
#4368 = FACE_OUTER_BOUND ( 'NONE', #1225, .T. ) ;
#4369 = EDGE_LOOP ( 'NONE', ( #4283, #869, #2418, #3215 ) ) ;
#4370 = ORIENTED_EDGE ( 'NONE', *, *, #3100, .T. ) ;
#4371 = EDGE_CURVE ( 'NONE', #4442, #3965, #3549, .T. ) ;
#4372 = DIRECTION ( 'NONE',  ( -0.000000000000000000, -1.000000000000000000, 0.000000000000000000 ) ) ;
#4373 = DIRECTION ( 'NONE',  ( -0.000000000000000000, -1.000000000000000000, 0.000000000000000000 ) ) ;
#4374 = DIRECTION ( 'NONE',  ( 0.000000000000000000, 0.000000000000000000, -1.000000000000000000 ) ) ;
#4375 = CARTESIAN_POINT ( 'NONE',  ( 67.50000000000000000, -6.071532165918824830E-15, 0.000000000000000000 ) ) ;
#4376 = EDGE_LOOP ( 'NONE', ( #2001, #3262, #1600, #4106 ) ) ;
#4377 = CARTESIAN_POINT ( 'NONE',  ( 41.48631741186515143, 24.64435482244645925, 4.599999999999999645 ) ) ;
#4378 = EDGE_CURVE ( 'NONE', #4274, #3839, #449, .T. ) ;
#4379 = CARTESIAN_POINT ( 'NONE',  ( 74.52553695498737341, 73.98332354028698887, 1.423389135037540276 ) ) ;
#4380 =( BOUNDED_CURVE ( )  B_SPLINE_CURVE ( 3, ( #3297, #4542, #4833, #2944 ),
 .UNSPECIFIED., .F., .F. ) 
 B_SPLINE_CURVE_WITH_KNOTS ( ( 4, 4 ),
 ( 0.000000000000000000, 1.570796326794896558 ),
 .UNSPECIFIED. ) 
 CURVE ( )  GEOMETRIC_REPRESENTATION_ITEM ( )  RATIONAL_B_SPLINE_CURVE ( ( 1.000000000000000000, 0.8047378541243649375, 0.8047378541243649375, 1.000000000000000000 ) ) 
 REPRESENTATION_ITEM ( '' )  );
#4381 = CARTESIAN_POINT ( 'NONE',  ( 18.96159110272099824, 59.94858267635414251, 5.000000000000000000 ) ) ;
#4382 = CARTESIAN_POINT ( 'NONE',  ( 73.86991981316477052, 45.50875984327559109, 0.3766933956117318738 ) ) ;
#4383 = ADVANCED_FACE ( 'NONE', ( #788, #1911 ), #3952, .F. ) ;
#4384 = DIRECTION ( 'NONE',  ( 0.2842690850060091146, -0.9587445370430260905, 0.000000000000000000 ) ) ;
#4385 = AXIS2_PLACEMENT_3D ( 'NONE', #2088, #2536, #504 ) ;
#4386 = VERTEX_POINT ( 'NONE', #4239 ) ;
#4387 = DIRECTION ( 'NONE',  ( 0.1708417296058795942, 0.9852984844326472258, 0.000000000000000000 ) ) ;
#4388 = DIRECTION ( 'NONE',  ( -0.000000000000000000, -0.000000000000000000, -1.000000000000000000 ) ) ;
#4389 = PLANE ( 'NONE',  #4554 ) ;
#4390 = EDGE_LOOP ( 'NONE', ( #2127, #4031, #3859, #2850 ) ) ;
#4391 = AXIS2_PLACEMENT_3D ( 'NONE', #2581, #126, #1690 ) ;
#4392 = B_SPLINE_SURFACE_WITH_KNOTS ( 'NONE', 3, 1, ( 
 ( #3772, #2149 ),
 ( #686, #1785 ),
 ( #3390, #2970 ),
 ( #4592, #4945 ) ),
 .UNSPECIFIED., .F., .F., .F.,
 ( 4, 4 ),
 ( 2, 2 ),
 ( 2.000000000000000000, 3.000000000000000000 ),
 ( 0.000000000000000000, 1.000000000000000000 ),
 .UNSPECIFIED. ) ;
#4393 = EDGE_LOOP ( 'NONE', ( #286, #4832, #2015, #1134 ) ) ;
#4394 = AXIS2_PLACEMENT_3D ( 'NONE', #2383, #900, #3984 ) ;
#4395 = CONICAL_SURFACE ( 'NONE', #1092, 1.399999999999984590, 0.7853981633974541632 ) ;
#4396 = CARTESIAN_POINT ( 'NONE',  ( 32.46596180904801088, 71.73792631199650316, 4.599999999999999645 ) ) ;
#4397 = ADVANCED_FACE ( 'NONE', ( #1991 ), #3617, .F. ) ;
#4398 = CARTESIAN_POINT ( 'NONE',  ( 36.14986462676659329, 57.01572259455750213, 4.599999999999999645 ) ) ;
#4399 = ORIENTED_EDGE ( 'NONE', *, *, #2472, .T. ) ;
#4400 = VECTOR ( 'NONE', #1774, 1000.000000000000000 ) ;
#4401 = B_SPLINE_CURVE_WITH_KNOTS ( 'NONE', 3,
 ( #4991, #5016, #3074, #4232 ),
 .UNSPECIFIED., .F., .F.,
 ( 4, 4 ),
 ( 0.000000000000000000, 1.000000000000000000 ),
 .UNSPECIFIED. ) ;
#4402 = ORIENTED_EDGE ( 'NONE', *, *, #4686, .T. ) ;
#4403 = EDGE_CURVE ( 'NONE', #3598, #2350, #3497, .T. ) ;
#4404 = CARTESIAN_POINT ( 'NONE',  ( -4.132895344085557778E-15, 44.99999999999999289, -1.715124499442881905E-15 ) ) ;
#4405 = AXIS2_PLACEMENT_3D ( 'NONE', #2592, #2182, #979 ) ;
#4406 = CARTESIAN_POINT ( 'NONE',  ( 59.41939945595165540, 50.81202402019854958, 4.599999999999999645 ) ) ;
#4407 = VERTEX_POINT ( 'NONE', #3104 ) ;
#4408 = ORIENTED_EDGE ( 'NONE', *, *, #4941, .F. ) ;
#4409 = CARTESIAN_POINT ( 'NONE',  ( 73.80733853384228382, 74.41498464624854137, 0.3975538220526762534 ) ) ;
#4410 = CARTESIAN_POINT ( 'NONE',  ( 52.50000000000000711, 114.9999999999999858, 0.000000000000000000 ) ) ;
#4411 = CARTESIAN_POINT ( 'NONE',  ( -1.489101926129251159E-15, 75.00000000000000000, -7.963299097640736740E-16 ) ) ;
#4412 = EDGE_CURVE ( 'NONE', #5050, #3466, #4751, .T. ) ;
#4413 = B_SPLINE_SURFACE_WITH_KNOTS ( 'NONE', 3, 1, ( 
 ( #2880, #171 ),
 ( #3321, #3658 ),
 ( #2148, #1733 ),
 ( #4855, #200 ),
 ( #1764, #1018 ),
 ( #2904, #3344 ) ),
 .UNSPECIFIED., .F., .F., .F.,
 ( 4, 2, 4 ),
 ( 2, 2 ),
 ( 0.000000000000000000, 1.000000000000000000, 2.000000000000000000 ),
 ( 0.000000000000000000, 1.000000000000000000 ),
 .UNSPECIFIED. ) ;
#4414 = CARTESIAN_POINT ( 'NONE',  ( 74.60244617794749900, 45.58501535375197022, 1.192661466158059236 ) ) ;
#4415 = ADVANCED_FACE ( 'NONE', ( #3868 ), #13, .T. ) ;
#4416 = FACE_OUTER_BOUND ( 'NONE', #4319, .T. ) ;
#4417 = VERTEX_POINT ( 'NONE', #1229 ) ;
#4418 = EDGE_CURVE ( 'NONE', #123, #2020, #3905, .T. ) ;
#4419 = CARTESIAN_POINT ( 'NONE',  ( 54.22558589064953338, 56.38817062730887386, 5.000000000000000000 ) ) ;
#4420 = DIRECTION ( 'NONE',  ( 0.000000000000000000, 0.000000000000000000, -1.000000000000000000 ) ) ;
#4421 = DIRECTION ( 'NONE',  ( -0.2870939462787172047, 0.9579024303185126321, 0.000000000000000000 ) ) ;
#4422 = EDGE_CURVE ( 'NONE', #3638, #4442, #4477, .T. ) ;
#4423 = CARTESIAN_POINT ( 'NONE',  ( 0.000000000000000000, 5.000000000000000000, 5.000000000000000000 ) ) ;
#4424 = ORIENTED_EDGE ( 'NONE', *, *, #2069, .F. ) ;
#4425 =( BOUNDED_CURVE ( )  B_SPLINE_CURVE ( 3, ( #2961, #243, #1801, #3456 ),
 .UNSPECIFIED., .F., .F. ) 
 B_SPLINE_CURVE_WITH_KNOTS ( ( 4, 4 ),
 ( 0.000000000000000000, 1.570796326794894116 ),
 .UNSPECIFIED. ) 
 CURVE ( )  GEOMETRIC_REPRESENTATION_ITEM ( )  RATIONAL_B_SPLINE_CURVE ( ( 1.000000000000000000, 0.8047378541243654926, 0.8047378541243654926, 1.000000000000000000 ) ) 
 REPRESENTATION_ITEM ( '' )  );
#4426 = VECTOR ( 'NONE', #738, 1000.000000000000000 ) ;
#4427 = ORIENTED_EDGE ( 'NONE', *, *, #4954, .T. ) ;
#4428 = CARTESIAN_POINT ( 'NONE',  ( 5.000000000000000888, 2.499999999999996003, -10.00000000000000178 ) ) ;
#4429 = CARTESIAN_POINT ( 'NONE',  ( 36.14986462676659329, 57.01572259455750213, 5.000000000000000000 ) ) ;
#4430 = VERTEX_POINT ( 'NONE', #2712 ) ;
#4431 = AXIS2_PLACEMENT_3D ( 'NONE', #1147, #2719, #4351 ) ;
#4432 = ORIENTED_EDGE ( 'NONE', *, *, #4653, .F. ) ;
#4433 = CARTESIAN_POINT ( 'NONE',  ( 52.50000000000000711, -0.001000000000001000089, -10.00000000000000711 ) ) ;
#4434 = FACE_OUTER_BOUND ( 'NONE', #1625, .T. ) ;
#4435 = ADVANCED_FACE ( 'NONE', ( #4262 ), #2829, .F. ) ;
#4436 = CARTESIAN_POINT ( 'NONE',  ( 31.14016907216635133, 70.42308002101647446, 4.599999999999999645 ) ) ;
#4437 = ORIENTED_EDGE ( 'NONE', *, *, #4603, .F. ) ;
#4438 = LINE ( 'NONE', #3301, #4460 ) ;
#4439 = DIRECTION ( 'NONE',  ( 0.000000000000000000, -1.000000000000000000, 0.000000000000000000 ) ) ;
#4440 = DIRECTION ( 'NONE',  ( -0.000000000000000000, -0.000000000000000000, 1.000000000000000000 ) ) ;
#4441 = CARTESIAN_POINT ( 'NONE',  ( 0.1287816849443608191, 45.50840060444937052, 1.129678126890393708 ) ) ;
#4442 = VERTEX_POINT ( 'NONE', #896 ) ;
#4443 = ADVANCED_FACE ( 'NONE', ( #1250 ), #1653, .F. ) ;
#4444 = ORIENTED_EDGE ( 'NONE', *, *, #2510, .F. ) ;
#4445 = DIRECTION ( 'NONE',  ( 0.5107203677843021872, -0.8597468848040491496, 0.000000000000000000 ) ) ;
#4446 = DIRECTION ( 'NONE',  ( 1.000000000000000000, -0.000000000000000000, -0.000000000000000000 ) ) ;
#4447 = CARTESIAN_POINT ( 'NONE',  ( 56.98449280162160591, 69.20210790046714067, 5.000000000000000000 ) ) ;
#4448 = CARTESIAN_POINT ( 'NONE',  ( 33.00451068268754540, 66.29653818033413870, 5.000000000000000000 ) ) ;
#4449 = EDGE_LOOP ( 'NONE', ( #2521, #2039, #213, #1334, #562, #3182 ) ) ;
#4450 = ORIENTED_EDGE ( 'NONE', *, *, #2598, .T. ) ;
#4451 = DIRECTION ( 'NONE',  ( -0.000000000000000000, 1.000000000000000000, -0.000000000000000000 ) ) ;
#4452 = CARTESIAN_POINT ( 'NONE',  ( 29.89265525571779136, 60.09923018964615693, 4.599999999999999645 ) ) ;
#4453 = CARTESIAN_POINT ( 'NONE',  ( 61.25000000000001421, 116.2499999999999858, 0.000000000000000000 ) ) ;
#4454 = ORIENTED_EDGE ( 'NONE', *, *, #41, .T. ) ;
#4455 = EDGE_CURVE ( 'NONE', #989, #39, #3975, .T. ) ;
#4456 = ORIENTED_EDGE ( 'NONE', *, *, #2726, .F. ) ;
#4457 = EDGE_CURVE ( 'NONE', #4330, #1366, #873, .T. ) ;
#4458 = SPHERICAL_SURFACE ( 'NONE', #3978, 5.000000000000000000 ) ;
#4459 = CARTESIAN_POINT ( 'NONE',  ( 47.85035056033056122, 66.73785271226965676, 5.000000000000000000 ) ) ;
#4460 = VECTOR ( 'NONE', #1316, 1000.000000000000000 ) ;
#4461 = DIRECTION ( 'NONE',  ( 0.000000000000000000, 1.000000000000000000, 0.000000000000000000 ) ) ;
#4462 = VERTEX_POINT ( 'NONE', #1730 ) ;
#4463 = CARTESIAN_POINT ( 'NONE',  ( 32.49297329594386241, 48.40096926034961911, 4.599999999999999645 ) ) ;
#4464 = CARTESIAN_POINT ( 'NONE',  ( 1.477205669890326201, 73.82492459606895352, 1.477205669890325535 ) ) ;
#4465 = EDGE_CURVE ( 'NONE', #1960, #3181, #3236, .T. ) ;
#4466 = ORIENTED_EDGE ( 'NONE', *, *, #2342, .F. ) ;
#4467 = DIRECTION ( 'NONE',  ( 0.000000000000000000, 1.000000000000000000, 0.000000000000000000 ) ) ;
#4468 = VERTEX_POINT ( 'NONE', #3625 ) ;
#4469 = CARTESIAN_POINT ( 'NONE',  ( 7.499999999999989342, -6.071532165918824830E-15, 2.168404344971008868E-14 ) ) ;
#4470 = CARTESIAN_POINT ( 'NONE',  ( 22.50000000000000355, 112.5000000000000000, -15.00000000000000000 ) ) ;
#4471 = ORIENTED_EDGE ( 'NONE', *, *, #1863, .F. ) ;
#4472 = VECTOR ( 'NONE', #4440, 1000.000000000000000 ) ;
#4473 = ORIENTED_EDGE ( 'NONE', *, *, #1369, .F. ) ;
#4474 = B_SPLINE_CURVE_WITH_KNOTS ( 'NONE', 3,
 ( #1447, #1426, #249, #2555, #1861, #1470 ),
 .UNSPECIFIED., .F., .F.,
 ( 4, 2, 4 ),
 ( 2.000000000000000000, 3.000000000000000000, 4.000000000000000000 ),
 .UNSPECIFIED. ) ;
#4475 = CARTESIAN_POINT ( 'NONE',  ( 2.499999999999998668, 3.535533905932731980, -11.03553390593273953 ) ) ;
#4476 = CARTESIAN_POINT ( 'NONE',  ( 5.000000000000000000, 5.000000000000000000, -12.50000000000000000 ) ) ;
#4477 = CIRCLE ( 'NONE', #1086, 2.500000000000002220 ) ;
#4478 = CARTESIAN_POINT ( 'NONE',  ( 51.97385331965853794, 56.96884372970191635, 4.599999999999999645 ) ) ;
#4479 = EDGE_CURVE ( 'NONE', #1921, #5011, #2188, .T. ) ;
#4480 = VERTEX_POINT ( 'NONE', #2019 ) ;
#4481 = ORIENTED_EDGE ( 'NONE', *, *, #477, .T. ) ;
#4482 = AXIS2_PLACEMENT_3D ( 'NONE', #2388, #3963, #1479 ) ;
#4483 = VECTOR ( 'NONE', #2118, 999.9999999999998863 ) ;
#4484 = CARTESIAN_POINT ( 'NONE',  ( 36.13642652309636105, 63.22390502553643188, 4.599999999999999645 ) ) ;
#4485 = CARTESIAN_POINT ( 'NONE',  ( 27.10923559923350012, 48.83376798311071809, 5.000000000000000000 ) ) ;
#4486 = VERTEX_POINT ( 'NONE', #514 ) ;
#4487 = ADVANCED_FACE ( 'NONE', ( #4368 ), #2071, .F. ) ;
#4488 = CARTESIAN_POINT ( 'NONE',  ( 1.130080186835233924, 74.49124015672440180, 0.3766933956117326510 ) ) ;
#4489 = ORIENTED_EDGE ( 'NONE', *, *, #1547, .F. ) ;
#4490 = CARTESIAN_POINT ( 'NONE',  ( -0.1135253844867327028, 52.44685669470982248, 5.000000000000000000 ) ) ;
#4491 = EDGE_CURVE ( 'NONE', #4583, #2713, #4037, .T. ) ;
#4492 = VERTEX_POINT ( 'NONE', #3212 ) ;
#4493 = CARTESIAN_POINT ( 'NONE',  ( 42.52799392477230356, 59.99606587957203629, 4.599999999999999645 ) ) ;
#4494 = CARTESIAN_POINT ( 'NONE',  ( 56.31831518861017827, 68.97138550662481293, 5.000000000000000000 ) ) ;
#4495 = EDGE_CURVE ( 'NONE', #2350, #53, #3606, .T. ) ;
#4496 = LINE ( 'NONE', #4423, #4077 ) ;
#4497 = EDGE_LOOP ( 'NONE', ( #1981, #3581, #4011, #2675 ) ) ;
#4498 = CARTESIAN_POINT ( 'NONE',  ( 34.58037044103966906, 60.18697884857790115, 5.000000000000000000 ) ) ;
#4499 = ADVANCED_FACE ( 'NONE', ( #145 ), #2877, .F. ) ;
#4500 = PLANE ( 'NONE',  #1699 ) ;
#4501 = CARTESIAN_POINT ( 'NONE',  ( 56.70000000000000284, 15.99999999999999289, 3.000000000000000000 ) ) ;
#4502 = ORIENTED_EDGE ( 'NONE', *, *, #1450, .T. ) ;
#4503 = VERTEX_POINT ( 'NONE', #922 ) ;
#4504 = EDGE_CURVE ( 'NONE', #3648, #1719, #1709, .T. ) ;
#4505 = DIRECTION ( 'NONE',  ( -1.000000000000000000, 0.000000000000000000, 0.000000000000000000 ) ) ;
#4506 = CARTESIAN_POINT ( 'NONE',  ( 33.01779607714239972, 60.15890489015593090, 4.599999999999999645 ) ) ;
#4507 = DIRECTION ( 'NONE',  ( -0.000000000000000000, -0.000000000000000000, 1.000000000000000000 ) ) ;
#4508 = CARTESIAN_POINT ( 'NONE',  ( 0.4339157902498707586, 74.25172605281045435, 1.301747370749792632 ) ) ;
#4509 = ORIENTED_EDGE ( 'NONE', *, *, #3427, .T. ) ;
#4510 = FACE_OUTER_BOUND ( 'NONE', #4661, .T. ) ;
#4511 = DIRECTION ( 'NONE',  ( -1.000000000000000000, 0.000000000000000000, 0.000000000000000000 ) ) ;
#4512 = B_SPLINE_CURVE_WITH_KNOTS ( 'NONE', 3,
 ( #3031, #2927, #276, #1838 ),
 .UNSPECIFIED., .F., .F.,
 ( 4, 4 ),
 ( 19.00000000000000000, 20.00000000000000000 ),
 .UNSPECIFIED. ) ;
#4513 = AXIS2_PLACEMENT_3D ( 'NONE', #4211, #994, #3754 ) ;
#4514 = ORIENTED_EDGE ( 'NONE', *, *, #3563, .F. ) ;
#4515 = LINE ( 'NONE', #982, #1827 ) ;
#4516 = DIRECTION ( 'NONE',  ( 1.000000000000000000, 0.000000000000000000, -3.614007241618347785E-16 ) ) ;
#4517 = ORIENTED_EDGE ( 'NONE', *, *, #3196, .F. ) ;
#4518 = CARTESIAN_POINT ( 'NONE',  ( 17.57029234899437498, 67.16261583822674197, 4.599999999999999645 ) ) ;
#4519 = DIRECTION ( 'NONE',  ( -0.000000000000000000, -0.000000000000000000, 1.000000000000000000 ) ) ;
#4520 = CARTESIAN_POINT ( 'NONE',  ( 59.96680715955792351, 68.43253565528095805, 4.599999999999999645 ) ) ;
#4521 = VERTEX_POINT ( 'NONE', #4852 ) ;
#4522 = EDGE_LOOP ( 'NONE', ( #1406, #4849, #2659, #130 ) ) ;
#4523 = LINE ( 'NONE', #4896, #1015 ) ;
#4524 = CARTESIAN_POINT ( 'NONE',  ( 28.48680579615640340, 67.79361627235329024, 5.000000000000000000 ) ) ;
#4525 = DIRECTION ( 'NONE',  ( -0.3071847255501460316, -0.9516499064197303515, 0.000000000000000000 ) ) ;
#4526 = DIRECTION ( 'NONE',  ( -0.000000000000000000, -1.000000000000000000, -0.000000000000000000 ) ) ;
#4527 = CARTESIAN_POINT ( 'NONE',  ( 14.02141606605299806, 65.68048437519374261, 5.000000000000000000 ) ) ;
#4528 = CARTESIAN_POINT ( 'NONE',  ( 1.500000000000001110, 73.50000000000000000, 1.500000000000000000 ) ) ;
#4529 = ORIENTED_EDGE ( 'NONE', *, *, #1356, .F. ) ;
#4530 = ADVANCED_FACE ( 'NONE', ( #1627 ), #2900, .F. ) ;
#4531 = CARTESIAN_POINT ( 'NONE',  ( 39.62958920622759962, 51.33356971989758932, 4.599999999999999645 ) ) ;
#4532 = ORIENTED_EDGE ( 'NONE', *, *, #2501, .T. ) ;
#4533 = CARTESIAN_POINT ( 'NONE',  ( -0.1296663786469602064, 59.90372998772974711, 4.599999999999999645 ) ) ;
#4534 = CARTESIAN_POINT ( 'NONE',  ( 50.85420801291714099, 67.42161425081793880, 4.599999999999999645 ) ) ;
#4535 = ORIENTED_EDGE ( 'NONE', *, *, #4171, .F. ) ;
#4536 = CARTESIAN_POINT ( 'NONE',  ( 56.70000000000001705, 109.1999999999999886, 3.000000000000000000 ) ) ;
#4537 = CARTESIAN_POINT ( 'NONE',  ( 23.96329594661243689, 60.01231934864183160, 5.000000000000000000 ) ) ;
#4538 = DIRECTION ( 'NONE',  ( -0.2325341717708094280, -0.9725882268251367924, 0.000000000000000000 ) ) ;
#4539 = VECTOR ( 'NONE', #4616, 1000.000000000000000 ) ;
#4540 = EDGE_LOOP ( 'NONE', ( #1041, #3627, #2296, #797 ) ) ;
#4541 = CARTESIAN_POINT ( 'NONE',  ( 52.50000000000000711, 117.5000000000000000, -10.00000000000062350 ) ) ;
#4542 = CARTESIAN_POINT ( 'NONE',  ( 74.50000000000000000, 74.37867965644035451, 1.500000000000000000 ) ) ;
#4543 = VECTOR ( 'NONE', #2143, 1000.000000000000000 ) ;
#4544 = EDGE_CURVE ( 'NONE', #4314, #3282, #842, .T. ) ;
#4545 = CARTESIAN_POINT ( 'NONE',  ( 69.99999999999998579, 5.000000000000000000, 0.000000000000000000 ) ) ;
#4546 = CARTESIAN_POINT ( 'NONE',  ( 17.50000000000000000, 120.0000000000000000, -12.50000000000000000 ) ) ;
#4547 = EDGE_CURVE ( 'NONE', #1055, #1125, #2981, .T. ) ;
#4548 = CARTESIAN_POINT ( 'NONE',  ( 30.84107323525157796, -9.955243575954488833, 4.599999999999999645 ) ) ;
#4549 = AXIS2_PLACEMENT_3D ( 'NONE', #3043, #4607, #3832 ) ;
#4550 = CARTESIAN_POINT ( 'NONE',  ( 35.87667499726751430, 69.15288993489288316, 4.599999999999999645 ) ) ;
#4551 = CARTESIAN_POINT ( 'NONE',  ( 44.98508136713597594, 52.54447620889911974, 4.599999999999999645 ) ) ;
#4552 = LINE ( 'NONE', #3396, #4907 ) ;
#4553 = ORIENTED_EDGE ( 'NONE', *, *, #4582, .F. ) ;
#4554 = AXIS2_PLACEMENT_3D ( 'NONE', #2346, #1597, #4421 ) ;
#4555 = AXIS2_PLACEMENT_3D ( 'NONE', #4220, #1847, #2983 ) ;
#4556 = VERTEX_POINT ( 'NONE', #492 ) ;
#4557 = DIRECTION ( 'NONE',  ( 1.000000000000000000, 0.000000000000000000, -0.000000000000000000 ) ) ;
#4558 = AXIS2_PLACEMENT_3D ( 'NONE', #835, #4769, #2349 ) ;
#4559 = CARTESIAN_POINT ( 'NONE',  ( 74.86911433815198791, 74.99999999171568277, 0.1308856618478415335 ) ) ;
#4560 = EDGE_CURVE ( 'NONE', #2473, #474, #3719, .T. ) ;
#4561 = ORIENTED_EDGE ( 'NONE', *, *, #3744, .F. ) ;
#4562 = PLANE ( 'NONE',  #1490 ) ;
#4563 = CARTESIAN_POINT ( 'NONE',  ( 16.97589199274863958, 59.84551655870923526, 4.599999999999999645 ) ) ;
#4564 = CARTESIAN_POINT ( 'NONE',  ( 35.00763628465025334, 51.82798241853258503, 4.599999999999999645 ) ) ;
#4565 = DIRECTION ( 'NONE',  ( -0.000000000000000000, -0.000000000000000000, 1.000000000000000000 ) ) ;
#4566 = ORIENTED_EDGE ( 'NONE', *, *, #270, .F. ) ;
#4567 = DIRECTION ( 'NONE',  ( -0.000000000000000000, -0.000000000000000000, 1.000000000000000000 ) ) ;
#4568 = CARTESIAN_POINT ( 'NONE',  ( 29.88269561313709133, 64.70051189553737458, 5.000000000000000000 ) ) ;
#4569 = FACE_OUTER_BOUND ( 'NONE', #3152, .T. ) ;
#4570 = VECTOR ( 'NONE', #4035, 1000.000000000000000 ) ;
#4571 = CARTESIAN_POINT ( 'NONE',  ( 47.50000000000062528, 117.5000000000000000, -5.000000000000004441 ) ) ;
#4572 = ADVANCED_FACE ( 'NONE', ( #1761 ), #2043, .F. ) ;
#4573 = CARTESIAN_POINT ( 'NONE',  ( 20.88358404535131641, -6.741047825046448949, 4.599999999999999645 ) ) ;
#4574 = CARTESIAN_POINT ( 'NONE',  ( 36.14294705659228413, 60.21152601110345159, 4.599999999999999645 ) ) ;
#4575 = LINE ( 'NONE', #591, #974 ) ;
#4576 = VERTEX_POINT ( 'NONE', #1803 ) ;
#4577 = CIRCLE ( 'NONE', #4663, 2.499999999999995115 ) ;
#4578 = CARTESIAN_POINT ( 'NONE',  ( 38.85478914024159991, 50.76751028877510663, 4.599999999999999645 ) ) ;
#4579 = ORIENTED_EDGE ( 'NONE', *, *, #999, .F. ) ;
#4580 = LINE ( 'NONE', #718, #347 ) ;
#4581 = CARTESIAN_POINT ( 'NONE',  ( 5.000000000000000000, 5.000000000000000000, 5.000000000000000000 ) ) ;
#4582 = EDGE_CURVE ( 'NONE', #4128, #4628, #3413, .T. ) ;
#4583 = VERTEX_POINT ( 'NONE', #1859 ) ;
#4584 = DIRECTION ( 'NONE',  ( 0.000000000000000000, 0.000000000000000000, 1.000000000000000000 ) ) ;
#4585 = PLANE ( 'NONE',  #3884 ) ;
#4586 = DIRECTION ( 'NONE',  ( -0.000000000000000000, -0.000000000000000000, -1.000000000000000000 ) ) ;
#4587 = CARTESIAN_POINT ( 'NONE',  ( 45.34840069594080347, 52.54526264242620215, 4.599999999999999645 ) ) ;
#4588 = ORIENTED_EDGE ( 'NONE', *, *, #2834, .T. ) ;
#4589 = CARTESIAN_POINT ( 'NONE',  ( 0.4999999999999918954, -6.143812310751091542E-17, 0.5000000000000000000 ) ) ;
#4590 = CARTESIAN_POINT ( 'NONE',  ( 22.50000000000000000, -0.001000000000001000089, -10.00000000000000178 ) ) ;
#4591 = EDGE_CURVE ( 'NONE', #2863, #3428, #3438, .T. ) ;
#4592 = CARTESIAN_POINT ( 'NONE',  ( 34.58037044103966906, 60.18697884857790115, 4.599999999999999645 ) ) ;
#4593 = ADVANCED_FACE ( 'NONE', ( #1374 ), #3363, .F. ) ;
#4594 = DIRECTION ( 'NONE',  ( -0.9516499064197303515, 0.3071847255501460316, 0.000000000000000000 ) ) ;
#4595 = CARTESIAN_POINT ( 'NONE',  ( 37.87316993195197767, 69.15721150665848427, 5.000000000000000000 ) ) ;
#4596 = FACE_BOUND ( 'NONE', #456, .T. ) ;
#4597 = CARTESIAN_POINT ( 'NONE',  ( 59.20000000000001705, 106.6999999999999886, 3.000000000000000000 ) ) ;
#4598 = CARTESIAN_POINT ( 'NONE',  ( 48.25805883730210155, 67.41599467984798366, 4.599999999999999645 ) ) ;
#4599 = ORIENTED_EDGE ( 'NONE', *, *, #3845, .F. ) ;
#4600 = CARTESIAN_POINT ( 'NONE',  ( 69.99999999999998579, 5.000000000000000000, 0.000000000000000000 ) ) ;
#4601 = CARTESIAN_POINT ( 'NONE',  ( 65.35148764806179145, 19.38669273430911844, 4.599999999999999645 ) ) ;
#4602 = ORIENTED_EDGE ( 'NONE', *, *, #4371, .F. ) ;
#4603 = EDGE_CURVE ( 'NONE', #2011, #3460, #4025, .T. ) ;
#4604 = CARTESIAN_POINT ( 'NONE',  ( 63.35690349420030998, 18.98876614253688899, 4.599999999999999645 ) ) ;
#4605 = VECTOR ( 'NONE', #2132, 1000.000000000000000 ) ;
#4606 = CARTESIAN_POINT ( 'NONE',  ( 55.00000000000003553, 120.0000000000000142, -10.00000000000062350 ) ) ;
#4607 = DIRECTION ( 'NONE',  ( -0.000000000000000000, -0.000000000000000000, -1.000000000000000000 ) ) ;
#4608 = EDGE_LOOP ( 'NONE', ( #1683, #1148, #2487 ) ) ;
#4609 = CARTESIAN_POINT ( 'NONE',  ( 56.98449280162159880, 69.20210790046715488, 4.599999999999999645 ) ) ;
#4610 = FACE_OUTER_BOUND ( 'NONE', #2436, .T. ) ;
#4611 = CARTESIAN_POINT ( 'NONE',  ( 52.50000000000000711, 112.4999999999999858, -10.00000000000000711 ) ) ;
#4612 = CARTESIAN_POINT ( 'NONE',  ( 73.87179947255832246, 45.44597539628917104, 1.128200527441270307 ) ) ;
#4613 = VERTEX_POINT ( 'NONE', #3748 ) ;
#4614 = DIRECTION ( 'NONE',  ( -1.000000000000000000, 1.228762462150238276E-16, 0.000000000000000000 ) ) ;
#4615 = CARTESIAN_POINT ( 'NONE',  ( 44.98508136713597594, 52.54447620889911974, 5.000000000000000000 ) ) ;
#4616 = DIRECTION ( 'NONE',  ( -1.000000000000000000, 0.000000000000000000, 0.000000000000000000 ) ) ;
#4617 = CARTESIAN_POINT ( 'NONE',  ( 29.89265525571779136, 60.09923018964610009, 5.000000000000000000 ) ) ;
#4618 = EDGE_LOOP ( 'NONE', ( #3110, #5053, #5022, #3977 ) ) ;
#4619 = VECTOR ( 'NONE', #4951, 1000.000000000000000 ) ;
#4620 = CIRCLE ( 'NONE', #3145, 1.000000000000000000 ) ;
#4621 = CARTESIAN_POINT ( 'NONE',  ( 16.98661193500679900, 54.89307990385177050, 4.599999999999999645 ) ) ;
#4622 = CARTESIAN_POINT ( 'NONE',  ( 65.35148764806179145, 19.38669273430911844, 4.599999999999999645 ) ) ;
#4623 = DIRECTION ( 'NONE',  ( -0.000000000000000000, -0.000000000000000000, 1.000000000000000000 ) ) ;
#4624 = CARTESIAN_POINT ( 'NONE',  ( 35.77095332533829009, 65.84749438515547126, 4.599999999999999645 ) ) ;
#4625 = LINE ( 'NONE', #4294, #5065 ) ;
#4626 = ADVANCED_FACE ( 'NONE', ( #4968 ), #4203, .F. ) ;
#4627 = VECTOR ( 'NONE', #3530, 1000.000000000000000 ) ;
#4628 = VERTEX_POINT ( 'NONE', #220 ) ;
#4629 = CARTESIAN_POINT ( 'NONE',  ( 47.58123054275102248, 52.55009577986906777, 4.599999999999999645 ) ) ;
#4630 = VECTOR ( 'NONE', #4772, 1000.000000000000000 ) ;
#4631 = CARTESIAN_POINT ( 'NONE',  ( 58.60291684388124622, 51.57570027742514185, 5.000000000000000000 ) ) ;
#4632 = VECTOR ( 'NONE', #18, 1000.000000000000000 ) ;
#4633 = AXIS2_PLACEMENT_3D ( 'NONE', #3888, #1487, #2682 ) ;
#4634 = EDGE_LOOP ( 'NONE', ( #4023, #1571, #1846, #3749 ) ) ;
#4635 = DIRECTION ( 'NONE',  ( 0.2870939721814941836, -0.9579024225551636684, 0.000000000000000000 ) ) ;
#4636 = LINE ( 'NONE', #1140, #4539 ) ;
#4637 = CARTESIAN_POINT ( 'NONE',  ( 1.499999999999997335, 46.40182416234465990, 0.4999999999345502988 ) ) ;
#4638 = AXIS2_PLACEMENT_3D ( 'NONE', #2509, #4451, #4083 ) ;
#4639 = ORIENTED_EDGE ( 'NONE', *, *, #2218, .F. ) ;
#4640 = EDGE_CURVE ( 'NONE', #5063, #2407, #2550, .T. ) ;
#4641 = VECTOR ( 'NONE', #2912, 1000.000000000000000 ) ;
#4642 = CARTESIAN_POINT ( 'NONE',  ( 41.96291306052567904, 63.57867512623393935, 4.599999999999999645 ) ) ;
#4643 = CARTESIAN_POINT ( 'NONE',  ( 74.76969600708474673, 46.30067417839163113, 1.499999999999999112 ) ) ;
#4644 = CARTESIAN_POINT ( 'NONE',  ( 37.50000000000000000, 21.74999999999999289, 3.000000000000000000 ) ) ;
#4645 = ORIENTED_EDGE ( 'NONE', *, *, #1142, .F. ) ;
#4646 = DIRECTION ( 'NONE',  ( 0.000000000000000000, -1.000000000000000000, 0.000000000000000000 ) ) ;
#4647 = VERTEX_POINT ( 'NONE', #4127 ) ;
#4648 = B_SPLINE_SURFACE_WITH_KNOTS ( 'NONE', 3, 1, ( 
 ( #98, #4485 ),
 ( #4809, #4010 ),
 ( #3685, #4857 ),
 ( #2828, #1661 ) ),
 .UNSPECIFIED., .F., .F., .F.,
 ( 4, 4 ),
 ( 2, 2 ),
 ( 2.000000000000000000, 3.000000000000000000 ),
 ( 0.000000000000000000, 1.000000000000000000 ),
 .UNSPECIFIED. ) ;
#4649 = EDGE_CURVE ( 'NONE', #1868, #4002, #3816, .T. ) ;
#4650 = CARTESIAN_POINT ( 'NONE',  ( 14.03395320428463044, 59.88853312862018896, 5.000000000000000000 ) ) ;
#4651 = CARTESIAN_POINT ( 'NONE',  ( 51.17218398280328273, 67.18596718839175708, 4.599999999999999645 ) ) ;
#4652 = ORIENTED_EDGE ( 'NONE', *, *, #2230, .F. ) ;
#4653 = EDGE_CURVE ( 'NONE', #1165, #3648, #2997, .T. ) ;
#4654 = CARTESIAN_POINT ( 'NONE',  ( 16.97589199274863958, 59.84551655870923526, 4.599999999999999645 ) ) ;
#4655 = CARTESIAN_POINT ( 'NONE',  ( 1.500000000000000888, 73.50000000000000000, 0.000000000000000000 ) ) ;
#4656 = FACE_OUTER_BOUND ( 'NONE', #4987, .T. ) ;
#4657 = LINE ( 'NONE', #4705, #235 ) ;
#4658 = VERTEX_POINT ( 'NONE', #4501 ) ;
#4659 = CARTESIAN_POINT ( 'NONE',  ( 35.78597283154926600, 50.76086759227584366, 4.599999999999999645 ) ) ;
#4660 = CARTESIAN_POINT ( 'NONE',  ( 27.11389941078661536, 71.12337289908458615, 5.000000000000000000 ) ) ;
#4661 = EDGE_LOOP ( 'NONE', ( #5092, #1156, #1259, #2867 ) ) ;
#4662 = DIRECTION ( 'NONE',  ( 0.000000000000000000, 0.000000000000000000, 1.000000000000000000 ) ) ;
#4663 = AXIS2_PLACEMENT_3D ( 'NONE', #4102, #1353, #1779 ) ;
#4664 = CARTESIAN_POINT ( 'NONE',  ( 58.63206800602740287, 51.14542102133970758, 5.000000000000000000 ) ) ;
#4665 = EDGE_CURVE ( 'NONE', #602, #489, #1419, .T. ) ;
#4666 = VERTEX_POINT ( 'NONE', #4181 ) ;
#4667 = CARTESIAN_POINT ( 'NONE',  ( 35.00763628465025334, 51.82798241853258503, 4.599999999999999645 ) ) ;
#4668 = CARTESIAN_POINT ( 'NONE',  ( 74.99702524491128486, 45.00983278992073622, 0.1975481995049482575 ) ) ;
#4669 = DIRECTION ( 'NONE',  ( 0.000000000000000000, 0.000000000000000000, -1.000000000000000000 ) ) ;
#4670 = ORIENTED_EDGE ( 'NONE', *, *, #411, .F. ) ;
#4671 = DIRECTION ( 'NONE',  ( 0.000000000000000000, -1.000000000000000000, -0.000000000000000000 ) ) ;
#4672 = ORIENTED_EDGE ( 'NONE', *, *, #2395, .T. ) ;
#4673 = ORIENTED_EDGE ( 'NONE', *, *, #4814, .F. ) ;
#4674 = CARTESIAN_POINT ( 'NONE',  ( 22.50000000000000000, 117.5000000000000142, -12.50000000000000000 ) ) ;
#4675 = VECTOR ( 'NONE', #3109, 1000.000000000000000 ) ;
#4676 = DIRECTION ( 'NONE',  ( -1.000000000000000000, -0.000000000000000000, 1.908195823574487804E-16 ) ) ;
#4677 = VERTEX_POINT ( 'NONE', #1354 ) ;
#4678 = CARTESIAN_POINT ( 'NONE',  ( 63.35690349420030998, 18.98876614253688899, 4.599999999999999645 ) ) ;
#4679 = CARTESIAN_POINT ( 'NONE',  ( 0.000000000000000000, 0.000000000000000000, 0.000000000000000000 ) ) ;
#4680 = CARTESIAN_POINT ( 'NONE',  ( 59.19999999999999574, 18.49999999999998934, 0.000000000000000000 ) ) ;
#4681 = LINE ( 'NONE', #2386, #2528 ) ;
#4682 = VERTEX_POINT ( 'NONE', #2214 ) ;
#4683 = PLANE ( 'NONE',  #454 ) ;
#4684 = ORIENTED_EDGE ( 'NONE', *, *, #3329, .T. ) ;
#4685 = DIRECTION ( 'NONE',  ( -1.000000000000000000, 0.000000000000000000, 0.000000000000000000 ) ) ;
#4686 = EDGE_CURVE ( 'NONE', #3141, #3908, #1204, .T. ) ;
#4687 = ORIENTED_EDGE ( 'NONE', *, *, #155, .F. ) ;
#4688 = DIRECTION ( 'NONE',  ( -0.9725882268247872942, 0.2325341717722711754, 0.000000000000000000 ) ) ;
#4689 = CARTESIAN_POINT ( 'NONE',  ( 52.75819874726981595, 56.38499435135753401, 5.000000000000000000 ) ) ;
#4690 = DIRECTION ( 'NONE',  ( -1.000000000000000000, -0.000000000000000000, -0.000000000000000000 ) ) ;
#4691 = ORIENTED_EDGE ( 'NONE', *, *, #2834, .F. ) ;
#4692 = DIRECTION ( 'NONE',  ( 2.360167994526267448E-16, 1.000000000000000000, 0.000000000000000000 ) ) ;
#4693 = VERTEX_POINT ( 'NONE', #3792 ) ;
#4694 = VERTEX_POINT ( 'NONE', #4587 ) ;
#4695 = CARTESIAN_POINT ( 'NONE',  ( 34.58037044103966906, 60.18697884857790115, 5.000000000000000000 ) ) ;
#4696 = DIRECTION ( 'NONE',  ( 0.000000000000000000, 0.000000000000000000, -1.000000000000000000 ) ) ;
#4697 = ORIENTED_EDGE ( 'NONE', *, *, #818, .T. ) ;
#4698 = EDGE_LOOP ( 'NONE', ( #2591, #4706, #2157, #899 ) ) ;
#4699 = ADVANCED_FACE ( 'NONE', ( #680 ), #3302, .F. ) ;
#4700 = CARTESIAN_POINT ( 'NONE',  ( 53.41358205560006667, 59.97377346117848873, 5.000000000000000000 ) ) ;
#4701 = CARTESIAN_POINT ( 'NONE',  ( 54.64768155626244805, 56.93935805308353082, 4.599999999999999645 ) ) ;
#4702 = CARTESIAN_POINT ( 'NONE',  ( 47.18616342779203876, 52.54924062573878274, 4.599999999999999645 ) ) ;
#4703 = EDGE_CURVE ( 'NONE', #585, #4647, #3838, .T. ) ;
#4704 = CARTESIAN_POINT ( 'NONE',  ( 73.50000000000000000, 46.49999999999999289, 0.5000000000000000000 ) ) ;
#4705 = CARTESIAN_POINT ( 'NONE',  ( 47.50000000000062528, 117.5000000000000000, -5.000000000000004441 ) ) ;
#4706 = ORIENTED_EDGE ( 'NONE', *, *, #4640, .F. ) ;
#4707 = LINE ( 'NONE', #1123, #2908 ) ;
#4708 = B_SPLINE_CURVE_WITH_KNOTS ( 'NONE', 3,
 ( #3960, #1998, #3108, #3988 ),
 .UNSPECIFIED., .F., .F.,
 ( 4, 4 ),
 ( 2.000000000000000000, 3.000000000000000000 ),
 .UNSPECIFIED. ) ;
#4709 = ADVANCED_FACE ( 'NONE', ( #2393 ), #32, .T. ) ;
#4710 = ORIENTED_EDGE ( 'NONE', *, *, #1100, .T. ) ;
#4711 = VECTOR ( 'NONE', #1176, 1000.000000000000000 ) ;
#4712 = CARTESIAN_POINT ( 'NONE',  ( 33.03116546166571510, 53.98246957253758183, 4.599999999999999645 ) ) ;
#4713 = CARTESIAN_POINT ( 'NONE',  ( 74.56608420974995965, 45.74827394718922591, 1.301747370749582799 ) ) ;
#4714 = CARTESIAN_POINT ( 'NONE',  ( 13.74999999999998757, 116.2500000000000000, 0.000000000000000000 ) ) ;
#4715 = VECTOR ( 'NONE', #4291, 1000.000000000000000 ) ;
#4716 = VECTOR ( 'NONE', #12, 1000.000000000000000 ) ;
#4717 = ORIENTED_EDGE ( 'NONE', *, *, #3786, .F. ) ;
#4718 = CARTESIAN_POINT ( 'NONE',  ( 14.38323494084624166, 60.15874940231086043, 5.000000000000000000 ) ) ;
#4719 = CARTESIAN_POINT ( 'NONE',  ( 12.49999999999998757, -6.071532165918824830E-15, -9.999999999999991118 ) ) ;
#4720 = CARTESIAN_POINT ( 'NONE',  ( 31.42165254070773628, -10.77726782925159732, 4.599999999999999645 ) ) ;
#4721 = EDGE_LOOP ( 'NONE', ( #4082, #4235, #4039, #4130 ) ) ;
#4722 = CARTESIAN_POINT ( 'NONE',  ( 52.75819874726981595, 56.38499435135753401, 4.599999999999999645 ) ) ;
#4723 = VERTEX_POINT ( 'NONE', #1980 ) ;
#4724 = VERTEX_POINT ( 'NONE', #1642 ) ;
#4725 = CARTESIAN_POINT ( 'NONE',  ( 47.91652405408409265, 67.12953676969294747, 4.599999999999999645 ) ) ;
#4726 = DIRECTION ( 'NONE',  ( 0.000000000000000000, 0.000000000000000000, -1.000000000000000000 ) ) ;
#4727 = ORIENTED_EDGE ( 'NONE', *, *, #1853, .F. ) ;
#4728 = VECTOR ( 'NONE', #1246, 1000.000000000000000 ) ;
#4729 = ORIENTED_EDGE ( 'NONE', *, *, #980, .T. ) ;
#4730 = LINE ( 'NONE', #3163, #4632 ) ;
#4731 = CARTESIAN_POINT ( 'NONE',  ( 42.52799392477230356, 59.99606587957203629, 5.000000000000000000 ) ) ;
#4732 = CYLINDRICAL_SURFACE ( 'NONE', #2595, 2.500000000000002220 ) ;
#4733 = CARTESIAN_POINT ( 'NONE',  ( 27.50000000000000000, -0.001000000000001000089, -5.000000000000000000 ) ) ;
#4734 = DIRECTION ( 'NONE',  ( -0.000000000000000000, -0.000000000000000000, -1.000000000000000000 ) ) ;
#4735 = ORIENTED_EDGE ( 'NONE', *, *, #26, .T. ) ;
#4736 =( NAMED_UNIT ( * ) SI_UNIT ( $, .STERADIAN. ) SOLID_ANGLE_UNIT ( ) );
#4737 = CARTESIAN_POINT ( 'NONE',  ( 74.56608420974995965, 74.25172605281045435, 1.301747370749794408 ) ) ;
#4738 = ORIENTED_EDGE ( 'NONE', *, *, #1694, .T. ) ;
#4739 = CARTESIAN_POINT ( 'NONE',  ( 26.88347510842798016, 60.24439457978235168, 4.599999999999999645 ) ) ;
#4740 = CARTESIAN_POINT ( 'NONE',  ( 74.55058351250134763, 45.83527324319172891, 1.348249462496324158 ) ) ;
#4741 = FACE_OUTER_BOUND ( 'NONE', #2475, .T. ) ;
#4742 = ORIENTED_EDGE ( 'NONE', *, *, #3038, .F. ) ;
#4743 = LINE ( 'NONE', #1540, #600 ) ;
#4744 = FACE_OUTER_BOUND ( 'NONE', #2181, .T. ) ;
#4745 = CARTESIAN_POINT ( 'NONE',  ( 38.23827591779982527, 68.33259183104274825, 4.599999999999999645 ) ) ;
#4746 = ADVANCED_FACE ( 'NONE', ( #2839 ), #500, .F. ) ;
#4747 = FACE_OUTER_BOUND ( 'NONE', #5068, .T. ) ;
#4748 = ORIENTED_EDGE ( 'NONE', *, *, #3285, .T. ) ;
#4749 = ORIENTED_EDGE ( 'NONE', *, *, #4649, .F. ) ;
#4750 = CARTESIAN_POINT ( 'NONE',  ( 35.21975722808575426, -6.106783605428752537, 5.000000000000000000 ) ) ;
#4751 = LINE ( 'NONE', #3897, #3879 ) ;
#4752 = ORIENTED_EDGE ( 'NONE', *, *, #40, .T. ) ;
#4753 = VERTEX_POINT ( 'NONE', #2057 ) ;
#4754 = LINE ( 'NONE', #3629, #610 ) ;
#4755 = DIRECTION ( 'NONE',  ( 1.249000902703300351E-13, 0.000000000000000000, 1.000000000000000000 ) ) ;
#4756 = EDGE_CURVE ( 'NONE', #4119, #2822, #4401, .T. ) ;
#4757 = CARTESIAN_POINT ( 'NONE',  ( 33.01779607714239972, 60.15890489015593090, 4.599999999999999645 ) ) ;
#4758 = DIRECTION ( 'NONE',  ( -0.000000000000000000, -0.000000000000000000, 1.000000000000000000 ) ) ;
#4759 = ORIENTED_EDGE ( 'NONE', *, *, #2866, .F. ) ;
#4760 = DIRECTION ( 'NONE',  ( 1.000000000000000000, 0.000000000000000000, -1.387778780781445676E-15 ) ) ;
#4761 = DIRECTION ( 'NONE',  ( 0.000000000000000000, 0.000000000000000000, -1.000000000000000000 ) ) ;
#4762 = CARTESIAN_POINT ( 'NONE',  ( 74.50000000006538414, 46.40182416234468121, 1.500000000000000000 ) ) ;
#4763 = CARTESIAN_POINT ( 'NONE',  ( 72.50000000000000000, 4.999999999999993783, -12.50000000000000000 ) ) ;
#4764 = ADVANCED_FACE ( 'NONE', ( #2447 ), #1489, .T. ) ;
#4765 = ORIENTED_EDGE ( 'NONE', *, *, #1281, .F. ) ;
#4766 = CARTESIAN_POINT ( 'NONE',  ( 59.94118143679965982, 68.86282220606143767, 4.599999999999999645 ) ) ;
#4767 = CARTESIAN_POINT ( 'NONE',  ( 74.70710678118653902, 45.00000000000000000, 0.8786796564403570597 ) ) ;
#4768 = DIRECTION ( 'NONE',  ( 0.2842690850060091146, -0.9587445370430260905, 0.000000000000000000 ) ) ;
#4769 = DIRECTION ( 'NONE',  ( -0.8597468848040492606, -0.5107203677843022982, 0.000000000000000000 ) ) ;
#4770 = ORIENTED_EDGE ( 'NONE', *, *, #638, .F. ) ;
#4771 = EDGE_LOOP ( 'NONE', ( #3623, #1968, #9, #4227, #816, #1849, #1673, #2524 ) ) ;
#4772 = DIRECTION ( 'NONE',  ( -0.000000000000000000, -0.000000000000000000, -1.000000000000000000 ) ) ;
#4773 = DIRECTION ( 'NONE',  ( -1.000000000000000000, 0.000000000000000000, 0.000000000000000000 ) ) ;
#4774 = ORIENTED_EDGE ( 'NONE', *, *, #3536, .F. ) ;
#4775 = ORIENTED_EDGE ( 'NONE', *, *, #4331, .F. ) ;
#4776 = DIRECTION ( 'NONE',  ( -0.000000000000000000, 0.000000000000000000, -1.000000000000000000 ) ) ;
#4777 = LINE ( 'NONE', #4807, #2248 ) ;
#4778 = EDGE_CURVE ( 'NONE', #3864, #1651, #1997, .T. ) ;
#4779 = CARTESIAN_POINT ( 'NONE',  ( 5.000000000000000000, 5.000000000000000000, 0.000000000000000000 ) ) ;
#4780 = CARTESIAN_POINT ( 'NONE',  ( 0.5000000000000007772, 74.37867965644035451, 1.500000000000000000 ) ) ;
#4781 = ORIENTED_EDGE ( 'NONE', *, *, #3223, .T. ) ;
#4782 = CARTESIAN_POINT ( 'NONE',  ( 7.499999999999985789, -6.071532165918824830E-15, -9.999999999999992895 ) ) ;
#4783 = EDGE_CURVE ( 'NONE', #2982, #493, #3790, .T. ) ;
#4784 = CARTESIAN_POINT ( 'NONE',  ( 14.03395320428463044, 59.88853312862018896, 4.599999999999999645 ) ) ;
#4785 = CARTESIAN_POINT ( 'NONE',  ( 37.50000000000000000, 21.74999999999999289, 0.000000000000000000 ) ) ;
#4786 = AXIS2_PLACEMENT_3D ( 'NONE', #3075, #4646, #754 ) ;
#4787 = LINE ( 'NONE', #3257, #463 ) ;
#4788 = VECTOR ( 'NONE', #3177, 1000.000000000000000 ) ;
#4789 = ORIENTED_EDGE ( 'NONE', *, *, #494, .F. ) ;
#4790 = LINE ( 'NONE', #2976, #2403 ) ;
#4791 = DIRECTION ( 'NONE',  ( 0.9999789340568651097, -0.006490873785237705890, 0.000000000000000000 ) ) ;
#4792 = LINE ( 'NONE', #2790, #364 ) ;
#4793 = VECTOR ( 'NONE', #1701, 1000.000000000000000 ) ;
#4794 = ORIENTED_EDGE ( 'NONE', *, *, #4167, .F. ) ;
#4795 = AXIS2_PLACEMENT_3D ( 'NONE', #4345, #2794, #3521 ) ;
#4796 = EDGE_CURVE ( 'NONE', #2400, #3238, #1824, .T. ) ;
#4797 = ORIENTED_EDGE ( 'NONE', *, *, #3347, .T. ) ;
#4798 = LINE ( 'NONE', #3547, #4066 ) ;
#4799 = DIRECTION ( 'NONE',  ( 0.9725882268251367924, -0.2325341717708094280, 0.000000000000000000 ) ) ;
#4800 = ORIENTED_EDGE ( 'NONE', *, *, #2553, .T. ) ;
#4801 = AXIS2_PLACEMENT_3D ( 'NONE', #535, #1390, #1679 ) ;
#4802 = ORIENTED_EDGE ( 'NONE', *, *, #648, .T. ) ;
#4803 = COLOUR_RGB ( '',0.7921568627450980005, 0.8196078431372548767, 0.9333333333333333481 ) ;
#4804 = CARTESIAN_POINT ( 'NONE',  ( 29.89265525571779136, 60.09923018964615693, 5.000000000000000000 ) ) ;
#4805 = EDGE_CURVE ( 'NONE', #408, #4658, #1179, .T. ) ;
#4806 = DIRECTION ( 'NONE',  ( 0.000000000000000000, 0.000000000000000000, 1.000000000000000000 ) ) ;
#4807 = CARTESIAN_POINT ( 'NONE',  ( 53.41358205560006667, 59.97377346117848873, 4.599999999999999645 ) ) ;
#4808 = AXIS2_PLACEMENT_3D ( 'NONE', #3354, #2642, #1813 ) ;
#4809 = CARTESIAN_POINT ( 'NONE',  ( 29.83130851283739915, 50.95962397155131640, 4.599999999999999645 ) ) ;
#4810 = VERTEX_POINT ( 'NONE', #2627 ) ;
#4811 = EDGE_CURVE ( 'NONE', #2486, #2863, #1931, .T. ) ;
#4812 = CARTESIAN_POINT ( 'NONE',  ( 35.09940047173320465, 68.10004456002852180, 5.000000000000000000 ) ) ;
#4813 = CIRCLE ( 'NONE', #2500, 1.500000000000000000 ) ;
#4814 = EDGE_CURVE ( 'NONE', #1055, #75, #1078, .T. ) ;
#4815 = CARTESIAN_POINT ( 'NONE',  ( 73.65175053750370182, 74.16472675680829241, 0.4494164874987622849 ) ) ;
#4816 = CARTESIAN_POINT ( 'NONE',  ( 0.9774720920581811967, 74.69639340368199498, 0.9774720920581764227 ) ) ;
#4817 = CARTESIAN_POINT ( 'NONE',  ( 0.000000000000000000, 0.000000000000000000, 4.599999999999999645 ) ) ;
#4818 = EDGE_LOOP ( 'NONE', ( #675, #1939, #4244, #4759, #4865, #1539 ) ) ;
#4819 = EDGE_LOOP ( 'NONE', ( #1098, #4529, #2460, #4887 ) ) ;
#4820 = ADVANCED_FACE ( 'NONE', ( #4610 ), #4585, .F. ) ;
#4821 = CARTESIAN_POINT ( 'NONE',  ( 54.53551570398803250, 56.61106762017198690, 5.000000000000000000 ) ) ;
#4822 = ADVANCED_FACE ( 'NONE', ( #3023 ), #294, .F. ) ;
#4823 = DIRECTION ( 'NONE',  ( 1.000000000000000000, 0.000000000000000000, 0.000000000000000000 ) ) ;
#4824 = EDGE_LOOP ( 'NONE', ( #2847, #3256, #4509, #325, #4748 ) ) ;
#4825 = CIRCLE ( 'NONE', #480, 5.000000000000004441 ) ;
#4826 = VERTEX_POINT ( 'NONE', #1463 ) ;
#4827 = DIRECTION ( 'NONE',  ( -0.000000000000000000, -0.000000000000000000, 1.000000000000000000 ) ) ;
#4828 = CARTESIAN_POINT ( 'NONE',  ( 35.60000000000000142, 21.74999999999999289, 3.000000000000000000 ) ) ;
#4829 = CARTESIAN_POINT ( 'NONE',  ( 26.17347629967592226, 69.52399929548074908, 5.000000000000000000 ) ) ;
#4830 = VERTEX_POINT ( 'NONE', #1517 ) ;
#4831 = VECTOR ( 'NONE', #1760, 1000.000000000000114 ) ;
#4832 = ORIENTED_EDGE ( 'NONE', *, *, #1372, .T. ) ;
#4833 = CARTESIAN_POINT ( 'NONE',  ( 74.70710678118653902, 75.00000000000000000, 0.8786796564403573928 ) ) ;
#4834 = ADVANCED_FACE ( 'NONE', ( #319 ), #3047, .F. ) ;
#4835 = DIRECTION ( 'NONE',  ( 0.000000000000000000, 0.000000000000000000, -1.000000000000000000 ) ) ;
#4836 = FACE_OUTER_BOUND ( 'NONE', #512, .T. ) ;
#4837 = CARTESIAN_POINT ( 'NONE',  ( 15.24677488885592602, 50.38836122693026454, 5.000000000000000000 ) ) ;
#4838 = VERTEX_POINT ( 'NONE', #3071 ) ;
#4839 = CARTESIAN_POINT ( 'NONE',  ( 35.09940047173320465, 68.10004456002852180, 4.599999999999999645 ) ) ;
#4840 = DIRECTION ( 'NONE',  ( -1.000000000000000000, 0.000000000000000000, 0.000000000000000000 ) ) ;
#4841 = CARTESIAN_POINT ( 'NONE',  ( 0.6820681540804921505, 74.88012564345402211, 0.6820681540804992560 ) ) ;
#4842 = ORIENTED_EDGE ( 'NONE', *, *, #4955, .T. ) ;
#4843 = ADVANCED_FACE ( 'NONE', ( #4230 ), #3246, .T. ) ;
#4844 = VERTEX_POINT ( 'NONE', #2212 ) ;
#4845 = FACE_OUTER_BOUND ( 'NONE', #3037, .T. ) ;
#4846 = FACE_OUTER_BOUND ( 'NONE', #3523, .T. ) ;
#4847 = CARTESIAN_POINT ( 'NONE',  ( 16.97589199274863958, 59.84551655870923526, 5.000000000000000000 ) ) ;
#4848 = ORIENTED_EDGE ( 'NONE', *, *, #2823, .T. ) ;
#4849 = ORIENTED_EDGE ( 'NONE', *, *, #616, .F. ) ;
#4850 = CARTESIAN_POINT ( 'NONE',  ( 2.499999999999998668, 4.999999999999993783, -12.50000000000000000 ) ) ;
#4851 = LINE ( 'NONE', #4828, #3922 ) ;
#4852 = CARTESIAN_POINT ( 'NONE',  ( 1.499999999999997558, 46.49999999999999289, 0.5000000000000000000 ) ) ;
#4853 = ORIENTED_EDGE ( 'NONE', *, *, #3646, .F. ) ;
#4854 = VERTEX_POINT ( 'NONE', #2013 ) ;
#4855 = CARTESIAN_POINT ( 'NONE',  ( 21.44437530280051263, 61.80936624298266935, 4.599999999999999645 ) ) ;
#4856 = AXIS2_PLACEMENT_3D ( 'NONE', #572, #3323, #2340 ) ;
#4857 = CARTESIAN_POINT ( 'NONE',  ( 31.46693423918955190, 54.71983697195834395, 5.000000000000000000 ) ) ;
#4858 = CARTESIAN_POINT ( 'NONE',  ( 0.000000000000000000, 4.999999999999993783, -12.50000000000000000 ) ) ;
#4859 = EDGE_CURVE ( 'NONE', #4905, #3608, #3229, .T. ) ;
#4860 = CARTESIAN_POINT ( 'NONE',  ( -0.1296663786469602064, 59.90372998772974711, 5.000000000000000000 ) ) ;
#4861 = EDGE_CURVE ( 'NONE', #2288, #3449, #455, .T. ) ;
#4862 = CARTESIAN_POINT ( 'NONE',  ( 1.394230665565162619, 74.11837504407677102, 1.394230665565161731 ) ) ;
#4863 = ORIENTED_EDGE ( 'NONE', *, *, #4921, .T. ) ;
#4864 = ADVANCED_FACE ( 'NONE', ( #4744 ), #1244, .F. ) ;
#4865 = ORIENTED_EDGE ( 'NONE', *, *, #2700, .F. ) ;
#4866 = CARTESIAN_POINT ( 'NONE',  ( 1.500000000000001110, 75.00000000000000000, 0.000000000000000000 ) ) ;
#4867 = LINE ( 'NONE', #162, #2660 ) ;
#4868 = VECTOR ( 'NONE', #3092, 1000.000000000000000 ) ;
#4869 = CIRCLE ( 'NONE', #1658, 2.499999999999995115 ) ;
#4870 = ORIENTED_EDGE ( 'NONE', *, *, #2569, .T. ) ;
#4871 = CARTESIAN_POINT ( 'NONE',  ( 16.96517205049047661, 64.79795321356733950, 4.599999999999999645 ) ) ;
#4872 = CARTESIAN_POINT ( 'NONE',  ( 43.08109070326097623, 63.58109551050129937, 4.599999999999999645 ) ) ;
#4873 = AXIS2_PLACEMENT_3D ( 'NONE', #1120, #1919, #385 ) ;
#4874 = CARTESIAN_POINT ( 'NONE',  ( 28.48680579615640340, 67.79361627235329024, 5.000000000000000000 ) ) ;
#4875 = ORIENTED_EDGE ( 'NONE', *, *, #4015, .T. ) ;
#4876 = ORIENTED_EDGE ( 'NONE', *, *, #2445, .T. ) ;
#4877 = VECTOR ( 'NONE', #2636, 1000.000000000000114 ) ;
#4878 = AXIS2_PLACEMENT_3D ( 'NONE', #3814, #3836, #2603 ) ;
#4879 = CARTESIAN_POINT ( 'NONE',  ( 48.65312595226107106, 67.41684983397829001, 5.000000000000000000 ) ) ;
#4880 = AXIS2_PLACEMENT_3D ( 'NONE', #2764, #808, #2014 ) ;
#4881 = CARTESIAN_POINT ( 'NONE',  ( 14.04654379219795857, 54.07188900997300607, 5.000000000000000000 ) ) ;
#4882 = PRODUCT ( 'Ubiquiti-24W-White', 'Ubiquiti-24W-White', '', ( #1835 ) ) ;
#4883 = LINE ( 'NONE', #1360, #2282 ) ;
#4884 = DIRECTION ( 'NONE',  ( 0.000000000000000000, -0.000000000000000000, 1.000000000000000000 ) ) ;
#4885 = DIRECTION ( 'NONE',  ( -0.000000000000000000, -0.000000000000000000, 1.000000000000000000 ) ) ;
#4886 = ORIENTED_EDGE ( 'NONE', *, *, #3946, .T. ) ;
#4887 = ORIENTED_EDGE ( 'NONE', *, *, #3028, .T. ) ;
#4888 = DIRECTION ( 'NONE',  ( -1.228762462150238276E-16, -1.000000000000000000, 0.000000000000000000 ) ) ;
#4889 = CARTESIAN_POINT ( 'NONE',  ( 62.50000000000001421, 116.2499999999999858, 0.000000000000000000 ) ) ;
#4890 = ORIENTED_EDGE ( 'NONE', *, *, #1341, .T. ) ;
#4891 = FACE_OUTER_BOUND ( 'NONE', #3248, .T. ) ;
#4892 = LINE ( 'NONE', #1373, #226 ) ;
#4893 = CARTESIAN_POINT ( 'NONE',  ( 37.62837630339784312, -6.524415688749411579, 4.599999999999999645 ) ) ;
#4894 = ORIENTED_EDGE ( 'NONE', *, *, #1547, .T. ) ;
#4895 = EDGE_LOOP ( 'NONE', ( #4670, #3343, #401 ) ) ;
#4896 = CARTESIAN_POINT ( 'NONE',  ( 12.49999999999998934, -6.071532165918824830E-15, -4.999999999999989342 ) ) ;
#4897 = EDGE_CURVE ( 'NONE', #2486, #1676, #4179, .T. ) ;
#4898 = LINE ( 'NONE', #3030, #4058 ) ;
#4899 = DIRECTION ( 'NONE',  ( 0.000000000000000000, 0.000000000000000000, 1.000000000000000000 ) ) ;
#4900 = CARTESIAN_POINT ( 'NONE',  ( 22.49999999999999289, 114.9999999999999858, -15.00000000000000000 ) ) ;
#4901 = EDGE_CURVE ( 'NONE', #2473, #4694, #4931, .T. ) ;
#4902 = CARTESIAN_POINT ( 'NONE',  ( 14.03395320428463044, 59.88853312862018896, 4.599999999999999645 ) ) ;
#4903 = DIRECTION ( 'NONE',  ( -0.000000000000000000, -0.000000000000000000, 1.000000000000000000 ) ) ;
#4904 = DIRECTION ( 'NONE',  ( 0.9999976573062887564, 0.002164574307903472522, 0.000000000000000000 ) ) ;
#4905 = VERTEX_POINT ( 'NONE', #4021 ) ;
#4906 = CARTESIAN_POINT ( 'NONE',  ( 37.50000000000000000, 21.74999999999999289, 0.000000000000000000 ) ) ;
#4907 = VECTOR ( 'NONE', #4190, 1000.000000000000000 ) ;
#4908 = ORIENTED_EDGE ( 'NONE', *, *, #2085, .T. ) ;
#4909 = CARTESIAN_POINT ( 'NONE',  ( 51.97385331965853794, 56.96884372970191635, 5.000000000000000000 ) ) ;
#4910 = EDGE_CURVE ( 'NONE', #4486, #3208, #807, .T. ) ;
#4911 = VERTEX_POINT ( 'NONE', #3943 ) ;
#4912 = EDGE_CURVE ( 'NONE', #93, #1326, #2087, .T. ) ;
#4913 = CARTESIAN_POINT ( 'NONE',  ( 27.10923559923350012, 48.83376798311071809, 4.599999999999999645 ) ) ;
#4914 = CARTESIAN_POINT ( 'NONE',  ( 17.47486356014925235, 52.58369472743159179, 5.000000000000000000 ) ) ;
#4915 = CARTESIAN_POINT ( 'NONE',  ( 13.74999999999998401, 117.5000000000000000, -15.00000000000000000 ) ) ;
#4916 = ORIENTED_EDGE ( 'NONE', *, *, #92, .F. ) ;
#4917 = ORIENTED_EDGE ( 'NONE', *, *, #4778, .T. ) ;
#4918 = CYLINDRICAL_SURFACE ( 'NONE', #4391, 1.250000000000001110 ) ;
#4919 = CARTESIAN_POINT ( 'NONE',  ( 37.41813806569387424, 69.15622655406406238, 4.599999999999999645 ) ) ;
#4920 = CARTESIAN_POINT ( 'NONE',  ( 13.74999999999998757, 116.2500000000000000, -15.00000000000000000 ) ) ;
#4921 = EDGE_CURVE ( 'NONE', #3317, #700, #4948, .T. ) ;
#4922 = CARTESIAN_POINT ( 'NONE',  ( 56.70000000000001705, 109.1999999999999886, 0.000000000000000000 ) ) ;
#4923 = CARTESIAN_POINT ( 'NONE',  ( 1.500000000000000888, 73.50000000000000000, 0.000000000000000000 ) ) ;
#4924 = CARTESIAN_POINT ( 'NONE',  ( -8.933467110627823615, 45.41887459687293216, 4.599999999999999645 ) ) ;
#4925 = ORIENTED_EDGE ( 'NONE', *, *, #1814, .T. ) ;
#4926 = LINE ( 'NONE', #4193, #1278 ) ;
#4927 = EDGE_CURVE ( 'NONE', #942, #4838, #4206, .T. ) ;
#4928 = ORIENTED_EDGE ( 'NONE', *, *, #4081, .F. ) ;
#4929 = LINE ( 'NONE', #1457, #446 ) ;
#4930 = FACE_OUTER_BOUND ( 'NONE', #3500, .T. ) ;
#4931 = B_SPLINE_CURVE_WITH_KNOTS ( 'NONE', 3,
 ( #2452, #1274, #3917, #2810 ),
 .UNSPECIFIED., .F., .F.,
 ( 4, 4 ),
 ( 27.00000000000000000, 28.00000000000000000 ),
 .UNSPECIFIED. ) ;
#4932 = CARTESIAN_POINT ( 'NONE',  ( 74.60737810821622418, 74.96095898797715051, 0.1308739639280513956 ) ) ;
#4933 = ORIENTED_EDGE ( 'NONE', *, *, #2116, .T. ) ;
#4934 = DIRECTION ( 'NONE',  ( 1.000000000000000000, 0.000000000000000000, 0.000000000000000000 ) ) ;
#4935 = DIRECTION ( 'NONE',  ( -0.7071067811865516806, 8.659560562354984627E-17, 0.7071067811865434649 ) ) ;
#4936 = LINE ( 'NONE', #2604, #3738 ) ;
#4937 = CARTESIAN_POINT ( 'NONE',  ( 38.85478914024159991, 50.76751028877510663, 4.599999999999999645 ) ) ;
#4938 = ORIENTED_EDGE ( 'NONE', *, *, #4412, .F. ) ;
#4939 = VECTOR ( 'NONE', #4139, 1000.000000000000000 ) ;
#4940 = ORIENTED_EDGE ( 'NONE', *, *, #4171, .T. ) ;
#4941 = EDGE_CURVE ( 'NONE', #2269, #1111, #278, .T. ) ;
#4942 = VECTOR ( 'NONE', #996, 1000.000000000000000 ) ;
#4943 = VECTOR ( 'NONE', #2434, 1000.000000000000000 ) ;
#4944 = CARTESIAN_POINT ( 'NONE',  ( 18.96159110272099824, 59.94858267635414251, 5.000000000000000000 ) ) ;
#4945 = CARTESIAN_POINT ( 'NONE',  ( 34.58037044103966906, 60.18697884857790115, 5.000000000000000000 ) ) ;
#4946 = LINE ( 'NONE', #1448, #1558 ) ;
#4947 = VECTOR ( 'NONE', #825, 1000.000000000000000 ) ;
#4948 = CIRCLE ( 'NONE', #4064, 1.899999999999999023 ) ;
#4949 = VECTOR ( 'NONE', #1446, 1000.000000000000000 ) ;
#4950 = CARTESIAN_POINT ( 'NONE',  ( 37.41813806569387424, 69.15622655406406238, 4.599999999999999645 ) ) ;
#4951 = DIRECTION ( 'NONE',  ( -0.000000000000000000, -0.000000000000000000, 1.000000000000000000 ) ) ;
#4952 = LINE ( 'NONE', #1790, #1167 ) ;
#4953 = LINE ( 'NONE', #3011, #3842 ) ;
#4954 = EDGE_CURVE ( 'NONE', #3839, #4442, #399, .T. ) ;
#4955 = EDGE_CURVE ( 'NONE', #1422, #2408, #428, .T. ) ;
#4956 = ORIENTED_EDGE ( 'NONE', *, *, #4222, .T. ) ;
#4957 = CARTESIAN_POINT ( 'NONE',  ( 34.58037044103966906, 60.18697884857790115, 5.000000000000000000 ) ) ;
#4958 = ORIENTED_EDGE ( 'NONE', *, *, #483, .T. ) ;
#4959 = FACE_OUTER_BOUND ( 'NONE', #4305, .T. ) ;
#4960 = B_SPLINE_SURFACE_WITH_KNOTS ( 'NONE', 3, 1, ( 
 ( #5004, #2283 ),
 ( #743, #4353 ),
 ( #2305, #3851 ),
 ( #331, #4660 ) ),
 .UNSPECIFIED., .F., .F., .F.,
 ( 4, 4 ),
 ( 2, 2 ),
 ( 3.000000000000000000, 4.000000000000000000 ),
 ( 0.000000000000000000, 1.000000000000000000 ),
 .UNSPECIFIED. ) ;
#4961 = CARTESIAN_POINT ( 'NONE',  ( 58.98905642500519519, 50.81109250854794368, 4.599999999999999645 ) ) ;
#4962 = EDGE_CURVE ( 'NONE', #99, #925, #839, .T. ) ;
#4963 = VERTEX_POINT ( 'NONE', #3620 ) ;
#4964 = ADVANCED_FACE ( 'NONE', ( #3570 ), #4395, .T. ) ;
#4965 = DIRECTION ( 'NONE',  ( -1.000000000000000000, 0.000000000000000000, 0.000000000000000000 ) ) ;
#4966 = CARTESIAN_POINT ( 'NONE',  ( 74.95617666767023479, 45.15278095438171846, 0.6668159076367717875 ) ) ;
#4967 = CARTESIAN_POINT ( 'NONE',  ( 39.39999999999999858, 103.6499999999999915, 0.5000000000000108802 ) ) ;
#4968 = FACE_OUTER_BOUND ( 'NONE', #2685, .T. ) ;
#4969 = ORIENTED_EDGE ( 'NONE', *, *, #4263, .F. ) ;
#4970 = B_SPLINE_CURVE_WITH_KNOTS ( 'NONE', 3,
 ( #164, #1329, #2898, #2848 ),
 .UNSPECIFIED., .F., .F.,
 ( 4, 4 ),
 ( 0.000000000000000000, 1.000000000000000000 ),
 .UNSPECIFIED. ) ;
#4971 = DIRECTION ( 'NONE',  ( -0.9978588283449250085, -0.06540457701180862893, 0.000000000000000000 ) ) ;
#4972 = LINE ( 'NONE', #1066, #3805 ) ;
#4973 = CARTESIAN_POINT ( 'NONE',  ( 33.01779607714239972, 60.15890489015593090, 4.599999999999999645 ) ) ;
#4974 = B_SPLINE_CURVE_WITH_KNOTS ( 'NONE', 3,
 ( #3234, #2770, #4725, #3183 ),
 .UNSPECIFIED., .F., .F.,
 ( 4, 4 ),
 ( 6.000000000000000000, 7.000000000000000000 ),
 .UNSPECIFIED. ) ;
#4975 = ADVANCED_FACE ( 'NONE', ( #161 ), #3644, .T. ) ;
#4976 = VECTOR ( 'NONE', #4623, 1000.000000000000000 ) ;
#4977 = CARTESIAN_POINT ( 'NONE',  ( 17.50000000000000000, 117.5000000000000000, -15.00000000000000000 ) ) ;
#4978 = DIRECTION ( 'NONE',  ( 0.000000000000000000, 0.000000000000000000, -1.000000000000000000 ) ) ;
#4979 = DIRECTION ( 'NONE',  ( 0.000000000000000000, -0.000000000000000000, 1.000000000000000000 ) ) ;
#4980 = CARTESIAN_POINT ( 'NONE',  ( 48.65312595226107106, 67.41684983397829001, 4.599999999999999645 ) ) ;
#4981 = ORIENTED_EDGE ( 'NONE', *, *, #270, .T. ) ;
#4982 = DIRECTION ( 'NONE',  ( 1.000000000000000000, -0.000000000000000000, 0.000000000000000000 ) ) ;
#4983 = ORIENTED_EDGE ( 'NONE', *, *, #4113, .T. ) ;
#4984 = CARTESIAN_POINT ( 'NONE',  ( 28.99618295937897017, 74.32974751677330971, 4.599999999999999645 ) ) ;
#4985 = CARTESIAN_POINT ( 'NONE',  ( 0.4967769519601238914, 46.30365282487669276, 1.490330855880394267 ) ) ;
#4986 = EDGE_CURVE ( 'NONE', #2694, #1185, #1723, .T. ) ;
#4987 = EDGE_LOOP ( 'NONE', ( #3898, #4075, #1603 ) ) ;
#4988 = LINE ( 'NONE', #4229, #4056 ) ;
#4989 = CARTESIAN_POINT ( 'NONE',  ( 74.94370324461606003, 45.19885851859542214, 0.7527245943439031528 ) ) ;
#4990 = DIRECTION ( 'NONE',  ( -0.000000000000000000, -0.000000000000000000, 1.000000000000000000 ) ) ;
#4991 = CARTESIAN_POINT ( 'NONE',  ( 56.98449280162159880, 69.20210790046715488, 5.000000000000000000 ) ) ;
#4992 = ORIENTED_EDGE ( 'NONE', *, *, #724, .T. ) ;
#4993 = DIRECTION ( 'NONE',  ( 1.000000000000000000, 0.000000000000000000, 0.000000000000000000 ) ) ;
#4994 = EDGE_CURVE ( 'NONE', #3583, #2694, #3356, .T. ) ;
#4995 = CARTESIAN_POINT ( 'NONE',  ( -10.21421437156032219, 51.93035535905706013, 4.599999999999999645 ) ) ;
#4996 = DIRECTION ( 'NONE',  ( -0.000000000000000000, -0.000000000000000000, -1.000000000000000000 ) ) ;
#4997 = VERTEX_POINT ( 'NONE', #4469 ) ;
#4998 = DIRECTION ( 'NONE',  ( -0.000000000000000000, -0.000000000000000000, 1.000000000000000000 ) ) ;
#4999 = LINE ( 'NONE', #327, #4426 ) ;
#5000 = CARTESIAN_POINT ( 'NONE',  ( 35.09940047173320465, 68.10004456002852180, 4.599999999999999645 ) ) ;
#5001 = PLANE ( 'NONE',  #497 ) ;
#5002 = EDGE_CURVE ( 'NONE', #2204, #3288, #2093, .T. ) ;
#5003 = VERTEX_POINT ( 'NONE', #2542 ) ;
#5004 = CARTESIAN_POINT ( 'NONE',  ( 31.45523698125404621, 60.12377736324087607, 4.599999999999999645 ) ) ;
#5005 = ADVANCED_FACE ( 'NONE', ( #4845 ), #3308, .F. ) ;
#5006 = CARTESIAN_POINT ( 'NONE',  ( 54.53551570398803250, 56.61106762017198690, 4.599999999999999645 ) ) ;
#5007 = ORIENTED_EDGE ( 'NONE', *, *, #311, .T. ) ;
#5008 = CARTESIAN_POINT ( 'NONE',  ( 22.08331893061677320, 59.95533990403678359, 4.599999999999999645 ) ) ;
#5009 = CARTESIAN_POINT ( 'NONE',  ( 41.96291306052567904, 63.57867512623393935, 5.000000000000000000 ) ) ;
#5010 = CARTESIAN_POINT ( 'NONE',  ( 63.82145453975622473, 3.806667673894479798, 4.599999999999999645 ) ) ;
#5011 = VERTEX_POINT ( 'NONE', #4120 ) ;
#5012 = EDGE_CURVE ( 'NONE', #1125, #705, #1346, .T. ) ;
#5013 = CARTESIAN_POINT ( 'NONE',  ( 55.44276670398557627, 16.43885722650673742, 4.599999999999999645 ) ) ;
#5014 = DIRECTION ( 'NONE',  ( -1.387778780781445873E-15, 0.000000000000000000, -1.000000000000000000 ) ) ;
#5015 = DIRECTION ( 'NONE',  ( 0.000000000000000000, 0.000000000000000000, -1.000000000000000000 ) ) ;
#5016 = CARTESIAN_POINT ( 'NONE',  ( 56.63175517114320456, 69.20134437186605680, 5.000000000000000000 ) ) ;
#5017 = EDGE_CURVE ( 'NONE', #3449, #4997, #180, .T. ) ;
#5018 = ORIENTED_EDGE ( 'NONE', *, *, #2113, .F. ) ;
#5019 = CARTESIAN_POINT ( 'NONE',  ( 25.61020819466324028, 50.41079370095809509, 4.599999999999999645 ) ) ;
#5020 = AXIS2_PLACEMENT_3D ( 'NONE', #625, #1032, #4557 ) ;
#5021 = CARTESIAN_POINT ( 'NONE',  ( 0.000000000000000000, 0.000000000000000000, 5.000000000000000000 ) ) ;
#5022 = ORIENTED_EDGE ( 'NONE', *, *, #3513, .F. ) ;
#5023 = VECTOR ( 'NONE', #3485, 1000.000000000000000 ) ;
#5024 = AXIS2_PLACEMENT_3D ( 'NONE', #3126, #4316, #1574 ) ;
#5025 = LINE ( 'NONE', #4678, #4877 ) ;
#5026 = EDGE_CURVE ( 'NONE', #1854, #467, #534, .T. ) ;
#5027 = DIRECTION ( 'NONE',  ( -0.000000000000000000, -0.000000000000000000, 1.000000000000000000 ) ) ;
#5028 = CARTESIAN_POINT ( 'NONE',  ( 54.64768155626245516, 56.93935805308352371, 4.599999999999999645 ) ) ;
#5029 = LINE ( 'NONE', #4267, #4675 ) ;
#5030 = CIRCLE ( 'NONE', #3652, 1.899999999999999023 ) ;
#5031 = ORIENTED_EDGE ( 'NONE', *, *, #4273, .F. ) ;
#5032 = VECTOR ( 'NONE', #4567, 1000.000000000000000 ) ;
#5033 = VECTOR ( 'NONE', #2022, 1000.000000000000114 ) ;
#5034 = B_SPLINE_CURVE_WITH_KNOTS ( 'NONE', 3,
 ( #920, #4054, #3312, #4518, #4871, #1352 ),
 .UNSPECIFIED., .F., .F.,
 ( 4, 2, 4 ),
 ( 0.000000000000000000, 1.000000000000000000, 2.000000000000000000 ),
 .UNSPECIFIED. ) ;
#5035 = AXIS2_PLACEMENT_3D ( 'NONE', #1221, #4791, #890 ) ;
#5036 = VERTEX_POINT ( 'NONE', #2869 ) ;
#5037 = CARTESIAN_POINT ( 'NONE',  ( 21.45251452048412588, 58.04918181031906244, 4.599999999999999645 ) ) ;
#5038 = DIRECTION ( 'NONE',  ( 0.9999976573062887564, 0.002164574307892184243, 0.000000000000000000 ) ) ;
#5039 = VECTOR ( 'NONE', #510, 1000.000000000000000 ) ;
#5040 = CARTESIAN_POINT ( 'NONE',  ( 35.23217485934515736, 50.75966885260515227, 5.000000000000000000 ) ) ;
#5041 = ORIENTED_EDGE ( 'NONE', *, *, #1702, .F. ) ;
#5042 = VECTOR ( 'NONE', #3857, 1000.000000000000000 ) ;
#5043 = CARTESIAN_POINT ( 'NONE',  ( 38.14833781771924492, 54.47679853951059670, 4.599999999999999645 ) ) ;
#5044 = CARTESIAN_POINT ( 'NONE',  ( 23.56683206712730083, 67.17559582444506816, 5.000000000000000000 ) ) ;
#5045 = CARTESIAN_POINT ( 'NONE',  ( 35.78597283154926600, 50.76086759227583656, 5.000000000000000000 ) ) ;
#5046 = ORIENTED_EDGE ( 'NONE', *, *, #4901, .T. ) ;
#5047 = CARTESIAN_POINT ( 'NONE',  ( 57.69095163281237149, 65.48929132234873407, 4.599999999999999645 ) ) ;
#5048 = ORIENTED_EDGE ( 'NONE', *, *, #793, .F. ) ;
#5049 = CARTESIAN_POINT ( 'NONE',  ( 27.11389941078662247, 71.12337289908460036, 4.599999999999999645 ) ) ;
#5050 = VERTEX_POINT ( 'NONE', #137 ) ;
#5051 = CARTESIAN_POINT ( 'NONE',  ( 27.50000000000000000, -0.001000000000001000089, -5.000000000000000000 ) ) ;
#5052 = CARTESIAN_POINT ( 'NONE',  ( 27.11389941078662247, 71.12337289908460036, 5.000000000000000000 ) ) ;
#5053 = ORIENTED_EDGE ( 'NONE', *, *, #4703, .F. ) ;
#5054 = CARTESIAN_POINT ( 'NONE',  ( 29.89265525571779136, 60.09923018964615693, 4.599999999999999645 ) ) ;
#5055 = EDGE_CURVE ( 'NONE', #2492, #1974, #577, .T. ) ;
#5056 = FACE_BOUND ( 'NONE', #4818, .T. ) ;
#5057 = DIRECTION ( 'NONE',  ( 0.000000000000000000, -1.000000000000000000, 0.000000000000000000 ) ) ;
#5058 = CARTESIAN_POINT ( 'NONE',  ( 75.00000000000000000, 46.49999999999999289, 0.000000000000000000 ) ) ;
#5059 = ORIENTED_EDGE ( 'NONE', *, *, #2448, .T. ) ;
#5060 = FACE_OUTER_BOUND ( 'NONE', #1549, .T. ) ;
#5061 = VECTOR ( 'NONE', #794, 1000.000000000000000 ) ;
#5062 = PLANE ( 'NONE',  #2405 ) ;
#5063 = VERTEX_POINT ( 'NONE', #596 ) ;
#5064 = DIRECTION ( 'NONE',  ( -0.9999976573062887564, -0.002164574307898562821, 0.000000000000000000 ) ) ;
#5065 = VECTOR ( 'NONE', #1890, 1000.000000000000000 ) ;
#5066 = CARTESIAN_POINT ( 'NONE',  ( 41.30377374508643840, 63.35502291448069911, 4.599999999999999645 ) ) ;
#5067 = B_SPLINE_CURVE_WITH_KNOTS ( 'NONE', 3,
 ( #1806, #614, #2222, #3798 ),
 .UNSPECIFIED., .F., .F.,
 ( 4, 4 ),
 ( 41.00000000000000000, 42.00000000000000000 ),
 .UNSPECIFIED. ) ;
#5068 = EDGE_LOOP ( 'NONE', ( #2514, #3414, #4269, #2666, #2432, #1180 ) ) ;
#5069 = CARTESIAN_POINT ( 'NONE',  ( 36.14294705659228413, 60.21152601110345159, 4.599999999999999645 ) ) ;
#5070 = CARTESIAN_POINT ( 'NONE',  ( 2.499999999999998668, 4.999999999999993783, -12.50000000000000000 ) ) ;
#5071 = CARTESIAN_POINT ( 'NONE',  ( 0.2303039929152719822, 73.50000000000000000, 1.500000000000000000 ) ) ;
#5072 = ORIENTED_EDGE ( 'NONE', *, *, #4111, .F. ) ;
#5073 = PLANE ( 'NONE',  #1192 ) ;
#5074 = EDGE_CURVE ( 'NONE', #1326, #990, #2140, .T. ) ;
#5075 = EDGE_LOOP ( 'NONE', ( #2335, #1162 ) ) ;
#5076 = EDGE_CURVE ( 'NONE', #4628, #3545, #214, .T. ) ;
#5077 = ORIENTED_EDGE ( 'NONE', *, *, #4491, .T. ) ;
#5078 = DIRECTION ( 'NONE',  ( 0.000000000000000000, 0.000000000000000000, 1.000000000000000000 ) ) ;
#5079 = CARTESIAN_POINT ( 'NONE',  ( 33.03116546166571510, 53.98246957253758183, 4.599999999999999645 ) ) ;
#5080 = ORIENTED_EDGE ( 'NONE', *, *, #2966, .T. ) ;
#5081 = ORIENTED_EDGE ( 'NONE', *, *, #4927, .F. ) ;
#5082 = EDGE_CURVE ( 'NONE', #4677, #2147, #4515, .T. ) ;
#5083 = CARTESIAN_POINT ( 'NONE',  ( 21.44437530280051263, 61.80936624298266935, 4.599999999999999645 ) ) ;
#5084 = FACE_OUTER_BOUND ( 'NONE', #1396, .T. ) ;
#5085 = DIRECTION ( 'NONE',  ( 2.851925755033931820E-15, -0.7071067811865455743, -0.7071067811865493491 ) ) ;
#5086 = DIRECTION ( 'NONE',  ( -1.000000000000000000, 0.000000000000000000, 0.000000000000000000 ) ) ;
#5087 = CARTESIAN_POINT ( 'NONE',  ( 59.19999999999999574, 18.49999999999998934, 3.000000000000000000 ) ) ;
#5088 = ORIENTED_EDGE ( 'NONE', *, *, #1752, .F. ) ;
#5089 = PLANE ( 'NONE',  #2903 ) ;
#5090 = CARTESIAN_POINT ( 'NONE',  ( 47.18616342779203876, 52.54924062573876853, 5.000000000000000000 ) ) ;
#5091 = B_SPLINE_CURVE_WITH_KNOTS ( 'NONE', 3,
 ( #113, #963, #4448, #2479 ),
 .UNSPECIFIED., .F., .F.,
 ( 4, 4 ),
 ( 5.000000000000000000, 6.000000000000000000 ),
 .UNSPECIFIED. ) ;
#5092 = ORIENTED_EDGE ( 'NONE', *, *, #2049, .F. ) ;
ENDSEC;
END-ISO-10303-21;
