ISO-10303-21;
HEADER;
FILE_DESCRIPTION (( 'STEP AP214' ),
    '1' );
FILE_NAME ('Mount.STEP',
    '2026-07-10T12:49:23',
    ( 'xxx' ),
    ( '' ),
    'SwSTEP 2.0',
    'SolidWorks 2025',
    '' );
FILE_SCHEMA (( 'AUTOMOTIVE_DESIGN' ));
ENDSEC;

DATA;
#1 = DIRECTION ( 'NONE',  ( 0.000000000000000000, -1.000000000000000000, -6.938893903907233308E-16 ) ) ;
#2 = CARTESIAN_POINT ( 'NONE',  ( 15.64379400689238153, 66.17211444426619948, 39.63663543659232147 ) ) ;
#3 = VECTOR ( 'NONE', #6024, 1000.000000000000000 ) ;
#4 = ADVANCED_FACE ( 'NONE', ( #2742 ), #1534, .F. ) ;
#5 = ORIENTED_EDGE ( 'NONE', *, *, #317, .F. ) ;
#6 = ORIENTED_EDGE ( 'NONE', *, *, #6415, .T. ) ;
#7 = CARTESIAN_POINT ( 'NONE',  ( 100.9776622401393666, 155.0980237296837458, 29.37560168247148340 ) ) ;
#8 = CARTESIAN_POINT ( 'NONE',  ( 30.72234761587725771, 57.45751357532014225, 14.76731073321200860 ) ) ;
#9 = CARTESIAN_POINT ( 'NONE',  ( 28.00273381002487127, 69.10328593981942902, 29.78013505847545161 ) ) ;
#10 = CARTESIAN_POINT ( 'NONE',  ( 22.08034762399487150, 75.01284102646650354, 5.199217236984825519 ) ) ;
#11 = LINE ( 'NONE', #6297, #8014 ) ;
#12 = CARTESIAN_POINT ( 'NONE',  ( 21.91657845557503137, 75.37663405485690760, 5.374305328671577620 ) ) ;
#13 = ORIENTED_EDGE ( 'NONE', *, *, #196, .T. ) ;
#14 = CARTESIAN_POINT ( 'NONE',  ( 28.11218321185472746, 69.04134489201744884, 5.275223266642088404 ) ) ;
#15 = EDGE_CURVE ( 'NONE', #5429, #1016, #7848, .T. ) ;
#16 = AXIS2_PLACEMENT_3D ( 'NONE', #3337, #8128, #3707 ) ;
#17 = CARTESIAN_POINT ( 'NONE',  ( 34.05664512095838603, 66.99999999999748468, 23.36174799475169905 ) ) ;
#18 = PLANE ( 'NONE',  #7837 ) ;
#19 = CARTESIAN_POINT ( 'NONE',  ( 13.48066206724987914, 75.41542386755939731, -0.8515135001178087970 ) ) ;
#20 = CARTESIAN_POINT ( 'NONE',  ( 69.07568596981194275, 69.49999999999495515, -12.50000000000000355 ) ) ;
#21 = FACE_OUTER_BOUND ( 'NONE', #276, .T. ) ;
#22 = DIRECTION ( 'NONE',  ( 1.000000000000000000, -7.216449660063511202E-14, 0.000000000000000000 ) ) ;
#23 = ORIENTED_EDGE ( 'NONE', *, *, #4673, .T. ) ;
#24 = ADVANCED_FACE ( 'NONE', ( #5238 ), #5955, .F. ) ;
#25 = CARTESIAN_POINT ( 'NONE',  ( 12.27303679265714997, 73.46446609406726225, 12.00000000000000888 ) ) ;
#26 = CYLINDRICAL_SURFACE ( 'NONE', #3561, 0.5000000000000001110 ) ;
#27 = CARTESIAN_POINT ( 'NONE',  ( 29.14694783359372821, 59.98866878498906630, 26.96344000652241490 ) ) ;
#28 = DIRECTION ( 'NONE',  ( 0.000000000000000000, 0.000000000000000000, -1.000000000000000000 ) ) ;
#29 = CARTESIAN_POINT ( 'NONE',  ( 28.92637421477007464, 68.90292668622933547, 6.044074557805500625 ) ) ;
#30 = VERTEX_POINT ( 'NONE', #948 ) ;
#31 = VERTEX_POINT ( 'NONE', #3473 ) ;
#32 = EDGE_CURVE ( 'NONE', #2106, #4033, #5996, .T. ) ;
#33 = CIRCLE ( 'NONE', #5976, 0.7500000000000072164 ) ;
#34 = ORIENTED_EDGE ( 'NONE', *, *, #6376, .F. ) ;
#35 = DIRECTION ( 'NONE',  ( -8.659560562354946417E-17, -8.659560562354920532E-17, 1.000000000000000000 ) ) ;
#36 = CARTESIAN_POINT ( 'NONE',  ( 23.84768950764274109, 61.88981337908165159, 2.126265911988672208 ) ) ;
#37 = CARTESIAN_POINT ( 'NONE',  ( 14.07568596981248454, 76.87626146275586336, -3.684088154323995834 ) ) ;
#38 = CYLINDRICAL_SURFACE ( 'NONE', #4602, 0.9999999999999991118 ) ;
#39 = CIRCLE ( 'NONE', #6902, 10.79152003041473584 ) ;
#40 = CARTESIAN_POINT ( 'NONE',  ( 23.77165622878241535, 64.90717468605492968, 35.23308122848496993 ) ) ;
#41 = ORIENTED_EDGE ( 'NONE', *, *, #5753, .F. ) ;
#42 = ORIENTED_EDGE ( 'NONE', *, *, #417, .F. ) ;
#43 = LINE ( 'NONE', #1598, #6236 ) ;
#44 = ORIENTED_EDGE ( 'NONE', *, *, #7462, .F. ) ;
#45 = AXIS2_PLACEMENT_3D ( 'NONE', #4913, #473, #1076 ) ;
#46 = VECTOR ( 'NONE', #2169, 1000.000000000000000 ) ;
#47 = EDGE_CURVE ( 'NONE', #6645, #2209, #5360, .T. ) ;
#48 = CARTESIAN_POINT ( 'NONE',  ( 21.92825907163573618, 75.32883213914092835, 5.353442558335420820 ) ) ;
#49 = CARTESIAN_POINT ( 'NONE',  ( 12.98014357384371564, 74.17157287525380127, 11.25000000000001066 ) ) ;
#50 = DIRECTION ( 'NONE',  ( -7.216449660063350905E-14, -1.000000000000000000, 0.000000000000000000 ) ) ;
#51 = VERTEX_POINT ( 'NONE', #171 ) ;
#52 = EDGE_CURVE ( 'NONE', #1153, #1395, #7372, .T. ) ;
#53 = CIRCLE ( 'NONE', #5317, 13.99999999999938716 ) ;
#54 = CARTESIAN_POINT ( 'NONE',  ( 16.06180778116024399, 183.2499999999988063, -10.00000000000000711 ) ) ;
#55 = CARTESIAN_POINT ( 'NONE',  ( 16.57568596982016729, 181.9999999999987779, -7.500000000000012434 ) ) ;
#56 = DIRECTION ( 'NONE',  ( 1.000000000000000000, -7.304689455032544060E-14, -3.700743415417188139E-16 ) ) ;
#57 =( BOUNDED_CURVE ( )  B_SPLINE_CURVE ( 3, ( #5792, #4632, #7120, #179 ),
 .UNSPECIFIED., .F., .T. ) 
 B_SPLINE_CURVE_WITH_KNOTS ( ( 4, 4 ),
 ( 1.570796326794896780, 2.356194490192335067 ),
 .UNSPECIFIED. ) 
 CURVE ( )  GEOMETRIC_REPRESENTATION_ITEM ( )  RATIONAL_B_SPLINE_CURVE ( ( 1.000000000000000000, 0.9492530216741924542, 0.9492530216741924542, 1.000000000000000000 ) ) 
 REPRESENTATION_ITEM ( '' )  );
#58 = VECTOR ( 'NONE', #4352, 1000.000000000000000 ) ;
#59 = AXIS2_PLACEMENT_3D ( 'NONE', #1800, #4310, #2462 ) ;
#60 = EDGE_CURVE ( 'NONE', #300, #7482, #1230, .T. ) ;
#61 = CARTESIAN_POINT ( 'NONE',  ( 13.85061504275502919, 76.30422334030330944, -1.847356337348065924 ) ) ;
#62 = CARTESIAN_POINT ( 'NONE',  ( 19.07568596981414188, 99.49999999999964473, 37.49999999999999289 ) ) ;
#63 = CARTESIAN_POINT ( 'NONE',  ( 19.07568596981761644, 96.99999999999964473, 8.499999999999982236 ) ) ;
#64 = DIRECTION ( 'NONE',  ( -1.000000000000000000, 0.000000000000000000, 0.000000000000000000 ) ) ;
#65 = CARTESIAN_POINT ( 'NONE',  ( 16.06180778116033636, 184.4999999999988347, -10.00000000000000711 ) ) ;
#66 = ORIENTED_EDGE ( 'NONE', *, *, #6010, .T. ) ;
#67 = CARTESIAN_POINT ( 'NONE',  ( 36.97525010639547816, 71.99999999999729994, 10.61231904930734515 ) ) ;
#68 = VECTOR ( 'NONE', #683, 1000.000000000000000 ) ;
#69 = CARTESIAN_POINT ( 'NONE',  ( 20.93509486219239335, 83.18718433538225554, 18.74999999999996803 ) ) ;
#70 = CARTESIAN_POINT ( 'NONE',  ( 19.07568596981761644, 96.99999999999964473, 27.79289321881343966 ) ) ;
#71 = EDGE_CURVE ( 'NONE', #7870, #2618, #5439, .T. ) ;
#72 = CARTESIAN_POINT ( 'NONE',  ( 39.18240923957739597, 66.99999999999712941, 12.33588857240335024 ) ) ;
#73 = CARTESIAN_POINT ( 'NONE',  ( 32.97324577062709494, 63.61166369279507649, 25.12266621783037479 ) ) ;
#74 = CARTESIAN_POINT ( 'NONE',  ( 69.07568596981997189, 179.4999999999949125, 2.499999999999985345 ) ) ;
#75 = ORIENTED_EDGE ( 'NONE', *, *, #2932, .F. ) ;
#76 = LINE ( 'NONE', #2024, #6260 ) ;
#77 = CIRCLE ( 'NONE', #2723, 0.5000000000000012212 ) ;
#78 = ORIENTED_EDGE ( 'NONE', *, *, #5318, .F. ) ;
#79 = CARTESIAN_POINT ( 'NONE',  ( 69.07568596981175801, 66.99999999999495515, -20.00000000000001066 ) ) ;
#81 = DIRECTION ( 'NONE',  ( 7.304689455032545322E-14, 1.000000000000000000, 0.000000000000000000 ) ) ;
#80 =( GEOMETRIC_REPRESENTATION_CONTEXT ( 3 ) GLOBAL_UNCERTAINTY_ASSIGNED_CONTEXT ( ( #1066 ) ) GLOBAL_UNIT_ASSIGNED_CONTEXT ( ( #1306, #5093, #3784 ) ) REPRESENTATION_CONTEXT ( 'NONE', 'WORKASPACE' ) );
#82 = EDGE_CURVE ( 'NONE', #741, #5323, #7441, .T. ) ;
#83 = ORIENTED_EDGE ( 'NONE', *, *, #60, .T. ) ;
#84 = VERTEX_POINT ( 'NONE', #6077 ) ;
#85 = CARTESIAN_POINT ( 'NONE',  ( 12.27303679265714997, 73.46446609406726225, 21.99999999999996447 ) ) ;
#86 = ORIENTED_EDGE ( 'NONE', *, *, #566, .T. ) ;
#87 = LINE ( 'NONE', #6334, #4735 ) ;
#88 = EDGE_CURVE ( 'NONE', #986, #5137, #7173, .T. ) ;
#89 = CARTESIAN_POINT ( 'NONE',  ( 24.50825003059690488, 66.94500509455689041, 39.77176240815023078 ) ) ;
#90 =( LENGTH_UNIT ( ) NAMED_UNIT ( * ) SI_UNIT ( .MILLI., .METRE. ) );
#91 = PLANE ( 'NONE',  #4038 ) ;
#92 = DIRECTION ( 'NONE',  ( 1.000000000000000000, 0.000000000000000000, 0.000000000000000000 ) ) ;
#93 = DIRECTION ( 'NONE',  ( 0.000000000000000000, 0.000000000000000000, 1.000000000000000000 ) ) ;
#94 = ORIENTED_EDGE ( 'NONE', *, *, #424, .F. ) ;
#95 = CARTESIAN_POINT ( 'NONE',  ( 18.78279275100400270, 94.76393202249988690, 27.49999999999998579 ) ) ;
#96 = CARTESIAN_POINT ( 'NONE',  ( 9.219091636577852356, 74.05426520898298293, 3.315014155612594937 ) ) ;
#97 = CARTESIAN_POINT ( 'NONE',  ( 40.72800841762166613, 57.22399377406809151, 35.00000000000000000 ) ) ;
#98 = EDGE_CURVE ( 'NONE', #1084, #1424, #827, .T. ) ;
#99 = CARTESIAN_POINT ( 'NONE',  ( 23.77165622876957940, 64.90717468605221541, -0.2330812284876598861 ) ) ;
#100 = CARTESIAN_POINT ( 'NONE',  ( 28.95154607052803186, 69.02573502629438451, 5.585837540117640110 ) ) ;
#101 = FACE_OUTER_BOUND ( 'NONE', #1943, .T. ) ;
#102 = DIRECTION ( 'NONE',  ( -1.000000000000000000, 0.000000000000000000, 4.625929269271485914E-16 ) ) ;
#103 = DIRECTION ( 'NONE',  ( 0.7071067811865427988, -0.7071067811865521247, 0.000000000000000000 ) ) ;
#104 = ADVANCED_FACE ( 'NONE', ( #3063 ), #7927, .F. ) ;
#105 = VERTEX_POINT ( 'NONE', #7973 ) ;
#106 = DIRECTION ( 'NONE',  ( -0.2552532200111444216, 1.864545504578509800E-14, 0.9668742388097546492 ) ) ;
#107 = DIRECTION ( 'NONE',  ( -1.226634733346703255E-16, -1.226634733346699310E-16, -1.000000000000000000 ) ) ;
#108 = CARTESIAN_POINT ( 'NONE',  ( 21.88192751699994432, 76.03393901522063913, 28.94664783545868048 ) ) ;
#109 = DIRECTION ( 'NONE',  ( -1.000000000000000000, 0.000000000000000000, 0.000000000000000000 ) ) ;
#110 = CARTESIAN_POINT ( 'NONE',  ( 12.88488568056746786, 72.85261720615697811, -0.09565978379063580506 ) ) ;
#111 = EDGE_CURVE ( 'NONE', #6333, #7272, #2554, .T. ) ;
#112 = ORIENTED_EDGE ( 'NONE', *, *, #2585, .T. ) ;
#113 = CARTESIAN_POINT ( 'NONE',  ( 19.07568596981765552, 97.49999999999964473, 8.499999999999982236 ) ) ;
#114 = ORIENTED_EDGE ( 'NONE', *, *, #2818, .T. ) ;
#115 = CARTESIAN_POINT ( 'NONE',  ( 25.07568596981267106, 79.19604745935720302, -2.956439237389594687 ) ) ;
#116 = VECTOR ( 'NONE', #2040, 1000.000000000000114 ) ;
#117 = DIRECTION ( 'NONE',  ( 0.000000000000000000, -1.000000000000000000, 3.469446951953598905E-16 ) ) ;
#118 = CARTESIAN_POINT ( 'NONE',  ( 14.07568596981249343, 76.99999999999897682, -5.934656572432611021 ) ) ;
#119 = CARTESIAN_POINT ( 'NONE',  ( 19.07568596981761644, 96.99999999999964473, 27.20710678118653547 ) ) ;
#120 = ORIENTED_EDGE ( 'NONE', *, *, #934, .F. ) ;
#121 = VERTEX_POINT ( 'NONE', #552 ) ;
#122 = VECTOR ( 'NONE', #140, 999.9999999999998863 ) ;
#123 = FACE_OUTER_BOUND ( 'NONE', #4333, .T. ) ;
#124 = VERTEX_POINT ( 'NONE', #3027 ) ;
#125 = EDGE_CURVE ( 'NONE', #234, #4589, #4876, .T. ) ;
#126 = CARTESIAN_POINT ( 'NONE',  ( 34.19334700944013861, 67.10050506338828313, 16.25000000000001066 ) ) ;
#127 = DIRECTION ( 'NONE',  ( 1.000000000000000000, -7.304689455032547847E-14, -4.625929269271485914E-16 ) ) ;
#128 = CARTESIAN_POINT ( 'NONE',  ( 56.57568596981194275, 69.49999999999586464, -12.50000000000000355 ) ) ;
#129 = FACE_OUTER_BOUND ( 'NONE', #5233, .T. ) ;
#130 = LINE ( 'NONE', #1410, #1270 ) ;
#131 = CIRCLE ( 'NONE', #4478, 13.99999999999999822 ) ;
#132 = CARTESIAN_POINT ( 'NONE',  ( 22.01053332424159592, 75.12551994845914294, 5.257415333316227901 ) ) ;
#133 = VERTEX_POINT ( 'NONE', #2410 ) ;
#134 = DIRECTION ( 'NONE',  ( 0.7071067811865463515, 0.000000000000000000, -0.7071067811865487940 ) ) ;
#135 = ORIENTED_EDGE ( 'NONE', *, *, #6667, .T. ) ;
#136 = CARTESIAN_POINT ( 'NONE',  ( 37.42725752011676832, 66.99999999999727152, 28.13989654548734620 ) ) ;
#137 = ADVANCED_FACE ( 'NONE', ( #7364 ), #1701, .T. ) ;
#138 = CARTESIAN_POINT ( 'NONE',  ( 31.03778400655268754, 54.71241787187221206, 21.23291771829173769 ) ) ;
#139 = VECTOR ( 'NONE', #1665, 1000.000000000000000 ) ;
#140 = DIRECTION ( 'NONE',  ( -0.7071067811865486830, -0.7071067811865464625, 0.000000000000000000 ) ) ;
#141 = DIRECTION ( 'NONE',  ( -1.000000000000000000, 7.317379025938529564E-14, 0.000000000000000000 ) ) ;
#142 = AXIS2_PLACEMENT_3D ( 'NONE', #7750, #5984, #901 ) ;
#143 = CARTESIAN_POINT ( 'NONE',  ( 30.13012052127039198, 98.44556544854175684, 47.49999999999996447 ) ) ;
#144 = CARTESIAN_POINT ( 'NONE',  ( 30.72800841762324353, 57.22399377406668464, 14.73158715947146646 ) ) ;
#145 = CARTESIAN_POINT ( 'NONE',  ( 12.27303679265716241, 73.46446609406727646, 16.25000000000001066 ) ) ;
#146 = ORIENTED_EDGE ( 'NONE', *, *, #8015, .F. ) ;
#147 = ORIENTED_EDGE ( 'NONE', *, *, #1600, .T. ) ;
#148 = DIRECTION ( 'NONE',  ( 0.7071067811865451302, 0.7071067811865497932, 0.000000000000000000 ) ) ;
#149 = DIRECTION ( 'NONE',  ( 1.000000000000000000, -7.304689455032545322E-14, 0.000000000000000000 ) ) ;
#150 = CARTESIAN_POINT ( 'NONE',  ( 21.74806320879733690, 75.61167002132054904, 29.03398232453845296 ) ) ;
#151 = CARTESIAN_POINT ( 'NONE',  ( 21.99575503397221254, 83.18718433538225554, 18.74999999999996803 ) ) ;
#152 = EDGE_CURVE ( 'NONE', #5813, #4188, #1894, .T. ) ;
#153 = CARTESIAN_POINT ( 'NONE',  ( 19.07568596981761644, 96.99999999999964473, 7.792893218813435219 ) ) ;
#154 = LINE ( 'NONE', #7828, #5875 ) ;
#155 = ORIENTED_EDGE ( 'NONE', *, *, #4221, .F. ) ;
#156 = LINE ( 'NONE', #3133, #5048 ) ;
#157 = ORIENTED_EDGE ( 'NONE', *, *, #5413, .F. ) ;
#158 = CARTESIAN_POINT ( 'NONE',  ( 17.92989104214954921, 79.12132034355961707, 13.75000000000001066 ) ) ;
#159 = CARTESIAN_POINT ( 'NONE',  ( 12.27303679265715886, 73.46446609406727646, 18.74999999999996447 ) ) ;
#160 = CARTESIAN_POINT ( 'NONE',  ( 24.07568596981248632, 76.99999999999823785, -5.934656572432703392 ) ) ;
#161 = EDGE_CURVE ( 'NONE', #2209, #7755, #4180, .T. ) ;
#162 = DIRECTION ( 'NONE',  ( 0.000000000000000000, -0.000000000000000000, 1.000000000000000000 ) ) ;
#163 = CARTESIAN_POINT ( 'NONE',  ( 35.60756057181323087, 68.51471862576138960, 16.25000000000000711 ) ) ;
#164 = VECTOR ( 'NONE', #3982, 1000.000000000000000 ) ;
#165 = EDGE_LOOP ( 'NONE', ( #4209, #2756, #7183, #3509 ) ) ;
#166 = ORIENTED_EDGE ( 'NONE', *, *, #1293, .T. ) ;
#167 = VERTEX_POINT ( 'NONE', #4788 ) ;
#168 = LINE ( 'NONE', #1448, #3548 ) ;
#169 = CARTESIAN_POINT ( 'NONE',  ( 10.81536925856051923, 74.92213362816393385, 32.46162234690763881 ) ) ;
#170 = DIRECTION ( 'NONE',  ( 0.7071067811865475727, -0.7071067811865475727, 0.000000000000000000 ) ) ;
#171 = CARTESIAN_POINT ( 'NONE',  ( 26.68949142194957957, 59.04801146475733020, 4.948717934705914701 ) ) ;
#172 = ORIENTED_EDGE ( 'NONE', *, *, #7602, .T. ) ;
#173 = VECTOR ( 'NONE', #1762, 1000.000000000000000 ) ;
#174 = EDGE_LOOP ( 'NONE', ( #4514, #4759, #2488, #7899 ) ) ;
#175 = VECTOR ( 'NONE', #7236, 1000.000000000000000 ) ;
#176 = VECTOR ( 'NONE', #1442, 999.9999999999998863 ) ;
#177 = CARTESIAN_POINT ( 'NONE',  ( 56.57568596981212039, 71.99999999999587885, -15.00000000000001066 ) ) ;
#178 = CARTESIAN_POINT ( 'NONE',  ( 24.35513648543737730, 66.98033794877007097, -5.155269739321273192 ) ) ;
#179 = CARTESIAN_POINT ( 'NONE',  ( 28.54873005199832647, 68.94116948018503876, 38.66354601857615592 ) ) ;
#180 = DIRECTION ( 'NONE',  ( -0.7071067811865489050, -0.7071067811865462405, 0.000000000000000000 ) ) ;
#181 = DIRECTION ( 'NONE',  ( 8.659560562354947649E-17, 8.659560562354919300E-17, 1.000000000000000000 ) ) ;
#182 = VECTOR ( 'NONE', #1898, 999.9999999999998863 ) ;
#183 = CARTESIAN_POINT ( 'NONE',  ( 14.07568596981257159, 78.05515389201127618, -3.507719961446333912 ) ) ;
#184 = CARTESIAN_POINT ( 'NONE',  ( 31.05578062022172148, 54.68470067653635169, 20.61279906827316566 ) ) ;
#185 = DIRECTION ( 'NONE',  ( 1.000000000000000000, -7.304689455032544060E-14, 6.608470384673549052E-16 ) ) ;
#186 = CYLINDRICAL_SURFACE ( 'NONE', #2854, 0.7500000000000034417 ) ;
#187 = ORIENTED_EDGE ( 'NONE', *, *, #2533, .T. ) ;
#188 = ORIENTED_EDGE ( 'NONE', *, *, #6812, .T. ) ;
#189 = ORIENTED_EDGE ( 'NONE', *, *, #2323, .F. ) ;
#190 = AXIS2_PLACEMENT_3D ( 'NONE', #1633, #6686, #8033 ) ;
#191 = CARTESIAN_POINT ( 'NONE',  ( 29.31612797644898194, 69.17377155573448988, 6.081152228392859627 ) ) ;
#192 = VECTOR ( 'NONE', #1001, 1000.000000000000114 ) ;
#193 = CARTESIAN_POINT ( 'NONE',  ( 25.22102297348949662, 67.00000000000544276, 3.875472317481290396 ) ) ;
#194 = CARTESIAN_POINT ( 'NONE',  ( 21.98314977956810168, 76.20011270659752256, 28.92638800020211676 ) ) ;
#195 = SPHERICAL_SURFACE ( 'NONE', #7721, 0.7500000000000000000 ) ;
#196 = EDGE_CURVE ( 'NONE', #5347, #1750, #6205, .T. ) ;
#197 = CIRCLE ( 'NONE', #2319, 12.49999999999999822 ) ;
#198 = CARTESIAN_POINT ( 'NONE',  ( 69.07568596982032716, 184.4999999999949409, 45.00000000000000000 ) ) ;
#199 = VECTOR ( 'NONE', #6200, 999.9999999999998863 ) ;
#200 = ORIENTED_EDGE ( 'NONE', *, *, #7851, .T. ) ;
#201 = CARTESIAN_POINT ( 'NONE',  ( 28.23365211946611453, 68.79496682524207074, 29.12773419834868349 ) ) ;
#202 = EDGE_CURVE ( 'NONE', #6971, #4378, #2450, .T. ) ;
#203 = ORIENTED_EDGE ( 'NONE', *, *, #6992, .T. ) ;
#204 = CARTESIAN_POINT ( 'NONE',  ( 69.07568596982024189, 183.2499999999949125, 45.00000000000000000 ) ) ;
#205 = PLANE ( 'NONE',  #7711 ) ;
#206 =( BOUNDED_CURVE ( )  B_SPLINE_CURVE ( 3, ( #2706, #2097, #876, #3395 ),
 .UNSPECIFIED., .F., .T. ) 
 B_SPLINE_CURVE_WITH_KNOTS ( ( 4, 4 ),
 ( 0.000000000000000000, 1.570796326794886788 ),
 .UNSPECIFIED. ) 
 CURVE ( )  GEOMETRIC_REPRESENTATION_ITEM ( )  RATIONAL_B_SPLINE_CURVE ( ( 1.000000000000000000, 0.8047378541243672689, 0.8047378541243672689, 1.000000000000000000 ) ) 
 REPRESENTATION_ITEM ( '' )  );
#207 = EDGE_CURVE ( 'NONE', #7378, #985, #1826, .T. ) ;
#208 = CARTESIAN_POINT ( 'NONE',  ( 26.41517241638810987, 59.32233047033627571, 18.74999999999996803 ) ) ;
#209 = CARTESIAN_POINT ( 'NONE',  ( 30.15123020561670586, 55.58627268110766551, 24.89842440895688824 ) ) ;
#211 = VERTEX_POINT ( 'NONE', #4338 ) ;
#210 = CIRCLE ( 'NONE', #5880, 0.7500000000000034417 ) ;
#212 = ORIENTED_EDGE ( 'NONE', *, *, #6271, .T. ) ;
#213 = ADVANCED_FACE ( 'NONE', ( #6866 ), #1621, .T. ) ;
#214 = ORIENTED_EDGE ( 'NONE', *, *, #880, .F. ) ;
#215 = VECTOR ( 'NONE', #2092, 1000.000000000000000 ) ;
#216 = AXIS2_PLACEMENT_3D ( 'NONE', #647, #5644, #8162 ) ;
#217 = DIRECTION ( 'NONE',  ( 0.000000000000000000, 0.000000000000000000, 1.000000000000000000 ) ) ;
#218 = CARTESIAN_POINT ( 'NONE',  ( 31.03756944526026373, 54.71259526289932040, 13.76281035012134701 ) ) ;
#219 = CARTESIAN_POINT ( 'NONE',  ( 35.53468391404132376, 66.99999999999738520, 31.73552791322680733 ) ) ;
#220 = ORIENTED_EDGE ( 'NONE', *, *, #7072, .F. ) ;
#221 = CARTESIAN_POINT ( 'NONE',  ( 24.07568596981176512, 66.99999999999823785, -15.00000000000001066 ) ) ;
#222 = EDGE_LOOP ( 'NONE', ( #1972, #135, #269 ) ) ;
#223 = DIRECTION ( 'NONE',  ( -1.000000000000000000, 0.000000000000000000, 1.226634733346703255E-16 ) ) ;
#224 = EDGE_CURVE ( 'NONE', #986, #3882, #4974, .T. ) ;
#225 = CARTESIAN_POINT ( 'NONE',  ( 43.07568596981691655, 137.3911308970841105, 42.49999999999998579 ) ) ;
#226 = CARTESIAN_POINT ( 'NONE',  ( 108.1090211952688236, 147.9666647745542605, 6.081152228392809000 ) ) ;
#227 = CARTESIAN_POINT ( 'NONE',  ( 28.56745609772407590, 68.94082099309781597, 5.470460380486637852 ) ) ;
#228 = AXIS2_PLACEMENT_3D ( 'NONE', #4794, #3562, #433 ) ;
#229 = DIRECTION ( 'NONE',  ( 0.7071067811865475727, -5.165195448115379533E-14, -0.7071067811865475727 ) ) ;
#230 = ORIENTED_EDGE ( 'NONE', *, *, #1073, .F. ) ;
#231 = DIRECTION ( 'NONE',  ( 0.7071067811865427988, -0.7071067811865521247, 0.000000000000000000 ) ) ;
#232 = CARTESIAN_POINT ( 'NONE',  ( 24.62886255256665180, 66.91717225553136927, -4.469661203726665200 ) ) ;
#233 = ORIENTED_EDGE ( 'NONE', *, *, #3217, .F. ) ;
#234 = VERTEX_POINT ( 'NONE', #4895 ) ;
#235 = EDGE_LOOP ( 'NONE', ( #2013, #1371, #6749 ) ) ;
#236 = CARTESIAN_POINT ( 'NONE',  ( 22.16467197356475438, 76.32522755861864994, 5.776649621149978486 ) ) ;
#237 = CARTESIAN_POINT ( 'NONE',  ( 32.80585981423446640, 63.76266220657254991, 13.35299815165286752 ) ) ;
#238 = CARTESIAN_POINT ( 'NONE',  ( 22.03886406581340651, 76.12018641324765156, 29.39138176123493906 ) ) ;
#239 = EDGE_CURVE ( 'NONE', #1047, #5506, #5595, .T. ) ;
#240 = AXIS2_PLACEMENT_3D ( 'NONE', #5957, #1122, #3643 ) ;
#241 = CARTESIAN_POINT ( 'NONE',  ( 22.18476902131943618, 74.89091694849086878, 5.130683123147015579 ) ) ;
#242 = CARTESIAN_POINT ( 'NONE',  ( 16.51567747977645695, 77.70710678118652481, 13.75000000000000888 ) ) ;
#243 = EDGE_LOOP ( 'NONE', ( #5800, #1610, #8048, #992 ) ) ;
#244 = CARTESIAN_POINT ( 'NONE',  ( 28.66373933900771576, 68.81534346108975342, 29.00917444548440471 ) ) ;
#245 = EDGE_CURVE ( 'NONE', #2875, #430, #6885, .T. ) ;
#246 = EDGE_LOOP ( 'NONE', ( #1492, #2857, #4014, #3270 ) ) ;
#247 = DIRECTION ( 'NONE',  ( -7.850462293418864227E-14, -1.000000000000000000, 3.851859888774456460E-28 ) ) ;
#248 = CARTESIAN_POINT ( 'NONE',  ( 29.25583683318487616, 69.23406269899851395, 29.37560168247152603 ) ) ;
#249 = CARTESIAN_POINT ( 'NONE',  ( 9.037345421124143741, 77.00558034898060100, 31.14405641086438692 ) ) ;
#250 = CARTESIAN_POINT ( 'NONE',  ( 27.69429027461227122, 58.04321261211213567, 28.96643649963362321 ) ) ;
#251 = ORIENTED_EDGE ( 'NONE', *, *, #655, .T. ) ;
#252 = VERTEX_POINT ( 'NONE', #6146 ) ;
#253 = CARTESIAN_POINT ( 'NONE',  ( 18.78279275100416612, 96.99999999999967315, 7.499999999999986677 ) ) ;
#254 = CARTESIAN_POINT ( 'NONE',  ( 48.53784298490516846, 48.53784298490506899, 0.000000000000000000 ) ) ;
#255 = EDGE_CURVE ( 'NONE', #6887, #6056, #5485, .T. ) ;
#256 = LINE ( 'NONE', #6624, #3080 ) ;
#257 = VERTEX_POINT ( 'NONE', #609 ) ;
#258 = VECTOR ( 'NONE', #7351, 1000.000000000000000 ) ;
#259 = AXIS2_PLACEMENT_3D ( 'NONE', #7969, #5619, #1072 ) ;
#260 = DIRECTION ( 'NONE',  ( 0.000000000000000000, 0.000000000000000000, -1.000000000000000000 ) ) ;
#261 = EDGE_LOOP ( 'NONE', ( #339, #78, #1734, #3412, #2544, #4778, #3466, #6050, #5409, #2411, #7251, #86 ) ) ;
#262 = CARTESIAN_POINT ( 'NONE',  ( 12.27303679265715886, 73.46446609406724804, 11.25000000000001066 ) ) ;
#263 = DIRECTION ( 'NONE',  ( 0.000000000000000000, 0.000000000000000000, 1.000000000000000000 ) ) ;
#264 = CARTESIAN_POINT ( 'NONE',  ( 25.07568596981302278, 84.14138048183225749, 10.64316374669802734 ) ) ;
#265 = DIRECTION ( 'NONE',  ( -0.7071067811865485719, -0.7071067811865464625, 0.000000000000000000 ) ) ;
#266 = DIRECTION ( 'NONE',  ( 0.7071067811865464625, -0.7071067811865487940, 0.000000000000000000 ) ) ;
#267 = ADVANCED_FACE ( 'NONE', ( #3663 ), #7418, .F. ) ;
#268 = CARTESIAN_POINT ( 'NONE',  ( 26.68949142194957957, 59.04801146475733020, 4.948717934705914701 ) ) ;
#269 = ORIENTED_EDGE ( 'NONE', *, *, #7160, .F. ) ;
#270 = DIRECTION ( 'NONE',  ( 0.000000000000000000, 0.000000000000000000, 1.000000000000000000 ) ) ;
#271 = EDGE_CURVE ( 'NONE', #6462, #3134, #2350, .T. ) ;
#272 = CARTESIAN_POINT ( 'NONE',  ( 24.40301422021396860, 65.41716173105331222, -0.6133037006413384340 ) ) ;
#273 = AXIS2_PLACEMENT_3D ( 'NONE', #1185, #3705, #6229 ) ;
#274 = ORIENTED_EDGE ( 'NONE', *, *, #1496, .T. ) ;
#275 = ORIENTED_EDGE ( 'NONE', *, *, #3049, .F. ) ;
#276 = EDGE_LOOP ( 'NONE', ( #358, #785, #2405 ) ) ;
#277 = DIRECTION ( 'NONE',  ( 7.317379025938529564E-14, 1.000000000000000000, -0.000000000000000000 ) ) ;
#278 = CARTESIAN_POINT ( 'NONE',  ( 38.93659793105255318, 66.99999999999715783, 11.31615750859115188 ) ) ;
#279 = CARTESIAN_POINT ( 'NONE',  ( 22.08943053473156226, 74.57800714461487246, 29.39357392005095448 ) ) ;
#280 = VECTOR ( 'NONE', #1648, 1000.000000000000000 ) ;
#281 = DIRECTION ( 'NONE',  ( 7.494005416219633730E-14, 1.000000000000000000, 0.000000000000000000 ) ) ;
#282 = ADVANCED_FACE ( 'NONE', ( #532 ), #8060, .T. ) ;
#283 = VERTEX_POINT ( 'NONE', #7612 ) ;
#284 = CARTESIAN_POINT ( 'NONE',  ( 31.57335983134269952, 66.99999999999768363, -1.451917446543546930 ) ) ;
#285 = CARTESIAN_POINT ( 'NONE',  ( 28.96421742618291972, 68.92032491136281180, 28.94960866247336284 ) ) ;
#286 = EDGE_LOOP ( 'NONE', ( #5874, #189, #2640, #157 ) ) ;
#287 = CARTESIAN_POINT ( 'NONE',  ( 28.61046644461970345, 57.12703644210466791, 7.255034925071512930 ) ) ;
#288 = LINE ( 'NONE', #1564, #5610 ) ;
#289 = DIRECTION ( 'NONE',  ( 0.7071067811865485719, 0.7071067811865464625, 0.000000000000000000 ) ) ;
#290 = CARTESIAN_POINT ( 'NONE',  ( 14.07568596981248810, 76.91750244997483321, -3.677616672456593072 ) ) ;
#291 = CARTESIAN_POINT ( 'NONE',  ( 14.07568596981395537, 97.00000000000000000, -2.500000000000012434 ) ) ;
#292 = EDGE_CURVE ( 'NONE', #7820, #3112, #5084, .T. ) ;
#293 = LINE ( 'NONE', #2814, #176 ) ;
#294 = EDGE_CURVE ( 'NONE', #6861, #7975, #1969, .T. ) ;
#295 = ORIENTED_EDGE ( 'NONE', *, *, #7104, .F. ) ;
#296 = ORIENTED_EDGE ( 'NONE', *, *, #6203, .F. ) ;
#297 = CARTESIAN_POINT ( 'NONE',  ( 31.18814318939730512, 64.09530124334547452, 13.75000000000001066 ) ) ;
#298 = EDGE_CURVE ( 'NONE', #4112, #3582, #3902, .T. ) ;
#299 = DIRECTION ( 'NONE',  ( 1.000000000000000000, -7.304689455032547847E-14, -4.625929269271485914E-16 ) ) ;
#300 = VERTEX_POINT ( 'NONE', #1422 ) ;
#301 = ORIENTED_EDGE ( 'NONE', *, *, #6783, .F. ) ;
#302 = DIRECTION ( 'NONE',  ( 0.7071067811865464625, -0.7071067811865487940, 0.000000000000000000 ) ) ;
#303 = VECTOR ( 'NONE', #2372, 1000.000000000000000 ) ;
#304 = CARTESIAN_POINT ( 'NONE',  ( 35.60756057181323087, 68.51471862576138960, 16.25000000000000711 ) ) ;
#305 = CARTESIAN_POINT ( 'NONE',  ( 21.75139485416112350, 75.24290176227282245, 5.859543894061830294 ) ) ;
#306 = FACE_OUTER_BOUND ( 'NONE', #359, .T. ) ;
#307 = CARTESIAN_POINT ( 'NONE',  ( 30.74065065204352720, 57.87211443914880959, 20.16445471425159752 ) ) ;
#308 = CARTESIAN_POINT ( 'NONE',  ( 26.41517241638810631, 59.32233047033628992, 21.24999999999996447 ) ) ;
#309 = VERTEX_POINT ( 'NONE', #756 ) ;
#310 = CIRCLE ( 'NONE', #5163, 10.00000000000000000 ) ;
#311 = DIRECTION ( 'NONE',  ( -1.864545504578935785E-14, -0.2552532200112028749, -0.9668742388097389950 ) ) ;
#312 = CARTESIAN_POINT ( 'NONE',  ( 26.41517241638812408, 66.39339828220177253, 29.00000000000001066 ) ) ;
#313 = ORIENTED_EDGE ( 'NONE', *, *, #799, .T. ) ;
#314 = ORIENTED_EDGE ( 'NONE', *, *, #1907, .F. ) ;
#315 = VERTEX_POINT ( 'NONE', #144 ) ;
#316 = CARTESIAN_POINT ( 'NONE',  ( 14.07568596981395537, 97.00000000000000000, -7.500000000000012434 ) ) ;
#317 = EDGE_CURVE ( 'NONE', #372, #7908, #3278, .T. ) ;
#318 = VECTOR ( 'NONE', #1163, 1000.000000000000000 ) ;
#319 = CARTESIAN_POINT ( 'NONE',  ( 35.14340624938285629, 66.99999999999741362, 12.77432410416133557 ) ) ;
#320 = CARTESIAN_POINT ( 'NONE',  ( 21.99707724375443263, 75.15038839945378868, 29.73012708599239673 ) ) ;
#321 = AXIS2_PLACEMENT_3D ( 'NONE', #5736, #5657, #7549 ) ;
#322 = DIRECTION ( 'NONE',  ( -7.320533068622127201E-14, -1.000000000000000000, 1.269910057080334201E-29 ) ) ;
#323 = VECTOR ( 'NONE', #3367, 1000.000000000000000 ) ;
#324 = AXIS2_PLACEMENT_3D ( 'NONE', #1381, #3944, #6472 ) ;
#325 = B_SPLINE_CURVE_WITH_KNOTS ( 'NONE', 3,
 ( #1115, #5357, #2247, #513, #3513, #1157, #2934, #7924, #3550, #5526, #4135, #6828, #4744, #6072, #4212, #7274, #1611, #6743 ),
 .UNSPECIFIED., .F., .F.,
 ( 4, 2, 2, 2, 2, 2, 2, 2, 4 ),
 ( 0.000000000000000000, 0.1227493294068488366, 0.1841239941102637556, 0.2454986588136786885, 0.3068733235170936213, 0.3682479882205085264, 0.3989353205722160345, 0.4296226529239234870, 0.4909973176273463857 ),
 .UNSPECIFIED. ) ;
#326 = ORIENTED_EDGE ( 'NONE', *, *, #4881, .T. ) ;
#327 = CARTESIAN_POINT ( 'NONE',  ( 39.18240923957739597, 66.99999999999712941, 12.33588857240335024 ) ) ;
#328 = CARTESIAN_POINT ( 'NONE',  ( 27.88731375750342067, 68.89204005971431855, 29.24657419396559277 ) ) ;
#329 = EDGE_CURVE ( 'NONE', #4723, #1047, #197, .T. ) ;
#330 = ORIENTED_EDGE ( 'NONE', *, *, #5338, .F. ) ;
#331 = DIRECTION ( 'NONE',  ( -1.000000000000000000, 7.304689455032545322E-14, -0.000000000000000000 ) ) ;
#332 = DIRECTION ( 'NONE',  ( -0.000000000000000000, 0.000000000000000000, 1.000000000000000000 ) ) ;
#333 = AXIS2_PLACEMENT_3D ( 'NONE', #5708, #1214, #638 ) ;
#334 = TOROIDAL_SURFACE ( 'NONE', #7189, 5.000000000000000000, 5.000000000000000000 ) ;
#335 = DIRECTION ( 'NONE',  ( 0.000000000000000000, -0.000000000000000000, -1.000000000000000000 ) ) ;
#336 = AXIS2_PLACEMENT_3D ( 'NONE', #5393, #1696, #7883 ) ;
#337 = ORIENTED_EDGE ( 'NONE', *, *, #7382, .T. ) ;
#338 = ORIENTED_EDGE ( 'NONE', *, *, #2451, .T. ) ;
#339 = ORIENTED_EDGE ( 'NONE', *, *, #7715, .T. ) ;
#340 = AXIS2_PLACEMENT_3D ( 'NONE', #3252, #5141, #5226 ) ;
#341 = PRODUCT_RELATED_PRODUCT_CATEGORY ( 'part', '', ( #4060 ) ) ;
#342 = EDGE_CURVE ( 'NONE', #7004, #1112, #7651, .T. ) ;
#343 = CARTESIAN_POINT ( 'NONE',  ( 28.53649275994774470, 61.44365081389591410, 11.25000000000001066 ) ) ;
#344 = AXIS2_PLACEMENT_3D ( 'NONE', #425, #4335, #547 ) ;
#345 = CARTESIAN_POINT ( 'NONE',  ( 38.94982627801250885, 66.99999999999714362, 23.67657839925484708 ) ) ;
#346 = CARTESIAN_POINT ( 'NONE',  ( 36.97525010639616028, 71.99999999999729994, 24.38768095069394803 ) ) ;
#347 = DIRECTION ( 'NONE',  ( 0.7071067811865475727, 0.000000000000000000, -0.7071067811865475727 ) ) ;
#348 = ORIENTED_EDGE ( 'NONE', *, *, #1697, .T. ) ;
#349 = DIRECTION ( 'NONE',  ( 0.7071067811865451302, 0.7071067811865497932, 0.000000000000000000 ) ) ;
#350 = CARTESIAN_POINT ( 'NONE',  ( 14.07568596981248454, 76.87626146275600547, 38.68408815432376713 ) ) ;
#351 = ADVANCED_FACE ( 'NONE', ( #4512 ), #2713, .F. ) ;
#352 = ADVANCED_FACE ( 'NONE', ( #3156 ), #4558, .T. ) ;
#353 = DIRECTION ( 'NONE',  ( 0.000000000000000000, 0.000000000000000000, -1.000000000000000000 ) ) ;
#354 = CARTESIAN_POINT ( 'NONE',  ( 108.1090211952688236, 147.9666647745542605, 28.91884777160720432 ) ) ;
#355 = ORIENTED_EDGE ( 'NONE', *, *, #7194, .T. ) ;
#356 = CARTESIAN_POINT ( 'NONE',  ( 20.05121138570919825, 81.24264068711924835, 15.50000000000000888 ) ) ;
#357 = CARTESIAN_POINT ( 'NONE',  ( 22.45884708306661182, 64.13607525452918878, 0.008248271716169064752 ) ) ;
#358 = ORIENTED_EDGE ( 'NONE', *, *, #5133, .T. ) ;
#359 = EDGE_LOOP ( 'NONE', ( #1616, #5740, #6939 ) ) ;
#360 = VERTEX_POINT ( 'NONE', #5161 ) ;
#361 = CARTESIAN_POINT ( 'NONE',  ( 25.07568596981265685, 79.31662974588527959, 6.081152228392824988 ) ) ;
#362 = CARTESIAN_POINT ( 'NONE',  ( 38.50856203020341439, 66.99999999999718625, 9.809999137568830463 ) ) ;
#363 = DIRECTION ( 'NONE',  ( 0.2238876338499823371, 3.881790147828779758E-14, -0.9746149636697851726 ) ) ;
#364 = AXIS2_PLACEMENT_3D ( 'NONE', #7621, #5019, #3167 ) ;
#365 = B_SPLINE_CURVE_WITH_KNOTS ( 'NONE', 3,
 ( #3379, #3417, #1563, #4733 ),
 .UNSPECIFIED., .F., .F.,
 ( 4, 4 ),
 ( 4.155104619329407047E-06, 0.002587033090808303886 ),
 .UNSPECIFIED. ) ;
#366 = CARTESIAN_POINT ( 'NONE',  ( 27.84162327081178745, 69.23406269899851395, 5.130683123147039559 ) ) ;
#367 = EDGE_CURVE ( 'NONE', #6963, #4950, #5757, .T. ) ;
#368 = VERTEX_POINT ( 'NONE', #2541 ) ;
#369 = CARTESIAN_POINT ( 'NONE',  ( 22.50591253001306313, 67.11569802801773221, 4.647887323943666438 ) ) ;
#370 = EDGE_CURVE ( 'NONE', #3570, #2601, #1380, .T. ) ;
#371 = CARTESIAN_POINT ( 'NONE',  ( 27.88847975591150075, 69.18944088461894637, 29.84212567521526438 ) ) ;
#372 = VERTEX_POINT ( 'NONE', #5714 ) ;
#373 = FACE_OUTER_BOUND ( 'NONE', #3837, .T. ) ;
#374 = CARTESIAN_POINT ( 'NONE',  ( 24.74714710152307617, 66.87215067549763603, -4.120937023508278507 ) ) ;
#375 = B_SPLINE_CURVE_WITH_KNOTS ( 'NONE', 3,
 ( #7320, #2863, #7237, #908, #1615, #4708, #6668, #6542, #991, #872, #7886, #4666, #7847, #4139, #219, #2901, #5995, #4095, #5914, #5396, #345, #7760 ),
 .UNSPECIFIED., .F., .F.,
 ( 4, 2, 2, 2, 2, 2, 2, 2, 2, 2, 4 ),
 ( 0.007453615800746242123, 0.01053492907181573582, 0.01361624234288523125, 0.01515689897841997723, 0.01669755561395472321, 0.01977886888502421864, 0.02131952552055896288, 0.02286018215609371407, 0.02594149542716320256, 0.02902280869823269799, 0.03210412196930218648 ),
 .UNSPECIFIED. ) ;
#376 = DIRECTION ( 'NONE',  ( -0.7071067811865475727, 0.7071067811865475727, 0.000000000000000000 ) ) ;
#377 = CARTESIAN_POINT ( 'NONE',  ( 25.07568596981212039, 71.99999999999818101, 52.50000000000006395 ) ) ;
#378 = CARTESIAN_POINT ( 'NONE',  ( 21.99353828495284446, 76.03764596046040936, 29.40630938781749393 ) ) ;
#379 = EDGE_LOOP ( 'NONE', ( #3819, #4800, #3935, #802 ) ) ;
#380 = ORIENTED_EDGE ( 'NONE', *, *, #8085, .F. ) ;
#381 = ORIENTED_EDGE ( 'NONE', *, *, #7701, .F. ) ;
#382 = DIRECTION ( 'NONE',  ( -0.000000000000000000, 0.000000000000000000, 1.000000000000000000 ) ) ;
#383 = CARTESIAN_POINT ( 'NONE',  ( 13.18691268228457858, 77.00000000000000000, 0.06222158705546897151 ) ) ;
#384 = DIRECTION ( 'NONE',  ( 7.304689455032545322E-14, 1.000000000000000000, -0.000000000000000000 ) ) ;
#385 = DIRECTION ( 'NONE',  ( -0.7071067811865464625, 0.7071067811865485719, 0.000000000000000000 ) ) ;
#386 = VERTEX_POINT ( 'NONE', #6922 ) ;
#387 = EDGE_CURVE ( 'NONE', #528, #2202, #4948, .T. ) ;
#388 = FACE_OUTER_BOUND ( 'NONE', #1412, .T. ) ;
#389 = DIRECTION ( 'NONE',  ( -0.7071067811865489050, -0.7071067811865462405, 0.000000000000000000 ) ) ;
#390 = B_SPLINE_CURVE_WITH_KNOTS ( 'NONE', 3,
 ( #4080, #5300, #1431, #2021 ),
 .UNSPECIFIED., .F., .F.,
 ( 4, 4 ),
 ( 3.580428911782433071E-16, 0.0009294613319631494846 ),
 .UNSPECIFIED. ) ;
#391 = CARTESIAN_POINT ( 'NONE',  ( 21.73860661390308024, 75.36443167682915600, 5.897203541643404101 ) ) ;
#392 = VECTOR ( 'NONE', #5064, 1000.000000000000227 ) ;
#393 = CIRCLE ( 'NONE', #2635, 14.00000000000000355 ) ;
#394 = CARTESIAN_POINT ( 'NONE',  ( 22.65478839297314551, 64.09639633973128525, 16.13259810636968794 ) ) ;
#395 = ORIENTED_EDGE ( 'NONE', *, *, #3673, .F. ) ;
#396 = LINE ( 'NONE', #2912, #5593 ) ;
#397 = EDGE_CURVE ( 'NONE', #4482, #7862, #6306, .T. ) ;
#398 = EDGE_CURVE ( 'NONE', #5261, #6535, #7570, .T. ) ;
#399 = DIRECTION ( 'NONE',  ( -0.7071067811865474617, -0.7071067811865474617, 0.000000000000000000 ) ) ;
#400 = ORIENTED_EDGE ( 'NONE', *, *, #3471, .F. ) ;
#401 = ORIENTED_EDGE ( 'NONE', *, *, #7622, .T. ) ;
#402 = VERTEX_POINT ( 'NONE', #677 ) ;
#403 = CARTESIAN_POINT ( 'NONE',  ( 19.07568596981395714, 96.99999999999964473, 37.49999999999999289 ) ) ;
#404 = DIRECTION ( 'NONE',  ( -0.000000000000000000, 0.000000000000000000, 1.000000000000000000 ) ) ;
#405 = FACE_OUTER_BOUND ( 'NONE', #1350, .T. ) ;
#406 = DIRECTION ( 'NONE',  ( 0.7071067811865464625, -0.7071067811865485719, -0.000000000000000000 ) ) ;
#407 = AXIS2_PLACEMENT_3D ( 'NONE', #158, #3917, #2683 ) ;
#408 = ORIENTED_EDGE ( 'NONE', *, *, #666, .T. ) ;
#409 = LINE ( 'NONE', #1056, #1088 ) ;
#410 = CARTESIAN_POINT ( 'NONE',  ( 22.02853826517385016, 75.09312070073578127, 29.75890735848074442 ) ) ;
#411 = ORIENTED_EDGE ( 'NONE', *, *, #5937, .T. ) ;
#412 = SPHERICAL_SURFACE ( 'NONE', #662, 0.7500000000000000000 ) ;
#413 = DIRECTION ( 'NONE',  ( -0.7071067811865521247, -0.7071067811865429098, -0.000000000000000000 ) ) ;
#414 = ADVANCED_FACE ( 'NONE', ( #719 ), #3237, .T. ) ;
#415 = DIRECTION ( 'NONE',  ( 0.7071067811865475727, 0.7071067811865475727, -0.000000000000000000 ) ) ;
#416 = LINE ( 'NONE', #7840, #4226 ) ;
#417 = EDGE_CURVE ( 'NONE', #386, #3710, #6502, .T. ) ;
#418 = CARTESIAN_POINT ( 'NONE',  ( 22.07568596981998255, 179.4999999999983515, 41.25000000000000711 ) ) ;
#419 = AXIS2_PLACEMENT_3D ( 'NONE', #208, #289, #376 ) ;
#420 = ORIENTED_EDGE ( 'NONE', *, *, #239, .T. ) ;
#421 = EDGE_LOOP ( 'NONE', ( #6733, #187, #8123 ) ) ;
#422 = ORIENTED_EDGE ( 'NONE', *, *, #7266, .F. ) ;
#423 = CARTESIAN_POINT ( 'NONE',  ( 39.18240923957750965, 66.99999999999712941, 22.66411142760097164 ) ) ;
#424 = EDGE_CURVE ( 'NONE', #2807, #7997, #6795, .T. ) ;
#425 = CARTESIAN_POINT ( 'NONE',  ( 22.65478839297335867, 66.99999999999833733, 16.13259810636968794 ) ) ;
#426 = CARTESIAN_POINT ( 'NONE',  ( 10.68572577984150662, 77.00000000000000000, 2.957691464567404172 ) ) ;
#427 =( BOUNDED_CURVE ( )  B_SPLINE_CURVE ( 3, ( #3533, #4892, #3041, #361 ),
 .UNSPECIFIED., .F., .T. ) 
 B_SPLINE_CURVE_WITH_KNOTS ( ( 4, 4 ),
 ( 3.785093762383077820, 4.293417438111870155 ),
 .UNSPECIFIED. ) 
 CURVE ( )  GEOMETRIC_REPRESENTATION_ITEM ( )  RATIONAL_B_SPLINE_CURVE ( ( 1.000000000000000000, 0.9785829188765851061, 0.9785829188765851061, 1.000000000000000000 ) ) 
 REPRESENTATION_ITEM ( '' )  );
#428 = CARTESIAN_POINT ( 'NONE',  ( 31.05582687973491574, 54.68444579686460827, 20.92728410616800261 ) ) ;
#429 = DIRECTION ( 'NONE',  ( -0.7071067811865485719, -0.7071067811865464625, 0.000000000000000000 ) ) ;
#430 = VERTEX_POINT ( 'NONE', #3477 ) ;
#431 = FACE_OUTER_BOUND ( 'NONE', #5649, .T. ) ;
#432 = CARTESIAN_POINT ( 'NONE',  ( 31.05791331499747798, 54.67658367298189148, 14.65049856618395019 ) ) ;
#433 = DIRECTION ( 'NONE',  ( -7.304689455032545322E-14, -1.000000000000000000, 0.000000000000000000 ) ) ;
#434 = PLANE ( 'NONE',  #6643 ) ;
#435 = EDGE_LOOP ( 'NONE', ( #5482, #5069, #826, #5890, #5166 ) ) ;
#436 = DIRECTION ( 'NONE',  ( 0.7071067811865427988, -0.7071067811865521247, 0.000000000000000000 ) ) ;
#437 = CARTESIAN_POINT ( 'NONE',  ( 25.77459402488923956, 66.99999999999810996, 40.27832453922660960 ) ) ;
#438 = EDGE_LOOP ( 'NONE', ( #5685, #843, #4652 ) ) ;
#439 = ORIENTED_EDGE ( 'NONE', *, *, #2623, .F. ) ;
#440 = ORIENTED_EDGE ( 'NONE', *, *, #8145, .T. ) ;
#441 = DIRECTION ( 'NONE',  ( -0.7071067811865521247, -0.7071067811865429098, -6.542051911182432610E-15 ) ) ;
#442 = PLANE ( 'NONE',  #6996 ) ;
#443 = CARTESIAN_POINT ( 'NONE',  ( 21.98319870596186831, 75.17930307903236553, 29.71599832074074854 ) ) ;
#444 = ADVANCED_FACE ( 'NONE', ( #1619 ), #2219, .F. ) ;
#445 = VECTOR ( 'NONE', #2793, 1000.000000000000000 ) ;
#446 = CARTESIAN_POINT ( 'NONE',  ( 13.66313161550157851, 75.85716567521878062, 36.27587741520515863 ) ) ;
#447 = CARTESIAN_POINT ( 'NONE',  ( 9.319012582696148073, 76.41812758101823988, 3.643986896010303234 ) ) ;
#448 = CARTESIAN_POINT ( 'NONE',  ( 15.80857069858991260, 69.92893218813452449, 32.00000000000000711 ) ) ;
#449 = ORIENTED_EDGE ( 'NONE', *, *, #7413, .T. ) ;
#450 = VECTOR ( 'NONE', #5550, 1000.000000000000000 ) ;
#451 = CARTESIAN_POINT ( 'NONE',  ( 34.35901839222208309, 66.99999999999747047, 1.580624267860998300 ) ) ;
#452 = AXIS2_PLACEMENT_3D ( 'NONE', #5320, #7152, #2780 ) ;
#453 = CARTESIAN_POINT ( 'NONE',  ( 28.31045065477893274, 68.96944448036295228, 29.63293018478795204 ) ) ;
#454 = ORIENTED_EDGE ( 'NONE', *, *, #6554, .T. ) ;
#455 = CARTESIAN_POINT ( 'NONE',  ( 69.07568596982015663, 181.9999999999948557, 2.499999999999986233 ) ) ;
#456 = CARTESIAN_POINT ( 'NONE',  ( 26.41517241638811342, 59.32233047033628281, 18.74999999999996447 ) ) ;
#457 = EDGE_CURVE ( 'NONE', #4107, #7941, #3204, .T. ) ;
#458 = LINE ( 'NONE', #6107, #4361 ) ;
#459 = CARTESIAN_POINT ( 'NONE',  ( 13.63844802647029653, 75.79832315763729866, 36.20692179378285402 ) ) ;
#460 = VECTOR ( 'NONE', #768, 1000.000000000000000 ) ;
#461 = VECTOR ( 'NONE', #3450, 1000.000000000000114 ) ;
#462 = CARTESIAN_POINT ( 'NONE',  ( 21.89187578244185772, 75.59802355442475630, 29.53660300999505139 ) ) ;
#463 = ORIENTED_EDGE ( 'NONE', *, *, #7668, .F. ) ;
#464 = ORIENTED_EDGE ( 'NONE', *, *, #2036, .T. ) ;
#465 = ORIENTED_EDGE ( 'NONE', *, *, #862, .T. ) ;
#466 = CARTESIAN_POINT ( 'NONE',  ( 18.28279275101037626, 181.9999999999986642, 27.49999999999998579 ) ) ;
#467 = CIRCLE ( 'NONE', #714, 1.500000000000001332 ) ;
#468 = EDGE_CURVE ( 'NONE', #3134, #7004, #1538, .T. ) ;
#469 = VECTOR ( 'NONE', #6279, 1000.000000000000000 ) ;
#470 = CARTESIAN_POINT ( 'NONE',  ( 13.70905425056548133, 75.96732677602830108, -1.394090484813546693 ) ) ;
#471 = CARTESIAN_POINT ( 'NONE',  ( 27.85240420405650852, 69.22328176575379644, 5.137036862703624251 ) ) ;
#472 = DIRECTION ( 'NONE',  ( -0.000000000000000000, 0.000000000000000000, -1.000000000000000000 ) ) ;
#473 = DIRECTION ( 'NONE',  ( 0.000000000000000000, 0.000000000000000000, -1.000000000000000000 ) ) ;
#474 = CLOSED_SHELL ( 'NONE', ( #1623, #828, #1858, #3666, #4578, #4078, #1927, #2095, #4593, #1651, #4414, #267, #2484, #2971, #7867, #1441, #3724, #6948, #6521, #6366, #2899, #6425, #6981, #5600, #5620, #4051, #2911, #5778, #4279, #3585, #1823, #6758, #7191, #1965, #7798, #3627, #7096, #5394, #6409, #7150, #619, #3019, #2468, #4326, #4247, #949, #7653, #3196, #6926, #1686, #6128, #3177, #1155, #4087, #1054, #548, #1407, #3795, #5088, #3501, #2368, #5883, #351, #1525, #7403, #3409, #5236, #8058, #8024, #3764, #4863, #1326, #4471, #1465, #4751, #8130, #7905, #4445, #3751, #2878, #137, #2869, #7884, #4953, #2994, #6053, #3986, #4172, #3463, #5073, #6450, #1217, #4, #5588, #6196, #1933, #4109, #1037, #2027, #7819, #2226, #2774, #1359, #3715, #7785, #444, #5500, #3832, #6177, #5529, #3182, #6611, #7341, #4230, #7133, #3225, #5065, #815, #1223, #4130, #5702, #1594, #2208, #3094, #1198, #1191, #213, #5607, #1262, #3637, #6130, #1855, #282, #5440, #5173, #6935, #6308, #4510, #5949, #8117, #2659, #731, #6019, #7053, #1880, #1517, #352, #1704, #6797, #4570, #3532, #414, #2430, #3155, #7985, #4177, #4873, #5651, #2870, #2197, #4736, #3691, #2743, #2376, #7945, #1344, #8109, #7769, #869, #6388, #2637, #2385, #6574, #1497, #5162, #6097, #4999, #2813, #1179, #4145, #2893, #5802, #7404, #3394, #4336, #5712, #8006, #6114, #3628, #2481, #7508, #5218, #4131, #6187, #7860, #2361, #4019, #6627, #6269, #2945, #4843, #4079, #2967, #2423, #509, #4835, #5735, #6047, #500, #1401, #581, #2461, #24, #1012, #7428, #606, #5034, #104, #4925, #6623, #3273 ) ) ;
#475 = EDGE_CURVE ( 'NONE', #4385, #3386, #7573, .T. ) ;
#476 = VERTEX_POINT ( 'NONE', #4712 ) ;
#477 = DIRECTION ( 'NONE',  ( -7.320533068622119628E-14, -1.000000000000000000, 5.076094427064087333E-32 ) ) ;
#478 = VECTOR ( 'NONE', #6192, 1000.000000000000000 ) ;
#479 = PLANE ( 'NONE',  #3960 ) ;
#480 = CARTESIAN_POINT ( 'NONE',  ( 28.33548263622140695, 68.96400862643220364, 29.62217090372538664 ) ) ;
#481 = DIRECTION ( 'NONE',  ( -0.7071067811865464625, 0.7071067811865487940, -0.000000000000000000 ) ) ;
#482 = CARTESIAN_POINT ( 'NONE',  ( 32.07202666588049311, 64.97918471982865185, 21.24999999999996447 ) ) ;
#483 = CARTESIAN_POINT ( 'NONE',  ( 21.93283365719040390, 75.31463885814413572, 5.346991756035259336 ) ) ;
#484 = VERTEX_POINT ( 'NONE', #7767 ) ;
#485 = DIRECTION ( 'NONE',  ( -0.7071067811865480168, -0.7071067811865470176, -0.000000000000000000 ) ) ;
#486 = EDGE_CURVE ( 'NONE', #5737, #7482, #2688, .T. ) ;
#487 = CARTESIAN_POINT ( 'NONE',  ( 33.28331293622891707, 66.99999999999755573, 34.75001278111941616 ) ) ;
#488 = ORIENTED_EDGE ( 'NONE', *, *, #6829, .T. ) ;
#489 = AXIS2_PLACEMENT_3D ( 'NONE', #3978, #1543, #2056 ) ;
#490 = EDGE_LOOP ( 'NONE', ( #1361, #3488, #3792, #5717 ) ) ;
#491 = CARTESIAN_POINT ( 'NONE',  ( 34.19334700944013861, 67.10050506338828313, 15.50000000000000888 ) ) ;
#492 = FACE_OUTER_BOUND ( 'NONE', #680, .T. ) ;
#493 = CARTESIAN_POINT ( 'NONE',  ( 22.16181615086667733, 74.91387101314073504, 29.85578925809952011 ) ) ;
#494 = AXIS2_PLACEMENT_3D ( 'NONE', #5172, #5594, #3734 ) ;
#495 = CARTESIAN_POINT ( 'NONE',  ( 25.04024232709494768, 66.52362825735707474, 37.58052420600159849 ) ) ;
#496 = PLANE ( 'NONE',  #4931 ) ;
#497 = ORIENTED_EDGE ( 'NONE', *, *, #4672, .T. ) ;
#498 = B_SPLINE_CURVE_WITH_KNOTS ( 'NONE', 3,
 ( #4977, #7497, #4360, #6888 ),
 .UNSPECIFIED., .F., .F.,
 ( 4, 4 ),
 ( 0.007321372963478613334, 0.008206541601706505290 ),
 .UNSPECIFIED. ) ;
#499 = CARTESIAN_POINT ( 'NONE',  ( 18.78279275100420165, 97.49999999999965894, 27.49999999999998579 ) ) ;
#500 = ADVANCED_FACE ( 'NONE', ( #7156 ), #4020, .F. ) ;
#501 = VECTOR ( 'NONE', #7406, 1000.000000000000000 ) ;
#502 = CARTESIAN_POINT ( 'NONE',  ( 28.79332867403518392, 68.97140412096902651, 29.45504631480083546 ) ) ;
#503 = LINE ( 'NONE', #3583, #3046 ) ;
#504 = CARTESIAN_POINT ( 'NONE',  ( 18.46022112803945703, 79.65165042944951779, 13.75000000000001066 ) ) ;
#505 = CARTESIAN_POINT ( 'NONE',  ( 14.24363421306870947, 71.49386867365569742, 36.60723684014899248 ) ) ;
#506 = CARTESIAN_POINT ( 'NONE',  ( 14.01548898765206097, 76.70041975995322048, 37.68773626114825248 ) ) ;
#507 = CIRCLE ( 'NONE', #1010, 0.7500000000000034417 ) ;
#508 = FACE_OUTER_BOUND ( 'NONE', #8009, .T. ) ;
#509 = ADVANCED_FACE ( 'NONE', ( #2255 ), #1495, .F. ) ;
#510 = EDGE_LOOP ( 'NONE', ( #2230, #4218, #511, #5179, #7895, #3445, #5601, #1102, #1156, #6619 ) ) ;
#511 = ORIENTED_EDGE ( 'NONE', *, *, #207, .T. ) ;
#512 = ORIENTED_EDGE ( 'NONE', *, *, #1959, .T. ) ;
#513 = CARTESIAN_POINT ( 'NONE',  ( 29.07256417522459913, 69.08868435900473060, 29.39092367146407980 ) ) ;
#514 = FACE_OUTER_BOUND ( 'NONE', #4748, .T. ) ;
#515 = DIRECTION ( 'NONE',  ( 7.304689455032545322E-14, 1.000000000000000000, 0.000000000000000000 ) ) ;
#516 = CARTESIAN_POINT ( 'NONE',  ( -111.3083621342329224, 179.5000000000081002, -6.250000000000012434 ) ) ;
#517 = ORIENTED_EDGE ( 'NONE', *, *, #1764, .F. ) ;
#518 = CARTESIAN_POINT ( 'NONE',  ( 35.60756057181323087, 68.51471862576138960, 18.74999999999996803 ) ) ;
#519 = CARTESIAN_POINT ( 'NONE',  ( 31.05648940698007365, 54.68200089091757832, 14.47450658528860501 ) ) ;
#520 = EDGE_CURVE ( 'NONE', #430, #572, #5281, .T. ) ;
#521 = CARTESIAN_POINT ( 'NONE',  ( 21.89220381597082721, 75.56768932807204919, 5.452023492258989634 ) ) ;
#522 = CARTESIAN_POINT ( 'NONE',  ( 21.94081007795992733, 75.90879326671435479, 5.563502959285951732 ) ) ;
#523 = ORIENTED_EDGE ( 'NONE', *, *, #2643, .T. ) ;
#524 = EDGE_CURVE ( 'NONE', #1016, #5958, #2432, .T. ) ;
#525 = PLANE ( 'NONE',  #59 ) ;
#526 = CARTESIAN_POINT ( 'NONE',  ( 28.09405350754308017, 69.05018219158097281, 5.266345414200530151 ) ) ;
#527 = CARTESIAN_POINT ( 'NONE',  ( 30.22112659269913593, 66.99999999999778311, 37.58575814323275921 ) ) ;
#528 = VERTEX_POINT ( 'NONE', #2868 ) ;
#529 = ORIENTED_EDGE ( 'NONE', *, *, #7119, .F. ) ;
#530 = CYLINDRICAL_SURFACE ( 'NONE', #7907, 1.000000000000000888 ) ;
#531 = FACE_OUTER_BOUND ( 'NONE', #6013, .T. ) ;
#532 = FACE_OUTER_BOUND ( 'NONE', #1990, .T. ) ;
#533 = CARTESIAN_POINT ( 'NONE',  ( 26.41517241638810987, 59.32233047033628992, 10.00000000000000888 ) ) ;
#534 = AXIS2_PLACEMENT_3D ( 'NONE', #1354, #6324, #2603 ) ;
#535 = ORIENTED_EDGE ( 'NONE', *, *, #6580, .T. ) ;
#536 = CARTESIAN_POINT ( 'NONE',  ( 22.07022478571658297, 75.02796832391223347, 29.79282193418195845 ) ) ;
#537 = DIRECTION ( 'NONE',  ( 7.304689455032545322E-14, 1.000000000000000000, 0.000000000000000000 ) ) ;
#538 = CARTESIAN_POINT ( 'NONE',  ( 69.07568596981194275, 69.49999999999496936, 49.99999999999998579 ) ) ;
#539 = LINE ( 'NONE', #5606, #4429 ) ;
#540 = DIRECTION ( 'NONE',  ( 0.7071067811865451302, 0.7071067811865497932, 0.000000000000000000 ) ) ;
#541 = FACE_OUTER_BOUND ( 'NONE', #7291, .T. ) ;
#542 = EDGE_LOOP ( 'NONE', ( #5887, #2629, #4291, #326 ) ) ;
#543 = ORIENTED_EDGE ( 'NONE', *, *, #2227, .F. ) ;
#544 = AXIS2_PLACEMENT_3D ( 'NONE', #574, #4362, #1729 ) ;
#545 = ORIENTED_EDGE ( 'NONE', *, *, #3807, .F. ) ;
#546 = CARTESIAN_POINT ( 'NONE',  ( 26.34374012559299416, 66.46483057299688824, 29.00000000000005329 ) ) ;
#547 = DIRECTION ( 'NONE',  ( -1.000000000000000000, 7.283380233150218592E-14, 0.000000000000000000 ) ) ;
#548 = ADVANCED_FACE ( 'NONE', ( #5324 ), #3520, .F. ) ;
#549 = VECTOR ( 'NONE', #1187, 1000.000000000000000 ) ;
#550 = EDGE_CURVE ( 'NONE', #7434, #6420, #3808, .T. ) ;
#551 = CARTESIAN_POINT ( 'NONE',  ( 28.53649275994774470, 61.44365081389591410, 23.74999999999996447 ) ) ;
#552 = CARTESIAN_POINT ( 'NONE',  ( 17.39956095625963783, 79.65165042944953200, 13.75000000000001066 ) ) ;
#553 = VERTEX_POINT ( 'NONE', #1455 ) ;
#554 = CARTESIAN_POINT ( 'NONE',  ( 14.07568596981248454, 76.87626146275592021, 38.68408815432377423 ) ) ;
#555 = LINE ( 'NONE', #3066, #6474 ) ;
#556 = EDGE_CURVE ( 'NONE', #2931, #4377, #7436, .T. ) ;
#557 = CARTESIAN_POINT ( 'NONE',  ( 21.89805036883603506, 75.71363685156545387, 5.504534611986086290 ) ) ;
#558 = FACE_OUTER_BOUND ( 'NONE', #6692, .T. ) ;
#559 = VERTEX_POINT ( 'NONE', #1036 ) ;
#560 = DIRECTION ( 'NONE',  ( -7.355227538141655769E-14, -1.000000000000000000, 0.000000000000000000 ) ) ;
#561 = CARTESIAN_POINT ( 'NONE',  ( 28.15554991219800485, 69.02170735458324202, 5.296168000697013767 ) ) ;
#562 = CARTESIAN_POINT ( 'NONE',  ( 21.70775425115481738, 67.00000000000575540, 32.82753712161534310 ) ) ;
#563 = CARTESIAN_POINT ( 'NONE',  ( -111.3083621342407810, 72.00000000000814282, -17.49999999999994316 ) ) ;
#564 = FACE_OUTER_BOUND ( 'NONE', #6445, .T. ) ;
#565 = CARTESIAN_POINT ( 'NONE',  ( 16.57568596982016729, 181.9999999999987779, 38.49999999999999289 ) ) ;
#566 = EDGE_CURVE ( 'NONE', #1803, #3311, #6173, .T. ) ;
#567 = CARTESIAN_POINT ( 'NONE',  ( 15.64379400689309918, 66.17211444426619948, -4.636635436593669723 ) ) ;
#568 = CARTESIAN_POINT ( 'NONE',  ( 31.05737818767783764, 54.67862240657356665, 20.34950220294539847 ) ) ;
#569 = VECTOR ( 'NONE', #477, 1000.000000000000000 ) ;
#570 = CARTESIAN_POINT ( 'NONE',  ( 9.315821547788326384, 76.42168133893612492, 3.645945788329199022 ) ) ;
#571 = EDGE_CURVE ( 'NONE', #559, #6645, #5569, .T. ) ;
#572 = VERTEX_POINT ( 'NONE', #1663 ) ;
#573 = CARTESIAN_POINT ( 'NONE',  ( 21.99769874127427727, 75.14967726656918501, 29.73053347651694622 ) ) ;
#574 = CARTESIAN_POINT ( 'NONE',  ( 69.07568596981212750, 71.99999999999495515, 49.99999999999998579 ) ) ;
#575 = CARTESIAN_POINT ( 'NONE',  ( 30.65781310350739375, 63.56497115745555959, 20.49999999999996447 ) ) ;
#576 = CIRCLE ( 'NONE', #6778, 0.7499999999999972244 ) ;
#577 = CARTESIAN_POINT ( 'NONE',  ( 29.25583683318485839, 69.23406269899849974, 37.95643923738961689 ) ) ;
#578 = PLANE ( 'NONE',  #5269 ) ;
#579 = CARTESIAN_POINT ( 'NONE',  ( 28.07613773910757615, 68.82529721856809601, 5.820720856982636526 ) ) ;
#580 = CIRCLE ( 'NONE', #5852, 1.000000000000000888 ) ;
#581 = ADVANCED_FACE ( 'NONE', ( #7976 ), #2413, .F. ) ;
#582 = EDGE_LOOP ( 'NONE', ( #2000, #400, #5011 ) ) ;
#583 = EDGE_LOOP ( 'NONE', ( #2044, #4155, #1757 ) ) ;
#584 = EDGE_LOOP ( 'NONE', ( #2558, #6115, #6760 ) ) ;
#585 = FACE_OUTER_BOUND ( 'NONE', #6463, .T. ) ;
#586 = AXIS2_PLACEMENT_3D ( 'NONE', #7890, #7118, #349 ) ;
#587 = AXIS2_PLACEMENT_3D ( 'NONE', #3210, #6359, #7586 ) ;
#588 = FACE_BOUND ( 'NONE', #3830, .T. ) ;
#589 = B_SPLINE_SURFACE_WITH_KNOTS ( 'NONE', 1, 3, ( 
 ( #4571, #5980, #3414, #5222, #855, #3333, #3996, #2765, #1520, #1433, #897, #328, #4612, #7872, #5856, #1561, #6570, #6526, #201, #3956, #4043, #7746, #7141, #3377, #2237, #7226, #5938, #1473, #5901, #244, #5262, #7788, #4083, #6609, #4696, #2155, #4651, #935, #285, #2806, #5304, #7833, #2201, #3454, #2850, #4731 ),
 ( #1599, #4122, #371, #6648, #6022, #974, #3499, #2889, #5381, #2074, #6732, #4322, #3087, #6853, #4287, #7304, #453, #4815, #4938, #4165, #8078, #3624, #7385, #4769, #3048, #6227, #1685, #2434, #5554, #4900, #4859, #502, #7424, #4201, #7346, #1726, #7952, #6817, #4242, #5515, #8041, #1057, #1184, #6769, #3667, #3013 ) ),
 .UNSPECIFIED., .F., .F., .F.,
 ( 2, 2 ),
 ( 4, 2, 2, 2, 2, 2, 2, 2, 2, 2, 2, 2, 2, 2, 2, 2, 2, 2, 2, 2, 2, 2, 4 ),
 ( 0.000000000000000000, 1.000000000000000000 ),
 ( 0.000000000000000000, 0.0001301587737279195260, 0.0002603175474558390521, 0.0003253969343197988151, 0.0003904763211837585781, 0.0004555557080477183412, 0.0005206350949116781042, 0.0006507938686395976302, 0.0007809526423675171563, 0.0009111114160954366823, 0.0009761908029593964996, 0.001041270189823356208, 0.001106349576687315917, 0.001171428963551275626, 0.001301587737279195260, 0.001366667124143155186, 0.001431746511007114895, 0.001496825897871074604, 0.001561905284735034313, 0.001692064058462953730, 0.001822222832190873365, 0.001952381605918792999, 0.002082540379646712417 ),
 .UNSPECIFIED. ) ;
#590 = CARTESIAN_POINT ( 'NONE',  ( 31.04146665081879419, 54.69758713348123536, 21.23852831138302477 ) ) ;
#591 = CARTESIAN_POINT ( 'NONE',  ( 12.86197402509133703, 73.84843285169897342, 34.89520663090974750 ) ) ;
#592 = ORIENTED_EDGE ( 'NONE', *, *, #294, .T. ) ;
#593 = AXIS2_PLACEMENT_3D ( 'NONE', #1295, #1258, #6343 ) ;
#594 = FACE_OUTER_BOUND ( 'NONE', #4092, .T. ) ;
#595 = CIRCLE ( 'NONE', #3749, 0.7500000000000006661 ) ;
#596 = EDGE_CURVE ( 'NONE', #1652, #3827, #5580, .T. ) ;
#597 = CARTESIAN_POINT ( 'NONE',  ( 14.07568596981248987, 76.95817754929693422, -4.432041554210566225 ) ) ;
#598 = DIRECTION ( 'NONE',  ( 7.401486830834370205E-14, 1.000000000000000000, 0.000000000000000000 ) ) ;
#599 = CARTESIAN_POINT ( 'NONE',  ( 28.13868802203074537, 69.02907080183035760, 29.71192102306833860 ) ) ;
#600 = CARTESIAN_POINT ( 'NONE',  ( 22.07445526195229846, 76.17505999018889895, 5.616393291716528680 ) ) ;
#601 = CARTESIAN_POINT ( 'NONE',  ( 26.41517241638810987, 59.32233047033628992, 10.00000000000000888 ) ) ;
#602 = VERTEX_POINT ( 'NONE', #6081 ) ;
#603 = VECTOR ( 'NONE', #7435, 1000.000000000000000 ) ;
#604 = CARTESIAN_POINT ( 'NONE',  ( 28.15736926778199845, 69.02092939938424365, 5.297037192467207056 ) ) ;
#605 = CARTESIAN_POINT ( 'NONE',  ( 23.66958022092463310, 58.66835424981130132, 32.38153433783893576 ) ) ;
#606 = ADVANCED_FACE ( 'NONE', ( #388 ), #1079, .F. ) ;
#607 = VECTOR ( 'NONE', #894, 1000.000000000000000 ) ;
#608 = CARTESIAN_POINT ( 'NONE',  ( 12.86197402508835808, 73.84843285170686045, 0.1047933690963728237 ) ) ;
#609 = CARTESIAN_POINT ( 'NONE',  ( 22.07568596982034848, 184.4999999999983800, 45.00000000000000711 ) ) ;
#610 = DIRECTION ( 'NONE',  ( 0.7071067811865463515, -3.925231146709427696E-14, -0.7071067811865487940 ) ) ;
#611 = VECTOR ( 'NONE', #7039, 999.9999999999998863 ) ;
#612 = EDGE_CURVE ( 'NONE', #602, #283, #7690, .T. ) ;
#613 = ORIENTED_EDGE ( 'NONE', *, *, #1917, .F. ) ;
#614 = AXIS2_PLACEMENT_3D ( 'NONE', #6341, #672, #134 ) ;
#615 = VECTOR ( 'NONE', #7349, 1000.000000000000000 ) ;
#616 = CARTESIAN_POINT ( 'NONE',  ( 14.07568596981395537, 97.00000000000000000, -7.500000000000012434 ) ) ;
#617 = LINE ( 'NONE', #1186, #4680 ) ;
#618 = CARTESIAN_POINT ( 'NONE',  ( 21.86933510674387193, 63.86816777998484440, 34.98114589768537996 ) ) ;
#619 = ADVANCED_FACE ( 'NONE', ( #431 ), #2333, .F. ) ;
#620 = LINE ( 'NONE', #3129, #4887 ) ;
#621 = LINE ( 'NONE', #685, #4438 ) ;
#622 = EDGE_LOOP ( 'NONE', ( #5379, #4922, #4623 ) ) ;
#623 = ORIENTED_EDGE ( 'NONE', *, *, #761, .T. ) ;
#624 = CARTESIAN_POINT ( 'NONE',  ( 14.07568596981249343, 76.99999999999897682, -15.00000000000001066 ) ) ;
#625 = ORIENTED_EDGE ( 'NONE', *, *, #8016, .F. ) ;
#626 = CARTESIAN_POINT ( 'NONE',  ( 21.91090941313240137, 76.09233398159238959, 28.93751242683864078 ) ) ;
#627 = FACE_OUTER_BOUND ( 'NONE', #1322, .T. ) ;
#628 = DIRECTION ( 'NONE',  ( -0.7071067811865464625, 0.7071067811865485719, 0.000000000000000000 ) ) ;
#629 = CARTESIAN_POINT ( 'NONE',  ( 15.11108202990967442, 65.83741883268571371, 41.03610988789569802 ) ) ;
#630 = ORIENTED_EDGE ( 'NONE', *, *, #3618, .T. ) ;
#631 = CARTESIAN_POINT ( 'NONE',  ( 8.737502886724445972, 77.00000000000000000, 30.99237163561197761 ) ) ;
#632 = CARTESIAN_POINT ( 'NONE',  ( 30.74065065204349168, 57.87211443914849696, 14.83554528574842379 ) ) ;
#633 = CARTESIAN_POINT ( 'NONE',  ( 21.89303765954259617, 75.64887407858168444, 5.481961045931925902 ) ) ;
#634 = CARTESIAN_POINT ( 'NONE',  ( 21.90270465915362408, 75.74797225338609508, 5.515880211903875896 ) ) ;
#635 = ORIENTED_EDGE ( 'NONE', *, *, #486, .T. ) ;
#636 = EDGE_CURVE ( 'NONE', #6495, #985, #1703, .T. ) ;
#637 = CARTESIAN_POINT ( 'NONE',  ( 22.07568596982025255, 183.2499999999983515, -10.00000000000000178 ) ) ;
#638 = DIRECTION ( 'NONE',  ( -0.7071067811865475727, 0.7071067811865475727, 0.000000000000000000 ) ) ;
#639 = CARTESIAN_POINT ( 'NONE',  ( 12.40078431099410317, 72.60253031588078443, 0.5390393918877698365 ) ) ;
#640 = CARTESIAN_POINT ( 'NONE',  ( 21.89187580250594678, 75.86678483174213738, 38.47350322078704465 ) ) ;
#641 = CARTESIAN_POINT ( 'NONE',  ( 34.72367709533005353, 66.57017497749836821, 16.25000000000000711 ) ) ;
#642 = CARTESIAN_POINT ( 'NONE',  ( 12.98014357384371564, 74.17157287525380127, 23.74999999999996447 ) ) ;
#643 = VERTEX_POINT ( 'NONE', #4219 ) ;
#644 = FACE_OUTER_BOUND ( 'NONE', #6493, .T. ) ;
#645 = PLANE ( 'NONE',  #783 ) ;
#646 = CARTESIAN_POINT ( 'NONE',  ( -111.3083621342327234, 182.0000000000080433, 32.50000000000006395 ) ) ;
#647 = CARTESIAN_POINT ( 'NONE',  ( 108.0487300520048279, 148.0269559178182135, 6.043560762610408865 ) ) ;
#648 = CARTESIAN_POINT ( 'NONE',  ( 22.18476902131939710, 74.89091694849089720, 29.86931687685304482 ) ) ;
#649 = VECTOR ( 'NONE', #3939, 1000.000000000000000 ) ;
#650 = CARTESIAN_POINT ( 'NONE',  ( 18.78279275100400270, 94.76393202249988690, 7.499999999999986677 ) ) ;
#651 = ORIENTED_EDGE ( 'NONE', *, *, #255, .F. ) ;
#652 = ORIENTED_EDGE ( 'NONE', *, *, #2291, .F. ) ;
#653 = B_SPLINE_CURVE_WITH_KNOTS ( 'NONE', 1,
 ( #1976, #4477 ),
 .UNSPECIFIED., .F., .F.,
 ( 2, 2 ),
 ( 0.000000000000000000, 1.000000000000000000 ),
 .UNSPECIFIED. ) ;
#654 = CARTESIAN_POINT ( 'NONE',  ( 19.07568596981765552, 97.49999999999964473, 26.49999999999998579 ) ) ;
#655 = EDGE_CURVE ( 'NONE', #3845, #6358, #4960, .T. ) ;
#656 = ORIENTED_EDGE ( 'NONE', *, *, #6919, .T. ) ;
#657 = B_SPLINE_CURVE_WITH_KNOTS ( 'NONE', 3,
 ( #3384, #1527, #250, #903, #4052, #2773, #5865, #209, #5271, #6578, #3342, #1480, #3424, #5948 ),
 .UNSPECIFIED., .F., .F.,
 ( 4, 2, 2, 2, 2, 2, 4 ),
 ( 0.01238028158605763637, 0.01505013122580325415, 0.01771998086554887192, 0.01905490568542168167, 0.02038983050529449143, 0.02172475532516730118, 0.02305968014504011440 ),
 .UNSPECIFIED. ) ;
#658 = CARTESIAN_POINT ( 'NONE',  ( 18.78279275101037626, 181.9999999999986358, 7.499999999999986677 ) ) ;
#659 = DIRECTION ( 'NONE',  ( 0.000000000000000000, 0.000000000000000000, 1.000000000000000000 ) ) ;
#660 = CARTESIAN_POINT ( 'NONE',  ( 19.07568596981765552, 97.49999999999964473, 26.49999999999998579 ) ) ;
#661 = CARTESIAN_POINT ( 'NONE',  ( 15.58930153129043994, 66.05280713836117457, 40.76230426425249931 ) ) ;
#662 = AXIS2_PLACEMENT_3D ( 'NONE', #2926, #5555, #8079 ) ;
#663 = EDGE_LOOP ( 'NONE', ( #6410, #6028, #7153, #4074 ) ) ;
#664 = ORIENTED_EDGE ( 'NONE', *, *, #7312, .T. ) ;
#665 = DIRECTION ( 'NONE',  ( -0.7071067811865499042, -0.7071067811865451302, 0.000000000000000000 ) ) ;
#666 = EDGE_CURVE ( 'NONE', #4112, #4233, #3601, .T. ) ;
#667 = VERTEX_POINT ( 'NONE', #2905 ) ;
#668 = CARTESIAN_POINT ( 'NONE',  ( 21.99793410847514963, 75.14955175137025378, 5.269372408479888747 ) ) ;
#669 = DIRECTION ( 'NONE',  ( -0.7071067811865474617, -0.7071067811865474617, 0.000000000000000000 ) ) ;
#670 = CARTESIAN_POINT ( 'NONE',  ( 21.95937616818271110, 75.23667479030440575, 5.311244216238766747 ) ) ;
#671 = VERTEX_POINT ( 'NONE', #3683 ) ;
#672 = DIRECTION ( 'NONE',  ( 0.7071067811865487940, -5.165195448115389630E-14, 0.7071067811865463515 ) ) ;
#673 = CARTESIAN_POINT ( 'NONE',  ( 38.50543502353283998, 66.99999999999718625, 25.20028240653263296 ) ) ;
#674 = FACE_OUTER_BOUND ( 'NONE', #1846, .T. ) ;
#675 = CARTESIAN_POINT ( 'NONE',  ( 25.04578401305067814, 66.42777262767862112, -2.298712847062428288 ) ) ;
#676 = CARTESIAN_POINT ( 'NONE',  ( 22.18476902131942552, 76.30513051086396104, -2.956439237389594687 ) ) ;
#677 = CARTESIAN_POINT ( 'NONE',  ( 39.61289129790999652, 66.99999999999710099, 18.86740189363034403 ) ) ;
#678 = CARTESIAN_POINT ( 'NONE',  ( 19.07568596982382658, 181.9999999999986073, 6.499999999999983125 ) ) ;
#679 = DIRECTION ( 'NONE',  ( 0.7071067811865487940, 0.7071067811865464625, -0.000000000000000000 ) ) ;
#680 = EDGE_LOOP ( 'NONE', ( #6310, #4966, #905, #7248 ) ) ;
#681 = CARTESIAN_POINT ( 'NONE',  ( 21.89326561120789449, 75.53606100556608283, 29.56005554917300771 ) ) ;
#682 = LINE ( 'NONE', #3198, #5942 ) ;
#683 = DIRECTION ( 'NONE',  ( 1.000000000000000000, -7.304689455032544060E-14, -3.700743415417188139E-16 ) ) ;
#684 = CARTESIAN_POINT ( 'NONE',  ( 30.97912527483224920, 59.53539314065893251, 25.83660651456406043 ) ) ;
#685 = CARTESIAN_POINT ( 'NONE',  ( 26.41517241638810987, 59.32233047033628992, 10.00000000000000888 ) ) ;
#686 = EDGE_LOOP ( 'NONE', ( #4869, #4891, #3321, #3891 ) ) ;
#687 = AXIS2_PLACEMENT_3D ( 'NONE', #1286, #3801, #665 ) ;
#688 = CARTESIAN_POINT ( 'NONE',  ( -111.3083621342329224, 179.5000000000081002, 2.500000000000051958 ) ) ;
#689 = EDGE_CURVE ( 'NONE', #6877, #6226, #1830, .T. ) ;
#690 = ORIENTED_EDGE ( 'NONE', *, *, #7548, .T. ) ;
#691 = CARTESIAN_POINT ( 'NONE',  ( 32.07202666588049311, 64.97918471982865185, 13.75000000000001066 ) ) ;
#692 = FACE_BOUND ( 'NONE', #6460, .T. ) ;
#693 = DIRECTION ( 'NONE',  ( 7.304689455032545322E-14, 1.000000000000000000, 0.000000000000000000 ) ) ;
#694 = VECTOR ( 'NONE', #3936, 999.9999999999998863 ) ;
#695 = CARTESIAN_POINT ( 'NONE',  ( -36.17369213578414389, 184.5000000000026716, 41.25000000000002842 ) ) ;
#696 = ORIENTED_EDGE ( 'NONE', *, *, #398, .T. ) ;
#697 = EDGE_LOOP ( 'NONE', ( #5314, #4756, #6770, #3058 ) ) ;
#698 = EDGE_CURVE ( 'NONE', #372, #4629, #5493, .T. ) ;
#699 = CARTESIAN_POINT ( 'NONE',  ( 4.903912904469413472E-12, 67.00000000000000000, 0.000000000000000000 ) ) ;
#700 = ORIENTED_EDGE ( 'NONE', *, *, #1485, .T. ) ;
#701 = AXIS2_PLACEMENT_3D ( 'NONE', #5531, #385, #2902 ) ;
#702 = AXIS2_PLACEMENT_3D ( 'NONE', #3175, #2567, #6451 ) ;
#703 = DIRECTION ( 'NONE',  ( 1.000000000000000000, -7.216449660063511202E-14, 0.000000000000000000 ) ) ;
#704 = CARTESIAN_POINT ( 'NONE',  ( 9.315821547788321055, 76.42168133893612492, 31.35405421167080675 ) ) ;
#705 = CARTESIAN_POINT ( 'NONE',  ( 12.27303679265717662, 73.46446609406726225, 10.00000000000000711 ) ) ;
#706 = EDGE_CURVE ( 'NONE', #8000, #984, #5033, .T. ) ;
#707 = CARTESIAN_POINT ( 'NONE',  ( 32.02177413418404228, 71.99999999999768363, -2.956439237389592467 ) ) ;
#708 = EDGE_LOOP ( 'NONE', ( #7745, #3529, #3403 ) ) ;
#709 = VECTOR ( 'NONE', #2347, 1000.000000000000114 ) ;
#710 = AXIS2_PLACEMENT_3D ( 'NONE', #7652, #3238, #757 ) ;
#711 = CYLINDRICAL_SURFACE ( 'NONE', #3772, 0.5000000000000004441 ) ;
#712 = CARTESIAN_POINT ( 'NONE',  ( 34.77745179171058965, 66.99999999999748468, 22.61286039304355455 ) ) ;
#713 = CARTESIAN_POINT ( 'NONE',  ( 15.57568596981395892, 96.99999999999988631, -7.500000000000012434 ) ) ;
#714 = AXIS2_PLACEMENT_3D ( 'NONE', #4807, #2882, #4234 ) ;
#715 = AXIS2_PLACEMENT_3D ( 'NONE', #5542, #1954, #560 ) ;
#716 = CARTESIAN_POINT ( 'NONE',  ( 15.25150104317642175, 65.88768279071673817, -6.021713034498414885 ) ) ;
#717 = EDGE_CURVE ( 'NONE', #7062, #1233, #33, .T. ) ;
#718 = CARTESIAN_POINT ( 'NONE',  ( 30.65781310350739020, 63.56497115745555959, 13.75000000000001066 ) ) ;
#719 = FACE_OUTER_BOUND ( 'NONE', #5089, .T. ) ;
#720 = CARTESIAN_POINT ( 'NONE',  ( 31.54169657999058529, 64.44885463393873692, 21.24999999999996447 ) ) ;
#721 = CARTESIAN_POINT ( 'NONE',  ( 22.12447787805538724, 76.36542165412801353, 6.081152228392824988 ) ) ;
#722 = VERTEX_POINT ( 'NONE', #554 ) ;
#723 = FACE_OUTER_BOUND ( 'NONE', #5767, .T. ) ;
#724 = AXIS2_PLACEMENT_3D ( 'NONE', #1176, #3697, #2426 ) ;
#725 = DIRECTION ( 'NONE',  ( 0.7071067811865485719, 0.7071067811865464625, 0.000000000000000000 ) ) ;
#726 = CARTESIAN_POINT ( 'NONE',  ( 21.73902199102385779, 75.52918764977576416, 29.05556664665788702 ) ) ;
#727 =( BOUNDED_CURVE ( )  B_SPLINE_CURVE ( 3, ( #1145, #6151, #2396, #3703 ),
 .UNSPECIFIED., .F., .T. ) 
 B_SPLINE_CURVE_WITH_KNOTS ( ( 4, 4 ),
 ( -5.329070518200751394E-15, 1.570796326794907660 ),
 .UNSPECIFIED. ) 
 CURVE ( )  GEOMETRIC_REPRESENTATION_ITEM ( )  RATIONAL_B_SPLINE_CURVE ( ( 1.000000000000000000, 0.8047378541243610517, 0.8047378541243610517, 1.000000000000000000 ) ) 
 REPRESENTATION_ITEM ( '' )  );
#728 = FILL_AREA_STYLE_COLOUR ( '', #1269 ) ;
#729 = DIRECTION ( 'NONE',  ( 0.7071067811865486830, 0.7071067811865464625, 0.000000000000000000 ) ) ;
#730 = CARTESIAN_POINT ( 'NONE',  ( 15.42859662315500024, 70.30890626356942619, -2.382352973548490738 ) ) ;
#731 = ADVANCED_FACE ( 'NONE', ( #594 ), #3143, .T. ) ;
#732 = ORIENTED_EDGE ( 'NONE', *, *, #3568, .F. ) ;
#733 = CARTESIAN_POINT ( 'NONE',  ( 15.57568596982016729, 181.9999999999988631, -3.500000000000012434 ) ) ;
#734 = ORIENTED_EDGE ( 'NONE', *, *, #6812, .F. ) ;
#735 = PLANE ( 'NONE',  #340 ) ;
#737 = FACE_OUTER_BOUND ( 'NONE', #7942, .T. ) ;
#736 = AXIS2_PLACEMENT_3D ( 'NONE', #4442, #3052, #5722 ) ;
#738 = CARTESIAN_POINT ( 'NONE',  ( 14.07568596981249520, 77.00000000000000000, 38.66476475919079547 ) ) ;
#739 = EDGE_CURVE ( 'NONE', #3345, #6972, #3838, .T. ) ;
#740 = DIRECTION ( 'NONE',  ( -6.335808141182587134E-30, -8.673617379884029309E-17, -1.000000000000000000 ) ) ;
#741 = VERTEX_POINT ( 'NONE', #6906 ) ;
#742 = VERTEX_POINT ( 'NONE', #8143 ) ;
#743 = CARTESIAN_POINT ( 'NONE',  ( 9.315821547788321055, 76.42168133893612492, 31.35405421167080675 ) ) ;
#744 = ORIENTED_EDGE ( 'NONE', *, *, #5687, .T. ) ;
#745 = VECTOR ( 'NONE', #5327, 1000.000000000000114 ) ;
#746 = DIRECTION ( 'NONE',  ( 0.7071067811865566766, 0.7071067811865383579, 1.734723475976796642E-15 ) ) ;
#747 = DIRECTION ( 'NONE',  ( -4.906538933386813019E-16, -4.906538933386797242E-16, 1.000000000000000000 ) ) ;
#748 = EDGE_LOOP ( 'NONE', ( #1742, #3390, #8068 ) ) ;
#749 = ORIENTED_EDGE ( 'NONE', *, *, #2217, .F. ) ;
#750 = CARTESIAN_POINT ( 'NONE',  ( 14.07568596981219855, 74.40701745972585002, 1.268924904177676671 ) ) ;
#751 = DIRECTION ( 'NONE',  ( 3.469446951953605807E-16, -3.469446951953612710E-16, -1.000000000000000000 ) ) ;
#752 = DIRECTION ( 'NONE',  ( 1.000000000000000000, 0.000000000000000000, 0.000000000000000000 ) ) ;
#753 = CARTESIAN_POINT ( 'NONE',  ( 27.93802214416516350, 69.14866331162113511, 5.185408670036528278 ) ) ;
#754 = DIRECTION ( 'NONE',  ( 1.000000000000000000, 0.000000000000000000, 0.000000000000000000 ) ) ;
#755 = LINE ( 'NONE', #6430, #7166 ) ;
#756 = CARTESIAN_POINT ( 'NONE',  ( 17.39956095625963428, 78.59099025766971636, 13.75000000000001066 ) ) ;
#757 = DIRECTION ( 'NONE',  ( 0.000000000000000000, -1.000000000000000000, 0.000000000000000000 ) ) ;
#758 = ORIENTED_EDGE ( 'NONE', *, *, #3740, .F. ) ;
#759 = ORIENTED_EDGE ( 'NONE', *, *, #2802, .T. ) ;
#760 = CARTESIAN_POINT ( 'NONE',  ( 21.93006773549622324, 75.32375345422060775, 29.64890523490113949 ) ) ;
#761 = EDGE_CURVE ( 'NONE', #1153, #6649, #4390, .T. ) ;
#762 = CARTESIAN_POINT ( 'NONE',  ( 23.83671179709493515, 64.95356596765489599, 35.25895491385552560 ) ) ;
#763 = CARTESIAN_POINT ( 'NONE',  ( 22.03421319899614517, 74.63609789894388769, 29.36743900984776445 ) ) ;
#764 = CARTESIAN_POINT ( 'NONE',  ( 19.34410460452265923, 73.46446609406724804, 6.000000000000007105 ) ) ;
#765 = CARTESIAN_POINT ( 'NONE',  ( 26.76422281538068759, 60.04296187913248417, 30.00463160731119316 ) ) ;
#766 = DIRECTION ( 'NONE',  ( 0.7071067811865464625, -0.7071067811865486830, -1.471961680016039567E-15 ) ) ;
#767 = EDGE_LOOP ( 'NONE', ( #854, #2797, #6091, #4163, #6834, #6048, #4142, #2611, #7355, #1989, #5830, #7022, #4704, #5892, #7117, #1671, #5652, #613, #2859, #2851, #5570, #1509 ) ) ;
#768 = DIRECTION ( 'NONE',  ( 0.000000000000000000, 0.000000000000000000, -1.000000000000000000 ) ) ;
#769 = ORIENTED_EDGE ( 'NONE', *, *, #5636, .T. ) ;
#770 = CARTESIAN_POINT ( 'NONE',  ( 31.58936071524794897, 61.32100729793722849, 9.450456043688825858 ) ) ;
#771 = LINE ( 'NONE', #3959, #3106 ) ;
#772 =( BOUNDED_SURFACE ( )  B_SPLINE_SURFACE ( 3, 2, ( 
 ( #7446, #6446, #1248 ),
 ( #1204, #6836, #3721 ),
 ( #7518, #1792, #3765 ),
 ( #8100, #7709, #3684 ),
 ( #4380, #6251, #6208 ),
 ( #4998, #1164, #5575 ),
 ( #2077, #770, #3294 ),
 ( #3107, #5625, #2456 ),
 ( #4529, #7063, #2529 ),
 ( #8144, #1396, #4961 ),
 ( #2491, #1869, #6294 ),
 ( #632, #3144, #5664 ),
 ( #8, #5032, #4573 ),
 ( #7100, #1435, #3335 ),
 ( #6528, #4653, #2275 ),
 ( #4771, #2239, #5225 ) ),
 .UNSPECIFIED., .F., .F., .T. ) 
 B_SPLINE_SURFACE_WITH_KNOTS ( ( 4, 2, 2, 2, 2, 2, 2, 4 ),
 ( 3, 3 ),
 ( -2.029626466892864300E-16, 0.005874812091694196596, 0.007343515114617796269, 0.008812218137541396809, 0.01174962418338859615, 0.01468703022923579550, 0.01762443627508299485, 0.02349924836677739354 ),
 ( 0.000000000000000000, 0.5034856209349038991 ),
 .UNSPECIFIED. ) 
 GEOMETRIC_REPRESENTATION_ITEM ( )  RATIONAL_B_SPLINE_SURFACE ( (
 ( 1.000000000000000000, 0.8392376528147365011, 0.8403583660205229400),
 ( 1.000000000000000000, 0.8410468601697097535, 0.8421549609534321190),
 ( 1.000000000000000000, 0.8428454071645570256, 0.8439409698421640460),
 ( 1.000000000000000000, 0.8449785443541955043, 0.8460592364165120394),
 ( 1.000000000000000000, 0.8453994706937033587, 0.8464772283766979211),
 ( 1.000000000000000000, 0.8462275782037811389, 0.8472995629490286396),
 ( 1.000000000000000000, 0.8466358525983836980, 0.8477049911640772706),
 ( 1.000000000000000000, 0.8478215234359617325, 0.8488823964034685199),
 ( 1.000000000000000000, 0.8485638711323651995, 0.8496195690145289525),
 ( 1.000000000000000000, 0.8499443019854254766, 0.8509903765502279116),
 ( 1.000000000000000000, 0.8505824119709169961, 0.8516240381166710893),
 ( 1.000000000000000000, 0.8517468637871733472, 0.8527803722576705603),
 ( 1.000000000000000000, 0.8522753068140720423, 0.8533051313804143057),
 ( 1.000000000000000000, 0.8536489822366299940, 0.8546692305793509581),
 ( 1.000000000000000000, 0.8542968370841459436, 0.8553125690740284170),
 ( 1.000000000000000000, 0.8547037663177284861, 0.8557166615054997427) ) ) 
 REPRESENTATION_ITEM ( '' )  SURFACE ( )  );
#773 = CARTESIAN_POINT ( 'NONE',  ( 24.07568596981174736, 66.99999999999825206, -5.934656572432656318 ) ) ;
#774 = CARTESIAN_POINT ( 'NONE',  ( 16.06180778116033636, 184.4999999999988347, -17.50000000000000711 ) ) ;
#775 = DIRECTION ( 'NONE',  ( 0.7071067811865475727, 0.000000000000000000, -0.7071067811865475727 ) ) ;
#776 = ORIENTED_EDGE ( 'NONE', *, *, #5843, .F. ) ;
#777 = VERTEX_POINT ( 'NONE', #85 ) ;
#778 = EDGE_LOOP ( 'NONE', ( #34, #3855, #6031, #120 ) ) ;
#779 = B_SPLINE_CURVE_WITH_KNOTS ( 'NONE', 3,
 ( #2508, #5092, #4363, #8159, #1889, #2436, #1272, #6966, #4941, #27, #4289, #6819, #7579, #1814 ),
 .UNSPECIFIED., .F., .F.,
 ( 4, 2, 2, 2, 2, 2, 4 ),
 ( 1.243205043575176586E-16, 0.001528857908389927300, 0.003057715816779730568, 0.006115431633559377002, 0.007644289541949202821, 0.009173147450339031242, 0.01223086326711869676 ),
 .UNSPECIFIED. ) ;
#780 = EDGE_CURVE ( 'NONE', #5192, #1508, #4256, .T. ) ;
#781 = DIRECTION ( 'NONE',  ( -0.7071067811865566766, -0.7071067811865383579, 0.000000000000000000 ) ) ;
#782 = DIRECTION ( 'NONE',  ( 1.000000000000000000, 0.000000000000000000, 0.000000000000000000 ) ) ;
#783 = AXIS2_PLACEMENT_3D ( 'NONE', #7578, #107, #6930 ) ;
#784 = CARTESIAN_POINT ( 'NONE',  ( 18.42923936041092858, 97.49999999999968736, 27.14644660940670917 ) ) ;
#785 = ORIENTED_EDGE ( 'NONE', *, *, #1570, .T. ) ;
#786 = CARTESIAN_POINT ( 'NONE',  ( 69.07568596981175801, 66.99999999999495515, -15.00000000000001066 ) ) ;
#787 = ORIENTED_EDGE ( 'NONE', *, *, #5413, .T. ) ;
#788 = ORIENTED_EDGE ( 'NONE', *, *, #5655, .F. ) ;
#789 = FACE_OUTER_BOUND ( 'NONE', #5775, .T. ) ;
#790 = DIRECTION ( 'NONE',  ( -7.320533068622127201E-14, -1.000000000000000000, 1.269910057080334201E-29 ) ) ;
#791 = EDGE_CURVE ( 'NONE', #2954, #1812, #5421, .T. ) ;
#792 = CARTESIAN_POINT ( 'NONE',  ( 14.07568596981395537, 97.00000000000000000, 37.49999999999999289 ) ) ;
#793 = FACE_OUTER_BOUND ( 'NONE', #235, .T. ) ;
#794 = LINE ( 'NONE', #6550, #611 ) ;
#795 = VECTOR ( 'NONE', #8138, 1000.000000000000000 ) ;
#796 = CARTESIAN_POINT ( 'NONE',  ( 15.57568596981395892, 96.99999999999988631, 37.49999999999999289 ) ) ;
#797 = CARTESIAN_POINT ( 'NONE',  ( 19.07568596981322528, 86.99999999999963052, -7.500000000000011546 ) ) ;
#798 = CARTESIAN_POINT ( 'NONE',  ( 14.07568596981395537, 97.00000000000000000, 39.99999999999999289 ) ) ;
#799 = EDGE_CURVE ( 'NONE', #1403, #4107, #3852, .T. ) ;
#800 = VERTEX_POINT ( 'NONE', #1991 ) ;
#801 = EDGE_LOOP ( 'NONE', ( #7818, #6215, #2341, #338 ) ) ;
#802 = ORIENTED_EDGE ( 'NONE', *, *, #3859, .T. ) ;
#803 = CARTESIAN_POINT ( 'NONE',  ( 33.44630842338720100, 64.09639633973063155, 35.00000000000000000 ) ) ;
#804 = CARTESIAN_POINT ( 'NONE',  ( 28.58314130523240593, 59.65193589658274220, 7.190029597778003989 ) ) ;
#805 = CARTESIAN_POINT ( 'NONE',  ( 21.74548407261894312, 75.28441781281736667, 29.12727094734779598 ) ) ;
#806 = CARTESIAN_POINT ( 'NONE',  ( 29.06682284583765252, 60.91332072800599917, 11.25000000000001066 ) ) ;
#807 = EDGE_CURVE ( 'NONE', #3802, #5137, #5662, .T. ) ;
#808 = ORIENTED_EDGE ( 'NONE', *, *, #7956, .T. ) ;
#809 = DIRECTION ( 'NONE',  ( 7.304689455032544060E-14, 1.000000000000000000, 1.387778780781395583E-15 ) ) ;
#810 = ORIENTED_EDGE ( 'NONE', *, *, #3869, .F. ) ;
#811 = CARTESIAN_POINT ( 'NONE',  ( 43.07568596981176512, 66.99999999999685940, -7.500000000000007105 ) ) ;
#812 = DIRECTION ( 'NONE',  ( -0.000000000000000000, -0.000000000000000000, -1.000000000000000000 ) ) ;
#813 = DIRECTION ( 'NONE',  ( -0.7071067811865486830, -0.7071067811865464625, -0.000000000000000000 ) ) ;
#814 = LINE ( 'NONE', #7067, #392 ) ;
#815 = ADVANCED_FACE ( 'NONE', ( #2489 ), #4458, .F. ) ;
#816 = DIRECTION ( 'NONE',  ( 0.7071067811865427988, 0.7071067811865521247, 0.000000000000000000 ) ) ;
#817 = AXIS2_PLACEMENT_3D ( 'NONE', #7384, #6150, #1724 ) ;
#818 = ORIENTED_EDGE ( 'NONE', *, *, #6228, .T. ) ;
#819 = ORIENTED_EDGE ( 'NONE', *, *, #98, .T. ) ;
#820 = ORIENTED_EDGE ( 'NONE', *, *, #1808, .F. ) ;
#821 = AXIS2_PLACEMENT_3D ( 'NONE', #7772, #2665, #5246 ) ;
#822 = CARTESIAN_POINT ( 'NONE',  ( 48.07568596981691655, 137.3911308970837695, 42.49999999999998579 ) ) ;
#823 = DIRECTION ( 'NONE',  ( -1.040834085586083862E-15, 1.040834085586085243E-15, -1.000000000000000000 ) ) ;
#824 = DIRECTION ( 'NONE',  ( 1.000000000000000000, 0.000000000000000000, 4.906538933386813019E-16 ) ) ;
#825 = ORIENTED_EDGE ( 'NONE', *, *, #5318, .T. ) ;
#826 = ORIENTED_EDGE ( 'NONE', *, *, #893, .F. ) ;
#827 = CIRCLE ( 'NONE', #701, 0.7499999999999924505 ) ;
#828 = ADVANCED_FACE ( 'NONE', ( #2610 ), #7073, .F. ) ;
#829 = VECTOR ( 'NONE', #93, 1000.000000000000000 ) ;
#830 = CARTESIAN_POINT ( 'NONE',  ( 27.99919264655525453, 68.84600810496098688, 5.794411846090327778 ) ) ;
#831 = CARTESIAN_POINT ( 'NONE',  ( 31.05578062022172148, 54.68470067653635169, 20.61279906827316211 ) ) ;
#832 = CARTESIAN_POINT ( 'NONE',  ( 35.07723048592331594, 67.98438853987147468, 16.25000000000000711 ) ) ;
#833 = CARTESIAN_POINT ( 'NONE',  ( 28.31079789759778720, 68.96935695677572653, 5.367221981005702247 ) ) ;
#834 = DIRECTION ( 'NONE',  ( 2.312964634635742661E-15, -0.000000000000000000, 1.000000000000000000 ) ) ;
#835 = AXIS2_PLACEMENT_3D ( 'NONE', #3283, #7132, #2842 ) ;
#836 = AXIS2_PLACEMENT_3D ( 'NONE', #7381, #2310, #6054 ) ;
#837 = CARTESIAN_POINT ( 'NONE',  ( 19.52088129981926912, 81.77297077300919170, 18.74999999999996803 ) ) ;
#838 = VERTEX_POINT ( 'NONE', #7634 ) ;
#839 = CARTESIAN_POINT ( 'NONE',  ( 16.51567747977645695, 77.70710678118652481, 21.24999999999996447 ) ) ;
#840 = EDGE_CURVE ( 'NONE', #1789, #7434, #7359, .T. ) ;
#841 = CARTESIAN_POINT ( 'NONE',  ( 28.54873005199832647, 68.94116948018503876, 38.66354601857615592 ) ) ;
#842 = ORIENTED_EDGE ( 'NONE', *, *, #5480, .T. ) ;
#843 = ORIENTED_EDGE ( 'NONE', *, *, #3415, .T. ) ;
#844 = ORIENTED_EDGE ( 'NONE', *, *, #397, .F. ) ;
#845 = AXIS2_PLACEMENT_3D ( 'NONE', #7416, #441, #7337 ) ;
#846 = CARTESIAN_POINT ( 'NONE',  ( 25.07568596982016373, 181.9999999999981242, 41.25000000000002842 ) ) ;
#847 = CIRCLE ( 'NONE', #5322, 5.000000000000004441 ) ;
#848 = CARTESIAN_POINT ( 'NONE',  ( 31.05950677948084504, 66.99999999999772626, -1.928325879370963003 ) ) ;
#849 = CARTESIAN_POINT ( 'NONE',  ( 22.09534493367078056, 76.20355984777937408, 29.38052565393980942 ) ) ;
#850 = CARTESIAN_POINT ( 'NONE',  ( 34.19334700944013861, 67.10050506338828313, 16.25000000000000711 ) ) ;
#851 = AXIS2_PLACEMENT_3D ( 'NONE', #4217, #429, #8095 ) ;
#852 = CARTESIAN_POINT ( 'NONE',  ( 14.82314286649963897, 70.91436002022481944, -2.044047051283615968 ) ) ;
#853 = VECTOR ( 'NONE', #6096, 1000.000000000000114 ) ;
#854 = ORIENTED_EDGE ( 'NONE', *, *, #3913, .F. ) ;
#855 = CARTESIAN_POINT ( 'NONE',  ( 27.68022465249493891, 69.00976829619492037, 29.32767573366877301 ) ) ;
#856 = ORIENTED_EDGE ( 'NONE', *, *, #3381, .F. ) ;
#857 = CARTESIAN_POINT ( 'NONE',  ( 26.41517241638810987, 59.32233047033628992, 12.00000000000000888 ) ) ;
#858 = CARTESIAN_POINT ( 'NONE',  ( 20.44231812464027698, 65.29518476208411926, -1.354757200696559361 ) ) ;
#859 = EDGE_CURVE ( 'NONE', #7079, #5728, #4911, .T. ) ;
#860 = VECTOR ( 'NONE', #6566, 1000.000000000000000 ) ;
#861 = SPHERICAL_SURFACE ( 'NONE', #2522, 0.7500000000000000000 ) ;
#862 = EDGE_CURVE ( 'NONE', #3571, #6413, #5776, .T. ) ;
#863 = FACE_OUTER_BOUND ( 'NONE', #510, .T. ) ;
#865 = ORIENTED_EDGE ( 'NONE', *, *, #7302, .T. ) ;
#864 = AXIS2_PLACEMENT_3D ( 'NONE', #2830, #2297, #4104 ) ;
#866 = ORIENTED_EDGE ( 'NONE', *, *, #4692, .F. ) ;
#867 = FACE_OUTER_BOUND ( 'NONE', #1000, .T. ) ;
#868 = VECTOR ( 'NONE', #1388, 1000.000000000000000 ) ;
#869 = ADVANCED_FACE ( 'NONE', ( #123 ), #6985, .T. ) ;
#870 = CARTESIAN_POINT ( 'NONE',  ( 31.01315194033021072, 54.72412153477332453, 13.45397480326266582 ) ) ;
#871 = LINE ( 'NONE', #128, #6429 ) ;
#872 = CARTESIAN_POINT ( 'NONE',  ( 32.68573606305050561, 66.99999999999761258, 35.39573724613008920 ) ) ;
#873 = EDGE_LOOP ( 'NONE', ( #212, #8039, #5145, #7523, #5337, #3400 ) ) ;
#874 = ORIENTED_EDGE ( 'NONE', *, *, #5191, .F. ) ;
#875 = CARTESIAN_POINT ( 'NONE',  ( 28.96541860734337348, 68.91865134714532815, 6.051235937752394101 ) ) ;
#876 = CARTESIAN_POINT ( 'NONE',  ( 31.43598769655718073, 71.99999999999771205, 38.95643923738960979 ) ) ;
#877 = DIRECTION ( 'NONE',  ( 7.304206259436551189E-14, 1.000000000000000000, 0.000000000000000000 ) ) ;
#878 = CARTESIAN_POINT ( 'NONE',  ( 29.23167198002390776, 69.20989934336098770, 5.624397864593949414 ) ) ;
#879 = LINE ( 'NONE', #4634, #7587 ) ;
#880 = EDGE_CURVE ( 'NONE', #6387, #5990, #2017, .T. ) ;
#881 = CIRCLE ( 'NONE', #3008, 0.7500000000000006661 ) ;
#882 = DIRECTION ( 'NONE',  ( 0.000000000000000000, -0.000000000000000000, -1.000000000000000000 ) ) ;
#883 = VERTEX_POINT ( 'NONE', #6247 ) ;
#884 = SPHERICAL_SURFACE ( 'NONE', #2441, 0.7500000000000000000 ) ;
#885 = CARTESIAN_POINT ( 'NONE',  ( 21.86933510674123227, 63.86816777998316752, 0.01885410231556725047 ) ) ;
#886 = VERTEX_POINT ( 'NONE', #5624 ) ;
#887 = ORIENTED_EDGE ( 'NONE', *, *, #8052, .T. ) ;
#888 = ORIENTED_EDGE ( 'NONE', *, *, #1815, .T. ) ;
#889 = CARTESIAN_POINT ( 'NONE',  ( 22.18476902131943262, 76.30513051086394682, 5.624398317528540581 ) ) ;
#890 = CARTESIAN_POINT ( 'NONE',  ( 24.81417535471652869, 66.99999999999818101, -5.685057803533818621 ) ) ;
#891 = CARTESIAN_POINT ( 'NONE',  ( 22.12447787805534105, 76.36542165412804195, 28.91884777160717235 ) ) ;
#892 = EDGE_CURVE ( 'NONE', #5127, #5399, #1613, .T. ) ;
#893 = EDGE_CURVE ( 'NONE', #234, #722, #1544, .T. ) ;
#894 = DIRECTION ( 'NONE',  ( 1.000000000000000000, -7.304689455032544060E-14, 0.000000000000000000 ) ) ;
#895 = EDGE_LOOP ( 'NONE', ( #7939, #3971, #5, #2381 ) ) ;
#896 = CARTESIAN_POINT ( 'NONE',  ( 35.54423658886576476, 66.99999999999741362, 3.279416666315818407 ) ) ;
#897 = CARTESIAN_POINT ( 'NONE',  ( 27.85096998046477879, 68.90899443183627682, 29.26021883800022749 ) ) ;
#898 = ORIENTED_EDGE ( 'NONE', *, *, #921, .F. ) ;
#899 = LINE ( 'NONE', #4124, #4741 ) ;
#900 = LINE ( 'NONE', #115, #3496 ) ;
#901 = DIRECTION ( 'NONE',  ( 0.7071067811865497932, 0.7071067811865452413, 0.000000000000000000 ) ) ;
#902 = DIRECTION ( 'NONE',  ( -0.000000000000000000, -0.000000000000000000, -1.000000000000000000 ) ) ;
#903 = CARTESIAN_POINT ( 'NONE',  ( 28.60938499423374282, 57.12811789249064276, 27.74645273341864637 ) ) ;
#904 = ORIENTED_EDGE ( 'NONE', *, *, #859, .T. ) ;
#905 = ORIENTED_EDGE ( 'NONE', *, *, #3381, .T. ) ;
#906 = DIRECTION ( 'NONE',  ( -1.000000000000000000, 7.283380233150218592E-14, 0.000000000000000000 ) ) ;
#907 = DIRECTION ( 'NONE',  ( -0.7071067811865497932, -0.7071067811865452413, 0.000000000000000000 ) ) ;
#908 = CARTESIAN_POINT ( 'NONE',  ( 27.82438847771398827, 66.99999999999798206, 39.22217514659420345 ) ) ;
#909 = ORIENTED_EDGE ( 'NONE', *, *, #8074, .T. ) ;
#910 = VECTOR ( 'NONE', #6148, 1000.000000000000114 ) ;
#911 = CARTESIAN_POINT ( 'NONE',  ( 16.57568596981403175, 97.99999999999981526, -7.500000000000012434 ) ) ;
#912 = EDGE_CURVE ( 'NONE', #3676, #6544, #43, .T. ) ;
#913 = ORIENTED_EDGE ( 'NONE', *, *, #2885, .T. ) ;
#914 = CARTESIAN_POINT ( 'NONE',  ( 69.07568596982032716, 184.4999999999949409, -17.50000000000000711 ) ) ;
#915 = DIRECTION ( 'NONE',  ( 1.000000000000000000, 0.000000000000000000, 0.000000000000000000 ) ) ;
#916 = CARTESIAN_POINT ( 'NONE',  ( 27.88845968016842392, 69.18945603592680982, 5.157863429758891449 ) ) ;
#917 = DIRECTION ( 'NONE',  ( -1.000000000000000000, 7.216449660063516251E-14, 0.000000000000000000 ) ) ;
#918 = LINE ( 'NONE', #2259, #445 ) ;
#919 = ORIENTED_EDGE ( 'NONE', *, *, #1113, .T. ) ;
#920 = CARTESIAN_POINT ( 'NONE',  ( 19.34410460452265923, 73.46446609406724804, 29.00000000000001066 ) ) ;
#921 = EDGE_CURVE ( 'NONE', #3882, #838, #2220, .T. ) ;
#922 = CARTESIAN_POINT ( 'NONE',  ( 24.73309554674369792, 66.87815354866077655, -4.164250939789243766 ) ) ;
#923 = CIRCLE ( 'NONE', #5266, 1.250000000000028866 ) ;
#924 = ORIENTED_EDGE ( 'NONE', *, *, #5109, .T. ) ;
#925 = ORIENTED_EDGE ( 'NONE', *, *, #7326, .F. ) ;
#926 = ORIENTED_EDGE ( 'NONE', *, *, #3807, .T. ) ;
#927 = CARTESIAN_POINT ( 'NONE',  ( 19.07568596982052966, 186.9999999999986073, -15.00000000000001066 ) ) ;
#928 = CARTESIAN_POINT ( 'NONE',  ( 34.60695906512393094, 66.99999999999748468, 1.880896870803961285 ) ) ;
#929 = FACE_OUTER_BOUND ( 'NONE', #6103, .T. ) ;
#930 = CIRCLE ( 'NONE', #6998, 0.7499999999999924505 ) ;
#931 = CARTESIAN_POINT ( 'NONE',  ( 9.030010948882845057, 76.81199078421767013, 3.831594651077063762 ) ) ;
#932 = ORIENTED_EDGE ( 'NONE', *, *, #7352, .T. ) ;
#933 = CARTESIAN_POINT ( 'NONE',  ( 38.09329189971948182, 66.99999999999725731, 8.347698967144342674 ) ) ;
#934 = EDGE_CURVE ( 'NONE', #7457, #3537, #409, .T. ) ;
#935 = CARTESIAN_POINT ( 'NONE',  ( 28.92566081083593943, 68.90203747496710207, 28.95588216314873264 ) ) ;
#936 = ORIENTED_EDGE ( 'NONE', *, *, #6335, .T. ) ;
#937 = LINE ( 'NONE', #3626, #615 ) ;
#938 = CARTESIAN_POINT ( 'NONE',  ( 25.07568596981212039, 71.99999999999818101, 52.50000000000006395 ) ) ;
#939 = CARTESIAN_POINT ( 'NONE',  ( 19.07568596981395359, 97.00000000000115108, 28.20710678118482306 ) ) ;
#940 = EDGE_CURVE ( 'NONE', #6701, #6092, #2888, .T. ) ;
#941 = ORIENTED_EDGE ( 'NONE', *, *, #5798, .F. ) ;
#942 = VERTEX_POINT ( 'NONE', #3498 ) ;
#943 = ORIENTED_EDGE ( 'NONE', *, *, #6010, .F. ) ;
#944 = DIRECTION ( 'NONE',  ( -0.7071067811865486830, -0.7071067811865463515, -0.000000000000000000 ) ) ;
#945 = AXIS2_PLACEMENT_3D ( 'NONE', #7444, #4879, #3646 ) ;
#946 = B_SPLINE_CURVE_WITH_KNOTS ( 'NONE', 3,
 ( #5814, #6872, #597, #4919 ),
 .UNSPECIFIED., .F., .F.,
 ( 4, 4 ),
 ( 0.000000000000000000, 0.002253967486497002789 ),
 .UNSPECIFIED. ) ;
#947 = CARTESIAN_POINT ( 'NONE',  ( -111.3083621342329081, 179.5000000000081002, 41.25000000000000000 ) ) ;
#948 = CARTESIAN_POINT ( 'NONE',  ( 27.84162327081178390, 69.23406269899849974, 29.86931687685304126 ) ) ;
#949 = ADVANCED_FACE ( 'NONE', ( #5380 ), #7832, .T. ) ;
#950 = CARTESIAN_POINT ( 'NONE',  ( 43.07568596981175801, 66.99999999999684519, 42.49999999999998579 ) ) ;
#951 = ORIENTED_EDGE ( 'NONE', *, *, #2613, .F. ) ;
#952 = CARTESIAN_POINT ( 'NONE',  ( 28.07579857779864696, 68.82335180989622359, 5.820995792609282127 ) ) ;
#953 = VECTOR ( 'NONE', #7164, 1000.000000000000000 ) ;
#954 = CARTESIAN_POINT ( 'NONE',  ( 26.41517241638810631, 59.32233047033628992, 11.25000000000000888 ) ) ;
#955 = EDGE_CURVE ( 'NONE', #4273, #2646, #3464, .T. ) ;
#956 = DIRECTION ( 'NONE',  ( -0.7071067811865486830, -0.7071067811865464625, -0.000000000000000000 ) ) ;
#957 = CYLINDRICAL_SURFACE ( 'NONE', #7243, 0.7499999999999972244 ) ;
#958 = CARTESIAN_POINT ( 'NONE',  ( 25.07568596981176157, 66.99999999999816680, -20.00000000000001066 ) ) ;
#959 = ORIENTED_EDGE ( 'NONE', *, *, #4798, .F. ) ;
#960 = CIRCLE ( 'NONE', #1769, 5.000000000000004441 ) ;
#961 = CARTESIAN_POINT ( 'NONE',  ( 26.94550250227801413, 58.79200038444636789, 13.75000000000000888 ) ) ;
#962 = CARTESIAN_POINT ( 'NONE',  ( 9.330997470308959763, 77.00000000000000000, 3.723480056188120724 ) ) ;
#963 = EDGE_LOOP ( 'NONE', ( #5968, #2063, #5991, #4042, #1947, #2363, #2084 ) ) ;
#964 = ORIENTED_EDGE ( 'NONE', *, *, #15, .T. ) ;
#965 = ORIENTED_EDGE ( 'NONE', *, *, #6901, .T. ) ;
#966 = CARTESIAN_POINT ( 'NONE',  ( 25.07568596982034137, 184.4999999999981526, 37.50000000000001421 ) ) ;
#967 = CARTESIAN_POINT ( 'NONE',  ( 26.84909844048577554, 59.07289061450113365, 5.088465967335896067 ) ) ;
#968 = CARTESIAN_POINT ( 'NONE',  ( 25.07568596981265330, 79.19604745935724566, 37.95643923738961689 ) ) ;
#969 = FACE_OUTER_BOUND ( 'NONE', #2955, .T. ) ;
#970 = VECTOR ( 'NONE', #4034, 1000.000000000000000 ) ;
#971 = CIRCLE ( 'NONE', #710, 1.000000000000000888 ) ;
#972 = ORIENTED_EDGE ( 'NONE', *, *, #5573, .F. ) ;
#973 = DIRECTION ( 'NONE',  ( -0.7071067811865474617, -0.7071067811865474617, 0.000000000000000000 ) ) ;
#974 = CARTESIAN_POINT ( 'NONE',  ( 28.00321394086465432, 69.10291754024284216, 29.77987378617706327 ) ) ;
#975 = ORIENTED_EDGE ( 'NONE', *, *, #5260, .F. ) ;
#976 = DIRECTION ( 'NONE',  ( -7.401486830834370205E-14, -1.000000000000000000, 0.000000000000000000 ) ) ;
#977 = CARTESIAN_POINT ( 'NONE',  ( 24.50825003059715357, 66.94500509455681936, -4.771762408149553103 ) ) ;
#978 = AXIS2_PLACEMENT_3D ( 'NONE', #403, #3491, #6014 ) ;
#979 = DIRECTION ( 'NONE',  ( 1.000000000000000000, -7.304689455032546585E-14, -4.625929269271485914E-16 ) ) ;
#980 = DIRECTION ( 'NONE',  ( -0.000000000000000000, 0.000000000000000000, -1.000000000000000000 ) ) ;
#981 = EDGE_CURVE ( 'NONE', #8031, #2726, #1014, .T. ) ;
#982 = CIRCLE ( 'NONE', #6398, 0.7500000000000006661 ) ;
#983 = CARTESIAN_POINT ( 'NONE',  ( 30.65781310350739375, 63.56497115745555959, 13.75000000000000888 ) ) ;
#984 = VERTEX_POINT ( 'NONE', #3926 ) ;
#985 = VERTEX_POINT ( 'NONE', #4082 ) ;
#986 = VERTEX_POINT ( 'NONE', #6693 ) ;
#987 = CARTESIAN_POINT ( 'NONE',  ( 17.92989104214954921, 79.12132034355961707, 21.24999999999996447 ) ) ;
#988 = AXIS2_PLACEMENT_3D ( 'NONE', #4451, #6975, #5731 ) ;
#989 = SPHERICAL_SURFACE ( 'NONE', #3735, 0.7500000000000000000 ) ;
#990 = AXIS2_PLACEMENT_3D ( 'NONE', #1264, #3904, #3779 ) ;
#991 = CARTESIAN_POINT ( 'NONE',  ( 31.56414480826937563, 66.99999999999768363, 36.46023371830559512 ) ) ;
#992 = ORIENTED_EDGE ( 'NONE', *, *, #1077, .F. ) ;
#993 = CARTESIAN_POINT ( 'NONE',  ( 100.9776622401393666, 155.0980237296837458, 28.95643923738961334 ) ) ;
#994 = ORIENTED_EDGE ( 'NONE', *, *, #2403, .T. ) ;
#995 = DIRECTION ( 'NONE',  ( 0.7071067811865464625, -0.7071067811865485719, -0.000000000000000000 ) ) ;
#996 = AXIS2_PLACEMENT_3D ( 'NONE', #6105, #332, #7875 ) ;
#997 = CARTESIAN_POINT ( 'NONE',  ( 14.07568596981249698, 76.99999999999899103, 40.93465657243259415 ) ) ;
#998 = CARTESIAN_POINT ( 'NONE',  ( 21.85970075415721325, 74.90026365814388498, 5.739781161999765402 ) ) ;
#999 = DIRECTION ( 'NONE',  ( -0.9205746178983232886, 0.000000000000000000, 0.3905667329424718504 ) ) ;
#1000 = EDGE_LOOP ( 'NONE', ( #5659, #3934, #1382, #6905 ) ) ;
#1001 = DIRECTION ( 'NONE',  ( 0.7071067811865486830, 0.7071067811865463515, -1.734723475976797036E-15 ) ) ;
#1002 = LINE ( 'NONE', #3443, #164 ) ;
#1003 = ORIENTED_EDGE ( 'NONE', *, *, #4786, .F. ) ;
#1004 = EDGE_CURVE ( 'NONE', #7717, #3170, #6608, .T. ) ;
#1005 = EDGE_LOOP ( 'NONE', ( #744, #2754, #5827, #6370 ) ) ;
#1006 = ORIENTED_EDGE ( 'NONE', *, *, #4293, .F. ) ;
#1007 = CARTESIAN_POINT ( 'NONE',  ( 19.07568596981395714, 96.99999999999964473, 42.49999999999999289 ) ) ;
#1008 = FACE_OUTER_BOUND ( 'NONE', #2728, .T. ) ;
#1009 = DIRECTION ( 'NONE',  ( -0.9746149636697849505, 0.000000000000000000, -0.2238876338499823648 ) ) ;
#1010 = AXIS2_PLACEMENT_3D ( 'NONE', #2653, #1329, #3306 ) ;
#1011 = LINE ( 'NONE', #7571, #6664 ) ;
#1012 = ADVANCED_FACE ( 'NONE', ( #4814 ), #2969, .F. ) ;
#1013 = ORIENTED_EDGE ( 'NONE', *, *, #3869, .T. ) ;
#1014 = LINE ( 'NONE', #1404, #3458 ) ;
#1015 = CARTESIAN_POINT ( 'NONE',  ( 22.05384777461919654, 75.05224959576499089, 29.78001904646563958 ) ) ;
#1016 = VERTEX_POINT ( 'NONE', #6057 ) ;
#1017 = CARTESIAN_POINT ( 'NONE',  ( 30.90112671820333290, 54.83637616852104912, 12.57908358513787661 ) ) ;
#1018 = CARTESIAN_POINT ( 'NONE',  ( 12.27303679265714997, 73.46446609406726225, 17.99999999999996803 ) ) ;
#1019 = EDGE_CURVE ( 'NONE', #5541, #671, #7937, .T. ) ;
#1020 = CARTESIAN_POINT ( 'NONE',  ( 21.89187580250594678, 75.32926262761276348, 38.85358881636526007 ) ) ;
#1021 = DIRECTION ( 'NONE',  ( 0.000000000000000000, 0.000000000000000000, -1.000000000000000000 ) ) ;
#1022 = FACE_OUTER_BOUND ( 'NONE', #5022, .T. ) ;
#1023 = CARTESIAN_POINT ( 'NONE',  ( 24.07568596981249698, 76.99999999999823785, 49.99999999999999289 ) ) ;
#1024 = EDGE_LOOP ( 'NONE', ( #7900, #7761, #7025, #1360, #5441, #7983 ) ) ;
#1025 = EDGE_LOOP ( 'NONE', ( #6739, #2796, #7074, #7777 ) ) ;
#1026 = ORIENTED_EDGE ( 'NONE', *, *, #4356, .T. ) ;
#1027 = FACE_OUTER_BOUND ( 'NONE', #4914, .T. ) ;
#1028 = CARTESIAN_POINT ( 'NONE',  ( 22.65478839297335867, 66.99999999999833733, 18.86740189363034403 ) ) ;
#1029 = DIRECTION ( 'NONE',  ( 7.304098846218133188E-17, -0.000000000000000000, 1.000000000000000000 ) ) ;
#1030 = CIRCLE ( 'NONE', #4827, 0.7500000000000022204 ) ;
#1031 = CARTESIAN_POINT ( 'NONE',  ( 14.07568596981249343, 77.00000000000000000, -2.884615410735042573 ) ) ;
#1032 = CARTESIAN_POINT ( 'NONE',  ( 26.41517241638810987, 59.32233047033627571, 24.49999999999996447 ) ) ;
#1033 = DIRECTION ( 'NONE',  ( -1.000000000000000000, 0.000000000000000000, 0.000000000000000000 ) ) ;
#1034 = DIRECTION ( 'NONE',  ( -7.304689455032545322E-14, -1.000000000000000000, -0.000000000000000000 ) ) ;
#1035 = ORIENTED_EDGE ( 'NONE', *, *, #387, .F. ) ;
#1036 = CARTESIAN_POINT ( 'NONE',  ( 29.25583683318487971, 69.23406269899851395, -2.956439237389595576 ) ) ;
#1037 = ADVANCED_FACE ( 'NONE', ( #7871 ), #4200, .F. ) ;
#1038 = CARTESIAN_POINT ( 'NONE',  ( 69.07568596981212750, 71.99999999999496936, 52.50000000000000000 ) ) ;
#1039 = LINE ( 'NONE', #2338, #745 ) ;
#1040 = CIRCLE ( 'NONE', #5661, 0.7500000000000022204 ) ;
#1041 = PLANE ( 'NONE',  #864 ) ;
#1042 = FACE_OUTER_BOUND ( 'NONE', #1714, .T. ) ;
#1043 = ORIENTED_EDGE ( 'NONE', *, *, #2668, .F. ) ;
#1044 = CARTESIAN_POINT ( 'NONE',  ( 12.59754098060318306, 73.13996190612149917, 0.3700369409955886479 ) ) ;
#1045 = CARTESIAN_POINT ( 'NONE',  ( 31.03788081592708181, 66.99999999999772626, 36.92294374652608013 ) ) ;
#1046 = EDGE_CURVE ( 'NONE', #5971, #8168, #8142, .T. ) ;
#1047 = VERTEX_POINT ( 'NONE', #8040 ) ;
#1048 = ORIENTED_EDGE ( 'NONE', *, *, #6666, .T. ) ;
#1049 = EDGE_LOOP ( 'NONE', ( #7726, #3870, #1368, #3179 ) ) ;
#1050 = FACE_OUTER_BOUND ( 'NONE', #2292, .T. ) ;
#1051 = CARTESIAN_POINT ( 'NONE',  ( 21.89152731541870267, 75.61674977540320697, 29.52953961951342521 ) ) ;
#1052 = CARTESIAN_POINT ( 'NONE',  ( 14.17256484430221164, 65.94164821470995719, 40.32463155965771051 ) ) ;
#1053 = DIRECTION ( 'NONE',  ( 3.700743415417188139E-16, -2.704065360677645250E-29, 1.000000000000000000 ) ) ;
#1054 = ADVANCED_FACE ( 'NONE', ( #1100 ), #6816, .F. ) ;
#1055 = EDGE_LOOP ( 'NONE', ( #4330, #4274, #295, #1070 ) ) ;
#1056 = CARTESIAN_POINT ( 'NONE',  ( 19.07568596981395714, 96.99999999999964473, 39.99999999999999289 ) ) ;
#1057 = CARTESIAN_POINT ( 'NONE',  ( 29.12576631250979986, 69.12374893963132649, 29.38360670828348020 ) ) ;
#1058 = CIRCLE ( 'NONE', #3566, 0.7500000000000022204 ) ;
#1059 = ORIENTED_EDGE ( 'NONE', *, *, #940, .T. ) ;
#1060 = CARTESIAN_POINT ( 'NONE',  ( 26.68949142196402491, 59.04801146476035711, 30.05128206527975721 ) ) ;
#1061 = DIRECTION ( 'NONE',  ( 0.7071067811865475727, -0.7071067811865475727, -2.775557561562901764E-14 ) ) ;
#1062 = CARTESIAN_POINT ( 'NONE',  ( 16.57568596981414188, 99.49999999999982947, -3.500000000000012434 ) ) ;
#1063 = EDGE_CURVE ( 'NONE', #5021, #6525, #7807, .T. ) ;
#1064 = LINE ( 'NONE', #1774, #3168 ) ;
#1065 = DIRECTION ( 'NONE',  ( 1.000000000000000000, 0.000000000000000000, 0.000000000000000000 ) ) ;
#1066 = UNCERTAINTY_MEASURE_WITH_UNIT (LENGTH_MEASURE( 1.000000000000000082E-05 ), #1306, 'distance_accuracy_value', 'NONE');
#1067 = CIRCLE ( 'NONE', #5947, 0.7500000000000034417 ) ;
#1068 = ORIENTED_EDGE ( 'NONE', *, *, #6496, .T. ) ;
#1069 = ORIENTED_EDGE ( 'NONE', *, *, #5326, .F. ) ;
#1070 = ORIENTED_EDGE ( 'NONE', *, *, #1557, .T. ) ;
#1071 = CARTESIAN_POINT ( 'NONE',  ( 69.07568596982051190, 186.9999999999949409, -2.500000000000014655 ) ) ;
#1072 = DIRECTION ( 'NONE',  ( -0.7071067811865486830, -0.7071067811865464625, 0.000000000000000000 ) ) ;
#1073 = EDGE_CURVE ( 'NONE', #3282, #7923, #7020, .T. ) ;
#1074 = PLANE ( 'NONE',  #4518 ) ;
#1075 = DIRECTION ( 'NONE',  ( -0.7071067811865464625, 0.7071067811865487940, -0.000000000000000000 ) ) ;
#1076 = DIRECTION ( 'NONE',  ( -1.000000000000000000, 0.000000000000000000, 0.000000000000000000 ) ) ;
#1077 = EDGE_CURVE ( 'NONE', #2914, #3556, #1002, .T. ) ;
#1078 = ORIENTED_EDGE ( 'NONE', *, *, #2975, .T. ) ;
#1079 = CYLINDRICAL_SURFACE ( 'NONE', #1767, 0.7500000000000034417 ) ;
#1080 = CARTESIAN_POINT ( 'NONE',  ( 31.05684210547676116, 54.68066088928834034, 14.65049702792518005 ) ) ;
#1081 = CARTESIAN_POINT ( 'NONE',  ( 21.84274638203521945, 74.93660743518250911, 5.753425806034405454 ) ) ;
#1082 = SPHERICAL_SURFACE ( 'NONE', #5614, 0.7500000000000000000 ) ;
#1083 = CARTESIAN_POINT ( 'NONE',  ( 33.44630842338740706, 64.09639633973088735, 16.13259810636968794 ) ) ;
#1084 = VERTEX_POINT ( 'NONE', #2303 ) ;
#1085 = EDGE_CURVE ( 'NONE', #3181, #7357, #7289, .T. ) ;
#1086 = LINE ( 'NONE', #6045, #192 ) ;
#1087 = CARTESIAN_POINT ( 'NONE',  ( 28.15232310118483383, 69.02308898567953577, 5.294626055941523468 ) ) ;
#1088 = VECTOR ( 'NONE', #2200, 1000.000000000000000 ) ;
#1089 = CARTESIAN_POINT ( 'NONE',  ( 26.06089289467034220, 66.99999999999805311, 30.56231455960345400 ) ) ;
#1090 = ORIENTED_EDGE ( 'NONE', *, *, #7956, .F. ) ;
#1091 = EDGE_LOOP ( 'NONE', ( #314, #2404, #5189 ) ) ;
#1092 = FACE_OUTER_BOUND ( 'NONE', #1055, .T. ) ;
#1093 = CARTESIAN_POINT ( 'NONE',  ( 22.02780736392024963, 75.09361552850246824, 29.75856902840234142 ) ) ;
#1094 = AXIS2_PLACEMENT_3D ( 'NONE', #3607, #6802, #4224 ) ;
#1095 = EDGE_CURVE ( 'NONE', #4890, #4233, #3723, .T. ) ;
#1096 = CARTESIAN_POINT ( 'NONE',  ( 24.63894220655046396, 66.91484625007601039, 39.44441444215868842 ) ) ;
#1097 = CARTESIAN_POINT ( 'NONE',  ( 12.27303679265717307, 73.46446609406726225, 13.75000000000000888 ) ) ;
#1098 = ORIENTED_EDGE ( 'NONE', *, *, #1118, .T. ) ;
#1099 = AXIS2_PLACEMENT_3D ( 'NONE', #1452, #4667, #3430 ) ;
#1100 = FACE_OUTER_BOUND ( 'NONE', #1694, .T. ) ;
#1101 = LINE ( 'NONE', #6694, #1636 ) ;
#1102 = ORIENTED_EDGE ( 'NONE', *, *, #3880, .T. ) ;
#1103 = CARTESIAN_POINT ( 'NONE',  ( 26.41517241638810987, 59.32233047033627571, 13.00000000000001066 ) ) ;
#1104 = CARTESIAN_POINT ( 'NONE',  ( 14.07568596981248454, 76.87626146275596284, -3.684088154323182707 ) ) ;
#1105 = CARTESIAN_POINT ( 'NONE',  ( 22.07568596981998255, 179.4999999999983515, 41.25000000000000711 ) ) ;
#1106 = CARTESIAN_POINT ( 'NONE',  ( 31.05683955907533544, 54.68066332764904303, 14.38694738548350394 ) ) ;
#1107 = VECTOR ( 'NONE', #5167, 1000.000000000000114 ) ;
#1108 = VECTOR ( 'NONE', #4227, 1000.000000000000000 ) ;
#1109 = CARTESIAN_POINT ( 'NONE',  ( 21.91339778531809301, 75.80493744283478463, 29.46628828872123051 ) ) ;
#1110 = B_SPLINE_CURVE_WITH_KNOTS ( 'NONE', 3,
 ( #3122, #1794, #5535, #6796, #1205, #480, #4962, #4841, #6837, #8022, #1128, #1833, #5626, #3722, #8059, #6254, #2375, #599, #3108, #1666, #6715, #3560, #2575, #9, #4543, #6908, #3146, #6950, #1406, #2493, #1993, #7676, #7519, #5110 ),
 .UNSPECIFIED., .F., .F.,
 ( 4, 2, 2, 2, 2, 2, 2, 2, 1, 2, 2, 2, 2, 2, 1, 2, 2, 4 ),
 ( 0.4909973176273463857, 0.5546226529239316472, 0.6182479882205168531, 0.6500606558688094561, 0.6818733235171020590, 0.7136859911653946620, 0.7454986588136872649, 0.7534518257257545315, 0.7614049926378216870, 0.7773113264619695428, 0.8091239941102633670, 0.8409366617585571912, 0.8727493294068511265, 0.8886556632309964288, 0.9045619970551417310, 0.9363746647034278947, 0.9681873323517140584, 1.000000000000000000 ),
 .UNSPECIFIED. ) ;
#1111 = ORIENTED_EDGE ( 'NONE', *, *, #6610, .T. ) ;
#1112 = VERTEX_POINT ( 'NONE', #5249 ) ;
#1113 = EDGE_CURVE ( 'NONE', #5137, #7779, #5926, .T. ) ;
#1114 = ORIENTED_EDGE ( 'NONE', *, *, #1876, .F. ) ;
#1115 = CARTESIAN_POINT ( 'NONE',  ( 29.25583683318486550, 69.23406269899849974, 29.37560168247147274 ) ) ;
#1116 = CIRCLE ( 'NONE', #7317, 0.7500000000000006661 ) ;
#1117 = VECTOR ( 'NONE', #7858, 1000.000000000000000 ) ;
#1118 = EDGE_CURVE ( 'NONE', #368, #5306, #3991, .T. ) ;
#1119 = FACE_OUTER_BOUND ( 'NONE', #4639, .T. ) ;
#1120 = CARTESIAN_POINT ( 'NONE',  ( 31.05578062022171792, 54.68470067653637301, 14.38720093172690717 ) ) ;
#1121 = CARTESIAN_POINT ( 'NONE',  ( 22.27363911348813375, 64.04159766109850693, 34.98154375057815457 ) ) ;
#1122 = DIRECTION ( 'NONE',  ( -0.000000000000000000, 0.000000000000000000, -1.000000000000000000 ) ) ;
#1123 = ORIENTED_EDGE ( 'NONE', *, *, #8153, .T. ) ;
#1124 = EDGE_LOOP ( 'NONE', ( #3677, #1013, #6285 ) ) ;
#1125 = DIRECTION ( 'NONE',  ( 1.000000000000000000, -7.304689455032545322E-14, -0.000000000000000000 ) ) ;
#1126 = VECTOR ( 'NONE', #6186, 1000.000000000000000 ) ;
#1127 = CARTESIAN_POINT ( 'NONE',  ( 31.05684641507615140, 54.68064450179430480, 14.56226882130365397 ) ) ;
#1128 = CARTESIAN_POINT ( 'NONE',  ( 28.22881520925298204, 68.99358870097157137, 29.66954018287536954 ) ) ;
#1129 = CARTESIAN_POINT ( 'NONE',  ( 21.82046147383542944, 75.89606883160845996, 6.029797049707972256 ) ) ;
#1130 = CARTESIAN_POINT ( 'NONE',  ( 31.05684214402754861, 54.68066074269683696, 20.43840518852268318 ) ) ;
#1131 = CARTESIAN_POINT ( 'NONE',  ( 22.02114935797330730, 76.09092488680641964, 5.603962195705636695 ) ) ;
#1132 = EDGE_LOOP ( 'NONE', ( #2125, #7615, #3169, #5405, #5820, #2570, #1820, #7146, #5785, #4462, #919, #5810, #6500, #2082, #1640, #4613, #8049, #8167, #6071, #1821, #7963, #874, #5097, #1137, #4292, #5289, #5457, #7773, #5939, #1059, #7292, #3022, #7116, #1136 ) ) ;
#1133 = DIRECTION ( 'NONE',  ( -1.000000000000000000, 7.304689455032545322E-14, 0.000000000000000000 ) ) ;
#1134 = CARTESIAN_POINT ( 'NONE',  ( 28.66818548408182821, 68.94820245162843264, 5.505692729518694151 ) ) ;
#1135 = CARTESIAN_POINT ( 'NONE',  ( 23.81421468230311689, 66.99999999999825206, 41.02552637327742246 ) ) ;
#1136 = ORIENTED_EDGE ( 'NONE', *, *, #6476, .T. ) ;
#1137 = ORIENTED_EDGE ( 'NONE', *, *, #2677, .F. ) ;
#1138 = CARTESIAN_POINT ( 'NONE',  ( 12.27303679265715886, 73.46446609406727646, 18.74999999999996803 ) ) ;
#1139 = LINE ( 'NONE', #3043, #4542 ) ;
#1140 = EDGE_CURVE ( 'NONE', #3789, #5399, #1754, .T. ) ;
#1141 = CIRCLE ( 'NONE', #2212, 0.7500000000000022204 ) ;
#1142 = CARTESIAN_POINT ( 'NONE',  ( 22.18476902131943618, 74.89091694849086878, 5.130683123147015579 ) ) ;
#1143 = DIRECTION ( 'NONE',  ( 0.7071067811865486830, 0.7071067811865464625, 0.000000000000000000 ) ) ;
#1144 = VERTEX_POINT ( 'NONE', #841 ) ;
#1145 = CARTESIAN_POINT ( 'NONE',  ( 59.07568596981195697, 69.49999999999570832, 49.99999999999998579 ) ) ;
#1146 = EDGE_CURVE ( 'NONE', #2590, #4579, #6080, .T. ) ;
#1147 = DIRECTION ( 'NONE',  ( -0.000000000000000000, 0.000000000000000000, 1.000000000000000000 ) ) ;
#1148 = CARTESIAN_POINT ( 'NONE',  ( -36.17369213578398757, 187.0000000000026432, -2.499999999999966249 ) ) ;
#1149 = EDGE_CURVE ( 'NONE', #2766, #372, #1629, .T. ) ;
#1150 = CARTESIAN_POINT ( 'NONE',  ( 16.26163448528210509, 69.47586840144232667, 37.65918914603958001 ) ) ;
#1151 = SPHERICAL_SURFACE ( 'NONE', #2135, 0.7500000000000000000 ) ;
#1152 = CARTESIAN_POINT ( 'NONE',  ( 22.87963851045537567, 62.85786437626902767, 3.000000000000007994 ) ) ;
#1153 = VERTEX_POINT ( 'NONE', #962 ) ;
#1154 = VERTEX_POINT ( 'NONE', #312 ) ;
#1155 = ADVANCED_FACE ( 'NONE', ( #1507 ), #3402, .F. ) ;
#1156 = ORIENTED_EDGE ( 'NONE', *, *, #125, .F. ) ;
#1157 = CARTESIAN_POINT ( 'NONE',  ( 28.98785363593670539, 69.04214531880042216, 29.40624267449953422 ) ) ;
#1158 = CARTESIAN_POINT ( 'NONE',  ( 101.0490945309343829, 155.0265914388886870, 5.999999999999986677 ) ) ;
#1159 = CARTESIAN_POINT ( 'NONE',  ( 31.01699990795018991, 54.70916093716041928, 21.54755254711214718 ) ) ;
#1160 = DIRECTION ( 'NONE',  ( -1.000000000000000000, 7.304689455032544060E-14, 0.000000000000000000 ) ) ;
#1161 = ORIENTED_EDGE ( 'NONE', *, *, #2164, .T. ) ;
#1162 = EDGE_CURVE ( 'NONE', #3658, #5355, #3307, .T. ) ;
#1163 = DIRECTION ( 'NONE',  ( -1.558942683553881711E-42, -2.134166952819400987E-29, -1.000000000000000000 ) ) ;
#1164 = CARTESIAN_POINT ( 'NONE',  ( 31.67757624706288766, 61.51277841873457675, 9.483624131591929185 ) ) ;
#1165 = CARTESIAN_POINT ( 'NONE',  ( 21.93360312108364951, 76.12602996114682696, 6.065932016539641758 ) ) ;
#1166 = DIRECTION ( 'NONE',  ( 0.7071067811865501263, 0.000000000000000000, 0.7071067811865450192 ) ) ;
#1167 = CARTESIAN_POINT ( 'NONE',  ( 14.39435713621679191, 75.58578643762689353, 23.74999999999996447 ) ) ;
#1168 = EDGE_CURVE ( 'NONE', #2726, #2526, #2427, .T. ) ;
#1169 = DIRECTION ( 'NONE',  ( -0.7071067811865520136, -0.7071067811865429098, 0.000000000000000000 ) ) ;
#1170 = VERTEX_POINT ( 'NONE', #1550 ) ;
#1171 = CARTESIAN_POINT ( 'NONE',  ( 18.28279275100400270, 94.76393202249992953, 27.49999999999998579 ) ) ;
#1172 = CARTESIAN_POINT ( 'NONE',  ( 28.19186984404760921, 69.00687533534549800, 5.313360916515192045 ) ) ;
#1173 = CARTESIAN_POINT ( 'NONE',  ( 14.07568596981730735, 75.86491492456354990, 33.54761290566075616 ) ) ;
#1174 = CARTESIAN_POINT ( 'NONE',  ( 22.07568596982034492, 184.4999999999983800, -17.50000000000000355 ) ) ;
#1175 = AXIS2_PLACEMENT_3D ( 'NONE', #822, #4625, #703 ) ;
#1176 = CARTESIAN_POINT ( 'NONE',  ( 14.39435713621679191, 75.58578643762689353, 23.74999999999996447 ) ) ;
#1177 = AXIS2_PLACEMENT_3D ( 'NONE', #774, #5228, #2732 ) ;
#1178 = CARTESIAN_POINT ( 'NONE',  ( 12.66820630747234055, 73.33122774627486251, 0.3046555756562788764 ) ) ;
#1179 = ADVANCED_FACE ( 'NONE', ( #7859 ), #1802, .F. ) ;
#1180 = CARTESIAN_POINT ( 'NONE',  ( 31.05684210547677537, 54.68066088928831192, 20.34950297207483061 ) ) ;
#1181 = CARTESIAN_POINT ( 'NONE',  ( 9.942089694089924379, 75.79541319263454113, 3.272020161541614236 ) ) ;
#1182 = VECTOR ( 'NONE', #7204, 1000.000000000000000 ) ;
#1183 = ORIENTED_EDGE ( 'NONE', *, *, #7477, .T. ) ;
#1184 = CARTESIAN_POINT ( 'NONE',  ( 29.15345765209900009, 69.14400443624599291, 29.38059627545738550 ) ) ;
#1185 = CARTESIAN_POINT ( 'NONE',  ( -111.3083621342326524, 183.2500000000081002, -6.250000000000007105 ) ) ;
#1186 = CARTESIAN_POINT ( 'NONE',  ( 18.07568596981765552, 97.49999999999971578, 27.49999999999998224 ) ) ;
#1187 = DIRECTION ( 'NONE',  ( -0.7071067811865405783, -0.7071067811865544561, -0.000000000000000000 ) ) ;
#1188 = AXIS2_PLACEMENT_3D ( 'NONE', #5516, #1147, #3668 ) ;
#1189 = DIRECTION ( 'NONE',  ( -6.608470384673549052E-16, 6.107662655481605080E-29, 1.000000000000000000 ) ) ;
#1190 = CARTESIAN_POINT ( 'NONE',  ( 29.18553740756308201, 69.05823193851628616, 6.076417640442681289 ) ) ;
#1191 = ADVANCED_FACE ( 'NONE', ( #1755 ), #8111, .F. ) ;
#1192 = ORIENTED_EDGE ( 'NONE', *, *, #2414, .T. ) ;
#1193 = ORIENTED_EDGE ( 'NONE', *, *, #475, .F. ) ;
#1194 = ORIENTED_EDGE ( 'NONE', *, *, #7123, .T. ) ;
#1195 = CARTESIAN_POINT ( 'NONE',  ( 22.06269259545436867, 76.30358690213876116, 28.91886334964701177 ) ) ;
#1196 = LINE ( 'NONE', #4214, #5138 ) ;
#1197 = VECTOR ( 'NONE', #6531, 1000.000000000000000 ) ;
#1198 = ADVANCED_FACE ( 'NONE', ( #5586 ), #5524, .F. ) ;
#1199 = CARTESIAN_POINT ( 'NONE',  ( 24.07568596981213105, 71.99999999999826628, 49.99999999999998579 ) ) ;
#1200 = CARTESIAN_POINT ( 'NONE',  ( 13.52927221303888317, 75.53386893990212059, 35.95489290309421193 ) ) ;
#1201 = ORIENTED_EDGE ( 'NONE', *, *, #1113, .F. ) ;
#1202 = ORIENTED_EDGE ( 'NONE', *, *, #5536, .T. ) ;
#1203 = CARTESIAN_POINT ( 'NONE',  ( 14.07568596982052789, 186.9999999999989768, -20.00000000000001066 ) ) ;
#1204 = CARTESIAN_POINT ( 'NONE',  ( 32.65490062297290308, 63.18260143436019405, 15.96553562080869249 ) ) ;
#1205 = CARTESIAN_POINT ( 'NONE',  ( 28.38792819992119121, 68.95353901177152522, 29.59986178588904693 ) ) ;
#1206 = CARTESIAN_POINT ( 'NONE',  ( 22.02044564850848474, 76.08967567949888178, 5.603749782442888794 ) ) ;
#1207 = EDGE_CURVE ( 'NONE', #3549, #5323, #5668, .T. ) ;
#1208 = CARTESIAN_POINT ( 'NONE',  ( 30.72800841762411395, 57.52633765163801627, 20.22092113093785315 ) ) ;
#1209 = CARTESIAN_POINT ( 'NONE',  ( 29.64492088249872737, 60.35796823993209159, 8.830110241406584848 ) ) ;
#1210 = ORIENTED_EDGE ( 'NONE', *, *, #1146, .T. ) ;
#1211 = CARTESIAN_POINT ( 'NONE',  ( 100.9173710968754420, 155.1583148729476420, 6.081152228392779691 ) ) ;
#1212 = B_SPLINE_CURVE_WITH_KNOTS ( 'NONE', 3,
 ( #5654, #8172, #5690, #5101, #36, #4487, #4952, #7476 ),
 .UNSPECIFIED., .F., .F.,
 ( 4, 2, 2, 4 ),
 ( 0.008651161304950756581, 0.01076876300492542182, 0.01288636470490007492, 0.01712156810484938632 ),
 .UNSPECIFIED. ) ;
#1213 = CARTESIAN_POINT ( 'NONE',  ( 14.07568596981227316, 73.97310859721076781, 39.18758314920083308 ) ) ;
#1214 = DIRECTION ( 'NONE',  ( 0.7071067811865485719, 0.7071067811865464625, 0.000000000000000000 ) ) ;
#1215 = EDGE_CURVE ( 'NONE', #722, #4250, #310, .T. ) ;
#1216 = CARTESIAN_POINT ( 'NONE',  ( 24.13616666143846246, 65.17658768176268325, -0.3977852564867503382 ) ) ;
#1217 = ADVANCED_FACE ( 'NONE', ( #789 ), #1294, .T. ) ;
#1218 = CARTESIAN_POINT ( 'NONE',  ( 14.06134564279557786, 66.24066106921627295, 39.97382951203437784 ) ) ;
#1219 = VECTOR ( 'NONE', #7775, 1000.000000000000000 ) ;
#1220 = PLANE ( 'NONE',  #4532 ) ;
#1221 = ORIENTED_EDGE ( 'NONE', *, *, #7179, .T. ) ;
#1222 = DIRECTION ( 'NONE',  ( 7.304689455032545322E-14, 1.000000000000000000, -0.000000000000000000 ) ) ;
#1223 = ADVANCED_FACE ( 'NONE', ( #1878 ), #6509, .F. ) ;
#1224 = CARTESIAN_POINT ( 'NONE',  ( 48.07568596981434439, 71.99999999999650413, -12.50000000000000711 ) ) ;
#1225 = CARTESIAN_POINT ( 'NONE',  ( 28.53649275994774470, 61.44365081389591410, 11.25000000000001066 ) ) ;
#1226 = CIRCLE ( 'NONE', #821, 1.000000000000000888 ) ;
#1227 = LINE ( 'NONE', #7502, #4824 ) ;
#1228 = SPHERICAL_SURFACE ( 'NONE', #6744, 0.7500000000000000000 ) ;
#1229 = CARTESIAN_POINT ( 'NONE',  ( 27.68041713616394617, 69.00962383600325722, 5.672405079147982754 ) ) ;
#1230 = CIRCLE ( 'NONE', #4392, 0.7500000000000006661 ) ;
#1231 = AXIS2_PLACEMENT_3D ( 'NONE', #5194, #5319, #3470 ) ;
#1232 = CIRCLE ( 'NONE', #5711, 0.7499999999999997780 ) ;
#1233 = VERTEX_POINT ( 'NONE', #5707 ) ;
#1234 = ORIENTED_EDGE ( 'NONE', *, *, #4673, .F. ) ;
#1235 = CARTESIAN_POINT ( 'NONE',  ( 19.07568596981414188, 99.49999999999964473, 39.99999999999999289 ) ) ;
#1236 = ORIENTED_EDGE ( 'NONE', *, *, #47, .T. ) ;
#1237 = CARTESIAN_POINT ( 'NONE',  ( 30.60756057181106371, 71.99999999999776890, 38.95643923738960979 ) ) ;
#1238 = EDGE_CURVE ( 'NONE', #7293, #1454, #4552, .T. ) ;
#1239 = AXIS2_PLACEMENT_3D ( 'NONE', #5761, #5719, #5676 ) ;
#1240 = FACE_BOUND ( 'NONE', #2848, .T. ) ;
#1241 = CARTESIAN_POINT ( 'NONE',  ( 31.05578062022172148, 54.68470067653635169, 20.61279906827316211 ) ) ;
#1242 = CARTESIAN_POINT ( 'NONE',  ( 23.34592303283494630, 64.62659855879431348, 35.10669495618393654 ) ) ;
#1243 = VERTEX_POINT ( 'NONE', #55 ) ;
#1244 = ORIENTED_EDGE ( 'NONE', *, *, #5136, .T. ) ;
#1245 = VECTOR ( 'NONE', #790, 1000.000000000000000 ) ;
#1246 = CARTESIAN_POINT ( 'NONE',  ( 111.5842639579375657, 144.4914220118854757, 10.00000000000000888 ) ) ;
#1247 = CIRCLE ( 'NONE', #324, 9.999999999999998224 ) ;
#1248 = CARTESIAN_POINT ( 'NONE',  ( 30.35492483531306007, 67.43920547686379052, 5.855564911567463504 ) ) ;
#1249 = B_SPLINE_CURVE_WITH_KNOTS ( 'NONE', 3,
 ( #7535, #3908, #4516, #2631, #2547, #1938, #2593, #2015, #2066, #6352, #4475, #7699, #1888, #762, #2672, #7051, #5129, #6437, #1974, #4563 ),
 .UNSPECIFIED., .F., .F.,
 ( 4, 2, 2, 2, 2, 2, 2, 2, 2, 4 ),
 ( 0.000000000000000000, 0.0009714596868132130024, 0.001942919373626426005, 0.002914379060439638899, 0.003885838747252852009, 0.004857298434066064687, 0.005343028277472671242, 0.005828758120879277797, 0.006800217807692455346, 0.007771677494505632895 ),
 .UNSPECIFIED. ) ;
#1250 = CARTESIAN_POINT ( 'NONE',  ( 21.85274379728804917, 75.97495448851503852, 6.044117836851262027 ) ) ;
#1251 = VECTOR ( 'NONE', #2290, 1000.000000000000000 ) ;
#1252 = DIRECTION ( 'NONE',  ( 0.7071067811865464625, -0.7071067811865486830, 0.000000000000000000 ) ) ;
#1253 = CARTESIAN_POINT ( 'NONE',  ( 21.89265372181143121, 75.64326342551103721, 5.479983457600344110 ) ) ;
#1254 = EDGE_LOOP ( 'NONE', ( #4150, #3634, #1090, #1193 ) ) ;
#1255 = AXIS2_PLACEMENT_3D ( 'NONE', #1850, #4979, #8080 ) ;
#1256 = CARTESIAN_POINT ( 'NONE',  ( 28.32764866602107290, 68.96588353026254481, 5.374417899883102478 ) ) ;
#1257 = CARTESIAN_POINT ( 'NONE',  ( 32.47512305036801905, 63.42578179609328970, 22.00685321253635607 ) ) ;
#1258 = DIRECTION ( 'NONE',  ( 0.000000000000000000, 0.000000000000000000, 1.000000000000000000 ) ) ;
#1259 = AXIS2_PLACEMENT_3D ( 'NONE', #3918, #6447, #3295 ) ;
#1260 = CARTESIAN_POINT ( 'NONE',  ( 15.49073519942443333, 65.99567483622865893, -5.883536151518422130 ) ) ;
#1261 = FACE_OUTER_BOUND ( 'NONE', #583, .T. ) ;
#1262 = ADVANCED_FACE ( 'NONE', ( #2581 ), #3888, .F. ) ;
#1263 = AXIS2_PLACEMENT_3D ( 'NONE', #6654, #4822, #1065 ) ;
#1264 = CARTESIAN_POINT ( 'NONE',  ( 22.65478839297277247, 58.99999999999834444, 16.13259810636968794 ) ) ;
#1265 = EDGE_LOOP ( 'NONE', ( #7598, #7841 ) ) ;
#1266 = EDGE_CURVE ( 'NONE', #5261, #7975, #1226, .T. ) ;
#1268 = CARTESIAN_POINT ( 'NONE',  ( 26.41517241638810276, 59.32233047033628281, 21.24999999999996447 ) ) ;
#1267 = VECTOR ( 'NONE', #7683, 1000.000000000000000 ) ;
#1269 = COLOUR_RGB ( '',0.7921568627450980005, 0.8196078431372548767, 0.9333333333333333481 ) ;
#1270 = VECTOR ( 'NONE', #4545, 1000.000000000000000 ) ;
#1271 = PLANE ( 'NONE',  #1450 ) ;
#1272 = CARTESIAN_POINT ( 'NONE',  ( 30.58413780082782552, 61.25747707381970741, 24.60981861841302987 ) ) ;
#1273 = DIRECTION ( 'NONE',  ( 0.000000000000000000, 1.000000000000000000, -8.673617379884029309E-17 ) ) ;
#1274 = FACE_OUTER_BOUND ( 'NONE', #4006, .T. ) ;
#1275 = EDGE_CURVE ( 'NONE', #5355, #2601, #755, .T. ) ;
#1276 = EDGE_LOOP ( 'NONE', ( #810, #904, #1590 ) ) ;
#1277 = EDGE_LOOP ( 'NONE', ( #5694, #1425, #3894, #5660 ) ) ;
#1278 = DIRECTION ( 'NONE',  ( 7.308968245448940072E-14, 1.000000000000000000, 0.000000000000000000 ) ) ;
#1279 = ORIENTED_EDGE ( 'NONE', *, *, #3922, .T. ) ;
#1280 = CARTESIAN_POINT ( 'NONE',  ( 12.27303679265717662, 73.46446609406726225, 20.49999999999996092 ) ) ;
#1281 = DIRECTION ( 'NONE',  ( 0.000000000000000000, 1.000000000000000000, -1.075528555105621030E-14 ) ) ;
#1282 = LINE ( 'NONE', #7630, #5044 ) ;
#1283 = CARTESIAN_POINT ( 'NONE',  ( 15.25150104316876565, 65.88768279072074563, 41.02171303451090267 ) ) ;
#1284 = ORIENTED_EDGE ( 'NONE', *, *, #1753, .T. ) ;
#1285 = EDGE_LOOP ( 'NONE', ( #380, #5071, #3635 ) ) ;
#1286 = CARTESIAN_POINT ( 'NONE',  ( 28.53649275994774470, 61.44365081389591410, 23.74999999999996447 ) ) ;
#1287 = ORIENTED_EDGE ( 'NONE', *, *, #4436, .F. ) ;
#1288 = CARTESIAN_POINT ( 'NONE',  ( 21.92211044328998426, 75.84262235171428301, 5.544953685199169868 ) ) ;
#1289 = CARTESIAN_POINT ( 'NONE',  ( 30.74188807013476321, 57.83066285718513910, 20.17076547454543700 ) ) ;
#1290 = DIRECTION ( 'NONE',  ( -0.7071067811865486830, -0.7071067811865464625, 0.000000000000000000 ) ) ;
#1291 = ORIENTED_EDGE ( 'NONE', *, *, #1162, .F. ) ;
#1292 = LINE ( 'NONE', #54, #215 ) ;
#1293 = EDGE_CURVE ( 'NONE', #7442, #5774, #5713, .T. ) ;
#1294 = PLANE ( 'NONE',  #3200 ) ;
#1295 = CARTESIAN_POINT ( 'NONE',  ( 20.05121138570918404, 81.24264068711926257, 16.25000000000000711 ) ) ;
#1296 = CARTESIAN_POINT ( 'NONE',  ( 25.00991868595033552, 66.26355398151517306, -1.901810875176011661 ) ) ;
#1297 = CARTESIAN_POINT ( 'NONE',  ( 24.07568596981176512, 66.99999999999823785, 42.19908505057173898 ) ) ;
#1298 = CARTESIAN_POINT ( 'NONE',  ( 21.99472622353028939, 76.11508771307488530, 38.22520033945430384 ) ) ;
#1299 = CARTESIAN_POINT ( 'NONE',  ( 69.07568596982015663, 181.9999999999948557, 2.499999999999986233 ) ) ;
#1300 = EDGE_CURVE ( 'NONE', #7357, #8096, #6470, .T. ) ;
#1301 = ORIENTED_EDGE ( 'NONE', *, *, #6064, .T. ) ;
#1302 = CYLINDRICAL_SURFACE ( 'NONE', #2045, 0.7499999999999972244 ) ;
#1303 = FACE_OUTER_BOUND ( 'NONE', #7107, .T. ) ;
#1304 = DIRECTION ( 'NONE',  ( -1.000000000000000000, 0.000000000000000000, 0.000000000000000000 ) ) ;
#1305 = APPLICATION_CONTEXT ( 'automotive_design' ) ;
#1306 =( LENGTH_UNIT ( ) NAMED_UNIT ( * ) SI_UNIT ( .MILLI., .METRE. ) );
#1307 = CARTESIAN_POINT ( 'NONE',  ( 27.35744302457736765, 62.37263915057642549, 29.76402367112754632 ) ) ;
#1308 = VECTOR ( 'NONE', #2624, 1000.000000000000114 ) ;
#1309 = EDGE_CURVE ( 'NONE', #7975, #7414, #2101, .T. ) ;
#1310 = CARTESIAN_POINT ( 'NONE',  ( 28.35702657978447050, 68.78559768203795954, 5.909746373607410952 ) ) ;
#1311 = EDGE_LOOP ( 'NONE', ( #7666, #1958, #4225, #2775 ) ) ;
#1312 = VERTEX_POINT ( 'NONE', #7611 ) ;
#1313 = LINE ( 'NONE', #7624, #2039 ) ;
#1314 = ORIENTED_EDGE ( 'NONE', *, *, #6162, .F. ) ;
#1315 = CARTESIAN_POINT ( 'NONE',  ( 19.52088129981926912, 81.77297077300919170, 18.74999999999996803 ) ) ;
#1316 = EDGE_CURVE ( 'NONE', #3537, #1897, #4597, .T. ) ;
#1317 = CARTESIAN_POINT ( 'NONE',  ( 14.07568596981171893, 66.49599194091621257, -4.820938466923345267 ) ) ;
#1318 = CARTESIAN_POINT ( 'NONE',  ( 13.63882398595413825, 76.99999999999998579, 35.99897278813366341 ) ) ;
#1319 = DIRECTION ( 'NONE',  ( 0.7071067811865475727, -0.7071067811865475727, 1.387778780781450882E-14 ) ) ;
#1320 = VECTOR ( 'NONE', #2357, 999.9999999999998863 ) ;
#1321 = ORIENTED_EDGE ( 'NONE', *, *, #5432, .F. ) ;
#1322 = EDGE_LOOP ( 'NONE', ( #6037, #1026, #5630, #7675, #7170, #3343, #898, #2271, #5030, #3142, #3675, #1756, #7737, #7506 ) ) ;
#1323 = CARTESIAN_POINT ( 'NONE',  ( 69.07568596982032716, 184.4999999999949409, 45.00000000000000000 ) ) ;
#1324 = ORIENTED_EDGE ( 'NONE', *, *, #6852, .F. ) ;
#1325 = CARTESIAN_POINT ( 'NONE',  ( 26.41517241638811342, 59.32233047033627571, 10.00000000000000888 ) ) ;
#1326 = ADVANCED_FACE ( 'NONE', ( #4635 ), #7124, .F. ) ;
#1327 = VECTOR ( 'NONE', #813, 1000.000000000000000 ) ;
#1328 = CYLINDRICAL_SURFACE ( 'NONE', #1175, 5.000000000000004441 ) ;
#1329 = DIRECTION ( 'NONE',  ( 0.7071067811865486830, 0.7071067811865464625, -0.000000000000000000 ) ) ;
#1330 = DIRECTION ( 'NONE',  ( 7.304689455032545322E-14, 1.000000000000000000, -0.000000000000000000 ) ) ;
#1331 = ORIENTED_EDGE ( 'NONE', *, *, #2555, .F. ) ;
#1332 = FACE_OUTER_BOUND ( 'NONE', #1277, .T. ) ;
#1333 = CARTESIAN_POINT ( 'NONE',  ( 39.06482992475974925, 66.99999999999715783, 23.17595103892270103 ) ) ;
#1334 = DIRECTION ( 'NONE',  ( 0.7071067811865485719, 0.7071067811865464625, 0.000000000000000000 ) ) ;
#1335 = CARTESIAN_POINT ( 'NONE',  ( 12.98536369745548669, 74.17029185646551070, -0.04379094211892151783 ) ) ;
#1336 = EDGE_CURVE ( 'NONE', #5213, #4081, #5160, .T. ) ;
#1337 = DIRECTION ( 'NONE',  ( -0.7071067811865486830, -0.7071067811865464625, -0.000000000000000000 ) ) ;
#1338 = DIRECTION ( 'NONE',  ( 3.700743415417198986E-15, 7.401486830834397972E-15, 1.000000000000000000 ) ) ;
#1339 = FACE_OUTER_BOUND ( 'NONE', #582, .T. ) ;
#1340 = ORIENTED_EDGE ( 'NONE', *, *, #5042, .T. ) ;
#1341 = CARTESIAN_POINT ( 'NONE',  ( 21.92564382261906530, 75.33984851714092201, 29.64176608898397447 ) ) ;
#1342 = DIRECTION ( 'NONE',  ( 1.000000000000000000, -7.304689455032545322E-14, -9.130123557772667102E-17 ) ) ;
#1343 = CARTESIAN_POINT ( 'NONE',  ( 21.79866832663346443, 75.04887070563270868, 29.20580078440529803 ) ) ;
#1344 = ADVANCED_FACE ( 'NONE', ( #101 ), #5427, .F. ) ;
#1345 = FACE_OUTER_BOUND ( 'NONE', #6282, .T. ) ;
#1346 = CARTESIAN_POINT ( 'NONE',  ( 27.68510161296579142, 63.21447580189565230, 29.66982757277117955 ) ) ;
#1347 = B_SPLINE_CURVE_WITH_KNOTS ( 'NONE', 3,
 ( #1679, #2958, #6185, #4808 ),
 .UNSPECIFIED., .F., .F.,
 ( 4, 4 ),
 ( 4.371503159461553878E-16, 0.001241957706055366430 ),
 .UNSPECIFIED. ) ;
#1348 = AXIS2_PLACEMENT_3D ( 'NONE', #5398, #2783, #347 ) ;
#1349 = CARTESIAN_POINT ( 'NONE',  ( 29.31612797644896773, 69.17377155573447567, 6.081152228392860515 ) ) ;
#1350 = EDGE_LOOP ( 'NONE', ( #1715, #6319, #7356, #1568 ) ) ;
#1351 = FACE_OUTER_BOUND ( 'NONE', #622, .T. ) ;
#1352 = ORIENTED_EDGE ( 'NONE', *, *, #5109, .F. ) ;
#1353 = CARTESIAN_POINT ( 'NONE',  ( 34.19334700944013861, 67.10050506338828313, 19.49999999999996803 ) ) ;
#1354 = CARTESIAN_POINT ( 'NONE',  ( 111.5842639579375657, 144.4914220118854757, 10.00000000000000888 ) ) ;
#1355 = DIRECTION ( 'NONE',  ( 0.7071067811865464625, -0.7071067811865486830, 0.000000000000000000 ) ) ;
#1356 = CARTESIAN_POINT ( 'NONE',  ( 11.84627699468841833, 77.00000000000001421, 33.04829722091432842 ) ) ;
#1357 = CIRCLE ( 'NONE', #2946, 5.000000000000000888 ) ;
#1358 = CARTESIAN_POINT ( 'NONE',  ( 15.57568596981403175, 97.99999999999988631, -7.500000000000012434 ) ) ;
#1359 = ADVANCED_FACE ( 'NONE', ( #7692 ), #5209, .F. ) ;
#1360 = ORIENTED_EDGE ( 'NONE', *, *, #1785, .F. ) ;
#1361 = ORIENTED_EDGE ( 'NONE', *, *, #255, .T. ) ;
#1362 = DIRECTION ( 'NONE',  ( 0.7071067811865451302, 0.7071067811865497932, 0.000000000000000000 ) ) ;
#1363 = ORIENTED_EDGE ( 'NONE', *, *, #571, .T. ) ;
#1364 = AXIS2_PLACEMENT_3D ( 'NONE', #4417, #3256, #775 ) ;
#1365 = EDGE_CURVE ( 'NONE', #6270, #3084, #2740, .T. ) ;
#1366 = CARTESIAN_POINT ( 'NONE',  ( 31.05775741671923740, 54.67717101166556404, 14.38672803851244630 ) ) ;
#1367 = FACE_OUTER_BOUND ( 'NONE', #1857, .T. ) ;
#1368 = ORIENTED_EDGE ( 'NONE', *, *, #4151, .F. ) ;
#1369 = AXIS2_PLACEMENT_3D ( 'NONE', #7013, #6938, #1278 ) ;
#1370 = VECTOR ( 'NONE', #5597, 1000.000000000000000 ) ;
#1371 = ORIENTED_EDGE ( 'NONE', *, *, #4765, .T. ) ;
#1372 = CARTESIAN_POINT ( 'NONE',  ( 32.67862935805511171, 66.99999999999762679, 24.74673118650502701 ) ) ;
#1373 = DIRECTION ( 'NONE',  ( 0.000000000000000000, 0.000000000000000000, 1.000000000000000000 ) ) ;
#1374 = AXIS2_PLACEMENT_3D ( 'NONE', #4455, #6980, #1133 ) ;
#1375 = CARTESIAN_POINT ( 'NONE',  ( 34.72367709533005353, 67.63083514927819806, 16.25000000000000711 ) ) ;
#1376 = CARTESIAN_POINT ( 'NONE',  ( 32.07202666588049311, 64.97918471982865185, 13.75000000000001066 ) ) ;
#1377 = DIRECTION ( 'NONE',  ( 0.7071067811865486830, 0.7071067811865464625, 0.000000000000000000 ) ) ;
#1378 = CIRCLE ( 'NONE', #6273, 8.000000000000000000 ) ;
#1379 = DIRECTION ( 'NONE',  ( 0.7071067811865486830, 0.7071067811865464625, -0.000000000000000000 ) ) ;
#1380 = LINE ( 'NONE', #20, #5168 ) ;
#1381 = CARTESIAN_POINT ( 'NONE',  ( 24.07568596981249698, 76.99999999999823785, 49.99999999999999289 ) ) ;
#1382 = ORIENTED_EDGE ( 'NONE', *, *, #4520, .F. ) ;
#1383 = ORIENTED_EDGE ( 'NONE', *, *, #6074, .T. ) ;
#1384 = CARTESIAN_POINT ( 'NONE',  ( 28.53649275994774470, 61.44365081389591410, 11.25000000000001066 ) ) ;
#1385 = CIRCLE ( 'NONE', #5464, 5.000000000000004441 ) ;
#1386 = CARTESIAN_POINT ( 'NONE',  ( 22.07568596982025255, 183.2499999999983515, -6.250000000000003553 ) ) ;
#1387 = CARTESIAN_POINT ( 'NONE',  ( 22.18476902131939710, 76.30513051086398946, 29.37560168247149051 ) ) ;
#1388 = DIRECTION ( 'NONE',  ( 7.293907080386204174E-14, 1.000000000000000000, 0.000000000000000000 ) ) ;
#1389 = CARTESIAN_POINT ( 'NONE',  ( 31.67757624706232633, 61.51277841873108798, 25.51637586838070604 ) ) ;
#1390 = AXIS2_PLACEMENT_3D ( 'NONE', #4065, #181, #754 ) ;
#1391 = LINE ( 'NONE', #4039, #860 ) ;
#1392 = ORIENTED_EDGE ( 'NONE', *, *, #3286, .F. ) ;
#1393 = EDGE_CURVE ( 'NONE', #2646, #2216, #3602, .T. ) ;
#1394 = DIRECTION ( 'NONE',  ( 1.000000000000000000, 0.000000000000000000, 0.000000000000000000 ) ) ;
#1395 = VERTEX_POINT ( 'NONE', #7086 ) ;
#1396 = CARTESIAN_POINT ( 'NONE',  ( 30.97912527483389411, 59.53539314066011201, 9.163393485398282579 ) ) ;
#1397 = FACE_OUTER_BOUND ( 'NONE', #5068, .T. ) ;
#1398 = PLANE ( 'NONE',  #3050 ) ;
#1399 = FACE_OUTER_BOUND ( 'NONE', #1859, .T. ) ;
#1400 = DIRECTION ( 'NONE',  ( -7.320533068622125938E-14, -1.000000000000000000, 1.269910057080333921E-29 ) ) ;
#1401 = ADVANCED_FACE ( 'NONE', ( #3191 ), #5085, .F. ) ;
#1402 = EDGE_LOOP ( 'NONE', ( #4492, #83, #7766 ) ) ;
#1403 = VERTEX_POINT ( 'NONE', #837 ) ;
#1404 = CARTESIAN_POINT ( 'NONE',  ( 12.27303679265714997, 73.46446609406726225, 10.50000000000000888 ) ) ;
#1405 = ORIENTED_EDGE ( 'NONE', *, *, #7302, .F. ) ;
#1406 = CARTESIAN_POINT ( 'NONE',  ( 27.92589741175568818, 69.15867376898425789, 29.82133561847330583 ) ) ;
#1407 = ADVANCED_FACE ( 'NONE', ( #3361 ), #5886, .F. ) ;
#1408 = CARTESIAN_POINT ( 'NONE',  ( 24.07568596981213105, 71.99999999999825206, -20.00000000000001066 ) ) ;
#1409 = CARTESIAN_POINT ( 'NONE',  ( 22.16057045266635939, 76.28093053844671090, 5.624397910288915448 ) ) ;
#1410 = CARTESIAN_POINT ( 'NONE',  ( 12.27303679265717662, 73.46446609406726225, 10.00000000000000711 ) ) ;
#1411 = CARTESIAN_POINT ( 'NONE',  ( 22.00201549127698897, 75.14175604696373512, 5.265492058573284950 ) ) ;
#1412 = EDGE_LOOP ( 'NONE', ( #2794, #2246, #4119, #5481 ) ) ;
#1413 = DIRECTION ( 'NONE',  ( -0.7071067811865497932, -0.7071067811865452413, -1.635512977795602828E-15 ) ) ;
#1414 = ORIENTED_EDGE ( 'NONE', *, *, #4281, .F. ) ;
#1415 = CARTESIAN_POINT ( 'NONE',  ( 38.65677511232758690, 66.99999999999718625, 24.69692175207199725 ) ) ;
#1416 = CARTESIAN_POINT ( 'NONE',  ( 24.07568596981177578, 66.99999999999823785, -5.934656572432611021 ) ) ;
#1417 = EDGE_CURVE ( 'NONE', #6679, #7901, #1890, .T. ) ;
#1418 = CARTESIAN_POINT ( 'NONE',  ( 16.51567747977645695, 77.70710678118652481, 21.24999999999996447 ) ) ;
#1419 = CARTESIAN_POINT ( 'NONE',  ( 22.07568596982034848, 184.4999999999983800, 52.50000000000000000 ) ) ;
#1420 = CARTESIAN_POINT ( 'NONE',  ( 26.41517241638810987, 59.32233047033627571, 17.99999999999996803 ) ) ;
#1421 = CARTESIAN_POINT ( 'NONE',  ( 21.77055545894632971, 75.30513051086397525, -3.956439237389583585 ) ) ;
#1422 = CARTESIAN_POINT ( 'NONE',  ( 32.60235675177040093, 64.44885463393873692, 21.24999999999996447 ) ) ;
#1423 = DIRECTION ( 'NONE',  ( -0.7071067811865451302, -0.7071067811865497932, 0.000000000000000000 ) ) ;
#1424 = VERTEX_POINT ( 'NONE', #4149 ) ;
#1425 = ORIENTED_EDGE ( 'NONE', *, *, #1063, .F. ) ;
#1426 = DIRECTION ( 'NONE',  ( 1.000000000000000000, -7.304689455032545322E-14, -0.000000000000000000 ) ) ;
#1427 = CARTESIAN_POINT ( 'NONE',  ( 30.31125540361280457, 60.98862232528065874, 9.937269509148539015 ) ) ;
#1428 = CARTESIAN_POINT ( 'NONE',  ( 22.04775409037447886, 76.13443797901744858, 29.38922178095156568 ) ) ;
#1429 = EDGE_CURVE ( 'NONE', #4830, #2106, #5288, .T. ) ;
#1430 = DIRECTION ( 'NONE',  ( -0.000000000000000000, 0.000000000000000000, 1.000000000000000000 ) ) ;
#1431 = CARTESIAN_POINT ( 'NONE',  ( 31.05682730578442019, 54.68067558093996183, 20.92354499970011616 ) ) ;
#1432 = ORIENTED_EDGE ( 'NONE', *, *, #6017, .T. ) ;
#1433 = CARTESIAN_POINT ( 'NONE',  ( 27.83308471810508777, 68.91788776672733263, 29.26702315035898394 ) ) ;
#1434 = EDGE_LOOP ( 'NONE', ( #5374, #3741, #7281, #6514 ) ) ;
#1435 = CARTESIAN_POINT ( 'NONE',  ( 30.70737479246588464, 56.56805242219440544, 8.767453789775199624 ) ) ;
#1436 = LINE ( 'NONE', #7791, #7328 ) ;
#1437 = VECTOR ( 'NONE', #1995, 1000.000000000000000 ) ;
#1438 = CIRCLE ( 'NONE', #2769, 0.7500000000000006661 ) ;
#1439 = CARTESIAN_POINT ( 'NONE',  ( 14.07568596981439590, 66.86704378622663114, -5.549830994108946314 ) ) ;
#1440 = DIRECTION ( 'NONE',  ( 0.7071067811865405783, 0.7071067811865544561, 1.734723475976796248E-15 ) ) ;
#1441 = ADVANCED_FACE ( 'NONE', ( #5964 ), #7247, .F. ) ;
#1442 = DIRECTION ( 'NONE',  ( -0.7071067811865486830, -0.7071067811865464625, 6.684372580284992092E-16 ) ) ;
#1443 = ORIENTED_EDGE ( 'NONE', *, *, #6456, .F. ) ;
#1444 = ORIENTED_EDGE ( 'NONE', *, *, #1827, .T. ) ;
#1445 = VERTEX_POINT ( 'NONE', #4187 ) ;
#1446 = CARTESIAN_POINT ( 'NONE',  ( 25.07568596982034137, 184.4999999999949409, 37.50000000000001421 ) ) ;
#1447 = EDGE_CURVE ( 'NONE', #3711, #2094, #6678, .T. ) ;
#1448 = CARTESIAN_POINT ( 'NONE',  ( -36.17369213578417231, 184.5000000000026716, -6.249999999999956479 ) ) ;
#1449 =( NAMED_UNIT ( * ) SI_UNIT ( $, .STERADIAN. ) SOLID_ANGLE_UNIT ( ) );
#1450 = AXIS2_PLACEMENT_3D ( 'NONE', #1386, #1342, #6965 ) ;
#1451 = CARTESIAN_POINT ( 'NONE',  ( 28.54873005199834068, 68.94116948018502455, -1.401394258560934556E-14 ) ) ;
#1452 = CARTESIAN_POINT ( 'NONE',  ( 39.61289129790941388, 58.99999999999710099, 35.00000000000000000 ) ) ;
#1453 = CARTESIAN_POINT ( 'NONE',  ( 14.07568596981176334, 66.99999999999897682, 49.99999999999998579 ) ) ;
#1454 = VERTEX_POINT ( 'NONE', #4106 ) ;
#1455 = CARTESIAN_POINT ( 'NONE',  ( 19.07568596982382658, 181.9999999999986073, 28.49999999999998224 ) ) ;
#1456 = FACE_OUTER_BOUND ( 'NONE', #3828, .T. ) ;
#1457 = CARTESIAN_POINT ( 'NONE',  ( 35.60756057181323087, 68.51471862576138960, 16.25000000000000711 ) ) ;
#1458 = FACE_OUTER_BOUND ( 'NONE', #3612, .T. ) ;
#1459 = AXIS2_PLACEMENT_3D ( 'NONE', #4981, #2359, #6699 ) ;
#1460 = DIRECTION ( 'NONE',  ( 0.7071067811865475727, 0.7071067811865475727, -0.000000000000000000 ) ) ;
#1461 = ORIENTED_EDGE ( 'NONE', *, *, #7077, .F. ) ;
#1462 = CARTESIAN_POINT ( 'NONE',  ( 19.07568596981765552, 97.49999999999964473, 6.499999999999983125 ) ) ;
#1463 = CARTESIAN_POINT ( 'NONE',  ( 24.66551318675434601, 65.69069941763815734, -0.9188619270104505521 ) ) ;
#1464 = EDGE_LOOP ( 'NONE', ( #7031, #4849, #3057, #4203 ) ) ;
#1465 = ADVANCED_FACE ( 'NONE', ( #5450 ), #6005, .F. ) ;
#1466 = ORIENTED_EDGE ( 'NONE', *, *, #6909, .F. ) ;
#1467 = ORIENTED_EDGE ( 'NONE', *, *, #3206, .F. ) ;
#1468 = LINE ( 'NONE', #7822, #5442 ) ;
#1469 = CARTESIAN_POINT ( 'NONE',  ( 28.52847219297961701, 66.99999999999795364, 6.356987534237439341 ) ) ;
#1470 = CARTESIAN_POINT ( 'NONE',  ( 21.84181408701349625, 74.93750097464933901, 29.24615223148192555 ) ) ;
#1471 = CARTESIAN_POINT ( 'NONE',  ( 12.59754098060318306, 73.13996190612149917, 0.3700369409955886479 ) ) ;
#1472 = VERTEX_POINT ( 'NONE', #1625 ) ;
#1473 = CARTESIAN_POINT ( 'NONE',  ( 28.56143780491980877, 68.79673135817513696, 29.03410133462875820 ) ) ;
#1474 = ORIENTED_EDGE ( 'NONE', *, *, #5203, .T. ) ;
#1475 = CARTESIAN_POINT ( 'NONE',  ( 30.74188807013304725, 57.83066285715745636, 14.82923452544996401 ) ) ;
#1476 = DIRECTION ( 'NONE',  ( -4.956352788505163391E-17, 0.000000000000000000, -1.000000000000000000 ) ) ;
#1477 =( BOUNDED_SURFACE ( )  B_SPLINE_SURFACE ( 3, 2, ( 
 ( #6441, #3786, #2182 ),
 ( #6315, #73, #1940 ),
 ( #5134, #5807, #2020 ),
 ( #4067, #7661, #4443 ),
 ( #7055, #2676, #2552 ),
 ( #7812, #1389, #5765 ),
 ( #1346, #3166, #4679 ),
 ( #1307, #2596, #3288 ),
 ( #5054, #3825, #6356 ),
 ( #7209, #684, #3439 ),
 ( #765, #3911, #5724 ),
 ( #5963, #3202, #307 ),
 ( #5329, #7854, #5094 ),
 ( #7620, #2222, #1978 ),
 ( #4479, #7010, #3862 ),
 ( #6632, #1582, #4105 ) ),
 .UNSPECIFIED., .F., .F., .F. ) 
 B_SPLINE_SURFACE_WITH_KNOTS ( ( 4, 2, 2, 2, 2, 2, 2, 4 ),
 ( 3, 3 ),
 ( 0.000000000000000000, 0.005874812091694348384, 0.007343515114617935914, 0.008812218137541523444, 0.01174962418338869677, 0.01468703022923587183, 0.01762443627508304689, 0.02349924836677739354 ),
 ( 0.4965143790659485301, 1.000000000000000000 ),
 .UNSPECIFIED. ) 
 GEOMETRIC_REPRESENTATION_ITEM ( )  RATIONAL_B_SPLINE_SURFACE ( (
 ( 0.8403583660205193873, 0.8392376528150087278, 1.000000000000000000),
 ( 0.8421549609534695335, 0.8410468601700205049, 1.000000000000000000),
 ( 0.8439409698421060924, 0.8428454071647684120, 1.000000000000000000),
 ( 0.8460592364165222534, 0.8449785443544719499, 1.000000000000000000),
 ( 0.8464772283766941463, 0.8453994706939651493, 1.000000000000000000),
 ( 0.8472995629490251979, 0.8462275782040415972, 1.000000000000000000),
 ( 0.8477049911640874846, 0.8466358525986572570, 1.000000000000000000),
 ( 0.8488823964034376557, 0.8478215234361918817, 1.000000000000000000),
 ( 0.8496195690145255108, 0.8485638711326217720, 1.000000000000000000),
 ( 0.8509903765502244699, 0.8499443019856796067, 1.000000000000000000),
 ( 0.8516240381166948481, 0.8505824119711975495, 1.000000000000000000),
 ( 0.8527803722576396961, 0.8517468637873968351, 1.000000000000000000),
 ( 0.8533051313804109750, 0.8522753068143222865, 1.000000000000000000),
 ( 0.8546692305793475164, 0.8536489822368777958, 1.000000000000000000),
 ( 0.8553125690740248643, 0.8542968370843926351, 1.000000000000000000),
 ( 0.8557166615054963010, 0.8547037663179745115, 1.000000000000000000) ) ) 
 REPRESENTATION_ITEM ( '' )  SURFACE ( )  );
#1478 = CARTESIAN_POINT ( 'NONE',  ( 9.347462329579190765, 77.00565388825800994, 31.28311065006257863 ) ) ;
#1479 = B_SPLINE_SURFACE_WITH_KNOTS ( 'NONE', 1, 3, ( 
 ( #1349, #3863, #3750, #1190, #1980, #7538, #5559, #7471, #1854, #7011, #5683, #29, #8131, #6397, #1818, #4329, #1941, #1893, #2553, #5055, #2478, #3055, #8166, #6970, #4444, #1310, #8084, #2442, #4945, #3709, #579, #3826, #6357, #6233, #4983, #4366, #6893, #1229, #3203, #3130, #4407, #6934 ),
 ( #2055, #878, #4633, #5159, #6549, #4064, #6590, #6468, #3898, #2790, #5206, #100, #2006, #4556, #7207, #3358, #6505, #5793, #5284, #4508, #7038, #7162, #7731, #5882, #227, #2663, #1542, #2708, #1500, #833, #7771, #2625, #5122, #7810, #6427, #3275, #4024, #3398, #753, #916, #2179, #3316 ) ),
 .UNSPECIFIED., .F., .F., .F.,
 ( 2, 2 ),
 ( 4, 2, 2, 2, 2, 2, 2, 2, 2, 2, 2, 2, 2, 2, 2, 2, 2, 2, 2, 2, 4 ),
 ( 0.000000000000000000, 1.000000000000000000 ),
 ( 0.000000000000000000, 0.0001301496673223842852, 0.0002602993346447685704, 0.0003253741683059607130, 0.0003904490019671528556, 0.0004555238356283449982, 0.0005205986692895371408, 0.0006507483366119214260, 0.0007158231702731135144, 0.0007808980039343057112, 0.0008459728375954979080, 0.0009110476712566899964, 0.001041197338579074282, 0.001171347005901458675, 0.001301496673223842852, 0.001431646340546227029, 0.001561796007868611422, 0.001691945675190995816, 0.001822095342513379993, 0.001952245009835764170, 0.002082394677158148563 ),
 .UNSPECIFIED. ) ;
#1480 = CARTESIAN_POINT ( 'NONE',  ( 30.90124625506737743, 54.83625663165698683, 22.42012660568953564 ) ) ;
#1481 = VECTOR ( 'NONE', #7023, 1000.000000000000000 ) ;
#1482 = VERTEX_POINT ( 'NONE', #5331 ) ;
#1483 = ORIENTED_EDGE ( 'NONE', *, *, #2999, .T. ) ;
#1484 = ORIENTED_EDGE ( 'NONE', *, *, #566, .F. ) ;
#1485 = EDGE_CURVE ( 'NONE', #5506, #4369, #3564, .T. ) ;
#1486 = CIRCLE ( 'NONE', #6377, 10.00000000000000000 ) ;
#1487 = FACE_OUTER_BOUND ( 'NONE', #6374, .T. ) ;
#1488 = CARTESIAN_POINT ( 'NONE',  ( 24.07568596981177578, 66.99999999999823785, -5.934656572432611021 ) ) ;
#1489 = LINE ( 'NONE', #947, #2174 ) ;
#1490 = ORIENTED_EDGE ( 'NONE', *, *, #6916, .T. ) ;
#1491 = CARTESIAN_POINT ( 'NONE',  ( 21.46542494808230117, 82.65685424949234061, 16.25000000000000711 ) ) ;
#1492 = ORIENTED_EDGE ( 'NONE', *, *, #398, .F. ) ;
#1493 = VECTOR ( 'NONE', #1338, 1000.000000000000000 ) ;
#1494 = CIRCLE ( 'NONE', #5574, 12.49999999999999822 ) ;
#1495 = CYLINDRICAL_SURFACE ( 'NONE', #5175, 0.7500000000000034417 ) ;
#1496 = EDGE_CURVE ( 'NONE', #7378, #4341, #1357, .T. ) ;
#1497 = ADVANCED_FACE ( 'NONE', ( #7934 ), #7856, .F. ) ;
#1498 = LINE ( 'NONE', #7036, #5182 ) ;
#1499 = DIRECTION ( 'NONE',  ( 0.7071067811865464625, -0.7071067811865485719, -0.000000000000000000 ) ) ;
#1500 = CARTESIAN_POINT ( 'NONE',  ( 28.37384177269106189, 68.95605091397644060, 5.394222525534324575 ) ) ;
#1501 = CARTESIAN_POINT ( 'NONE',  ( 12.98014357384371564, 74.17157287525380127, 23.74999999999996447 ) ) ;
#1502 = VECTOR ( 'NONE', #1426, 1000.000000000000000 ) ;
#1503 = CIRCLE ( 'NONE', #7445, 0.7500000000000022204 ) ;
#1504 = CARTESIAN_POINT ( 'NONE',  ( 15.88000298938489330, 69.85749989733953669, 6.000000000000007994 ) ) ;
#1505 = EDGE_LOOP ( 'NONE', ( #4705, #825, #759, #114, #1284, #7081, #8156, #4111 ) ) ;
#1506 = CARTESIAN_POINT ( 'NONE',  ( 19.07568596981397135, 97.20710678118737746, 6.500000000003647749 ) ) ;
#1507 = FACE_OUTER_BOUND ( 'NONE', #1049, .T. ) ;
#1508 = VERTEX_POINT ( 'NONE', #1504 ) ;
#1509 = ORIENTED_EDGE ( 'NONE', *, *, #5655, .T. ) ;
#1510 = ORIENTED_EDGE ( 'NONE', *, *, #1744, .F. ) ;
#1511 = DIRECTION ( 'NONE',  ( -1.000000000000000000, 7.216449660063516251E-14, 0.000000000000000000 ) ) ;
#1512 = AXIS2_PLACEMENT_3D ( 'NONE', #2929, #5426, #4208 ) ;
#1513 = CARTESIAN_POINT ( 'NONE',  ( 22.31386527596434632, 66.99999999999110400, 2.398044838915717403 ) ) ;
#1514 = CARTESIAN_POINT ( 'NONE',  ( 21.81182855436654577, 75.01128691006724125, 29.21918364599057227 ) ) ;
#1515 = CARTESIAN_POINT ( 'NONE',  ( 19.07568596981395359, 97.00000000000115108, 8.207106781184828392 ) ) ;
#1516 = DIRECTION ( 'NONE',  ( 1.000000000000000000, -7.285838599102583486E-14, -2.022226441606595404E-28 ) ) ;
#1517 = ADVANCED_FACE ( 'NONE', ( #6593 ), #4681, .T. ) ;
#1518 = AXIS2_PLACEMENT_3D ( 'NONE', #1984, #5616, #2520 ) ;
#1519 = EDGE_LOOP ( 'NONE', ( #5952, #4133, #6206 ) ) ;
#1520 = CARTESIAN_POINT ( 'NONE',  ( 27.79787670644300235, 68.93649543564980320, 29.28059289146430544 ) ) ;
#1521 = ORIENTED_EDGE ( 'NONE', *, *, #329, .T. ) ;
#1522 = CARTESIAN_POINT ( 'NONE',  ( 31.15680443369908303, 60.18259810627119322, 15.26777846295828311 ) ) ;
#1523 = CARTESIAN_POINT ( 'NONE',  ( 18.00478191404250339, 67.73272097268193193, -2.591419195469481185 ) ) ;
#1524 = CARTESIAN_POINT ( 'NONE',  ( 9.020785941559454457, 76.61826881553888313, 31.19259426097414334 ) ) ;
#1525 = ADVANCED_FACE ( 'NONE', ( #4716 ), #4068, .F. ) ;
#1526 = CARTESIAN_POINT ( 'NONE',  ( 34.90848807885373617, 71.99999999999744205, 28.04778567281515578 ) ) ;
#1527 = CARTESIAN_POINT ( 'NONE',  ( 27.20668396030858105, 58.53081892641583295, 29.53114492829932303 ) ) ;
#1529 = ORIENTED_EDGE ( 'NONE', *, *, #6476, .F. ) ;
#1528 = CIRCLE ( 'NONE', #2457, 0.7500000000000072164 ) ;
#1530 = ORIENTED_EDGE ( 'NONE', *, *, #6532, .F. ) ;
#1531 = AXIS2_PLACEMENT_3D ( 'NONE', #6025, #1730, #1689 ) ;
#1532 = PLANE ( 'NONE',  #6907 ) ;
#1533 = FACE_OUTER_BOUND ( 'NONE', #1584, .T. ) ;
#1534 = CYLINDRICAL_SURFACE ( 'NONE', #1099, 8.000000000000000000 ) ;
#1535 = CARTESIAN_POINT ( 'NONE',  ( 16.57568596982382658, 232.0624609862507839, -7.500000000000012434 ) ) ;
#1536 = EDGE_LOOP ( 'NONE', ( #7271, #7371, #2896, #3836 ) ) ;
#1537 =( GEOMETRIC_REPRESENTATION_CONTEXT ( 3 ) GLOBAL_UNCERTAINTY_ASSIGNED_CONTEXT ( ( #6109 ) ) GLOBAL_UNIT_ASSIGNED_CONTEXT ( ( #90, #3388, #1449 ) ) REPRESENTATION_CONTEXT ( 'NONE', 'WORKASPACE' ) );
#1538 = LINE ( 'NONE', #5918, #7974 ) ;
#1539 = DIRECTION ( 'NONE',  ( -0.7071067811865451302, -0.7071067811865497932, 0.000000000000000000 ) ) ;
#1540 = B_SPLINE_CURVE_WITH_KNOTS ( 'NONE', 3,
 ( #5790, #178, #7686, #1416 ),
 .UNSPECIFIED., .F., .F.,
 ( 4, 4 ),
 ( 0.000000000000000000, 0.001241957706054598598 ),
 .UNSPECIFIED. ) ;
#1541 = CARTESIAN_POINT ( 'NONE',  ( 18.28279275100420165, 97.49999999999970157, 7.499999999999986677 ) ) ;
#1542 = CARTESIAN_POINT ( 'NONE',  ( 28.47043152549237988, 68.94371750307105629, 5.433549686414450797 ) ) ;
#1543 = DIRECTION ( 'NONE',  ( 1.000000000000000000, -7.317379025938529564E-14, 0.000000000000000000 ) ) ;
#1544 = B_SPLINE_CURVE_WITH_KNOTS ( 'NONE', 3,
 ( #2353, #6646, #4768, #7998 ),
 .UNSPECIFIED., .F., .F.,
 ( 4, 4 ),
 ( 0.000000000000000000, 0.0001252250599077026538 ),
 .UNSPECIFIED. ) ;
#1545 = LINE ( 'NONE', #4715, #4993 ) ;
#1546 = DIRECTION ( 'NONE',  ( -0.3638034375544998422, -0.3638034375544987320, -0.8574929257125444293 ) ) ;
#1547 = ORIENTED_EDGE ( 'NONE', *, *, #3568, .T. ) ;
#1548 = EDGE_CURVE ( 'NONE', #5278, #6877, #918, .T. ) ;
#1549 = CARTESIAN_POINT ( 'NONE',  ( 18.42923936041072608, 94.76393202249991532, 7.146446609406712724 ) ) ;
#1550 = CARTESIAN_POINT ( 'NONE',  ( 27.12227919757465244, 60.02943725152283605, 12.00000000000001066 ) ) ;
#1551 = ORIENTED_EDGE ( 'NONE', *, *, #2540, .F. ) ;
#1552 = ORIENTED_EDGE ( 'NONE', *, *, #5987, .F. ) ;
#1553 = EDGE_LOOP ( 'NONE', ( #4210, #355, #7347 ) ) ;
#1554 = DIRECTION ( 'NONE',  ( 1.000000000000000000, 0.000000000000000000, -0.000000000000000000 ) ) ;
#1555 = CARTESIAN_POINT ( 'NONE',  ( 31.72873933940462265, 66.99999999999771205, 9.322984414085011551 ) ) ;
#1556 = CARTESIAN_POINT ( 'NONE',  ( 21.92252113001303471, 75.84424293948718798, 29.45457526976289131 ) ) ;
#1557 = EDGE_CURVE ( 'NONE', #7199, #2283, #1486, .T. ) ;
#1558 = LINE ( 'NONE', #3912, #7980 ) ;
#1559 = ORIENTED_EDGE ( 'NONE', *, *, #317, .T. ) ;
#1560 = CARTESIAN_POINT ( 'NONE',  ( 26.41517241638810987, 59.32233047033627571, 19.49999999999996447 ) ) ;
#1561 = CARTESIAN_POINT ( 'NONE',  ( 28.07583449166619260, 68.82537561099972834, 29.17938215544629443 ) ) ;
#1562 = ORIENTED_EDGE ( 'NONE', *, *, #6253, .T. ) ;
#1563 = CARTESIAN_POINT ( 'NONE',  ( 30.72800841762335367, 56.36843288392269358, 14.59719697549241424 ) ) ;
#1564 = CARTESIAN_POINT ( 'NONE',  ( 69.07568596981175801, 66.99999999999495515, -20.00000000000001066 ) ) ;
#1565 = EDGE_CURVE ( 'NONE', #6544, #2931, #6111, .T. ) ;
#1566 = FACE_OUTER_BOUND ( 'NONE', #5410, .T. ) ;
#1567 = CARTESIAN_POINT ( 'NONE',  ( 19.07568596981397135, 97.20710678118739168, 28.49999999999632294 ) ) ;
#1568 = ORIENTED_EDGE ( 'NONE', *, *, #7691, .F. ) ;
#1569 = VERTEX_POINT ( 'NONE', #6718 ) ;
#1570 = EDGE_CURVE ( 'NONE', #5200, #1632, #39, .T. ) ;
#1571 = VERTEX_POINT ( 'NONE', #1670 ) ;
#1572 = DIRECTION ( 'NONE',  ( 1.000000000000000000, -7.304689455032547847E-14, 0.000000000000000000 ) ) ;
#1573 =( BOUNDED_CURVE ( )  B_SPLINE_CURVE ( 3, ( #3006, #5507, #6141, #6051 ),
 .UNSPECIFIED., .F., .F. ) 
 B_SPLINE_CURVE_WITH_KNOTS ( ( 4, 4 ),
 ( 1.989767869067722073, 2.498091544796509300 ),
 .UNSPECIFIED. ) 
 CURVE ( )  GEOMETRIC_REPRESENTATION_ITEM ( )  RATIONAL_B_SPLINE_CURVE ( ( 1.000000000000000000, 0.9785829188765854392, 0.9785829188765854392, 1.000000000000000000 ) ) 
 REPRESENTATION_ITEM ( '' )  );
#1574 = DIRECTION ( 'NONE',  ( -1.000000000000000000, 7.304689455032544060E-14, -0.000000000000000000 ) ) ;
#1575 = ORIENTED_EDGE ( 'NONE', *, *, #4935, .T. ) ;
#1576 = CIRCLE ( 'NONE', #5929, 13.99999999999938716 ) ;
#1577 = CARTESIAN_POINT ( 'NONE',  ( 22.07568596981359121, 91.99999999999840838, 52.49999999999998579 ) ) ;
#1578 = EDGE_LOOP ( 'NONE', ( #497, #6912, #4622, #4984 ) ) ;
#1579 = DIRECTION ( 'NONE',  ( 0.7071067811865440200, -0.7071067811865510144, 0.000000000000000000 ) ) ;
#1580 = CARTESIAN_POINT ( 'NONE',  ( -36.17369213578433573, 182.0000000000026148, 41.25000000000002842 ) ) ;
#1581 = CARTESIAN_POINT ( 'NONE',  ( 21.86859408904825486, 74.88237839578417265, 5.732976849641007178 ) ) ;
#1582 = CARTESIAN_POINT ( 'NONE',  ( 31.00240533114713060, 54.88257760988469869, 26.40903199057840212 ) ) ;
#1583 = CARTESIAN_POINT ( 'NONE',  ( 25.07568596981265330, 79.19604745935721724, -19.99999999999998579 ) ) ;
#1584 = EDGE_LOOP ( 'NONE', ( #5188, #3985, #4697, #8090 ) ) ;
#1585 = DIRECTION ( 'NONE',  ( -0.7071067811865472397, 0.7071067811865477948, 2.668805347656628453E-15 ) ) ;
#1586 = DIRECTION ( 'NONE',  ( -0.7071067811865464625, 0.7071067811865485719, 0.000000000000000000 ) ) ;
#1587 = CIRCLE ( 'NONE', #6209, 2.500000000000002220 ) ;
#1588 = ORIENTED_EDGE ( 'NONE', *, *, #6852, .T. ) ;
#1589 = ORIENTED_EDGE ( 'NONE', *, *, #3950, .F. ) ;
#1590 = ORIENTED_EDGE ( 'NONE', *, *, #6280, .T. ) ;
#1591 = CARTESIAN_POINT ( 'NONE',  ( 11.74270670676724748, 73.99479617995716296, 11.25000000000000888 ) ) ;
#1592 = CARTESIAN_POINT ( 'NONE',  ( 29.36798165990731491, 60.12901390690421266, 8.372236947629202675 ) ) ;
#1593 = CARTESIAN_POINT ( 'NONE',  ( 28.00616267405782978, 60.91332072800599917, 11.25000000000001066 ) ) ;
#1594 = ADVANCED_FACE ( 'NONE', ( #1042 ), #434, .F. ) ;
#1595 = AXIS2_PLACEMENT_3D ( 'NONE', #5486, #4989, #4833 ) ;
#1596 = CARTESIAN_POINT ( 'NONE',  ( 31.05578062022172148, 54.68470067653635169, 20.61279906827316211 ) ) ;
#1597 = EDGE_LOOP ( 'NONE', ( #3518, #5214, #5546, #656 ) ) ;
#1598 = CARTESIAN_POINT ( 'NONE',  ( 26.41517241638810987, 59.32233047033627571, 21.99999999999996447 ) ) ;
#1599 = CARTESIAN_POINT ( 'NONE',  ( 27.84162327081178390, 69.23406269899849974, 29.86931687685302350 ) ) ;
#1600 = EDGE_CURVE ( 'NONE', #51, #5200, #4397, .T. ) ;
#1601 = ORIENTED_EDGE ( 'NONE', *, *, #3522, .T. ) ;
#1602 = CARTESIAN_POINT ( 'NONE',  ( 27.69393577466914280, 58.04356711205524277, 6.033045032295339283 ) ) ;
#1603 = CARTESIAN_POINT ( 'NONE',  ( 11.74270670676724926, 73.99479617995716296, 13.75000000000000888 ) ) ;
#1604 = CARTESIAN_POINT ( 'NONE',  ( 59.07568596981195697, 69.49999999999569411, 47.49999999999999289 ) ) ;
#1605 = CARTESIAN_POINT ( 'NONE',  ( 39.09284194604902041, 71.99999999999714362, 25.00000000000000711 ) ) ;
#1606 = DIRECTION ( 'NONE',  ( 0.7071067811865475727, -0.7071067811865475727, -2.312964634635751339E-15 ) ) ;
#1607 = CARTESIAN_POINT ( 'NONE',  ( 32.07202666588049311, 64.97918471982865185, 13.75000000000001066 ) ) ;
#1608 = ORIENTED_EDGE ( 'NONE', *, *, #7230, .T. ) ;
#1609 = ORIENTED_EDGE ( 'NONE', *, *, #2801, .T. ) ;
#1610 = ORIENTED_EDGE ( 'NONE', *, *, #4568, .T. ) ;
#1611 = CARTESIAN_POINT ( 'NONE',  ( 28.58043870865290970, 68.94116948002906042, 29.52481358531625233 ) ) ;
#1612 = CARTESIAN_POINT ( 'NONE',  ( 27.98775243798230505, 69.11333291673527413, 5.211976414735151941 ) ) ;
#1613 = CIRCLE ( 'NONE', #687, 0.7499999999999997780 ) ;
#1614 = EDGE_CURVE ( 'NONE', #167, #7260, #4650, .T. ) ;
#1615 = CARTESIAN_POINT ( 'NONE',  ( 28.70068277544735835, 66.99999999999791100, 38.68415878878926151 ) ) ;
#1616 = ORIENTED_EDGE ( 'NONE', *, *, #6604, .F. ) ;
#1617 = VECTOR ( 'NONE', #7239, 1000.000000000000000 ) ;
#1618 = ORIENTED_EDGE ( 'NONE', *, *, #2935, .T. ) ;
#1619 = FACE_OUTER_BOUND ( 'NONE', #243, .T. ) ;
#1620 = CARTESIAN_POINT ( 'NONE',  ( -27.06018074477233881, 27.06018074477244184, 5.441167618053152478E-14 ) ) ;
#1621 =( BOUNDED_SURFACE ( )  B_SPLINE_SURFACE ( 3, 2, ( 
 ( #3517, #2992, #6788 ),
 ( #1121, #5397, #3103 ),
 ( #6944, #2, #8140 ),
 ( #6904, #2524, #3718 ),
 ( #1242, #2487, #3176 ),
 ( #5622, #1866, #5693 ),
 ( #40, #1909, #6245 ),
 ( #4991, #661, #591 ),
 ( #5658, #6290, #7514 ),
 ( #2568, #1283, #3760 ),
 ( #4376, #629, #3140 ),
 ( #5028, #3797, #7550 ),
 ( #4418, #6328, #1200 ),
 ( #4933, #4855, #2390 ),
 ( #3081, #3577, #446 ),
 ( #1719, #6765, #8118 ),
 ( #495, #6224, #4395 ),
 ( #4318, #1052, #8036 ),
 ( #6813, #2428, #5596 ),
 ( #6267, #1218, #8071 ),
 ( #1096, #7463, #2469 ),
 ( #4237, #5462, #1882 ) ),
 .UNSPECIFIED., .F., .F., .T. ) 
 B_SPLINE_SURFACE_WITH_KNOTS ( ( 4, 2, 2, 2, 2, 2, 2, 2, 2, 2, 4 ),
 ( 3, 3 ),
 ( 0.004397843401952255572, 0.006235121544592986745, 0.007153760615913351897, 0.008072399687233717050, 0.009909677829874449090, 0.01174695597251517939, 0.01266559504383554455, 0.01358423411515590970, 0.01542151225779664174, 0.01725879040043737378, 0.01909606854307810408 ),
 ( 0.000000000000000000, 1.000000000000000000 ),
 .UNSPECIFIED. ) 
 GEOMETRIC_REPRESENTATION_ITEM ( )  RATIONAL_B_SPLINE_SURFACE ( (
 ( 1.000000000000000000, 0.7854641264510066057, 1.000000000000000000),
 ( 1.000000000000000000, 0.7705714762655588856, 1.000000000000000000),
 ( 1.000000000000000000, 0.7569107373121600757, 1.000000000000000000),
 ( 1.000000000000000000, 0.7384944582636359112, 1.000000000000000000),
 ( 1.000000000000000000, 0.7327000781367301041, 1.000000000000000000),
 ( 1.000000000000000000, 0.7218195752400706766, 1.000000000000000000),
 ( 1.000000000000000000, 0.7167260836890361198, 1.000000000000000000),
 ( 1.000000000000000000, 0.7026999127062207862, 1.000000000000000000),
 ( 1.000000000000000000, 0.6949527776893692499, 1.000000000000000000),
 ( 1.000000000000000000, 0.6824333836332382441, 1.000000000000000000),
 ( 1.000000000000000000, 0.6776585896157703015, 1.000000000000000000),
 ( 1.000000000000000000, 0.6725843778474486223, 1.000000000000000000),
 ( 1.000000000000000000, 0.6712467182814749744, 1.000000000000000000),
 ( 1.000000000000000000, 0.6692713244110375381, 1.000000000000000000),
 ( 1.000000000000000000, 0.6686256902387595069, 1.000000000000000000),
 ( 1.000000000000000000, 0.6676317815121376453, 1.000000000000000000),
 ( 1.000000000000000000, 0.6682221800011347579, 1.000000000000000000),
 ( 1.000000000000000000, 0.6715820170154598312, 1.000000000000000000),
 ( 1.000000000000000000, 0.6743833152194071978, 1.000000000000000000),
 ( 1.000000000000000000, 0.6817656928786115511, 1.000000000000000000),
 ( 1.000000000000000000, 0.6863402118223111970, 1.000000000000000000),
 ( 1.000000000000000000, 0.6916442705327240370, 1.000000000000000000) ) ) 
 REPRESENTATION_ITEM ( '' )  SURFACE ( )  );
#1622 = CARTESIAN_POINT ( 'NONE',  ( 19.07568596981761644, 96.99999999999964473, 28.49999999999998224 ) ) ;
#1623 = ADVANCED_FACE ( 'NONE', ( #3651 ), #4921, .F. ) ;
#1624 = AXIS2_PLACEMENT_3D ( 'NONE', #2705, #7728, #5364 ) ;
#1625 = CARTESIAN_POINT ( 'NONE',  ( 17.39956095625963783, 79.65165042944953200, 21.24999999999996447 ) ) ;
#1626 = ORIENTED_EDGE ( 'NONE', *, *, #2192, .F. ) ;
#1627 = VECTOR ( 'NONE', #1290, 999.9999999999998863 ) ;
#1628 = CARTESIAN_POINT ( 'NONE',  ( 18.42923936041072963, 94.76393202249990111, 7.853553390593261518 ) ) ;
#1629 = LINE ( 'NONE', #7167, #5303 ) ;
#1630 = VERTEX_POINT ( 'NONE', #6214 ) ;
#1631 = ORIENTED_EDGE ( 'NONE', *, *, #4098, .T. ) ;
#1632 = VERTEX_POINT ( 'NONE', #1083 ) ;
#1633 = CARTESIAN_POINT ( 'NONE',  ( 101.6847690213259341, 154.3909169484971642, -2.956439237389595576 ) ) ;
#1634 = CARTESIAN_POINT ( 'NONE',  ( 19.07568596981395714, 96.99999999999964473, -2.500000000000012434 ) ) ;
#1635 = CARTESIAN_POINT ( 'NONE',  ( 22.09936963394199694, 74.98731582184431943, 29.81459132996351968 ) ) ;
#1636 = VECTOR ( 'NONE', #5417, 1000.000000000000000 ) ;
#1637 = CARTESIAN_POINT ( 'NONE',  ( 27.63301673489444710, 69.17050370793994318, 5.447845094348392259 ) ) ;
#1638 = AXIS2_PLACEMENT_3D ( 'NONE', #3435, #7158, #3355 ) ;
#1639 = AXIS2_PLACEMENT_3D ( 'NONE', #5164, #270, #4028 ) ;
#1640 = ORIENTED_EDGE ( 'NONE', *, *, #3785, .F. ) ;
#1641 = DIRECTION ( 'NONE',  ( -0.7071067811865464625, 0.7071067811865485719, 0.000000000000000000 ) ) ;
#1642 = CARTESIAN_POINT ( 'NONE',  ( 22.16276093297927474, 74.91343531635611441, 29.85614178757574066 ) ) ;
#1643 = VERTEX_POINT ( 'NONE', #3689 ) ;
#1644 = LINE ( 'NONE', #6697, #1988 ) ;
#1645 = CARTESIAN_POINT ( 'NONE',  ( 14.05874666499390457, 66.36334479525281438, -4.881865673765175551 ) ) ;
#1646 = VECTOR ( 'NONE', #5840, 1000.000000000000000 ) ;
#1647 = CARTESIAN_POINT ( 'NONE',  ( 19.07568596982382658, 181.9999999999986073, 8.499999999999982236 ) ) ;
#1648 = DIRECTION ( 'NONE',  ( -7.304689455032545322E-14, -1.000000000000000000, -0.000000000000000000 ) ) ;
#1649 = VECTOR ( 'NONE', #3793, 1000.000000000000000 ) ;
#1650 = LINE ( 'NONE', #418, #6133 ) ;
#1651 = ADVANCED_FACE ( 'NONE', ( #558 ), #8026, .F. ) ;
#1652 = VERTEX_POINT ( 'NONE', #1836 ) ;
#1653 = VERTEX_POINT ( 'NONE', #5581 ) ;
#1654 = ORIENTED_EDGE ( 'NONE', *, *, #6675, .F. ) ;
#1655 = CYLINDRICAL_SURFACE ( 'NONE', #7705, 0.7500000000000034417 ) ;
#1656 = CIRCLE ( 'NONE', #4944, 0.7500000000000022204 ) ;
#1657 = CARTESIAN_POINT ( 'NONE',  ( 39.61289129790941388, 58.99999999999710099, 18.86740189363034403 ) ) ;
#1658 = EDGE_CURVE ( 'NONE', #4732, #6056, #4113, .T. ) ;
#1659 = VECTOR ( 'NONE', #3320, 1000.000000000000000 ) ;
#1660 = CARTESIAN_POINT ( 'NONE',  ( 31.05682730578442019, 54.68067558093994762, 14.07645500029967600 ) ) ;
#1661 = DIRECTION ( 'NONE',  ( -0.7071067811865451302, -0.7071067811865497932, 0.000000000000000000 ) ) ;
#1662 = ORIENTED_EDGE ( 'NONE', *, *, #3594, .T. ) ;
#1663 = CARTESIAN_POINT ( 'NONE',  ( 69.07568596982032716, 184.4999999999949409, -10.00000000000000711 ) ) ;
#1664 = AXIS2_PLACEMENT_3D ( 'NONE', #7703, #7137, #2069 ) ;
#1665 = DIRECTION ( 'NONE',  ( -0.000000000000000000, -0.000000000000000000, 1.000000000000000000 ) ) ;
#1666 = CARTESIAN_POINT ( 'NONE',  ( 28.10005937021734823, 69.04714716345533532, 29.73069185919677437 ) ) ;
#1667 = DIRECTION ( 'NONE',  ( -1.000000000000000000, 7.304689455032545322E-14, 0.000000000000000000 ) ) ;
#1668 = EDGE_CURVE ( 'NONE', #5788, #1803, #5706, .T. ) ;
#1669 = LINE ( 'NONE', #4186, #4819 ) ;
#1670 = CARTESIAN_POINT ( 'NONE',  ( 26.94550250227802124, 58.79200038444636078, 16.25000000000000711 ) ) ;
#1671 = ORIENTED_EDGE ( 'NONE', *, *, #7843, .F. ) ;
#1672 = CARTESIAN_POINT ( 'NONE',  ( 18.78279275101037626, 181.9999999999986358, 27.49999999999998579 ) ) ;
#1673 = CARTESIAN_POINT ( 'NONE',  ( 34.26731028169172077, 66.99999999999749889, 33.53860545190927667 ) ) ;
#1674 = ORIENTED_EDGE ( 'NONE', *, *, #7233, .F. ) ;
#1675 = ORIENTED_EDGE ( 'NONE', *, *, #3360, .F. ) ;
#1676 = ORIENTED_EDGE ( 'NONE', *, *, #1215, .T. ) ;
#1677 = FACE_OUTER_BOUND ( 'NONE', #2037, .T. ) ;
#1678 = EDGE_CURVE ( 'NONE', #2993, #4114, #7677, .T. ) ;
#1679 = CARTESIAN_POINT ( 'NONE',  ( 24.07568596981198539, 66.99999999999823785, 40.93465657243259415 ) ) ;
#1680 = DIRECTION ( 'NONE',  ( 7.304689455032545322E-14, 1.000000000000000000, 0.000000000000000000 ) ) ;
#1681 = VECTOR ( 'NONE', #956, 1000.000000000000000 ) ;
#1682 = CARTESIAN_POINT ( 'NONE',  ( 30.72800841762324353, 57.22399377406809151, 35.00000000000000000 ) ) ;
#1683 = ORIENTED_EDGE ( 'NONE', *, *, #1785, .T. ) ;
#1684 = CARTESIAN_POINT ( 'NONE',  ( 12.27303679265714997, 73.46446609406726225, 15.50000000000001066 ) ) ;
#1685 = CARTESIAN_POINT ( 'NONE',  ( 28.61578316311070225, 68.94328787595307517, 29.51229884507317180 ) ) ;
#1686 = ADVANCED_FACE ( 'NONE', ( #1367 ), #4426, .F. ) ;
#1687 = VERTEX_POINT ( 'NONE', #784 ) ;
#1688 = CARTESIAN_POINT ( 'NONE',  ( 25.06494879328886682, 60.67255409343552230, 31.66256859826713921 ) ) ;
#1689 = DIRECTION ( 'NONE',  ( 0.7071067811865499042, -0.7071067811865451302, 0.000000000000000000 ) ) ;
#1690 = DIRECTION ( 'NONE',  ( -0.7071067811865477948, 0.7071067811865472397, 0.000000000000000000 ) ) ;
#1691 = LINE ( 'NONE', #2279, #4871 ) ;
#1692 = CARTESIAN_POINT ( 'NONE',  ( 25.07568596981316134, 86.26711527122321854, 25.00000000000001066 ) ) ;
#1693 = VERTEX_POINT ( 'NONE', #707 ) ;
#1694 = EDGE_LOOP ( 'NONE', ( #7585, #3131, #440, #7240 ) ) ;
#1695 = ORIENTED_EDGE ( 'NONE', *, *, #4323, .T. ) ;
#1696 = DIRECTION ( 'NONE',  ( 0.6950992346222698570, -0.6950992346222721885, 0.1835050627505034893 ) ) ;
#1697 = EDGE_CURVE ( 'NONE', #8096, #2897, #576, .T. ) ;
#1698 = CARTESIAN_POINT ( 'NONE',  ( 14.01543189528605282, 76.70027655172471270, -2.687275031785224311 ) ) ;
#1699 = CARTESIAN_POINT ( 'NONE',  ( 13.64200803836662779, 77.00000000000001421, -1.007876177983270338 ) ) ;
#1700 = CARTESIAN_POINT ( 'NONE',  ( 12.98014357384371564, 74.17157287525380127, 11.25000000000001066 ) ) ;
#1701 = CYLINDRICAL_SURFACE ( 'NONE', #45, 0.9999999999999991118 ) ;
#1702 = ORIENTED_EDGE ( 'NONE', *, *, #5385, .T. ) ;
#1703 = LINE ( 'NONE', #1203, #8092 ) ;
#1704 = ADVANCED_FACE ( 'NONE', ( #5113 ), #7078, .T. ) ;
#1705 = EDGE_CURVE ( 'NONE', #6403, #528, #6373, .T. ) ;
#1706 = CARTESIAN_POINT ( 'NONE',  ( 19.07568596981395714, 96.99999999999964473, 42.49999999999999289 ) ) ;
#1707 = AXIS2_PLACEMENT_3D ( 'NONE', #6065, #980, #5944 ) ;
#1708 = AXIS2_PLACEMENT_3D ( 'NONE', #2662, #7730, #2005 ) ;
#1709 = CARTESIAN_POINT ( 'NONE',  ( 28.87386875615791126, 59.81980313862507614, 7.619474153882658918 ) ) ;
#1710 = ORIENTED_EDGE ( 'NONE', *, *, #6706, .T. ) ;
#1711 = DIRECTION ( 'NONE',  ( -0.000000000000000000, -0.000000000000000000, -1.000000000000000000 ) ) ;
#1712 = CARTESIAN_POINT ( 'NONE',  ( 9.331580449190678195, 77.02652302097941117, 31.27300713574875246 ) ) ;
#1713 = ORIENTED_EDGE ( 'NONE', *, *, #32, .F. ) ;
#1714 = EDGE_LOOP ( 'NONE', ( #2306, #7125, #3365, #5513, #6894, #623 ) ) ;
#1715 = ORIENTED_EDGE ( 'NONE', *, *, #5118, .F. ) ;
#1716 = LINE ( 'NONE', #1007, #4015 ) ;
#1717 = SPHERICAL_SURFACE ( 'NONE', #2257, 0.7500000000000000000 ) ;
#1718 = CARTESIAN_POINT ( 'NONE',  ( 22.04444955266784234, 75.06614499155986664, 29.77268786350003538 ) ) ;
#1719 = CARTESIAN_POINT ( 'NONE',  ( 25.04578401305346347, 66.42777262768011326, 37.29871284706486279 ) ) ;
#1720 = CARTESIAN_POINT ( 'NONE',  ( -111.3083621342407667, 72.00000000000814282, 52.50000000000006395 ) ) ;
#1721 = AXIS2_PLACEMENT_3D ( 'NONE', #954, #3478, #6001 ) ;
#1722 = EDGE_CURVE ( 'NONE', #4686, #1144, #3308, .T. ) ;
#1723 = EDGE_LOOP ( 'NONE', ( #1609, #6868, #8088, #3984, #3028, #5855, #6845, #4450, #3150, #5483, #2190, #5928, #1043, #6722, #2620, #1662 ) ) ;
#1724 = DIRECTION ( 'NONE',  ( 1.000000000000000000, -7.304689455032545322E-14, 0.000000000000000000 ) ) ;
#1725 = EDGE_CURVE ( 'NONE', #211, #2656, #2698, .T. ) ;
#1726 = CARTESIAN_POINT ( 'NONE',  ( 28.88905738800362855, 69.00071476841350204, 29.42901106830372271 ) ) ;
#1727 = CIRCLE ( 'NONE', #2786, 0.7500000000000006661 ) ;
#1728 = ORIENTED_EDGE ( 'NONE', *, *, #2782, .T. ) ;
#1729 = DIRECTION ( 'NONE',  ( 7.216449660063511202E-14, 1.000000000000000000, 0.000000000000000000 ) ) ;
#1730 = DIRECTION ( 'NONE',  ( -0.7071067811865475727, -0.7071067811865475727, -0.000000000000000000 ) ) ;
#1731 = CARTESIAN_POINT ( 'NONE',  ( 12.59754098059482530, 73.13996190610117765, 34.62996305899628169 ) ) ;
#1732 = FACE_OUTER_BOUND ( 'NONE', #7672, .T. ) ;
#1733 = CARTESIAN_POINT ( 'NONE',  ( 25.07568596981265685, 79.31662974588539328, 28.91884777160715814 ) ) ;
#1734 = ORIENTED_EDGE ( 'NONE', *, *, #7915, .T. ) ;
#1735 = ORIENTED_EDGE ( 'NONE', *, *, #5133, .F. ) ;
#1736 = EDGE_CURVE ( 'NONE', #2930, #3800, #5578, .T. ) ;
#1737 = ORIENTED_EDGE ( 'NONE', *, *, #5560, .T. ) ;
#1738 = DIRECTION ( 'NONE',  ( -1.000000000000000000, 7.216449660063516251E-14, 0.000000000000000000 ) ) ;
#1739 = CARTESIAN_POINT ( 'NONE',  ( 12.76529944470803812, 73.59424330533525449, 0.2152723692752423479 ) ) ;
#1740 = DIRECTION ( 'NONE',  ( 0.7071067811865451302, 0.7071067811865497932, 0.000000000000000000 ) ) ;
#1741 = DIRECTION ( 'NONE',  ( 7.304689455032545322E-14, 1.000000000000000000, 0.000000000000000000 ) ) ;
#1742 = ORIENTED_EDGE ( 'NONE', *, *, #1140, .F. ) ;
#1743 = ORIENTED_EDGE ( 'NONE', *, *, #3083, .F. ) ;
#1744 = EDGE_CURVE ( 'NONE', #7260, #167, #4003, .T. ) ;
#1745 = DIRECTION ( 'NONE',  ( -0.7071067811865500152, 5.165195448115396572E-14, -0.7071067811865451302 ) ) ;
#1746 = FACE_OUTER_BOUND ( 'NONE', #4641, .T. ) ;
#1747 = DIRECTION ( 'NONE',  ( 0.000000000000000000, -0.000000000000000000, -1.000000000000000000 ) ) ;
#1748 = CARTESIAN_POINT ( 'NONE',  ( 31.47427578723901220, 61.02646056938181118, 19.54926347542647846 ) ) ;
#1749 = CARTESIAN_POINT ( 'NONE',  ( 30.58196294978537821, 61.25487603726082142, 10.38659428384750782 ) ) ;
#1750 = VERTEX_POINT ( 'NONE', #4179 ) ;
#1751 = CARTESIAN_POINT ( 'NONE',  ( 16.51567747977645340, 77.70710678118652481, 20.49999999999996447 ) ) ;
#1752 = CARTESIAN_POINT ( 'NONE',  ( 28.33369116536894694, 68.96452417892882636, 5.377026766139866965 ) ) ;
#1753 = EDGE_CURVE ( 'NONE', #5950, #5813, #1489, .T. ) ;
#1754 = CIRCLE ( 'NONE', #3597, 0.7500000000000006661 ) ;
#1755 = FACE_OUTER_BOUND ( 'NONE', #435, .T. ) ;
#1756 = ORIENTED_EDGE ( 'NONE', *, *, #5338, .T. ) ;
#1757 = ORIENTED_EDGE ( 'NONE', *, *, #7971, .T. ) ;
#1758 = DIRECTION ( 'NONE',  ( -0.7071067811865520136, -0.7071067811865429098, 0.000000000000000000 ) ) ;
#1759 = DIRECTION ( 'NONE',  ( -2.775557561562891844E-16, 3.475643323163022255E-29, 1.000000000000000000 ) ) ;
#1760 = VECTOR ( 'NONE', #1337, 999.9999999999998863 ) ;
#1761 = B_SPLINE_CURVE_WITH_KNOTS ( 'NONE', 3,
 ( #570, #1181, #3738, #4319, #3157, #6268, #1884, #4396 ),
 .UNSPECIFIED., .F., .F.,
 ( 4, 2, 2, 4 ),
 ( 2.666343907633296111E-17, 0.002852503068951131419, 0.004278754603426684552, 0.005705006137902236818 ),
 .UNSPECIFIED. ) ;
#1762 = DIRECTION ( 'NONE',  ( 0.7071067811865486830, 0.7071067811865464625, 0.000000000000000000 ) ) ;
#1763 = CARTESIAN_POINT ( 'NONE',  ( 22.65478839297379920, 73.01508993426392635, 18.86740189363034403 ) ) ;
#1764 = EDGE_CURVE ( 'NONE', #4937, #3056, #3472, .T. ) ;
#1765 = DIRECTION ( 'NONE',  ( 0.6556308335504785756, 0.7503823793795965091, 0.08411001613672497434 ) ) ;
#1766 = ORIENTED_EDGE ( 'NONE', *, *, #5696, .T. ) ;
#1767 = AXIS2_PLACEMENT_3D ( 'NONE', #4183, #7402, #4302 ) ;
#1768 = CARTESIAN_POINT ( 'NONE',  ( 25.05887022135464548, 66.99999999999818101, -5.586027004219442205 ) ) ;
#1769 = AXIS2_PLACEMENT_3D ( 'NONE', #1199, #6204, #3717 ) ;
#1770 = CARTESIAN_POINT ( 'NONE',  ( 22.14067124376419216, 74.93774992318178363, 29.84223398030989216 ) ) ;
#1771 = DIRECTION ( 'NONE',  ( -1.000000000000000000, 5.551115123125777653E-14, 0.000000000000000000 ) ) ;
#1772 = LINE ( 'NONE', #3822, #6405 ) ;
#1773 = CARTESIAN_POINT ( 'NONE',  ( 14.43316833279143196, 71.30433455393298914, 36.76290513512795144 ) ) ;
#1774 = CARTESIAN_POINT ( 'NONE',  ( 39.09284194604902041, 71.99999999999714362, 52.50000000000006395 ) ) ;
#1775 = AXIS2_PLACEMENT_3D ( 'NONE', #7184, #2115, #5346 ) ;
#1776 = EDGE_CURVE ( 'NONE', #1812, #6163, #6034, .T. ) ;
#1777 = AXIS2_PLACEMENT_3D ( 'NONE', #3082, #6349, #5715 ) ;
#1778 = DIRECTION ( 'NONE',  ( 1.000000000000000000, -7.216449660063511202E-14, 0.000000000000000000 ) ) ;
#1779 = ORIENTED_EDGE ( 'NONE', *, *, #7662, .T. ) ;
#1780 = VERTEX_POINT ( 'NONE', #2741 ) ;
#1781 = EDGE_LOOP ( 'NONE', ( #1003, #5047, #7273, #5274 ) ) ;
#1782 = CARTESIAN_POINT ( 'NONE',  ( 30.65781310350739375, 63.56497115745555959, 14.50000000000000888 ) ) ;
#1783 = VECTOR ( 'NONE', #56, 1000.000000000000000 ) ;
#1784 = CIRCLE ( 'NONE', #2966, 0.7500000000000022204 ) ;
#1785 = EDGE_CURVE ( 'NONE', #4081, #6607, #375, .T. ) ;
#1786 = CARTESIAN_POINT ( 'NONE',  ( 56.57568596981194275, 69.49999999999586464, 47.49999999999999289 ) ) ;
#1787 = CARTESIAN_POINT ( 'NONE',  ( 31.03778400655178871, 54.71241787187566530, 13.76708228170863002 ) ) ;
#1788 = DIRECTION ( 'NONE',  ( 0.000000000000000000, 0.000000000000000000, 1.000000000000000000 ) ) ;
#1789 = VERTEX_POINT ( 'NONE', #7926 ) ;
#1790 = DIRECTION ( 'NONE',  ( 0.7071067811865464625, -0.7071067811865485719, -0.000000000000000000 ) ) ;
#1791 = CIRCLE ( 'NONE', #2198, 0.7499999999999997780 ) ;
#1792 = CARTESIAN_POINT ( 'NONE',  ( 32.48034414036843032, 62.96355678715372051, 9.747317397088385960 ) ) ;
#1793 = CARTESIAN_POINT ( 'NONE',  ( 69.07568596982027032, 183.2499999999949125, 41.24999999999999289 ) ) ;
#1794 = CARTESIAN_POINT ( 'NONE',  ( 28.51585859703925152, 68.94116948034674408, 29.54882464567126732 ) ) ;
#1795 = EDGE_CURVE ( 'NONE', #5866, #2580, #5359, .T. ) ;
#1796 = CARTESIAN_POINT ( 'NONE',  ( 21.92630259761574507, 75.85869249980355278, 5.549583585628623084 ) ) ;
#1797 = CARTESIAN_POINT ( 'NONE',  ( 32.45113347830039174, 62.86722538839219254, 19.11402008615959858 ) ) ;
#1798 = CARTESIAN_POINT ( 'NONE',  ( 21.89839749732684737, 75.71659745614194037, 5.505522648330131830 ) ) ;
#1799 = ORIENTED_EDGE ( 'NONE', *, *, #196, .F. ) ;
#1800 = CARTESIAN_POINT ( 'NONE',  ( 100.9776622401394093, 155.0980237296836890, 5.624398317528551239 ) ) ;
#1801 = CARTESIAN_POINT ( 'NONE',  ( 28.71357569567234691, 68.95470167387222205, 5.520573837163016861 ) ) ;
#1802 = SPHERICAL_SURFACE ( 'NONE', #2294, 0.7500000000000000000 ) ;
#1803 = VERTEX_POINT ( 'NONE', #2252 ) ;
#1804 = DIRECTION ( 'NONE',  ( 0.7071067811865486830, 0.7071067811865464625, -0.000000000000000000 ) ) ;
#1805 = CARTESIAN_POINT ( 'NONE',  ( 22.12447787805535171, 76.36542165412805616, 28.91884777160716524 ) ) ;
#1806 = DIRECTION ( 'NONE',  ( 0.7071067811865451302, 0.7071067811865497932, 0.000000000000000000 ) ) ;
#1807 = CARTESIAN_POINT ( 'NONE',  ( 13.96148831411833235, 76.56897059994793153, -2.341686945943210141 ) ) ;
#1808 = EDGE_CURVE ( 'NONE', #6544, #984, #256, .T. ) ;
#1809 = CARTESIAN_POINT ( 'NONE',  ( 27.52871346693574850, 69.13872421241065069, 29.39357392005095093 ) ) ;
#1810 = DIRECTION ( 'NONE',  ( 0.000000000000000000, 0.9937765503029735159, 0.1113919569265291870 ) ) ;
#1811 = CARTESIAN_POINT ( 'NONE',  ( 18.78279275100420165, 97.49999999999965894, 7.499999999999986677 ) ) ;
#1812 = VERTEX_POINT ( 'NONE', #4747 ) ;
#1813 = CARTESIAN_POINT ( 'NONE',  ( 22.08505126060591195, 75.00717582225156832, 29.80393942034010024 ) ) ;
#1814 = CARTESIAN_POINT ( 'NONE',  ( 26.68949142196402491, 59.04801146476035711, 30.05128206527975721 ) ) ;
#1815 = EDGE_CURVE ( 'NONE', #5105, #5981, #7437, .T. ) ;
#1816 = LINE ( 'NONE', #5518, #5811 ) ;
#1817 = DIRECTION ( 'NONE',  ( 0.7071067811865464625, -0.7071067811865485719, -0.000000000000000000 ) ) ;
#1818 = CARTESIAN_POINT ( 'NONE',  ( 28.80787047191556027, 68.85517905722996090, 6.022344991166480810 ) ) ;
#1819 = EDGE_LOOP ( 'NONE', ( #5153, #6199, #819 ) ) ;
#1820 = ORIENTED_EDGE ( 'NONE', *, *, #7931, .T. ) ;
#1821 = ORIENTED_EDGE ( 'NONE', *, *, #4192, .F. ) ;
#1822 = CARTESIAN_POINT ( 'NONE',  ( 21.73605803627096833, 75.36560189417986066, 29.10189592548702819 ) ) ;
#1823 = ADVANCED_FACE ( 'NONE', ( #1533 ), #4626, .T. ) ;
#1824 = CARTESIAN_POINT ( 'NONE',  ( 13.63956710993867816, 75.80102064307031640, -1.209666500812539125 ) ) ;
#1825 = SPHERICAL_SURFACE ( 'NONE', #5313, 0.7500000000000000000 ) ;
#1826 = LINE ( 'NONE', #7321, #4265 ) ;
#1827 = EDGE_CURVE ( 'NONE', #6178, #6971, #5277, .T. ) ;
#1828 = ORIENTED_EDGE ( 'NONE', *, *, #2314, .F. ) ;
#1829 = ORIENTED_EDGE ( 'NONE', *, *, #8077, .F. ) ;
#1830 = LINE ( 'NONE', #6126, #569 ) ;
#1832 = EDGE_CURVE ( 'NONE', #5224, #7004, #3429, .T. ) ;
#1831 = CARTESIAN_POINT ( 'NONE',  ( 56.57568596981194275, 69.49999999999587885, 49.99999999999998579 ) ) ;
#1833 = CARTESIAN_POINT ( 'NONE',  ( 28.19873213754112840, 69.00428298779701208, 29.68343607178517729 ) ) ;
#1834 = CARTESIAN_POINT ( 'NONE',  ( 21.89282865151370316, 75.55142675045989620, 5.445796629935736988 ) ) ;
#1835 = DIRECTION ( 'NONE',  ( 0.000000000000000000, 0.000000000000000000, 1.000000000000000000 ) ) ;
#1836 = CARTESIAN_POINT ( 'NONE',  ( 13.86402705032688232, 76.11611652351680846, 11.25000000000001066 ) ) ;
#1837 = EDGE_LOOP ( 'NONE', ( #7375, #3547, #6862 ) ) ;
#1838 = CARTESIAN_POINT ( 'NONE',  ( 28.90482100362407891, 69.00656108950362011, 5.574907524903786715 ) ) ;
#1839 = CARTESIAN_POINT ( 'NONE',  ( 14.07568596981251297, 77.32406610655506540, 33.36572945046405181 ) ) ;
#1840 = CARTESIAN_POINT ( 'NONE',  ( 22.07568596982034848, 184.4999999999983800, 52.50000000000000000 ) ) ;
#1841 = CARTESIAN_POINT ( 'NONE',  ( 34.19334700944013861, 67.10050506338828313, 17.00000000000000711 ) ) ;
#1842 = DIRECTION ( 'NONE',  ( -7.304689455032545322E-14, -1.000000000000000000, -0.000000000000000000 ) ) ;
#1843 = CARTESIAN_POINT ( 'NONE',  ( 107.9772977612098117, 148.0983882086132724, 5.999999999999986677 ) ) ;
#1844 = B_SPLINE_CURVE_WITH_KNOTS ( 'NONE', 3,
 ( #6822, #6157, #8164, #2360, #6775, #2401, #2512, #459, #5608, #5645, #4404, #3708, #506, #5018, #8004, #7537 ),
 .UNSPECIFIED., .F., .F.,
 ( 4, 2, 2, 2, 2, 2, 2, 4 ),
 ( 0.005243982292225573931, 0.006752912143427866609, 0.007507377069028995167, 0.008261841994630123726, 0.009016306920231252284, 0.009770771845832380842, 0.01052523677143351113, 0.01127970169703463969 ),
 .UNSPECIFIED. ) ;
#1845 = CARTESIAN_POINT ( 'NONE',  ( 21.86933510674387193, 63.86816777998484440, 34.98114589768537996 ) ) ;
#1846 = EDGE_LOOP ( 'NONE', ( #4132, #4958, #146, #6584 ) ) ;
#1847 = EDGE_CURVE ( 'NONE', #4526, #3211, #2820, .T. ) ;
#1848 = CARTESIAN_POINT ( 'NONE',  ( 12.27303679265716063, 73.46446609406726225, 11.25000000000000888 ) ) ;
#1849 = CARTESIAN_POINT ( 'NONE',  ( 21.86933510674387193, 63.86816777998484440, 34.98114589768537996 ) ) ;
#1850 = CARTESIAN_POINT ( 'NONE',  ( 12.27303679265714997, 73.46446609406726225, 16.25000000000001066 ) ) ;
#1851 = LINE ( 'NONE', #4364, #4041 ) ;
#1852 = CIRCLE ( 'NONE', #4094, 0.7500000000000022204 ) ;
#1853 = DIRECTION ( 'NONE',  ( 1.448184717984491292E-29, 1.448184717984486528E-29, 1.000000000000000000 ) ) ;
#1854 = CARTESIAN_POINT ( 'NONE',  ( 29.02290051994003761, 68.95177059856497692, 6.058853619346673547 ) ) ;
#1855 = ADVANCED_FACE ( 'NONE', ( #3598 ), #6062, .T. ) ;
#1856 = EDGE_LOOP ( 'NONE', ( #3530, #2093, #449 ) ) ;
#1857 = EDGE_LOOP ( 'NONE', ( #3932, #6634, #1291, #2224 ) ) ;
#1858 = ADVANCED_FACE ( 'NONE', ( #6122 ), #1825, .F. ) ;
#1859 = EDGE_LOOP ( 'NONE', ( #5430, #5891, #2693, #7336 ) ) ;
#1860 = DIRECTION ( 'NONE',  ( -0.7071067811865497932, -0.7071067811865453523, -0.000000000000000000 ) ) ;
#1861 = B_SPLINE_CURVE_WITH_KNOTS ( 'NONE', 3,
 ( #3581, #6058, #1642, #1770, #2273, #3539, #6102, #1813, #6190, #536, #2924, #1015, #2970, #410, #2315, #573, #7910, #5468, #7999, #2354, #4474, #5090, #7534, #5049, #7005, #760, #1341, #6351, #6964, #3124, #3241, #681, #3160, #1887 ),
 .UNSPECIFIED., .F., .F.,
 ( 4, 2, 2, 2, 2, 2, 2, 2, 2, 2, 2, 2, 2, 2, 2, 2, 4 ),
 ( 0.000000000000000000, 0.03179930935114309160, 0.06359861870228618319, 0.09539792805342926785, 0.1112975827290086789, 0.1271972374045881038, 0.1589965467557468981, 0.1907958561069057479, 0.2225951654580645422, 0.2384948201336303808, 0.2543944748091962471, 0.2861937841603426902, 0.3179930935114890778, 0.3497924028626355208, 0.3815917122137819084, 0.4451903309160714639, 0.5087889496183610749 ),
 .UNSPECIFIED. ) ;
#1862 = FACE_BOUND ( 'NONE', #6422, .T. ) ;
#1863 = VECTOR ( 'NONE', #4452, 1000.000000000000000 ) ;
#1864 = B_SPLINE_CURVE_WITH_KNOTS ( 'NONE', 3,
 ( #2684, #5181, #7710, #858, #4654, #7187, #2078, #6489, #4574, #3336, #1523, #6573, #5934, #2761, #3248, #2196, #730, #2112, #852, #6522, #5766, #7744, #110, #1471 ),
 .UNSPECIFIED., .F., .F.,
 ( 4, 2, 2, 2, 2, 2, 2, 2, 2, 2, 2, 4 ),
 ( 1.174379401576610773E-15, 0.001825766355624408328, 0.003651532711247642247, 0.004564415889059250317, 0.005477299066870856652, 0.006390182244682464721, 0.007303065422494071056, 0.009128831778117315818, 0.01004171495592894557, 0.01095459813374057879, 0.01278036448936384004, 0.01460613084498710475 ),
 .UNSPECIFIED. ) ;
#1865 = CARTESIAN_POINT ( 'NONE',  ( 56.57568596981212039, 71.99999999999589306, 52.50000000000000000 ) ) ;
#1866 = CARTESIAN_POINT ( 'NONE',  ( 15.69497989380832514, 66.13745535008311549, 40.39235372471315344 ) ) ;
#1867 = ORIENTED_EDGE ( 'NONE', *, *, #2250, .F. ) ;
#1868 = DIRECTION ( 'NONE',  ( 0.7071067811865427988, -0.7071067811865521247, 0.000000000000000000 ) ) ;
#1869 = CARTESIAN_POINT ( 'NONE',  ( 30.89080024043405714, 59.12253831891072764, 9.102677929826866077 ) ) ;
#1870 = EDGE_CURVE ( 'NONE', #7803, #4193, #1494, .T. ) ;
#1871 = CARTESIAN_POINT ( 'NONE',  ( 22.09329374955100533, 76.33423578620445937, 6.081151836816265366 ) ) ;
#1872 = CARTESIAN_POINT ( 'NONE',  ( 18.42923936041092858, 97.49999999999968736, 27.85355339059325885 ) ) ;
#1873 = CARTESIAN_POINT ( 'NONE',  ( 22.18476902131938289, 76.30513051086400367, 28.95643923738961334 ) ) ;
#1874 = CARTESIAN_POINT ( 'NONE',  ( 21.89412331590581928, 75.52359722883652182, 5.435063886959113688 ) ) ;
#1875 = ORIENTED_EDGE ( 'NONE', *, *, #7754, .T. ) ;
#1876 = EDGE_CURVE ( 'NONE', #3112, #3800, #6882, .T. ) ;
#1877 = CARTESIAN_POINT ( 'NONE',  ( 28.31260932713503564, 68.96941505306273257, 5.367889425409885007 ) ) ;
#1878 = FACE_OUTER_BOUND ( 'NONE', #6620, .T. ) ;
#1879 = CARTESIAN_POINT ( 'NONE',  ( 8.933387167597285128, 77.00000000000000000, 31.09192847051029673 ) ) ;
#1880 = ADVANCED_FACE ( 'NONE', ( #4257 ), #2991, .T. ) ;
#1881 = CARTESIAN_POINT ( 'NONE',  ( 13.62039738886759643, 75.75446907018812226, -1.166870719176111182 ) ) ;
#1882 = CARTESIAN_POINT ( 'NONE',  ( 14.07568596981248632, 76.87626146275599126, 38.68408815432376713 ) ) ;
#1883 = AXIS2_PLACEMENT_3D ( 'NONE', #6021, #1641, #4858 ) ;
#1884 = CARTESIAN_POINT ( 'NONE',  ( 12.37626557813007899, 73.36123730859435454, 0.7286558061449421864 ) ) ;
#1885 = CARTESIAN_POINT ( 'NONE',  ( 15.57568596982016729, 181.9999999999988631, -2.500000000000012434 ) ) ;
#1886 = ORIENTED_EDGE ( 'NONE', *, *, #7484, .T. ) ;
#1887 = CARTESIAN_POINT ( 'NONE',  ( 21.89187578244185772, 75.59802355442475630, 29.53660300999505139 ) ) ;
#1888 = CARTESIAN_POINT ( 'NONE',  ( 24.07845962946053220, 65.13683752180516251, 35.37773605951510092 ) ) ;
#1889 = CARTESIAN_POINT ( 'NONE',  ( 31.77392254400506033, 62.65908622030764974, 22.85704442342429843 ) ) ;
#1890 = CIRCLE ( 'NONE', #5841, 0.7500000000000034417 ) ;
#1891 = CARTESIAN_POINT ( 'NONE',  ( 22.12447787805538724, 76.36542165412801353, 6.081152228392824988 ) ) ;
#1892 = FACE_OUTER_BOUND ( 'NONE', #7227, .T. ) ;
#1893 = CARTESIAN_POINT ( 'NONE',  ( 28.68632969061076921, 68.82049860389126650, 5.996058886826025613 ) ) ;
#1894 = CIRCLE ( 'NONE', #7823, 3.750000000000003553 ) ;
#1895 = CIRCLE ( 'NONE', #2031, 4.999999999999997335 ) ;
#1896 = ORIENTED_EDGE ( 'NONE', *, *, #82, .T. ) ;
#1897 = VERTEX_POINT ( 'NONE', #3680 ) ;
#1898 = DIRECTION ( 'NONE',  ( -0.7071067811865486830, -0.7071067811865464625, 1.734723475976796248E-15 ) ) ;
#1899 = ORIENTED_EDGE ( 'NONE', *, *, #6820, .F. ) ;
#1900 = CARTESIAN_POINT ( 'NONE',  ( 69.07568596981175801, 66.99999999999495515, -20.00000000000001066 ) ) ;
#1901 = CIRCLE ( 'NONE', #1369, 3.750000000000003553 ) ;
#1902 = AXIS2_PLACEMENT_3D ( 'NONE', #6691, #7868, #4766 ) ;
#1903 = CARTESIAN_POINT ( 'NONE',  ( 14.07568596981249343, 76.99999999999897682, 40.93465657243259415 ) ) ;
#1904 = EDGE_CURVE ( 'NONE', #6494, #5213, #960, .T. ) ;
#1905 = CARTESIAN_POINT ( 'NONE',  ( 28.03275040701034726, 69.08453097221158146, 5.235403555238140605 ) ) ;
#1906 = PRODUCT_DEFINITION ( 'UNKNOWN', '', #4703, #8163 ) ;
#1907 = EDGE_CURVE ( 'NONE', #3789, #5127, #4923, .T. ) ;
#1908 = CARTESIAN_POINT ( 'NONE',  ( 48.07568596981175801, 66.99999999999647571, 42.49999999999998579 ) ) ;
#1909 = CARTESIAN_POINT ( 'NONE',  ( 15.67623750748754752, 66.11889858896648775, 40.49456103829815845 ) ) ;
#1910 = VERTEX_POINT ( 'NONE', #2330 ) ;
#1911 = VERTEX_POINT ( 'NONE', #6169 ) ;
#1912 = CARTESIAN_POINT ( 'NONE',  ( 27.12227919757465244, 60.02943725152283605, 23.74999999999996447 ) ) ;
#1913 = AXIS2_PLACEMENT_3D ( 'NONE', #983, #5388, #6777 ) ;
#1914 = FACE_OUTER_BOUND ( 'NONE', #7842, .T. ) ;
#1915 = FACE_OUTER_BOUND ( 'NONE', #2105, .T. ) ;
#1916 = FACE_BOUND ( 'NONE', #2185, .T. ) ;
#1917 = EDGE_CURVE ( 'NONE', #3658, #4580, #3102, .T. ) ;
#1918 = CARTESIAN_POINT ( 'NONE',  ( 21.89630967903435277, 75.50255991242501352, 5.426642011566506163 ) ) ;
#1919 = VECTOR ( 'NONE', #3192, 1000.000000000000000 ) ;
#1920 = CARTESIAN_POINT ( 'NONE',  ( 31.15680443370437303, 60.18259810628781992, 19.73222153703824233 ) ) ;
#1921 = CARTESIAN_POINT ( 'NONE',  ( 22.08681894324518069, 75.00445538642473764, 5.194639391399457296 ) ) ;
#1922 = VERTEX_POINT ( 'NONE', #5488 ) ;
#1923 = AXIS2_PLACEMENT_3D ( 'NONE', #658, #6323, #3059 ) ;
#1924 = CARTESIAN_POINT ( 'NONE',  ( 30.49737691087462110, 61.18832687391656577, 24.75409261118251791 ) ) ;
#1925 = ADVANCED_BREP_SHAPE_REPRESENTATION ( 'Mount', ( #6030, #6300 ), #1537 ) ;
#1926 = CARTESIAN_POINT ( 'NONE',  ( 27.12227919757465244, 60.02943725152283605, 10.50000000000000888 ) ) ;
#1927 = ADVANCED_FACE ( 'NONE', ( #3641 ), #8139, .F. ) ;
#1928 = CIRCLE ( 'NONE', #836, 10.79152003041473584 ) ;
#1929 = CARTESIAN_POINT ( 'NONE',  ( 13.66313161550126765, 75.85716567521841114, -1.275877415204237142 ) ) ;
#1930 = DIRECTION ( 'NONE',  ( 1.000000000000000000, 0.000000000000000000, 4.906538933386813019E-16 ) ) ;
#1931 = CARTESIAN_POINT ( 'NONE',  ( 15.57568596981395892, 96.99999999999988631, -5.000000000000013323 ) ) ;
#1932 = VECTOR ( 'NONE', #1377, 1000.000000000000000 ) ;
#1933 = ADVANCED_FACE ( 'NONE', ( #4375 ), #6903, .T. ) ;
#1934 = EDGE_LOOP ( 'NONE', ( #4838, #1111, #3729, #6660 ) ) ;
#1936 = DIRECTION ( 'NONE',  ( 7.216449660063350905E-14, 1.000000000000000000, 0.000000000000000000 ) ) ;
#1935 = VECTOR ( 'NONE', #4502, 1000.000000000000000 ) ;
#1937 = VECTOR ( 'NONE', #4942, 1000.000000000000000 ) ;
#1938 = CARTESIAN_POINT ( 'NONE',  ( 25.03952547310428045, 66.53363472472123874, 37.61022611283286210 ) ) ;
#1939 = CARTESIAN_POINT ( 'NONE',  ( 25.07568596982052256, 186.9999999999981810, 37.50000000000004263 ) ) ;
#1940 = CARTESIAN_POINT ( 'NONE',  ( 32.65490062294530560, 63.18260143432860332, 19.03446437901948585 ) ) ;
#1941 = CARTESIAN_POINT ( 'NONE',  ( 28.72711635445744349, 68.83089648802253180, 6.005216086766510308 ) ) ;
#1942 = EDGE_CURVE ( 'NONE', #3282, #124, #3315, .T. ) ;
#1943 = EDGE_LOOP ( 'NONE', ( #1194, #2352, #651, #8055 ) ) ;
#1944 = VERTEX_POINT ( 'NONE', #1865 ) ;
#1945 = DIRECTION ( 'NONE',  ( -0.7071067811865489050, 5.165195448115388999E-14, 0.7071067811865462405 ) ) ;
#1946 = B_SPLINE_CURVE_WITH_KNOTS ( 'NONE', 3,
 ( #831, #3896, #138, #5834 ),
 .UNSPECIFIED., .F., .F.,
 ( 4, 4 ),
 ( 0.000000000000000000, 0.0009226717332745025492 ),
 .UNSPECIFIED. ) ;
#1947 = ORIENTED_EDGE ( 'NONE', *, *, #4541, .T. ) ;
#1948 = PLANE ( 'NONE',  #988 ) ;
#1949 = EDGE_CURVE ( 'NONE', #252, #8031, #3205, .T. ) ;
#1950 = VECTOR ( 'NONE', #7853, 1000.000000000000000 ) ;
#1951 = CARTESIAN_POINT ( 'NONE',  ( 18.42923936041072608, 94.76393202249991532, 27.14644660940670917 ) ) ;
#1952 = CARTESIAN_POINT ( 'NONE',  ( 12.35078262654376324, 76.99999999999998579, 33.63147975269911427 ) ) ;
#1953 = DIRECTION ( 'NONE',  ( -0.7071067811865464625, 0.7071067811865485719, 0.000000000000000000 ) ) ;
#1954 = DIRECTION ( 'NONE',  ( -1.000000000000000000, 7.304689455032545322E-14, 0.000000000000000000 ) ) ;
#1955 = VERTEX_POINT ( 'NONE', #3923 ) ;
#1956 = ORIENTED_EDGE ( 'NONE', *, *, #271, .T. ) ;
#1957 = CARTESIAN_POINT ( 'NONE',  ( 9.330997470308959763, 77.00000000000000000, 3.723480056188120724 ) ) ;
#1958 = ORIENTED_EDGE ( 'NONE', *, *, #8015, .T. ) ;
#1959 = EDGE_CURVE ( 'NONE', #4378, #4526, #1895, .T. ) ;
#1960 = CARTESIAN_POINT ( 'NONE',  ( 22.02052544168928705, 75.10710105288910654, 5.248183392877112219 ) ) ;
#1961 = CARTESIAN_POINT ( 'NONE',  ( 22.03133249251924397, 75.08839625901534021, 5.238678682584526847 ) ) ;
#1962 = ORIENTED_EDGE ( 'NONE', *, *, #5191, .T. ) ;
#1963 = DIRECTION ( 'NONE',  ( 0.7071067811865464625, -0.7071067811865486830, 0.000000000000000000 ) ) ;
#1964 = CARTESIAN_POINT ( 'NONE',  ( 30.91190576489544029, 61.65514918107387388, 24.09314397192018120 ) ) ;
#1965 = ADVANCED_FACE ( 'NONE', ( #3216 ), #3876, .T. ) ;
#1966 = CARTESIAN_POINT ( 'NONE',  ( 24.07568596981249698, 76.99999999999823785, -15.00000000000001066 ) ) ;
#1967 = CARTESIAN_POINT ( 'NONE',  ( 21.80234607201935404, 63.83920844749336965, 0.01907067610022652321 ) ) ;
#1968 = CARTESIAN_POINT ( 'NONE',  ( -111.3083621342407810, 72.00000000000814282, -17.49999999999994316 ) ) ;
#1969 = LINE ( 'NONE', #4469, #1646 ) ;
#1970 = CARTESIAN_POINT ( 'NONE',  ( 25.07568596981264974, 79.19604745935723145, 38.54222567501651753 ) ) ;
#1971 = CARTESIAN_POINT ( 'NONE',  ( 21.73474100444913404, 75.11819471255819280, 5.827322869450065390 ) ) ;
#1972 = ORIENTED_EDGE ( 'NONE', *, *, #3396, .T. ) ;
#1973 = DIRECTION ( 'NONE',  ( 0.000000000000000000, 0.000000000000000000, 1.000000000000000000 ) ) ;
#1974 = CARTESIAN_POINT ( 'NONE',  ( 22.16680767374431227, 63.99762443631884423, 34.98269702626165412 ) ) ;
#1975 = CARTESIAN_POINT ( 'NONE',  ( 21.80588537955076944, 75.85716414959468068, 28.97765500883355472 ) ) ;
#1976 = CARTESIAN_POINT ( 'NONE',  ( 27.52871346693574850, 69.13872421241065069, 29.39357392005095093 ) ) ;
#1977 = EDGE_CURVE ( 'NONE', #5788, #1112, #4534, .T. ) ;
#1978 = CARTESIAN_POINT ( 'NONE',  ( 30.74397814296087716, 56.22887680440776847, 20.42202335649530909 ) ) ;
#1979 = AXIS2_PLACEMENT_3D ( 'NONE', #1811, #5598, #4320 ) ;
#1980 = CARTESIAN_POINT ( 'NONE',  ( 29.15081902891837728, 69.03244345724723985, 6.073611999797896566 ) ) ;
#1981 = EDGE_LOOP ( 'NONE', ( #4886, #769, #5910, #517 ) ) ;
#1982 = CARTESIAN_POINT ( 'NONE',  ( 12.27303679265714997, 73.46446609406726225, 20.49999999999996447 ) ) ;
#1983 = ORIENTED_EDGE ( 'NONE', *, *, #7539, .F. ) ;
#1984 = CARTESIAN_POINT ( 'NONE',  ( 12.27303679265716951, 73.46446609406726225, 23.74999999999996092 ) ) ;
#1985 = LINE ( 'NONE', #1951, #1863 ) ;
#1986 = CARTESIAN_POINT ( 'NONE',  ( 9.330997470308938446, 77.00000000000000000, 31.27651994381196232 ) ) ;
#1987 = DIRECTION ( 'NONE',  ( -5.068646512946076434E-29, -6.938893903907233308E-16, 1.000000000000000000 ) ) ;
#1988 = VECTOR ( 'NONE', #7748, 1000.000000000000000 ) ;
#1989 = ORIENTED_EDGE ( 'NONE', *, *, #5780, .F. ) ;
#1990 = EDGE_LOOP ( 'NONE', ( #3219, #3404, #2453 ) ) ;
#1991 = CARTESIAN_POINT ( 'NONE',  ( 16.57568596982016729, 181.9999999999987779, -3.500000000000012434 ) ) ;
#1992 = ORIENTED_EDGE ( 'NONE', *, *, #4718, .F. ) ;
#1993 = CARTESIAN_POINT ( 'NONE',  ( 27.88847636549159148, 69.18994720472848314, 29.84222275154633763 ) ) ;
#1994 = CIRCLE ( 'NONE', #6618, 1.250000000000028866 ) ;
#1995 = DIRECTION ( 'NONE',  ( -0.7071067811865486830, -0.7071067811865464625, -0.000000000000000000 ) ) ;
#1996 = APPLICATION_PROTOCOL_DEFINITION ( 'draft international standard', 'automotive_design', 1998, #1305 ) ;
#1997 = CARTESIAN_POINT ( 'NONE',  ( 12.27303679265716063, 73.46446609406724804, 13.75000000000000888 ) ) ;
#1998 = DIRECTION ( 'NONE',  ( -0.000000000000000000, -0.000000000000000000, -1.000000000000000000 ) ) ;
#1999 = CARTESIAN_POINT ( 'NONE',  ( 21.99276734878976569, 75.16017957524974236, 5.274571088777757488 ) ) ;
#2000 = ORIENTED_EDGE ( 'NONE', *, *, #7498, .F. ) ;
#2001 = DIRECTION ( 'NONE',  ( -1.000000000000000000, 8.326672684688666480E-14, 0.000000000000000000 ) ) ;
#2002 = ORIENTED_EDGE ( 'NONE', *, *, #2788, .F. ) ;
#2003 = CARTESIAN_POINT ( 'NONE',  ( 37.62820597233091036, 66.99999999999724309, 27.65953656298175645 ) ) ;
#2004 = CARTESIAN_POINT ( 'NONE',  ( 9.131224563050801990, 77.00000000000000000, 31.18662998678304632 ) ) ;
#2005 = DIRECTION ( 'NONE',  ( 0.7071067811865501263, 0.000000000000000000, 0.7071067811865450192 ) ) ;
#2006 = CARTESIAN_POINT ( 'NONE',  ( 28.93618134577394585, 69.01912869084620183, 5.582355830975554767 ) ) ;
#2007 = DIRECTION ( 'NONE',  ( -1.000000000000000000, 0.000000000000000000, 0.000000000000000000 ) ) ;
#2008 = CARTESIAN_POINT ( 'NONE',  ( 21.77055545894634037, 75.89091694849086878, -3.542225675016491326 ) ) ;
#2009 = CARTESIAN_POINT ( 'NONE',  ( 69.07568596982035558, 184.4999999999949694, 41.24999999999997868 ) ) ;
#2010 = EDGE_CURVE ( 'NONE', #6453, #5728, #1232, .T. ) ;
#2011 = DIRECTION ( 'NONE',  ( -0.000000000000000000, -0.000000000000000000, 1.000000000000000000 ) ) ;
#2012 = ORIENTED_EDGE ( 'NONE', *, *, #6728, .T. ) ;
#2013 = ORIENTED_EDGE ( 'NONE', *, *, #6820, .T. ) ;
#2014 = FACE_OUTER_BOUND ( 'NONE', #1276, .T. ) ;
#2015 = CARTESIAN_POINT ( 'NONE',  ( 24.98882192104914779, 66.17878148729991494, 36.70179029920753777 ) ) ;
#2016 = CARTESIAN_POINT ( 'NONE',  ( 21.75439712557718863, 75.65305805563329500, 29.02359602050759335 ) ) ;
#2017 = CIRCLE ( 'NONE', #2161, 0.7500000000000006661 ) ;
#2018 = CARTESIAN_POINT ( 'NONE',  ( 18.83821325226657706, 66.89928963445782983, 37.31576374064130874 ) ) ;
#2019 = EDGE_CURVE ( 'NONE', #4804, #6462, #1282, .T. ) ;
#2020 = CARTESIAN_POINT ( 'NONE',  ( 32.19925653737565341, 62.50839708517166571, 19.20597385568192905 ) ) ;
#2021 = CARTESIAN_POINT ( 'NONE',  ( 31.05683955907533189, 54.68066332764905724, 20.61305261451656179 ) ) ;
#2022 = ORIENTED_EDGE ( 'NONE', *, *, #7896, .F. ) ;
#2023 = VECTOR ( 'NONE', #2184, 1000.000000000000000 ) ;
#2024 = CARTESIAN_POINT ( 'NONE',  ( 22.18476902131943618, 74.89091694849086878, 6.043560762610407089 ) ) ;
#2025 = ORIENTED_EDGE ( 'NONE', *, *, #4640, .F. ) ;
#2026 = DIRECTION ( 'NONE',  ( 0.7071067811865486830, 0.7071067811865464625, -0.000000000000000000 ) ) ;
#2027 = ADVANCED_FACE ( 'NONE', ( #7068 ), #3139, .F. ) ;
#2028 = DIRECTION ( 'NONE',  ( 0.7071067811865464625, -0.7071067811865486830, 0.000000000000000000 ) ) ;
#2029 = DIRECTION ( 'NONE',  ( 1.000000000000000000, -6.938893903907234689E-14, 0.000000000000000000 ) ) ;
#2030 = CIRCLE ( 'NONE', #3079, 8.000000000000000000 ) ;
#2031 = AXIS2_PLACEMENT_3D ( 'NONE', #1908, #5104, #2032 ) ;
#2032 = DIRECTION ( 'NONE',  ( 1.000000000000000000, -7.216449660063521299E-14, 0.000000000000000000 ) ) ;
#2033 = VERTEX_POINT ( 'NONE', #3835 ) ;
#2034 = VERTEX_POINT ( 'NONE', #6408 ) ;
#2035 = CARTESIAN_POINT ( 'NONE',  ( 14.39435713621679369, 75.58578643762689353, 23.74999999999996447 ) ) ;
#2036 = EDGE_CURVE ( 'NONE', #1170, #5541, #7685, .T. ) ;
#2037 = EDGE_LOOP ( 'NONE', ( #5846, #3312, #4260, #7834 ) ) ;
#2038 = VECTOR ( 'NONE', #1745, 1000.000000000000114 ) ;
#2039 = VECTOR ( 'NONE', #6973, 1000.000000000000000 ) ;
#2040 = DIRECTION ( 'NONE',  ( 0.7071067811865474617, 0.7071067811865474617, 0.000000000000000000 ) ) ;
#2041 = CARTESIAN_POINT ( 'NONE',  ( 22.09471075856695421, 76.20275132977808141, 5.619403724542622491 ) ) ;
#2042 = DIRECTION ( 'NONE',  ( 0.7071067811865427988, -0.7071067811865521247, 0.000000000000000000 ) ) ;
#2043 = CARTESIAN_POINT ( 'NONE',  ( 17.92989104214954565, 79.12132034355961707, 21.24999999999996447 ) ) ;
#2044 = ORIENTED_EDGE ( 'NONE', *, *, #6776, .F. ) ;
#2045 = AXIS2_PLACEMENT_3D ( 'NONE', #1268, #7657, #3781 ) ;
#2046 = AXIS2_PLACEMENT_3D ( 'NONE', #3817, #6307, #4934 ) ;
#2047 = CARTESIAN_POINT ( 'NONE',  ( 15.80857069858991260, 69.92893218813452449, 3.000000000000007994 ) ) ;
#2048 = ORIENTED_EDGE ( 'NONE', *, *, #2337, .F. ) ;
#2049 = CARTESIAN_POINT ( 'NONE',  ( 32.80594389523091792, 63.76273876931494300, 21.64691845373750567 ) ) ;
#2050 = EDGE_CURVE ( 'NONE', #5615, #4937, #7742, .T. ) ;
#2051 = CARTESIAN_POINT ( 'NONE',  ( 16.51567747977645695, 77.70710678118652481, 13.75000000000001066 ) ) ;
#2052 = B_SPLINE_CURVE_WITH_KNOTS ( 'NONE', 3,
 ( #4045, #4167, #1017, #5903, #5940, #5383, #2852, #7306, #5348, #4698, #287, #1602, #2203, #6650 ),
 .UNSPECIFIED., .F., .F.,
 ( 4, 2, 2, 2, 2, 2, 4 ),
 ( 0.0009227511423163879244, 0.002264731621000920687, 0.002935721860343186961, 0.003606712099685453234, 0.006290673057054527867, 0.008974634014423601633, 0.01165859497179267540 ),
 .UNSPECIFIED. ) ;
#2053 = VECTOR ( 'NONE', #4506, 1000.000000000000000 ) ;
#2054 = DIRECTION ( 'NONE',  ( 1.000000000000000000, -7.304689455032545322E-14, -1.850371707708594316E-16 ) ) ;
#2055 = CARTESIAN_POINT ( 'NONE',  ( 29.25583683318488326, 69.23406269899851395, 5.624398317528570779 ) ) ;
#2056 = DIRECTION ( 'NONE',  ( 7.320533068622119628E-14, 1.000000000000000000, 0.000000000000000000 ) ) ;
#2057 = AXIS2_PLACEMENT_3D ( 'NONE', #3783, #3858, #4564 ) ;
#2058 = CARTESIAN_POINT ( 'NONE',  ( 19.07568596982016373, 181.9999999999986073, -2.500000000000012434 ) ) ;
#2059 = CARTESIAN_POINT ( 'NONE',  ( 31.05631379322832331, 54.68266980787441867, 20.61292661498689682 ) ) ;
#2060 = DIRECTION ( 'NONE',  ( -0.000000000000000000, 0.000000000000000000, 1.000000000000000000 ) ) ;
#2061 = DIRECTION ( 'NONE',  ( -0.7071067811865440200, 0.7071067811865510144, 0.000000000000000000 ) ) ;
#2062 = ORIENTED_EDGE ( 'NONE', *, *, #468, .F. ) ;
#2063 = ORIENTED_EDGE ( 'NONE', *, *, #698, .F. ) ;
#2064 = LINE ( 'NONE', #5848, #1107 ) ;
#2065 = AXIS2_PLACEMENT_3D ( 'NONE', #691, #35, #8135 ) ;
#2066 = CARTESIAN_POINT ( 'NONE',  ( 24.91982689618688696, 66.03228066306884614, 36.41821968248913777 ) ) ;
#2067 = CARTESIAN_POINT ( 'NONE',  ( 21.75810336330435391, 75.67386003543857953, 29.01850695783803857 ) ) ;
#2068 = EDGE_CURVE ( 'NONE', #211, #7544, #7041, .T. ) ;
#2069 = DIRECTION ( 'NONE',  ( 7.304689455032545322E-14, 1.000000000000000000, 0.000000000000000000 ) ) ;
#2070 = CIRCLE ( 'NONE', #6547, 0.5000000000000004441 ) ;
#2071 = LINE ( 'NONE', #5259, #2327 ) ;
#2072 = VECTOR ( 'NONE', #7094, 1000.000000000000227 ) ;
#2073 = ORIENTED_EDGE ( 'NONE', *, *, #940, .F. ) ;
#2074 = CARTESIAN_POINT ( 'NONE',  ( 28.08596367643725245, 69.05454453075735444, 29.73770407637338664 ) ) ;
#2075 = EDGE_CURVE ( 'NONE', #5306, #368, #2433, .T. ) ;
#2076 = ORIENTED_EDGE ( 'NONE', *, *, #2075, .T. ) ;
#2077 = CARTESIAN_POINT ( 'NONE',  ( 31.40591713705972410, 60.84901009701655994, 15.41203899081224726 ) ) ;
#2078 = CARTESIAN_POINT ( 'NONE',  ( 19.25611762703969632, 66.48138525968472834, -2.102678123787740105 ) ) ;
#2079 = CARTESIAN_POINT ( 'NONE',  ( 32.02177413418404228, 71.99999999999768363, -2.956439237389592467 ) ) ;
#2080 = DIRECTION ( 'NONE',  ( -0.7071067811865474617, -0.7071067811865474617, 0.000000000000000000 ) ) ;
#2081 = ORIENTED_EDGE ( 'NONE', *, *, #2128, .F. ) ;
#2082 = ORIENTED_EDGE ( 'NONE', *, *, #2036, .F. ) ;
#2083 = EDGE_CURVE ( 'NONE', #7708, #1780, #4577, .T. ) ;
#2084 = ORIENTED_EDGE ( 'NONE', *, *, #1077, .T. ) ;
#2085 = AXIS2_PLACEMENT_3D ( 'NONE', #5837, #4677, #180 ) ;
#2086 = CARTESIAN_POINT ( 'NONE',  ( 27.12227919757465244, 60.02943725152283605, 11.25000000000001066 ) ) ;
#2087 = CARTESIAN_POINT ( 'NONE',  ( 26.41517241638810631, 59.32233047033628992, 13.75000000000001066 ) ) ;
#2088 = LINE ( 'NONE', #5782, #6155 ) ;
#2089 = EDGE_CURVE ( 'NONE', #3211, #6413, #8093, .T. ) ;
#2090 = CARTESIAN_POINT ( 'NONE',  ( 22.10108296470442824, 74.98589238699891268, 5.184515295639073429 ) ) ;
#2091 = DIRECTION ( 'NONE',  ( 0.7071067811865497932, 0.7071067811865453523, 0.000000000000000000 ) ) ;
#2092 = DIRECTION ( 'NONE',  ( -1.000000000000000000, 7.304689455032544060E-14, -0.000000000000000000 ) ) ;
#2093 = ORIENTED_EDGE ( 'NONE', *, *, #7580, .T. ) ;
#2094 = VERTEX_POINT ( 'NONE', #6327 ) ;
#2095 = ADVANCED_FACE ( 'NONE', ( #7019 ), #6943, .F. ) ;
#2096 = DIRECTION ( 'NONE',  ( 7.216449660063511202E-14, 1.000000000000000000, 0.000000000000000000 ) ) ;
#2097 = CARTESIAN_POINT ( 'NONE',  ( 32.02177413418404228, 71.99999999999768363, 38.54222567501651753 ) ) ;
#2098 = DIRECTION ( 'NONE',  ( 7.401486830834370205E-14, 1.000000000000000000, 0.000000000000000000 ) ) ;
#2099 = CARTESIAN_POINT ( 'NONE',  ( 27.52871346693576982, 69.13872421241065069, 5.606426079949070385 ) ) ;
#2100 = LINE ( 'NONE', #2664, #4949 ) ;
#2101 = LINE ( 'NONE', #62, #2817 ) ;
#2102 = DIRECTION ( 'NONE',  ( 0.000000000000000000, 0.000000000000000000, -1.000000000000000000 ) ) ;
#2103 = DIRECTION ( 'NONE',  ( 0.000000000000000000, 0.000000000000000000, -1.000000000000000000 ) ) ;
#2104 = DIRECTION ( 'NONE',  ( -0.7071067811865466846, 0.7071067811865483499, -3.469446951953599200E-15 ) ) ;
#2105 = EDGE_LOOP ( 'NONE', ( #6841, #2126, #2245, #4243 ) ) ;
#2106 = VERTEX_POINT ( 'NONE', #5067 ) ;
#2107 = ORIENTED_EDGE ( 'NONE', *, *, #6728, .F. ) ;
#2108 = DIRECTION ( 'NONE',  ( -7.304689455032546585E-14, -1.000000000000000000, -2.231235581978943354E-30 ) ) ;
#2109 = CARTESIAN_POINT ( 'NONE',  ( 32.69116710000795933, 67.00000000000117950, 10.26567919354491565 ) ) ;
#2110 = CARTESIAN_POINT ( 'NONE',  ( 21.96983501316708498, 75.98547502345304849, 29.41764416902449852 ) ) ;
#2111 = LINE ( 'NONE', #3953, #2072 ) ;
#2112 = CARTESIAN_POINT ( 'NONE',  ( 15.02121921710224228, 70.71628366962220014, -2.168019582038129833 ) ) ;
#2113 = EDGE_CURVE ( 'NONE', #6659, #1571, #4525, .T. ) ;
#2114 = ORIENTED_EDGE ( 'NONE', *, *, #2242, .T. ) ;
#2115 = DIRECTION ( 'NONE',  ( -0.6950992346222680807, 0.6950992346222703011, 0.1835050627505169230 ) ) ;
#2116 = EDGE_LOOP ( 'NONE', ( #2081, #337, #4760, #1962 ) ) ;
#2117 = CARTESIAN_POINT ( 'NONE',  ( 30.72800841762324353, 57.22399377406668464, 14.73158715947146646 ) ) ;
#2118 = DIRECTION ( 'NONE',  ( 0.000000000000000000, 0.000000000000000000, -1.000000000000000000 ) ) ;
#2119 = VECTOR ( 'NONE', #902, 1000.000000000000000 ) ;
#2120 = CIRCLE ( 'NONE', #6729, 0.7500000000000006661 ) ;
#2121 = DIRECTION ( 'NONE',  ( 7.771561172375916554E-14, 1.000000000000000000, 0.000000000000000000 ) ) ;
#2122 = CARTESIAN_POINT ( 'NONE',  ( 12.99715448220464964, 76.99999999999998579, 34.58878891596087612 ) ) ;
#2123 = DIRECTION ( 'NONE',  ( -0.000000000000000000, 0.000000000000000000, -1.000000000000000000 ) ) ;
#2124 = ORIENTED_EDGE ( 'NONE', *, *, #3372, .T. ) ;
#2125 = ORIENTED_EDGE ( 'NONE', *, *, #912, .T. ) ;
#2126 = ORIENTED_EDGE ( 'NONE', *, *, #706, .F. ) ;
#2127 = FACE_OUTER_BOUND ( 'NONE', #5695, .T. ) ;
#2128 = EDGE_CURVE ( 'NONE', #1571, #2656, #3736, .T. ) ;
#2129 = AXIS2_PLACEMENT_3D ( 'NONE', #6392, #725, #3243 ) ;
#2130 = DIRECTION ( 'NONE',  ( 0.7071067811865464625, -0.7071067811865487940, 0.000000000000000000 ) ) ;
#2131 = ORIENTED_EDGE ( 'NONE', *, *, #5326, .T. ) ;
#2132 = CARTESIAN_POINT ( 'NONE',  ( -19.98911293290683844, 19.98911293290691304, -5.441167618053146167E-14 ) ) ;
#2133 = ORIENTED_EDGE ( 'NONE', *, *, #3656, .F. ) ;
#2134 = CARTESIAN_POINT ( 'NONE',  ( 27.64191015889894842, 69.02553364512196765, 5.658192872823716968 ) ) ;
#2135 = AXIS2_PLACEMENT_3D ( 'NONE', #3671, #6194, #540 ) ;
#2136 = LINE ( 'NONE', #7159, #1182 ) ;
#2137 = EDGE_CURVE ( 'NONE', #4994, #2914, #580, .T. ) ;
#2138 = CARTESIAN_POINT ( 'NONE',  ( 21.46542494808230117, 82.65685424949234061, 16.25000000000000711 ) ) ;
#2139 = CARTESIAN_POINT ( 'NONE',  ( 15.57568596981414188, 99.49999999999990052, 37.49999999999999289 ) ) ;
#2140 = VECTOR ( 'NONE', #3506, 1000.000000000000114 ) ;
#2141 = DIRECTION ( 'NONE',  ( -0.000000000000000000, -0.000000000000000000, 1.000000000000000000 ) ) ;
#2142 = ORIENTED_EDGE ( 'NONE', *, *, #7580, .F. ) ;
#2143 = SPHERICAL_SURFACE ( 'NONE', #2962, 0.7500000000000000000 ) ;
#2144 = CARTESIAN_POINT ( 'NONE',  ( 24.08714538955610962, 65.13635958409138027, -0.3651178107721808619 ) ) ;
#2145 = EDGE_LOOP ( 'NONE', ( #3590, #2235, #6537, #3840 ) ) ;
#2146 = ORIENTED_EDGE ( 'NONE', *, *, #2050, .F. ) ;
#2147 = VERTEX_POINT ( 'NONE', #5187 ) ;
#2148 = CARTESIAN_POINT ( 'NONE',  ( 69.07568596982032716, 184.4999999999949409, -2.500000000000014655 ) ) ;
#2149 = EDGE_CURVE ( 'NONE', #5247, #2716, #7303, .T. ) ;
#2150 = CARTESIAN_POINT ( 'NONE',  ( 28.52387074756047625, 66.99999999999792522, -3.797925616072435506 ) ) ;
#2151 = CARTESIAN_POINT ( 'NONE',  ( 22.00893826083713734, 76.23483108524214913, 28.92358235955735069 ) ) ;
#2152 = CARTESIAN_POINT ( 'NONE',  ( 22.87963851045538277, 62.85786437626904188, 6.000000000000007994 ) ) ;
#2153 = CARTESIAN_POINT ( 'NONE',  ( 18.78279275100420165, 97.49999999999965894, 7.499999999999986677 ) ) ;
#2154 = ORIENTED_EDGE ( 'NONE', *, *, #3290, .F. ) ;
#2155 = CARTESIAN_POINT ( 'NONE',  ( 28.84677515392934666, 68.86975515151448235, 28.97020295029201264 ) ) ;
#2156 = ORIENTED_EDGE ( 'NONE', *, *, #4992, .F. ) ;
#2157 = CARTESIAN_POINT ( 'NONE',  ( 36.13789065770313869, 67.98438853987147468, 16.25000000000000711 ) ) ;
#2158 = CARTESIAN_POINT ( 'NONE',  ( 25.07568596981336384, 88.99999999999815259, 52.50000000000002132 ) ) ;
#2159 = LINE ( 'NONE', #7876, #6879 ) ;
#2160 = DIRECTION ( 'NONE',  ( -0.7071067811865464625, 0.7071067811865485719, 0.000000000000000000 ) ) ;
#2161 = AXIS2_PLACEMENT_3D ( 'NONE', #2035, #3720, #6947 ) ;
#2162 = EDGE_LOOP ( 'NONE', ( #2444, #913, #6974, #7655, #7168, #2784, #4985 ) ) ;
#2163 = ORIENTED_EDGE ( 'NONE', *, *, #292, .F. ) ;
#2164 = EDGE_CURVE ( 'NONE', #3251, #742, #4659, .T. ) ;
#2165 = EDGE_CURVE ( 'NONE', #31, #7509, #657, .T. ) ;
#2166 = AXIS2_PLACEMENT_3D ( 'NONE', #4461, #1330, #3931 ) ;
#2167 = CARTESIAN_POINT ( 'NONE',  ( -111.3083621342329081, 179.5000000000081002, 32.50000000000006395 ) ) ;
#2168 = DIRECTION ( 'NONE',  ( 0.7071067811865451302, -5.165195448115361863E-14, -0.7071067811865500152 ) ) ;
#2169 = DIRECTION ( 'NONE',  ( -0.7071067811865405783, -0.7071067811865544561, 0.000000000000000000 ) ) ;
#2170 = ORIENTED_EDGE ( 'NONE', *, *, #5096, .T. ) ;
#2171 = CARTESIAN_POINT ( 'NONE',  ( 14.07568596981249343, 76.99999999999897682, -7.199085050571707001 ) ) ;
#2172 = ORIENTED_EDGE ( 'NONE', *, *, #6959, .F. ) ;
#2173 = AXIS2_PLACEMENT_3D ( 'NONE', #2821, #7725, #2215 ) ;
#2174 = VECTOR ( 'NONE', #1574, 1000.000000000000000 ) ;
#2175 = CARTESIAN_POINT ( 'NONE',  ( 29.31612797644898194, 69.17377155573448988, 6.081152228392859627 ) ) ;
#2176 = DIRECTION ( 'NONE',  ( 7.304689455032547847E-14, 1.000000000000000000, -7.401486830834669341E-15 ) ) ;
#2177 = EDGE_CURVE ( 'NONE', #2094, #4732, #293, .T. ) ;
#2178 = LINE ( 'NONE', #5205, #3687 ) ;
#2179 = CARTESIAN_POINT ( 'NONE',  ( 27.86457733546160398, 69.21110982854581550, 5.144210741900521633 ) ) ;
#2180 = CARTESIAN_POINT ( 'NONE',  ( 69.07568596981177222, 66.99999999999495515, -12.50000000000000355 ) ) ;
#2181 = CIRCLE ( 'NONE', #7048, 0.7500000000000006661 ) ;
#2182 = CARTESIAN_POINT ( 'NONE',  ( 33.19750007401911773, 63.80361717414964318, 18.86740189363029785 ) ) ;
#2183 = VECTOR ( 'NONE', #1711, 1000.000000000000000 ) ;
#2184 = DIRECTION ( 'NONE',  ( 0.7071067811865486830, 0.7071067811865464625, 0.000000000000000000 ) ) ;
#2185 = EDGE_LOOP ( 'NONE', ( #3702, #635 ) ) ;
#2186 = LINE ( 'NONE', #4108, #6801 ) ;
#2187 = CARTESIAN_POINT ( 'NONE',  ( 56.57568596981212039, 71.99999999999589306, -17.50000000000000711 ) ) ;
#2188 = EDGE_LOOP ( 'NONE', ( #925, #4252, #2394, #7821, #4032, #7012, #2124, #3291, #5465, #6571, #13, #1875, #7664, #6723, #1048, #3071, #7315, #3047, #6586, #2744 ) ) ;
#2189 = ORIENTED_EDGE ( 'NONE', *, *, #3209, .T. ) ;
#2190 = ORIENTED_EDGE ( 'NONE', *, *, #82, .F. ) ;
#2191 = CIRCLE ( 'NONE', #6799, 0.7500000000000006661 ) ;
#2192 = EDGE_CURVE ( 'NONE', #3444, #1233, #4784, .T. ) ;
#2193 = DIRECTION ( 'NONE',  ( 0.000000000000000000, 0.000000000000000000, 1.000000000000000000 ) ) ;
#2194 = VECTOR ( 'NONE', #4888, 1000.000000000000000 ) ;
#2195 = FACE_OUTER_BOUND ( 'NONE', #2324, .T. ) ;
#2196 = CARTESIAN_POINT ( 'NONE',  ( 15.63928267158287611, 70.09822021514155210, -2.472963461659777096 ) ) ;
#2197 = ADVANCED_FACE ( 'NONE', ( #2733 ), #6492, .F. ) ;
#2198 = AXIS2_PLACEMENT_3D ( 'NONE', #1225, #2548, #3089 ) ;
#2199 = ORIENTED_EDGE ( 'NONE', *, *, #4685, .T. ) ;
#2200 = DIRECTION ( 'NONE',  ( 1.000000000000000000, -7.304689455032545322E-14, -0.000000000000000000 ) ) ;
#2201 = CARTESIAN_POINT ( 'NONE',  ( 29.18449981114474667, 69.05741037224460399, 28.92365026486142909 ) ) ;
#2202 = VERTEX_POINT ( 'NONE', #7145 ) ;
#2203 = CARTESIAN_POINT ( 'NONE',  ( 27.20613353327154016, 58.53136935345283831, 5.468301510845908098 ) ) ;
#2204 = DIRECTION ( 'NONE',  ( 0.7071067811865486830, 0.7071067811865464625, -9.860761315262649757E-32 ) ) ;
#2205 = CARTESIAN_POINT ( 'NONE',  ( 33.19750007401911773, 63.80361717414964318, 16.13259810636978031 ) ) ;
#2206 = LINE ( 'NONE', #377, #258 ) ;
#2207 = CARTESIAN_POINT ( 'NONE',  ( 15.80857069858991970, 69.92893218813452449, 29.00000000000000711 ) ) ;
#2208 = ADVANCED_FACE ( 'NONE', ( #6534, #863 ), #5768, .T. ) ;
#2209 = VERTEX_POINT ( 'NONE', #6897 ) ;
#2210 = EDGE_CURVE ( 'NONE', #4233, #3582, #1313, .T. ) ;
#2211 = ORIENTED_EDGE ( 'NONE', *, *, #3049, .T. ) ;
#2212 = AXIS2_PLACEMENT_3D ( 'NONE', #2276, #413, #2399 ) ;
#2213 = CARTESIAN_POINT ( 'NONE',  ( 12.58864825000583743, 77.00000000000000000, 1.049469338414398711 ) ) ;
#2214 = CARTESIAN_POINT ( 'NONE',  ( 43.07568596981175091, 66.99999999999685940, 42.49999999999998579 ) ) ;
#2215 = DIRECTION ( 'NONE',  ( 0.7071067811865427988, -0.7071067811865521247, 0.000000000000000000 ) ) ;
#2216 = VERTEX_POINT ( 'NONE', #4370 ) ;
#2217 = EDGE_CURVE ( 'NONE', #3084, #6056, #76, .T. ) ;
#2218 = AXIS2_PLACEMENT_3D ( 'NONE', #650, #3787, #5611 ) ;
#2219 = PLANE ( 'NONE',  #1624 ) ;
#2220 =( BOUNDED_CURVE ( )  B_SPLINE_CURVE ( 3, ( #4164, #369, #2236, #7225 ),
 .UNSPECIFIED., .F., .F. ) 
 B_SPLINE_CURVE_WITH_KNOTS ( ( 4, 4 ),
 ( 5.880469465598923584, 6.685901148760248880 ),
 .UNSPECIFIED. ) 
 CURVE ( )  GEOMETRIC_REPRESENTATION_ITEM ( )  RATIONAL_B_SPLINE_CURVE ( ( 1.000000000000000000, 0.9466666666666663232, 0.9466666666666663232, 1.000000000000000000 ) ) 
 REPRESENTATION_ITEM ( '' )  );
#2221 = CARTESIAN_POINT ( 'NONE',  ( 69.07568596982017084, 181.9999999999948557, 32.49999999999999289 ) ) ;
#2222 = CARTESIAN_POINT ( 'NONE',  ( 30.70737479246730572, 56.56805242220050189, 26.23254621021229482 ) ) ;
#2223 = DIRECTION ( 'NONE',  ( 0.7071067811865486830, 0.7071067811865464625, -1.914161238899800644E-15 ) ) ;
#2224 = ORIENTED_EDGE ( 'NONE', *, *, #1917, .T. ) ;
#2225 = DIRECTION ( 'NONE',  ( 0.000000000000000000, 0.000000000000000000, -1.000000000000000000 ) ) ;
#2226 = ADVANCED_FACE ( 'NONE', ( #3250 ), #3829, .T. ) ;
#2227 = EDGE_CURVE ( 'NONE', #3323, #368, #2181, .T. ) ;
#2228 = ORIENTED_EDGE ( 'NONE', *, *, #4701, .T. ) ;
#2229 = VERTEX_POINT ( 'NONE', #3171 ) ;
#2230 = ORIENTED_EDGE ( 'NONE', *, *, #5631, .T. ) ;
#2231 = DIRECTION ( 'NONE',  ( 0.000000000000000000, 2.775557561562891351E-16, 1.000000000000000000 ) ) ;
#2232 = CARTESIAN_POINT ( 'NONE',  ( 39.06480416975420411, 66.99999999999715783, 11.82393684605648332 ) ) ;
#2233 = CARTESIAN_POINT ( 'NONE',  ( 21.89853091515542260, 75.71437000680725760, 29.49534161752005090 ) ) ;
#2234 = CARTESIAN_POINT ( 'NONE',  ( 30.72800841762076729, 56.36843288394262430, 20.40280302450486616 ) ) ;
#2235 = ORIENTED_EDGE ( 'NONE', *, *, #5791, .F. ) ;
#2236 = CARTESIAN_POINT ( 'NONE',  ( 20.06640435033857983, 69.55520620769220841, 4.647887323943665550 ) ) ;
#2237 = CARTESIAN_POINT ( 'NONE',  ( 28.43843266110164691, 68.78656624232006322, 29.06708462315089392 ) ) ;
#2238 = ORIENTED_EDGE ( 'NONE', *, *, #7009, .T. ) ;
#2239 = CARTESIAN_POINT ( 'NONE',  ( 31.00240533114699559, 54.88257760988523870, 8.590968009410145712 ) ) ;
#2240 = CARTESIAN_POINT ( 'NONE',  ( 22.65478839297379920, 73.01508993426392635, 35.00000000000000000 ) ) ;
#2241 = CARTESIAN_POINT ( 'NONE',  ( 8.727174467065021091, 76.81188222227133622, 31.01449538270890827 ) ) ;
#2242 = EDGE_CURVE ( 'NONE', #2954, #8000, #2639, .T. ) ;
#2243 = CARTESIAN_POINT ( 'NONE',  ( 32.07202666588049311, 64.97918471982865185, 21.24999999999996447 ) ) ;
#2244 = ORIENTED_EDGE ( 'NONE', *, *, #7643, .T. ) ;
#2245 = ORIENTED_EDGE ( 'NONE', *, *, #2242, .F. ) ;
#2246 = ORIENTED_EDGE ( 'NONE', *, *, #6750, .F. ) ;
#2247 = CARTESIAN_POINT ( 'NONE',  ( 29.15677492807431292, 69.14441750457525870, 29.37943307012553973 ) ) ;
#2248 = AXIS2_PLACEMENT_3D ( 'NONE', #3544, #6576, #4127 ) ;
#2249 = CARTESIAN_POINT ( 'NONE',  ( 15.57568596981403175, 97.99999999999988631, -7.500000000000012434 ) ) ;
#2250 = EDGE_CURVE ( 'NONE', #6679, #7797, #2517, .T. ) ;
#2251 = CARTESIAN_POINT ( 'NONE',  ( 10.99448994910044775, 77.00000000000000000, 2.726425112687551167 ) ) ;
#2252 = CARTESIAN_POINT ( 'NONE',  ( 25.07568596982016373, 181.9999999999980673, 41.25000000000000000 ) ) ;
#2253 = EDGE_LOOP ( 'NONE', ( #5917, #6639 ) ) ;
#2254 = VERTEX_POINT ( 'NONE', #3292 ) ;
#2255 = FACE_OUTER_BOUND ( 'NONE', #6011, .T. ) ;
#2256 = DIRECTION ( 'NONE',  ( -7.306816650439985915E-14, -1.000000000000000000, -0.000000000000000000 ) ) ;
#2257 = AXIS2_PLACEMENT_3D ( 'NONE', #7295, #404, #3574 ) ;
#2258 = CARTESIAN_POINT ( 'NONE',  ( 21.73665842815415417, 75.46720089570136736, 5.927156770644928407 ) ) ;
#2259 = CARTESIAN_POINT ( 'NONE',  ( 25.07568596981336739, 88.99999999999815259, -20.00000000000001066 ) ) ;
#2260 = VERTEX_POINT ( 'NONE', #3915 ) ;
#2261 = CARTESIAN_POINT ( 'NONE',  ( 19.41553689531777849, 73.39303380327214654, 29.00000000000005329 ) ) ;
#2262 = DIRECTION ( 'NONE',  ( 1.000000000000000000, 0.000000000000000000, 0.000000000000000000 ) ) ;
#2263 = ORIENTED_EDGE ( 'NONE', *, *, #4255, .T. ) ;
#2264 = ORIENTED_EDGE ( 'NONE', *, *, #15, .F. ) ;
#2265 = ORIENTED_EDGE ( 'NONE', *, *, #3206, .T. ) ;
#2266 = CARTESIAN_POINT ( 'NONE',  ( -111.3083621342329081, 179.5000000000081002, 32.50000000000006395 ) ) ;
#2267 = CARTESIAN_POINT ( 'NONE',  ( 32.47590546619780127, 63.42653114516734547, 12.99392114447145552 ) ) ;
#2268 = CARTESIAN_POINT ( 'NONE',  ( 21.89265480682148990, 75.64922465530139561, 29.51778931252423277 ) ) ;
#2269 = EDGE_CURVE ( 'NONE', #5056, #800, #7181, .T. ) ;
#2270 = CARTESIAN_POINT ( 'NONE',  ( 19.07568596981395714, 96.99999999999964473, 37.49999999999999289 ) ) ;
#2271 = ORIENTED_EDGE ( 'NONE', *, *, #224, .F. ) ;
#2272 = DIRECTION ( 'NONE',  ( -0.7071067811865486830, -0.7071067811865464625, 0.000000000000000000 ) ) ;
#2273 = CARTESIAN_POINT ( 'NONE',  ( 22.12820363498342147, 74.95224899122577256, 29.83407506457394476 ) ) ;
#2274 = ORIENTED_EDGE ( 'NONE', *, *, #2999, .F. ) ;
#2275 = CARTESIAN_POINT ( 'NONE',  ( 26.70486926475273748, 55.18742444920162171, 4.576755938642336652 ) ) ;
#2276 = CARTESIAN_POINT ( 'NONE',  ( 34.19334700944013861, 67.10050506338828313, 18.74999999999996803 ) ) ;
#2277 = EDGE_CURVE ( 'NONE', #800, #1243, #7543, .T. ) ;
#2278 = DIRECTION ( 'NONE',  ( 2.031856091328426205E-29, -1.448184717984741004E-29, -1.000000000000000000 ) ) ;
#2279 = CARTESIAN_POINT ( 'NONE',  ( 32.02177413418404228, 71.99999999999768363, 52.50000000000006395 ) ) ;
#2280 = DIRECTION ( 'NONE',  ( 0.000000000000000000, -0.000000000000000000, 1.000000000000000000 ) ) ;
#2281 = CARTESIAN_POINT ( 'NONE',  ( 34.19334700944013861, 67.10050506338828313, 18.74999999999996447 ) ) ;
#2282 = EDGE_CURVE ( 'NONE', #4937, #1687, #7060, .T. ) ;
#2283 = VERTEX_POINT ( 'NONE', #624 ) ;
#2284 = ORIENTED_EDGE ( 'NONE', *, *, #5495, .F. ) ;
#2285 = ORIENTED_EDGE ( 'NONE', *, *, #8145, .F. ) ;
#2286 = CYLINDRICAL_SURFACE ( 'NONE', #5603, 9.999999999998426148 ) ;
#2287 = CARTESIAN_POINT ( 'NONE',  ( 12.27303679265714997, 73.46446609406726225, 24.49999999999996447 ) ) ;
#2288 = AXIS2_PLACEMENT_3D ( 'NONE', #6569, #6731, #7261 ) ;
#2289 = DIRECTION ( 'NONE',  ( 0.000000000000000000, 0.000000000000000000, 1.000000000000000000 ) ) ;
#2290 = DIRECTION ( 'NONE',  ( 0.000000000000000000, 0.000000000000000000, -1.000000000000000000 ) ) ;
#2291 = EDGE_CURVE ( 'NONE', #6781, #7694, #156, .T. ) ;
#2292 = EDGE_LOOP ( 'NONE', ( #592, #5294, #7047, #4251 ) ) ;
#2293 = CARTESIAN_POINT ( 'NONE',  ( 29.25583683318487971, 69.23406269899851395, -2.956439237389595576 ) ) ;
#2294 = AXIS2_PLACEMENT_3D ( 'NONE', #5544, #8150, #4889 ) ;
#2295 = DIRECTION ( 'NONE',  ( 1.000000000000000000, -7.304689455032547847E-14, 0.000000000000000000 ) ) ;
#2296 = DIRECTION ( 'NONE',  ( -7.304689455032545322E-14, -1.000000000000000000, 0.000000000000000000 ) ) ;
#2297 = DIRECTION ( 'NONE',  ( -1.000000000000000000, 7.320533068622119628E-14, -2.031856091328532143E-29 ) ) ;
#2298 = CARTESIAN_POINT ( 'NONE',  ( 15.80857069858991260, 69.92893218813452449, 32.00000000000000711 ) ) ;
#2299 = ORIENTED_EDGE ( 'NONE', *, *, #799, .F. ) ;
#2300 = AXIS2_PLACEMENT_3D ( 'NONE', #3963, #2123, #4005 ) ;
#2301 = CARTESIAN_POINT ( 'NONE',  ( 16.06180778116033636, 184.4999999999988347, 45.00000000000000000 ) ) ;
#2302 = EDGE_CURVE ( 'NONE', #6163, #8000, #2829, .T. ) ;
#2303 = CARTESIAN_POINT ( 'NONE',  ( 32.60235675177040093, 65.50951480571856678, 13.75000000000001066 ) ) ;
#2304 = VERTEX_POINT ( 'NONE', #113 ) ;
#2305 = ORIENTED_EDGE ( 'NONE', *, *, #6017, .F. ) ;
#2306 = ORIENTED_EDGE ( 'NONE', *, *, #3674, .F. ) ;
#2307 = CARTESIAN_POINT ( 'NONE',  ( 30.65781310350739375, 63.56497115745555959, 13.75000000000001066 ) ) ;
#2308 = CARTESIAN_POINT ( 'NONE',  ( 21.87646976378813690, 58.57266499232118662, 1.753670735077283771 ) ) ;
#2309 = CARTESIAN_POINT ( 'NONE',  ( 69.07568596981691655, 137.3911308970822063, -12.50000000000000355 ) ) ;
#2310 = DIRECTION ( 'NONE',  ( -7.317379025938529564E-14, -1.000000000000000000, 0.000000000000000000 ) ) ;
#2311 = VECTOR ( 'NONE', #322, 1000.000000000000000 ) ;
#2312 = ORIENTED_EDGE ( 'NONE', *, *, #7801, .F. ) ;
#2313 = DIRECTION ( 'NONE',  ( 0.000000000000000000, 0.000000000000000000, -1.000000000000000000 ) ) ;
#2314 = EDGE_CURVE ( 'NONE', #6645, #7755, #8169, .T. ) ;
#2315 = CARTESIAN_POINT ( 'NONE',  ( 22.02005535609826481, 75.10761953206072405, 29.75151693757025484 ) ) ;
#2316 = ORIENTED_EDGE ( 'NONE', *, *, #7720, .T. ) ;
#2317 = DIRECTION ( 'NONE',  ( -8.659560562354946417E-17, -8.659560562354920532E-17, 1.000000000000000000 ) ) ;
#2318 = LINE ( 'NONE', #7468, #7855 ) ;
#2319 = AXIS2_PLACEMENT_3D ( 'NONE', #3943, #7000, #6961 ) ;
#2320 = DIRECTION ( 'NONE',  ( 7.304689455032545322E-14, 1.000000000000000000, -4.081910502617659827E-31 ) ) ;
#2321 = DIRECTION ( 'NONE',  ( 1.000000000000000000, -7.317379025938529564E-14, 0.000000000000000000 ) ) ;
#2322 = VECTOR ( 'NONE', #5060, 1000.000000000000000 ) ;
#2323 = EDGE_CURVE ( 'NONE', #1454, #7870, #1901, .T. ) ;
#2324 = EDGE_LOOP ( 'NONE', ( #2326, #1210, #7805, #3489, #7631, #4073 ) ) ;
#2325 = ORIENTED_EDGE ( 'NONE', *, *, #6657, .T. ) ;
#2326 = ORIENTED_EDGE ( 'NONE', *, *, #5183, .F. ) ;
#2327 = VECTOR ( 'NONE', #4566, 1000.000000000000114 ) ;
#2328 = LINE ( 'NONE', #1158, #795 ) ;
#2329 = DIRECTION ( 'NONE',  ( 6.938893903907220805E-14, 1.000000000000000000, -0.000000000000000000 ) ) ;
#2330 = CARTESIAN_POINT ( 'NONE',  ( 20.05121138570918049, 81.24264068711926257, 17.00000000000000711 ) ) ;
#2331 = DIRECTION ( 'NONE',  ( 1.000000000000000000, -7.304689455032545322E-14, -0.000000000000000000 ) ) ;
#2332 = ORIENTED_EDGE ( 'NONE', *, *, #5241, .F. ) ;
#2333 = CYLINDRICAL_SURFACE ( 'NONE', #4524, 2.500000000000002220 ) ;
#2334 = AXIS2_PLACEMENT_3D ( 'NONE', #456, #7388, #1061 ) ;
#2335 = CIRCLE ( 'NONE', #6942, 0.7500000000000006661 ) ;
#2336 = DIRECTION ( 'NONE',  ( -0.6556308335504122953, -0.7503823793796539077, 0.08411001613672913768 ) ) ;
#2337 = EDGE_CURVE ( 'NONE', #309, #6182, #2562, .T. ) ;
#2338 = CARTESIAN_POINT ( 'NONE',  ( 15.98534739388654558, 78.23743686707643974, 21.24999999999996803 ) ) ;
#2339 = DIRECTION ( 'NONE',  ( -7.771561172375916554E-14, -1.000000000000000000, 0.000000000000000000 ) ) ;
#2340 = CARTESIAN_POINT ( 'NONE',  ( 19.07568596981249343, 76.99999999999860734, 49.99999999999999289 ) ) ;
#2341 = ORIENTED_EDGE ( 'NONE', *, *, #6588, .F. ) ;
#2342 = LINE ( 'NONE', #7936, #5725 ) ;
#2343 = CARTESIAN_POINT ( 'NONE',  ( 14.07568596981220033, 72.97730617777793327, 33.90499842846465128 ) ) ;
#2344 = ORIENTED_EDGE ( 'NONE', *, *, #5495, .T. ) ;
#2345 = ORIENTED_EDGE ( 'NONE', *, *, #7843, .T. ) ;
#2346 = ORIENTED_EDGE ( 'NONE', *, *, #98, .F. ) ;
#2347 = DIRECTION ( 'NONE',  ( 0.6063390625908342546, 0.6063390625908308129, -0.5144957554275261247 ) ) ;
#2348 = CARTESIAN_POINT ( 'NONE',  ( 21.92006327909658836, 75.36009157527689695, 29.63277801899435460 ) ) ;
#2349 = VECTOR ( 'NONE', #3940, 1000.000000000000000 ) ;
#2350 = LINE ( 'NONE', #5637, #450 ) ;
#2351 = LINE ( 'NONE', #1682, #3351 ) ;
#2352 = ORIENTED_EDGE ( 'NONE', *, *, #7548, .F. ) ;
#2353 = CARTESIAN_POINT ( 'NONE',  ( 14.07568596981249520, 77.00000000000000000, 38.66476475919079547 ) ) ;
#2354 = CARTESIAN_POINT ( 'NONE',  ( 21.97262000110953295, 75.20432431694223396, 29.70407663034144718 ) ) ;
#2355 = VECTOR ( 'NONE', #6800, 1000.000000000000000 ) ;
#2356 = EDGE_LOOP ( 'NONE', ( #41, #5148, #7831, #4459, #1279 ) ) ;
#2357 = DIRECTION ( 'NONE',  ( 0.7071067811865486830, 0.7071067811865464625, -0.000000000000000000 ) ) ;
#2358 = CARTESIAN_POINT ( 'NONE',  ( 14.11769207114783065, 66.02924844932866222, -5.195067087054431099 ) ) ;
#2359 = DIRECTION ( 'NONE',  ( 0.000000000000000000, 0.000000000000000000, -1.000000000000000000 ) ) ;
#2360 = CARTESIAN_POINT ( 'NONE',  ( 13.17659435230622655, 74.65938224193239137, 35.31333900930810188 ) ) ;
#2361 = ADVANCED_FACE ( 'NONE', ( #1351 ), #5058, .F. ) ;
#2362 = FACE_OUTER_BOUND ( 'NONE', #1819, .T. ) ;
#2363 = ORIENTED_EDGE ( 'NONE', *, *, #2137, .T. ) ;
#2364 = ORIENTED_EDGE ( 'NONE', *, *, #4826, .F. ) ;
#2365 = ORIENTED_EDGE ( 'NONE', *, *, #4192, .T. ) ;
#2366 = CARTESIAN_POINT ( 'NONE',  ( 19.07568596982052966, 186.9999999999986073, 49.99999999999999289 ) ) ;
#2367 = SPHERICAL_SURFACE ( 'NONE', #2651, 14.00000000000000000 ) ;
#2368 = ADVANCED_FACE ( 'NONE', ( #2559 ), #4449, .F. ) ;
#2369 = DIRECTION ( 'NONE',  ( 2.775557561562891844E-16, 0.000000000000000000, -1.000000000000000000 ) ) ;
#2370 = ORIENTED_EDGE ( 'NONE', *, *, #1168, .T. ) ;
#2371 = ORIENTED_EDGE ( 'NONE', *, *, #7754, .F. ) ;
#2372 = DIRECTION ( 'NONE',  ( -1.000000000000000000, 7.304689455032545322E-14, -0.000000000000000000 ) ) ;
#2373 = DIRECTION ( 'NONE',  ( 0.7530508343604250809, -0.6579623400082011964, 0.000000000000000000 ) ) ;
#2374 = CARTESIAN_POINT ( 'NONE',  ( 33.17236529535721701, 64.09639633973094419, 13.71651022111712237 ) ) ;
#2375 = CARTESIAN_POINT ( 'NONE',  ( 28.14766345447406337, 69.02509475821415208, 29.70760305679456437 ) ) ;
#2376 = ADVANCED_FACE ( 'NONE', ( #7098 ), #7262, .T. ) ;
#2377 = CARTESIAN_POINT ( 'NONE',  ( 21.89691565846276333, 74.82984757231406547, 5.712641728868221414 ) ) ;
#2378 = AXIS2_PLACEMENT_3D ( 'NONE', #6309, #5716, #22 ) ;
#2379 = CARTESIAN_POINT ( 'NONE',  ( 31.59308781319874271, 61.30349048685815916, 19.48716297583530022 ) ) ;
#2380 = CARTESIAN_POINT ( 'NONE',  ( 32.56329921927190441, 63.54179034141371574, 13.11241864891687570 ) ) ;
#2381 = ORIENTED_EDGE ( 'NONE', *, *, #698, .T. ) ;
#2382 = DIRECTION ( 'NONE',  ( -1.000000000000000000, 0.000000000000000000, 0.000000000000000000 ) ) ;
#2383 = CARTESIAN_POINT ( 'NONE',  ( 25.78239972272280767, 66.99999999999813838, 30.75179106047622213 ) ) ;
#2384 = ORIENTED_EDGE ( 'NONE', *, *, #271, .F. ) ;
#2385 = ADVANCED_FACE ( 'NONE', ( #6486 ), #589, .T. ) ;
#2386 = ORIENTED_EDGE ( 'NONE', *, *, #3189, .F. ) ;
#2387 = CARTESIAN_POINT ( 'NONE',  ( 19.07568596982382303, 181.9999999999986073, -7.500000000000012434 ) ) ;
#2388 = DIRECTION ( 'NONE',  ( -1.040834085586083862E-15, 1.040834085586085243E-15, -1.000000000000000000 ) ) ;
#2389 = CARTESIAN_POINT ( 'NONE',  ( 28.54873005199834068, 69.94116948018502455, -1.436088728080470698E-14 ) ) ;
#2390 = CARTESIAN_POINT ( 'NONE',  ( 13.62039738886937279, 75.75446907019302500, 36.16687071918025964 ) ) ;
#2391 = CARTESIAN_POINT ( 'NONE',  ( 27.12227919757465244, 60.02943725152283605, 23.74999999999996447 ) ) ;
#2392 = CIRCLE ( 'NONE', #7128, 2.500000000000002220 ) ;
#2393 = EDGE_CURVE ( 'NONE', #667, #5408, #1101, .T. ) ;
#2394 = ORIENTED_EDGE ( 'NONE', *, *, #1678, .T. ) ;
#2395 = DIRECTION ( 'NONE',  ( 1.000000000000000000, -8.326672684688666480E-14, 0.000000000000000000 ) ) ;
#2396 = CARTESIAN_POINT ( 'NONE',  ( 58.04015206387930448, 70.53553390592851713, 52.50000000000002842 ) ) ;
#2397 = VECTOR ( 'NONE', #4327, 1000.000000000000000 ) ;
#2398 = CARTESIAN_POINT ( 'NONE',  ( 69.07568596981211329, 71.99999999999495515, -20.00000000000001066 ) ) ;
#2399 = DIRECTION ( 'NONE',  ( 0.7071067811865427988, -0.7071067811865521247, 0.000000000000000000 ) ) ;
#2400 = CARTESIAN_POINT ( 'NONE',  ( -111.3083621342407667, 72.00000000000814282, 38.95643923738960979 ) ) ;
#2401 = CARTESIAN_POINT ( 'NONE',  ( 13.41476557952163695, 75.25424757699980205, 35.71720646018945189 ) ) ;
#2402 = CARTESIAN_POINT ( 'NONE',  ( 22.04100574622403741, 76.12439938473120549, 29.39055071589008961 ) ) ;
#2403 = EDGE_CURVE ( 'NONE', #3845, #1944, #727, .T. ) ;
#2404 = ORIENTED_EDGE ( 'NONE', *, *, #1140, .T. ) ;
#2405 = ORIENTED_EDGE ( 'NONE', *, *, #5245, .F. ) ;
#2406 = ORIENTED_EDGE ( 'NONE', *, *, #7421, .T. ) ;
#2407 = DIRECTION ( 'NONE',  ( 1.000000000000000000, 0.000000000000000000, 0.000000000000000000 ) ) ;
#2408 = DIRECTION ( 'NONE',  ( 0.7071067811865489050, -3.925231146709440949E-14, -0.7071067811865462405 ) ) ;
#2409 = CARTESIAN_POINT ( 'NONE',  ( 31.05775741671923740, 54.67717101166557114, 20.61327196148762297 ) ) ;
#2410 = CARTESIAN_POINT ( 'NONE',  ( 14.07568596981413833, 99.50000000000000000, -2.500000000000012434 ) ) ;
#2411 = ORIENTED_EDGE ( 'NONE', *, *, #3290, .T. ) ;
#2412 = ORIENTED_EDGE ( 'NONE', *, *, #4239, .F. ) ;
#2413 = CYLINDRICAL_SURFACE ( 'NONE', #3085, 0.7500000000000022204 ) ;
#2414 = EDGE_CURVE ( 'NONE', #4093, #4750, #1861, .T. ) ;
#2415 = DIRECTION ( 'NONE',  ( 1.000000000000000000, -7.304689455032545322E-14, 0.000000000000000000 ) ) ;
#2416 = CARTESIAN_POINT ( 'NONE',  ( 21.89399419827402582, 75.66507684078978002, 5.487701154926835301 ) ) ;
#2417 = CARTESIAN_POINT ( 'NONE',  ( 21.92263704007620362, 75.84472621844592766, 5.545562019742507509 ) ) ;
#2418 = ORIENTED_EDGE ( 'NONE', *, *, #5223, .T. ) ;
#2419 = LINE ( 'NONE', #1171, #2194 ) ;
#2420 = AXIS2_PLACEMENT_3D ( 'NONE', #7, #4421, #2648 ) ;
#2421 = CARTESIAN_POINT ( 'NONE',  ( 27.30124747788107697, 59.18103549865881519, 29.42718118509205638 ) ) ;
#2422 = EDGE_CURVE ( 'NONE', #3376, #3916, #5640, .T. ) ;
#2423 = ADVANCED_FACE ( 'NONE', ( #2546 ), #4400, .F. ) ;
#2424 = ORIENTED_EDGE ( 'NONE', *, *, #1429, .F. ) ;
#2425 = DIRECTION ( 'NONE',  ( -0.7071067811865464625, 0.7071067811865487940, -0.000000000000000000 ) ) ;
#2426 = DIRECTION ( 'NONE',  ( -0.7071067811865463515, -0.7071067811865486830, 0.000000000000000000 ) ) ;
#2427 = CIRCLE ( 'NONE', #3860, 0.7500000000000034417 ) ;
#2428 = CARTESIAN_POINT ( 'NONE',  ( 14.11769207114186386, 66.02924844932438475, 40.19506708706634868 ) ) ;
#2429 = LINE ( 'NONE', #678, #7830 ) ;
#2430 = ADVANCED_FACE ( 'NONE', ( #3743 ), #8157, .T. ) ;
#2431 = ORIENTED_EDGE ( 'NONE', *, *, #4367, .F. ) ;
#2432 = CIRCLE ( 'NONE', #2823, 0.7500000000000047740 ) ;
#2433 = CIRCLE ( 'NONE', #7555, 0.7500000000000072164 ) ;
#2434 = CARTESIAN_POINT ( 'NONE',  ( 28.66434317388638675, 68.94734404651508441, 29.49546538801394036 ) ) ;
#2435 = CARTESIAN_POINT ( 'NONE',  ( 32.45113347829749273, 62.86722538838820640, 15.88597991383945285 ) ) ;
#2436 = CARTESIAN_POINT ( 'NONE',  ( 31.03138834185556050, 61.80003289531546784, 23.87896232476997938 ) ) ;
#2437 = CARTESIAN_POINT ( 'NONE',  ( 21.99472622353027873, 75.08095974628002978, 38.95643923738960268 ) ) ;
#2438 = EDGE_CURVE ( 'NONE', #4369, #7757, #3907, .T. ) ;
#2439 = FACE_OUTER_BOUND ( 'NONE', #7473, .T. ) ;
#2440 = AXIS2_PLACEMENT_3D ( 'NONE', #1235, #4527, #3754 ) ;
#2441 = AXIS2_PLACEMENT_3D ( 'NONE', #5925, #2060, #3279 ) ;
#2442 = CARTESIAN_POINT ( 'NONE',  ( 28.23512413513825337, 68.79477775029808129, 5.872729052652231552 ) ) ;
#2443 = ORIENTED_EDGE ( 'NONE', *, *, #2164, .F. ) ;
#2444 = ORIENTED_EDGE ( 'NONE', *, *, #2920, .T. ) ;
#2445 = ORIENTED_EDGE ( 'NONE', *, *, #3618, .F. ) ;
#2446 = CYLINDRICAL_SURFACE ( 'NONE', #3631, 0.5000000000000006661 ) ;
#2447 = CIRCLE ( 'NONE', #4283, 0.7500000000000034417 ) ;
#2448 = VECTOR ( 'NONE', #7331, 1000.000000000000000 ) ;
#2449 = CARTESIAN_POINT ( 'NONE',  ( 14.07568596981246500, 76.86311014547794684, -3.427383416386801773 ) ) ;
#2450 = LINE ( 'NONE', #6170, #6784 ) ;
#2451 = EDGE_CURVE ( 'NONE', #3537, #7975, #3616, .T. ) ;
#2452 = VERTEX_POINT ( 'NONE', #25 ) ;
#2453 = ORIENTED_EDGE ( 'NONE', *, *, #1942, .F. ) ;
#2454 = CARTESIAN_POINT ( 'NONE',  ( 9.315821547788321055, 76.42168133893612492, 31.35405421167080675 ) ) ;
#2455 = VECTOR ( 'NONE', #5308, 1000.000000000000000 ) ;
#2456 = CARTESIAN_POINT ( 'NONE',  ( 27.35744302456336641, 62.37263915058023400, 5.235976328880593833 ) ) ;
#2457 = AXIS2_PLACEMENT_3D ( 'NONE', #2578, #7878, #669 ) ;
#2458 = CARTESIAN_POINT ( 'NONE',  ( 21.89174604478033359, 75.60019816584527064, 5.464243041470713713 ) ) ;
#2459 = CARTESIAN_POINT ( 'NONE',  ( 21.99019388260733621, 76.03171233597869616, 5.592648066768331816 ) ) ;
#2460 = ORIENTED_EDGE ( 'NONE', *, *, #5843, .T. ) ;
#2461 = ADVANCED_FACE ( 'NONE', ( #3856 ), #8124, .F. ) ;
#2462 = DIRECTION ( 'NONE',  ( -0.7071067811865486830, -0.7071067811865463515, -0.000000000000000000 ) ) ;
#2463 = CARTESIAN_POINT ( 'NONE',  ( 29.20839284712060291, 69.18661871293424781, 5.624397428233296026 ) ) ;
#2464 = CARTESIAN_POINT ( 'NONE',  ( 27.42690720864680642, 67.00000000000522959, 29.55519325518234197 ) ) ;
#2465 = FACE_OUTER_BOUND ( 'NONE', #3378, .T. ) ;
#2466 = CARTESIAN_POINT ( 'NONE',  ( 14.07568596982052789, 186.9999999999989768, -15.00000000000001066 ) ) ;
#2467 = CARTESIAN_POINT ( 'NONE',  ( -111.3083621342327376, 182.0000000000080433, 2.500000000000052847 ) ) ;
#2468 = ADVANCED_FACE ( 'NONE', ( #644 ), #2630, .F. ) ;
#2469 = CARTESIAN_POINT ( 'NONE',  ( 14.07568596981248632, 76.86202465361215275, 38.40619535438623444 ) ) ;
#2470 = LINE ( 'NONE', #1299, #4797 ) ;
#2471 = ORIENTED_EDGE ( 'NONE', *, *, #5305, .T. ) ;
#2472 = DIRECTION ( 'NONE',  ( -0.7071067811865497932, -0.7071067811865452413, 0.000000000000000000 ) ) ;
#2473 = CARTESIAN_POINT ( 'NONE',  ( 25.88096821522654167, 59.85653467148748774, 30.86440854092436226 ) ) ;
#2474 = LINE ( 'NONE', #6931, #478 ) ;
#2475 =( BOUNDED_SURFACE ( )  B_SPLINE_SURFACE ( 3, 2, ( 
 ( #7903, #4690, #5216 ),
 ( #2232, #319, #237 ),
 ( #278, #7865, #2267 ),
 ( #7220, #5376, #7740 ),
 ( #362, #4725, #2844 ),
 ( #7824, #7092, #7174 ),
 ( #4116, #2109, #4606 ),
 ( #4035, #6517, #4076 ),
 ( #7256, #1555, #1427 ),
 ( #7134, #4644, #5297 ),
 ( #6602, #6641, #1592 ),
 ( #3325, #5932, #804 ),
 ( #928, #1469, #5850 ),
 ( #3988, #3448, #5256 ),
 ( #5340, #5973, #967 ),
 ( #848, #3951, #3492 ),
 ( #6480, #193, #6015 ),
 ( #2150, #2720, #2883 ),
 ( #3369, #5894, #2758 ),
 ( #7781, #1513, #6562 ),
 ( #890, #3407, #2308 ),
 ( #3614, #5460, #3661 ) ),
 .UNSPECIFIED., .F., .F., .T. ) 
 B_SPLINE_SURFACE_WITH_KNOTS ( ( 4, 2, 2, 2, 2, 2, 2, 2, 2, 2, 4 ),
 ( 3, 3 ),
 ( -1.209102262755834545E-15, 0.001558069826924237235, 0.003116139653849683572, 0.004674209480775130127, 0.006232279307700576247, 0.009348418961551469356, 0.01246455861540236160, 0.01558069826925325557, 0.01869683792310414955, 0.02181297757695504352, 0.02492911723080593403 ),
 ( 0.000000000000000000, 1.000000000000000000 ),
 .UNSPECIFIED. ) 
 GEOMETRIC_REPRESENTATION_ITEM ( )  RATIONAL_B_SPLINE_SURFACE ( (
 ( 1.000000000000000000, 0.9047235883038202697, 1.000000000000000000),
 ( 1.000000000000000000, 0.8931953279727501416, 1.000000000000000000),
 ( 1.000000000000000000, 0.8813571486070969074, 1.000000000000000000),
 ( 1.000000000000000000, 0.8583591576837562576, 1.000000000000000000),
 ( 1.000000000000000000, 0.8472059491526319208, 1.000000000000000000),
 ( 1.000000000000000000, 0.8262644353131279873, 1.000000000000000000),
 ( 1.000000000000000000, 0.8164680267718441575, 1.000000000000000000),
 ( 1.000000000000000000, 0.7984166651230558687, 1.000000000000000000),
 ( 1.000000000000000000, 0.7901554338951154444, 1.000000000000000000),
 ( 1.000000000000000000, 0.7675627434345366762, 1.000000000000000000),
 ( 1.000000000000000000, 0.7554226448544707484, 1.000000000000000000),
 ( 1.000000000000000000, 0.7354223254346599070, 1.000000000000000000),
 ( 1.000000000000000000, 0.7277250747243992901, 1.000000000000000000),
 ( 1.000000000000000000, 0.7151818677209971220, 1.000000000000000000),
 ( 1.000000000000000000, 0.7103319942295095446, 1.000000000000000000),
 ( 1.000000000000000000, 0.7023623965490518595, 1.000000000000000000),
 ( 1.000000000000000000, 0.6992431681555538736, 1.000000000000000000),
 ( 1.000000000000000000, 0.6942285759324983152, 1.000000000000000000),
 ( 1.000000000000000000, 0.6923058596752681426, 1.000000000000000000),
 ( 1.000000000000000000, 0.6891706566069738527, 1.000000000000000000),
 ( 1.000000000000000000, 0.6879648219720222446, 1.000000000000000000),
 ( 1.000000000000000000, 0.6869877978877519942, 1.000000000000000000) ) ) 
 REPRESENTATION_ITEM ( '' )  SURFACE ( )  );
#2476 = LINE ( 'NONE', #3629, #549 ) ;
#2477 = DIRECTION ( 'NONE',  ( 0.7071067811865427988, 0.7071067811865521247, 0.000000000000000000 ) ) ;
#2478 = CARTESIAN_POINT ( 'NONE',  ( 28.60376437795422078, 68.80369080325634457, 5.976403979492424412 ) ) ;
#2479 = ORIENTED_EDGE ( 'NONE', *, *, #367, .F. ) ;
#2480 = VERTEX_POINT ( 'NONE', #4440 ) ;
#2481 = ADVANCED_FACE ( 'NONE', ( #723 ), #1302, .F. ) ;
#2482 = ORIENTED_EDGE ( 'NONE', *, *, #1118, .F. ) ;
#2483 = DIRECTION ( 'NONE',  ( -3.725711477417110054E-26, -5.065392549852279745E-13, 1.000000000000000000 ) ) ;
#2484 = ADVANCED_FACE ( 'NONE', ( #2014 ), #5602, .F. ) ;
#2485 = CARTESIAN_POINT ( 'NONE',  ( 19.07568596982382658, 181.9999999999986073, 26.49999999999998579 ) ) ;
#2486 = DIRECTION ( 'NONE',  ( 0.000000000000000000, 0.000000000000000000, 1.000000000000000000 ) ) ;
#2487 = CARTESIAN_POINT ( 'NONE',  ( 15.70746884593736858, 66.16332737278224840, 40.16457159846508063 ) ) ;
#2488 = ORIENTED_EDGE ( 'NONE', *, *, #4963, .F. ) ;
#2489 = FACE_OUTER_BOUND ( 'NONE', #2887, .T. ) ;
#2490 = EDGE_CURVE ( 'NONE', #1395, #6649, #498, .T. ) ;
#2491 = CARTESIAN_POINT ( 'NONE',  ( 30.82697020966697821, 58.68577964716315165, 14.97788691378317694 ) ) ;
#2492 = CARTESIAN_POINT ( 'NONE',  ( 26.41517241638810276, 59.32233047033628281, 23.74999999999996447 ) ) ;
#2493 = CARTESIAN_POINT ( 'NONE',  ( 27.90296208672278411, 69.17749168764220258, 29.83407140566702509 ) ) ;
#2494 = CARTESIAN_POINT ( 'NONE',  ( 21.82817493181311974, 75.91594192601465352, 6.033526044524787579 ) ) ;
#2495 = CARTESIAN_POINT ( 'NONE',  ( 31.05684300522380070, 54.68065988150057422, 20.52572890164286790 ) ) ;
#2496 = CARTESIAN_POINT ( 'NONE',  ( 21.89184451027636058, 75.60106401791335884, 5.464535797981342036 ) ) ;
#2497 = EDGE_LOOP ( 'NONE', ( #4211, #4604, #6069, #7218 ) ) ;
#2498 = DIRECTION ( 'NONE',  ( 1.000000000000000000, -7.304689455032545322E-14, -1.850371707708594316E-16 ) ) ;
#2499 = CARTESIAN_POINT ( 'NONE',  ( 8.737502886724445972, 77.00000000000000000, 30.99237163561197761 ) ) ;
#2500 = VECTOR ( 'NONE', #5424, 1000.000000000000000 ) ;
#2501 = AXIS2_PLACEMENT_3D ( 'NONE', #4594, #1499, #4023 ) ;
#2502 = CARTESIAN_POINT ( 'NONE',  ( 22.67223418152102354, 64.24068956017096355, -0.001478802016369198512 ) ) ;
#2503 = CARTESIAN_POINT ( 'NONE',  ( 31.05684641507490085, 54.68064450179909386, 20.43773117870157208 ) ) ;
#2504 = DIRECTION ( 'NONE',  ( -0.7071067811864919506, 0.7071067811866031949, 2.616820764472943738E-16 ) ) ;
#2505 = ORIENTED_EDGE ( 'NONE', *, *, #5536, .F. ) ;
#2506 = DIRECTION ( 'NONE',  ( 1.000000000000000000, -7.304689455032545322E-14, -0.000000000000000000 ) ) ;
#2507 = DIRECTION ( 'NONE',  ( 0.000000000000000000, 0.000000000000000000, 1.000000000000000000 ) ) ;
#2508 = CARTESIAN_POINT ( 'NONE',  ( 33.17236529535721701, 64.09639633973090156, 21.28348977888400029 ) ) ;
#2509 = EDGE_CURVE ( 'NONE', #5106, #1482, #5013, .T. ) ;
#2510 = SURFACE_STYLE_USAGE ( .BOTH. , #6967 ) ;
#2511 = AXIS2_PLACEMENT_3D ( 'NONE', #5858, #247, #7835 ) ;
#2512 = CARTESIAN_POINT ( 'NONE',  ( 13.49256375820597142, 75.44482582750381994, 35.87170563244728072 ) ) ;
#2513 = CARTESIAN_POINT ( 'NONE',  ( 22.07568596981358766, 91.99999999999840838, -17.50000000000000711 ) ) ;
#2514 = AXIS2_PLACEMENT_3D ( 'NONE', #6892, #1189, #3587 ) ;
#2515 = ORIENTED_EDGE ( 'NONE', *, *, #8042, .T. ) ;
#2516 = EDGE_LOOP ( 'NONE', ( #381, #4767, #4906, #1363 ) ) ;
#2517 = LINE ( 'NONE', #1982, #6791 ) ;
#2518 = EDGE_CURVE ( 'NONE', #3531, #4950, #4643, .T. ) ;
#2519 = EDGE_LOOP ( 'NONE', ( #2560, #7736 ) ) ;
#2520 = DIRECTION ( 'NONE',  ( 0.7071067811865440200, -0.7071067811865510144, 9.251858538542928046E-15 ) ) ;
#2521 = CYLINDRICAL_SURFACE ( 'NONE', #2919, 12.49999999999999467 ) ;
#2522 = AXIS2_PLACEMENT_3D ( 'NONE', #6652, #7267, #5350 ) ;
#2523 = CARTESIAN_POINT ( 'NONE',  ( 19.07568596981395359, 97.00000000000115108, 26.79289321881513430 ) ) ;
#2524 = CARTESIAN_POINT ( 'NONE',  ( 15.70168850443474895, 66.17084154608973279, 40.03947666597806432 ) ) ;
#2525 = ORIENTED_EDGE ( 'NONE', *, *, #4296, .T. ) ;
#2526 = VERTEX_POINT ( 'NONE', #1591 ) ;
#2527 = EDGE_CURVE ( 'NONE', #4629, #3251, #4075, .T. ) ;
#2528 = DIRECTION ( 'NONE',  ( -0.7071067811865485719, -0.7071067811865464625, 0.000000000000000000 ) ) ;
#2529 = CARTESIAN_POINT ( 'NONE',  ( 27.17409373762770031, 61.80035075125210398, 5.174337841028830987 ) ) ;
#2530 = DIRECTION ( 'NONE',  ( 0.7071067811865485719, 0.7071067811865464625, 0.000000000000000000 ) ) ;
#2531 = CARTESIAN_POINT ( 'NONE',  ( 21.77069613911438850, 75.73347775270683258, 5.995566945737691000 ) ) ;
#2532 = CARTESIAN_POINT ( 'NONE',  ( 31.05683955907533189, 54.68066332764905724, 20.61305261451656179 ) ) ;
#2533 = EDGE_CURVE ( 'NONE', #5541, #2933, #7561, .T. ) ;
#2534 = CARTESIAN_POINT ( 'NONE',  ( 21.94200641372441751, 75.28506720648344697, 5.333634282160716999 ) ) ;
#2535 = EDGE_LOOP ( 'NONE', ( #7988, #734, #5730, #5315 ) ) ;
#2536 = CARTESIAN_POINT ( 'NONE',  ( 28.22166032008860270, 68.99613976858105957, 5.327153236068915554 ) ) ;
#2537 = CARTESIAN_POINT ( 'NONE',  ( 38.00418813729316980, 66.99999999999721467, 26.68714006842448683 ) ) ;
#2538 = CARTESIAN_POINT ( 'NONE',  ( 9.330997470308938446, 77.00000000000000000, 31.27651994381196232 ) ) ;
#2539 = CARTESIAN_POINT ( 'NONE',  ( 14.89786935503755849, 65.78830144347274711, -5.990751190280447780 ) ) ;
#2540 = EDGE_CURVE ( 'NONE', #1632, #6487, #7172, .T. ) ;
#2541 = CARTESIAN_POINT ( 'NONE',  ( 36.13789065770314579, 69.04504871165130453, 16.25000000000000711 ) ) ;
#2542 = DIRECTION ( 'NONE',  ( 1.000000000000000000, -7.304689455032544060E-14, -3.700743415417188139E-16 ) ) ;
#2543 = DIRECTION ( 'NONE',  ( 0.000000000000000000, 0.000000000000000000, 1.000000000000000000 ) ) ;
#2544 = ORIENTED_EDGE ( 'NONE', *, *, #3137, .T. ) ;
#2545 = B_SPLINE_CURVE_WITH_KNOTS ( 'NONE', 3,
 ( #5081, #7609, #8112, #6304 ),
 .UNSPECIFIED., .F., .F.,
 ( 4, 4 ),
 ( 0.000000000000000000, 1.000000000000000000 ),
 .UNSPECIFIED. ) ;
#2546 = FACE_OUTER_BOUND ( 'NONE', #6477, .T. ) ;
#2547 = CARTESIAN_POINT ( 'NONE',  ( 24.96586097589839781, 66.70467483303987422, 38.23430908267572903 ) ) ;
#2548 = DIRECTION ( 'NONE',  ( -0.7071067811865464625, 0.7071067811865485719, 0.000000000000000000 ) ) ;
#2549 = AXIS2_PLACEMENT_3D ( 'NONE', #2058, #5839, #6347 ) ;
#2550 = B_SPLINE_CURVE_WITH_KNOTS ( 'NONE', 3,
 ( #4118, #2234, #7259, #1596 ),
 .UNSPECIFIED., .F., .F.,
 ( 4, 4 ),
 ( 0.007281436503722254518, 0.009857027064457114102 ),
 .UNSPECIFIED. ) ;
#2551 = CARTESIAN_POINT ( 'NONE',  ( 69.07568596981211329, 71.99999999999496936, -17.50000000000000711 ) ) ;
#2552 = CARTESIAN_POINT ( 'NONE',  ( 31.64713290776776589, 61.41681896098683069, 19.46109115669565881 ) ) ;
#2553 = CARTESIAN_POINT ( 'NONE',  ( 28.66581284049932421, 68.81579671938051490, 5.991311086384937035 ) ) ;
#2554 = CIRCLE ( 'NONE', #2976, 2.500000000000002220 ) ;
#2555 = EDGE_CURVE ( 'NONE', #1445, #6495, #7959, .T. ) ;
#2556 = VECTOR ( 'NONE', #299, 1000.000000000000000 ) ;
#2557 = ORIENTED_EDGE ( 'NONE', *, *, #7258, .T. ) ;
#2558 = ORIENTED_EDGE ( 'NONE', *, *, #4098, .F. ) ;
#2559 = FACE_OUTER_BOUND ( 'NONE', #1505, .T. ) ;
#2560 = ORIENTED_EDGE ( 'NONE', *, *, #892, .T. ) ;
#2561 = CARTESIAN_POINT ( 'NONE',  ( 22.18476902131938289, 76.30513051086400367, 29.37560168247149051 ) ) ;
#2562 = CIRCLE ( 'NONE', #5176, 0.7499999999999924505 ) ;
#2563 = AXIS2_PLACEMENT_3D ( 'NONE', #5888, #7774, #4599 ) ;
#2564 = DIRECTION ( 'NONE',  ( 0.000000000000000000, 0.000000000000000000, -1.000000000000000000 ) ) ;
#2565 = EDGE_CURVE ( 'NONE', #2260, #5021, #6601, .T. ) ;
#2566 = EDGE_CURVE ( 'NONE', #7797, #484, #8097, .T. ) ;
#2567 = DIRECTION ( 'NONE',  ( 0.000000000000000000, 0.000000000000000000, 1.000000000000000000 ) ) ;
#2568 = CARTESIAN_POINT ( 'NONE',  ( 24.64790269488705832, 65.66327446736445950, 35.87516142004487563 ) ) ;
#2569 = ORIENTED_EDGE ( 'NONE', *, *, #4488, .T. ) ;
#2570 = ORIENTED_EDGE ( 'NONE', *, *, #1776, .T. ) ;
#2571 = CIRCLE ( 'NONE', #2965, 0.7499999999999924505 ) ;
#2572 = DIRECTION ( 'NONE',  ( -7.320533068622127201E-14, -1.000000000000000000, 1.269910057080334201E-29 ) ) ;
#2573 = AXIS2_PLACEMENT_3D ( 'NONE', #1607, #4128, #6656 ) ;
#2574 = ORIENTED_EDGE ( 'NONE', *, *, #5956, .F. ) ;
#2575 = CARTESIAN_POINT ( 'NONE',  ( 28.01502939088359767, 69.09533307972080252, 29.77371524844310358 ) ) ;
#2576 = CARTESIAN_POINT ( 'NONE',  ( 21.80600087308080859, 75.85593652191921876, 6.021951217776754461 ) ) ;
#2577 = CARTESIAN_POINT ( 'NONE',  ( 18.78279275100420165, 97.49999999999965894, 7.499999999999986677 ) ) ;
#2578 = CARTESIAN_POINT ( 'NONE',  ( 21.46542494808229762, 82.65685424949234061, 16.25000000000000711 ) ) ;
#2579 = CARTESIAN_POINT ( 'NONE',  ( 21.99958834535982177, 75.14652735915242943, 5.267849818883173718 ) ) ;
#2580 = VERTEX_POINT ( 'NONE', #4605 ) ;
#2581 = FACE_OUTER_BOUND ( 'NONE', #2915, .T. ) ;
#2582 = DIRECTION ( 'NONE',  ( -1.000000000000000000, 0.000000000000000000, 0.000000000000000000 ) ) ;
#2583 = EDGE_CURVE ( 'NONE', #6020, #4732, #2760, .T. ) ;
#2584 = CARTESIAN_POINT ( 'NONE',  ( 15.58930153130257246, 66.05280713836603468, -5.762304264248871100 ) ) ;
#2585 = EDGE_CURVE ( 'NONE', #6527, #4580, #2064, .T. ) ;
#2586 = CARTESIAN_POINT ( 'NONE',  ( 22.18476902131942197, 74.89091694849088299, -3.956439237389593355 ) ) ;
#2587 = DIRECTION ( 'NONE',  ( 7.304689455032545322E-14, 1.000000000000000000, -0.000000000000000000 ) ) ;
#2588 = CARTESIAN_POINT ( 'NONE',  ( 34.72367709533005353, 66.57017497749836821, 18.74999999999996803 ) ) ;
#2589 = CARTESIAN_POINT ( 'NONE',  ( 21.74522480044808148, 75.60995173948276715, 5.966245333885080271 ) ) ;
#2590 = VERTEX_POINT ( 'NONE', #4689 ) ;
#2591 = DIRECTION ( 'NONE',  ( -0.7071067811865451302, -0.7071067811865497932, 0.000000000000000000 ) ) ;
#2592 = CIRCLE ( 'NONE', #2334, 0.7499999999999972244 ) ;
#2593 = CARTESIAN_POINT ( 'NONE',  ( 25.04888384612045016, 66.43132414563905286, 37.30291636597445404 ) ) ;
#2594 = FACE_OUTER_BOUND ( 'NONE', #4976, .T. ) ;
#2595 = FILL_AREA_STYLE ('',( #728 ) ) ;
#2596 = CARTESIAN_POINT ( 'NONE',  ( 31.34436816184112828, 60.74051102118999523, 25.64771939432803904 ) ) ;
#2597 = LINE ( 'NONE', #5095, #6567 ) ;
#2598 = AXIS2_PLACEMENT_3D ( 'NONE', #4223, #1747, #4264 ) ;
#2599 = ORIENTED_EDGE ( 'NONE', *, *, #4992, .T. ) ;
#2600 = DIRECTION ( 'NONE',  ( -0.7071067811865465735, 0.7071067811865483499, -0.000000000000000000 ) ) ;
#2601 = VERTEX_POINT ( 'NONE', #7091 ) ;
#2602 = LINE ( 'NONE', #5100, #4162 ) ;
#2603 = DIRECTION ( 'NONE',  ( 0.7071067811865486830, 0.7071067811865464625, 0.000000000000000000 ) ) ;
#2604 = EDGE_CURVE ( 'NONE', #257, #6972, #6561, .T. ) ;
#2605 = CARTESIAN_POINT ( 'NONE',  ( 14.07568596981248454, 76.87626146275592021, 38.68408815432377423 ) ) ;
#2606 = LINE ( 'NONE', #4001, #7762 ) ;
#2607 = CARTESIAN_POINT ( 'NONE',  ( 48.07568596981177222, 66.99999999999647571, -7.500000000000007105 ) ) ;
#2608 = ORIENTED_EDGE ( 'NONE', *, *, #2710, .F. ) ;
#2609 = EDGE_LOOP ( 'NONE', ( #7516, #4740, #4140, #2114 ) ) ;
#2610 = FACE_OUTER_BOUND ( 'NONE', #4059, .T. ) ;
#2611 = ORIENTED_EDGE ( 'NONE', *, *, #3083, .T. ) ;
#2612 = EDGE_CURVE ( 'NONE', #2807, #4830, #2943, .T. ) ;
#2613 = EDGE_CURVE ( 'NONE', #3556, #4629, #5215, .T. ) ;
#2614 = CARTESIAN_POINT ( 'NONE',  ( 69.07568596981175801, 66.99999999999495515, -15.00000000000001066 ) ) ;
#2615 = CARTESIAN_POINT ( 'NONE',  ( 16.57568596982382658, 232.0624609862507839, -7.500000000000012434 ) ) ;
#2616 = LINE ( 'NONE', #291, #7335 ) ;
#2617 = CARTESIAN_POINT ( 'NONE',  ( 21.96754038664309761, 75.21643622095044179, 5.301685970709688611 ) ) ;
#2618 = VERTEX_POINT ( 'NONE', #5893 ) ;
#2619 = DIRECTION ( 'NONE',  ( -1.000000000000000000, 7.304689455032545322E-14, 0.000000000000000000 ) ) ;
#2620 = ORIENTED_EDGE ( 'NONE', *, *, #7801, .T. ) ;
#2621 = CARTESIAN_POINT ( 'NONE',  ( 38.17922387720528832, 66.99999999999721467, 26.19510446976341100 ) ) ;
#2622 = FACE_OUTER_BOUND ( 'NONE', #6367, .T. ) ;
#2623 = EDGE_CURVE ( 'NONE', #7962, #1653, #4115, .T. ) ;
#2624 = DIRECTION ( 'NONE',  ( 1.864545504578932314E-14, 0.2552532200112023753, -0.9668742388097392171 ) ) ;
#2625 = CARTESIAN_POINT ( 'NONE',  ( 28.21882933567010454, 68.99661362027701728, 5.325967184218908024 ) ) ;
#2626 = DIRECTION ( 'NONE',  ( -0.7071067811865497932, -0.7071067811865452413, -0.000000000000000000 ) ) ;
#2627 = DIRECTION ( 'NONE',  ( -4.906538933386813019E-16, -4.906538933386797242E-16, 1.000000000000000000 ) ) ;
#2628 = CARTESIAN_POINT ( 'NONE',  ( 9.315821547788321055, 76.42168133893612492, 31.35405421167080675 ) ) ;
#2629 = ORIENTED_EDGE ( 'NONE', *, *, #4389, .T. ) ;
#2630 = CYLINDRICAL_SURFACE ( 'NONE', #3480, 1.250000000000028866 ) ;
#2631 = CARTESIAN_POINT ( 'NONE',  ( 24.90110770110887017, 66.77223822882127990, 38.54841982257260469 ) ) ;
#2632 = CARTESIAN_POINT ( 'NONE',  ( 21.77120492621219583, 75.73562336828986474, 29.00394111317400458 ) ) ;
#2633 = SPHERICAL_SURFACE ( 'NONE', #7592, 0.7500000000000000000 ) ;
#2634 = FACE_OUTER_BOUND ( 'NONE', #873, .T. ) ;
#2635 = AXIS2_PLACEMENT_3D ( 'NONE', #8122, #1765, #3739 ) ;
#2636 = FACE_OUTER_BOUND ( 'NONE', #7366, .T. ) ;
#2637 = ADVANCED_FACE ( 'NONE', ( #5931 ), #6913, .F. ) ;
#2638 = ORIENTED_EDGE ( 'NONE', *, *, #3428, .F. ) ;
#2639 = LINE ( 'NONE', #5729, #182 ) ;
#2640 = ORIENTED_EDGE ( 'NONE', *, *, #4389, .F. ) ;
#2641 = DIRECTION ( 'NONE',  ( -0.7071067811865463515, -0.7071067811865486830, 0.000000000000000000 ) ) ;
#2642 = CARTESIAN_POINT ( 'NONE',  ( 31.01358775626852093, 54.72391513045584333, 13.45950092841812484 ) ) ;
#2643 = EDGE_CURVE ( 'NONE', #5981, #5105, #3872, .T. ) ;
#2644 = CARTESIAN_POINT ( 'NONE',  ( 26.41517241638811342, 59.32233047033627571, 16.25000000000000711 ) ) ;
#2645 = CIRCLE ( 'NONE', #407, 0.7500000000000006661 ) ;
#2646 = VERTEX_POINT ( 'NONE', #5339 ) ;
#2647 = EDGE_LOOP ( 'NONE', ( #4420, #200, #7108, #8019, #488, #7921, #6807, #7313, #7789, #6936 ) ) ;
#2648 = DIRECTION ( 'NONE',  ( -0.7071067811865486830, -0.7071067811865463515, -0.000000000000000000 ) ) ;
#2649 = ORIENTED_EDGE ( 'NONE', *, *, #2089, .F. ) ;
#2650 = DIRECTION ( 'NONE',  ( -0.7071067811865427988, 0.7071067811865521247, 0.000000000000000000 ) ) ;
#2651 = AXIS2_PLACEMENT_3D ( 'NONE', #3024, #7360, #7438 ) ;
#2652 = CYLINDRICAL_SURFACE ( 'NONE', #5783, 0.9999999999999964473 ) ;
#2653 = CARTESIAN_POINT ( 'NONE',  ( 12.27303679265717307, 73.46446609406726225, 13.75000000000001066 ) ) ;
#2654 = CYLINDRICAL_SURFACE ( 'NONE', #3505, 0.9999999999999974465 ) ;
#2655 = CARTESIAN_POINT ( 'NONE',  ( 22.02230743995257356, 75.10381622367708587, 5.246536957994475614 ) ) ;
#2656 = VERTEX_POINT ( 'NONE', #7864 ) ;
#2657 = DIRECTION ( 'NONE',  ( -0.7071067811865474617, 5.165195448115378902E-14, -0.7071067811865474617 ) ) ;
#2658 = ORIENTED_EDGE ( 'NONE', *, *, #2788, .T. ) ;
#2659 = ADVANCED_FACE ( 'NONE', ( #5255 ), #7780, .T. ) ;
#2660 = CARTESIAN_POINT ( 'NONE',  ( 30.20598253391002075, 66.99999999999783995, 27.13152034445477057 ) ) ;
#2661 = CARTESIAN_POINT ( 'NONE',  ( 31.18814318939730512, 64.09530124334547452, 21.24999999999996447 ) ) ;
#2662 = CARTESIAN_POINT ( 'NONE',  ( 19.42923936041093214, 97.49999999999961631, 6.853553390593256189 ) ) ;
#2663 = CARTESIAN_POINT ( 'NONE',  ( 28.50272231962781788, 68.94170404853400669, 5.446136228551814895 ) ) ;
#2664 = CARTESIAN_POINT ( 'NONE',  ( 15.80857069858991970, 69.92893218813452449, 6.000000000000007994 ) ) ;
#2665 = DIRECTION ( 'NONE',  ( 6.938893903907222067E-14, 1.000000000000000000, 0.000000000000000000 ) ) ;
#2666 = CARTESIAN_POINT ( 'NONE',  ( 31.05755777462105272, 54.67793219301399432, 20.52566336963316829 ) ) ;
#2667 = DIRECTION ( 'NONE',  ( 0.7071067811865486830, 0.7071067811865464625, -0.000000000000000000 ) ) ;
#2668 = EDGE_CURVE ( 'NONE', #7694, #6403, #1468, .T. ) ;
#2669 = ORIENTED_EDGE ( 'NONE', *, *, #5270, .F. ) ;
#2670 = ORIENTED_EDGE ( 'NONE', *, *, #1207, .T. ) ;
#2671 = CARTESIAN_POINT ( 'NONE',  ( 18.42923936041072963, 94.76393202249990111, 27.85355339059325885 ) ) ;
#2672 = CARTESIAN_POINT ( 'NONE',  ( 23.70801402231633048, 64.86280481456877567, 35.20999141429074797 ) ) ;
#2673 = CARTESIAN_POINT ( 'NONE',  ( 21.73804855791860646, 75.36555804922819846, 29.10235607075325248 ) ) ;
#2674 = AXIS2_PLACEMENT_3D ( 'NONE', #2923, #2313, #7345 ) ;
#2675 = LINE ( 'NONE', #2551, #868 ) ;
#2676 = CARTESIAN_POINT ( 'NONE',  ( 31.86400750681860572, 61.88669269348734758, 25.45032098175692425 ) ) ;
#2677 = EDGE_CURVE ( 'NONE', #6513, #5247, #4009, .T. ) ;
#2678 = CARTESIAN_POINT ( 'NONE',  ( 36.13789065770314579, 69.04504871165130453, 18.74999999999996803 ) ) ;
#2679 = ORIENTED_EDGE ( 'NONE', *, *, #4541, .F. ) ;
#2680 = AXIS2_PLACEMENT_3D ( 'NONE', #6342, #7035, #6303 ) ;
#2681 = DIRECTION ( 'NONE',  ( -1.000000000000000000, 7.304689455032545322E-14, 0.000000000000000000 ) ) ;
#2682 = ORIENTED_EDGE ( 'NONE', *, *, #224, .T. ) ;
#2683 = DIRECTION ( 'NONE',  ( -1.000000000000000000, 0.000000000000000000, 0.000000000000000000 ) ) ;
#2684 = CARTESIAN_POINT ( 'NONE',  ( 21.86933510674123227, 63.86816777998316752, 0.01885410231556725047 ) ) ;
#2685 = EDGE_CURVE ( 'NONE', #1780, #1154, #5411, .T. ) ;
#2686 = CARTESIAN_POINT ( 'NONE',  ( 104.5131961460721044, 151.5624898237509797, 17.50000000000000711 ) ) ;
#2687 = DIRECTION ( 'NONE',  ( 0.7071067811865451302, 0.7071067811865497932, 0.000000000000000000 ) ) ;
#2688 = CIRCLE ( 'NONE', #4782, 0.7499999999999924505 ) ;
#2689 = CIRCLE ( 'NONE', #7339, 2.500000000000002220 ) ;
#2690 = AXIS2_PLACEMENT_3D ( 'NONE', #4787, #2130, #3389 ) ;
#2691 = DIRECTION ( 'NONE',  ( 0.000000000000000000, 1.000000000000000000, 0.000000000000000000 ) ) ;
#2692 = ORIENTED_EDGE ( 'NONE', *, *, #298, .F. ) ;
#2693 = ORIENTED_EDGE ( 'NONE', *, *, #4881, .F. ) ;
#2694 = ORIENTED_EDGE ( 'NONE', *, *, #1959, .F. ) ;
#2695 = VECTOR ( 'NONE', #106, 999.9999999999998863 ) ;
#2696 = EDGE_CURVE ( 'NONE', #6149, #7717, #6389, .T. ) ;
#2697 = FACE_OUTER_BOUND ( 'NONE', #1464, .T. ) ;
#2698 = LINE ( 'NONE', #5873, #829 ) ;
#2699 = ORIENTED_EDGE ( 'NONE', *, *, #780, .F. ) ;
#2700 = AXIS2_PLACEMENT_3D ( 'NONE', #7565, #3811, #3117 ) ;
#2701 = AXIS2_PLACEMENT_3D ( 'NONE', #1720, #1053, #3010 ) ;
#2702 = DIRECTION ( 'NONE',  ( -1.000000000000000000, 7.317379025938529564E-14, -0.000000000000000000 ) ) ;
#2703 = EDGE_LOOP ( 'NONE', ( #2211, #2170, #630, #2670, #401 ) ) ;
#2704 = ORIENTED_EDGE ( 'NONE', *, *, #1085, .F. ) ;
#2705 = CARTESIAN_POINT ( 'NONE',  ( 19.07568596981395714, 96.99999999999964473, -7.500000000000012434 ) ) ;
#2706 = CARTESIAN_POINT ( 'NONE',  ( 32.02177413418404939, 71.99999999999768363, 37.95643923738961689 ) ) ;
#2707 = LINE ( 'NONE', #792, #2770 ) ;
#2708 = CARTESIAN_POINT ( 'NONE',  ( 28.40609277230837293, 68.95086207308250437, 5.407638214760500439 ) ) ;
#2709 = DIRECTION ( 'NONE',  ( 7.216449660063518775E-14, 1.000000000000000000, 0.000000000000000000 ) ) ;
#2710 = EDGE_CURVE ( 'NONE', #2858, #3095, #2447, .T. ) ;
#2711 = VECTOR ( 'NONE', #3162, 1000.000000000000000 ) ;
#2712 = DIRECTION ( 'NONE',  ( 1.000000000000000000, -7.304689455032545322E-14, -0.000000000000000000 ) ) ;
#2713 = PLANE ( 'NONE',  #3606 ) ;
#2714 = CARTESIAN_POINT ( 'NONE',  ( 30.65781310350739020, 63.56497115745555959, 21.24999999999996447 ) ) ;
#2715 = ORIENTED_EDGE ( 'NONE', *, *, #739, .T. ) ;
#2716 = VERTEX_POINT ( 'NONE', #491 ) ;
#2717 = EDGE_LOOP ( 'NONE', ( #1728, #6724 ) ) ;
#2718 = DIRECTION ( 'NONE',  ( 0.7071067811865499042, 0.7071067811865451302, 0.000000000000000000 ) ) ;
#2719 = AXIS2_PLACEMENT_3D ( 'NONE', #159, #2026, #4530 ) ;
#2720 = CARTESIAN_POINT ( 'NONE',  ( 24.07706022869776064, 66.99999999999091926, 3.214087114893274588 ) ) ;
#2721 = CARTESIAN_POINT ( 'NONE',  ( 22.01360375145332071, 76.07648329126180897, 29.39879223587950463 ) ) ;
#2722 = PLANE ( 'NONE',  #1664 ) ;
#2723 = AXIS2_PLACEMENT_3D ( 'NONE', #2577, #4306, #1166 ) ;
#2724 = CARTESIAN_POINT ( 'NONE',  ( 24.07568596981213105, 71.99999999999825206, -15.00000000000001066 ) ) ;
#2725 = AXIS2_PLACEMENT_3D ( 'NONE', #4037, #6482, #4609 ) ;
#2726 = VERTEX_POINT ( 'NONE', #4851 ) ;
#2727 = DIRECTION ( 'NONE',  ( -1.000000000000000000, 7.304689455032544060E-14, 0.000000000000000000 ) ) ;
#2728 = EDGE_LOOP ( 'NONE', ( #4898, #7756, #7033 ) ) ;
#2729 = CARTESIAN_POINT ( 'NONE',  ( 69.07568596982032716, 184.4999999999949409, -10.00000000000000711 ) ) ;
#2730 = DIRECTION ( 'NONE',  ( -0.000000000000000000, -0.000000000000000000, -1.000000000000000000 ) ) ;
#2731 = LINE ( 'NONE', #3382, #1197 ) ;
#2732 = DIRECTION ( 'NONE',  ( -1.000000000000000000, 7.304689455032545322E-14, 0.000000000000000000 ) ) ;
#2733 = FACE_OUTER_BOUND ( 'NONE', #4007, .T. ) ;
#2734 = EDGE_CURVE ( 'NONE', #4033, #3802, #1573, .T. ) ;
#2735 = ORIENTED_EDGE ( 'NONE', *, *, #2604, .F. ) ;
#2736 = ORIENTED_EDGE ( 'NONE', *, *, #862, .F. ) ;
#2737 = EDGE_LOOP ( 'NONE', ( #5777, #1510 ) ) ;
#2738 = LINE ( 'NONE', #5234, #1437 ) ;
#2739 = DIRECTION ( 'NONE',  ( -0.7071067811865467956, 0.7071067811865483499, 0.000000000000000000 ) ) ;
#2740 =( BOUNDED_CURVE ( )  B_SPLINE_CURVE ( 3, ( #676, #2008, #1421, #2586 ),
 .UNSPECIFIED., .F., .F. ) 
 B_SPLINE_CURVE_WITH_KNOTS ( ( 4, 4 ),
 ( 1.570796326794898334, 3.141592653589778905 ),
 .UNSPECIFIED. ) 
 CURVE ( )  GEOMETRIC_REPRESENTATION_ITEM ( )  RATIONAL_B_SPLINE_CURVE ( ( 1.000000000000000000, 0.8047378541243688232, 0.8047378541243688232, 1.000000000000000000 ) ) 
 REPRESENTATION_ITEM ( '' )  );
#2741 = CARTESIAN_POINT ( 'NONE',  ( 22.87963851045537567, 62.85786437626904188, 32.00000000000000711 ) ) ;
#2742 = FACE_OUTER_BOUND ( 'NONE', #2866, .T. ) ;
#2743 = ADVANCED_FACE ( 'NONE', ( #1677 ), #6184, .F. ) ;
#2744 = ORIENTED_EDGE ( 'NONE', *, *, #5223, .F. ) ;
#2745 = DIRECTION ( 'NONE',  ( 0.7071067811865451302, 0.7071067811865497932, 0.000000000000000000 ) ) ;
#2746 = B_SPLINE_CURVE_WITH_KNOTS ( 'NONE', 3,
 ( #1986, #6449, #4453, #7594, #1356, #1952, #7751, #2122, #3875, #6978, #1318, #6407, #3834, #738 ),
 .UNSPECIFIED., .F., .F.,
 ( 4, 2, 2, 2, 2, 2, 4 ),
 ( 8.673617379884035472E-18, 0.002307034612200568359, 0.003460551918300854707, 0.004614069224401141055, 0.005767586530501428270, 0.006921103836601713750, 0.009228138448802269966 ),
 .UNSPECIFIED. ) ;
#2747 = CARTESIAN_POINT ( 'NONE',  ( 27.84162327081178390, 69.23406269899849974, 28.95643923738961334 ) ) ;
#2748 = CARTESIAN_POINT ( 'NONE',  ( 19.07568596982382658, 181.9999999999986073, 42.49999999999999289 ) ) ;
#2749 = LINE ( 'NONE', #1419, #2349 ) ;
#2750 = CARTESIAN_POINT ( 'NONE',  ( 34.72367709533005353, 66.57017497749836821, 18.74999999999996803 ) ) ;
#2751 = EDGE_LOOP ( 'NONE', ( #3385, #2325, #3591, #1956, #758, #4027, #936, #411, #2228, #7489 ) ) ;
#2752 = LINE ( 'NONE', #3903, #5992 ) ;
#2753 = CARTESIAN_POINT ( 'NONE',  ( 24.50825003059700080, 66.94500509455677673, -4.771762408150717505 ) ) ;
#2754 = ORIENTED_EDGE ( 'NONE', *, *, #2565, .T. ) ;
#2755 = ORIENTED_EDGE ( 'NONE', *, *, #5975, .F. ) ;
#2756 = ORIENTED_EDGE ( 'NONE', *, *, #1417, .F. ) ;
#2757 = CARTESIAN_POINT ( 'NONE',  ( 25.01319614606557806, 72.06248982374469847, 17.50000000000000711 ) ) ;
#2758 = CARTESIAN_POINT ( 'NONE',  ( 23.67263379750625063, 58.66855913546252310, 2.620172299638872104 ) ) ;
#2759 = CARTESIAN_POINT ( 'NONE',  ( 21.94048775140666407, 75.90778381664507890, 29.43676120918680539 ) ) ;
#2760 = B_SPLINE_CURVE_WITH_KNOTS ( 'NONE', 3,
 ( #3447, #2799, #236, #889 ),
 .UNSPECIFIED., .F., .F.,
 ( 4, 4 ),
 ( 0.000000000000000000, 1.000000000000000000 ),
 .UNSPECIFIED. ) ;
#2761 = CARTESIAN_POINT ( 'NONE',  ( 16.70394629130298014, 69.03355659542145872, -2.739526025584733571 ) ) ;
#2762 = EDGE_CURVE ( 'NONE', #5106, #8064, #4157, .T. ) ;
#2763 = ORIENTED_EDGE ( 'NONE', *, *, #1725, .F. ) ;
#2764 = EDGE_CURVE ( 'NONE', #942, #5224, #4195, .T. ) ;
#2765 = CARTESIAN_POINT ( 'NONE',  ( 27.78055389463495217, 68.94620933614181979, 29.28735827113178303 ) ) ;
#2766 = VERTEX_POINT ( 'NONE', #2387 ) ;
#2767 = CARTESIAN_POINT ( 'NONE',  ( 30.83710080701698431, 58.72699306140959408, 14.98606689476830667 ) ) ;
#2768 = CARTESIAN_POINT ( 'NONE',  ( 22.07568596982034848, 184.4999999999983800, 45.00000000000000711 ) ) ;
#2769 = AXIS2_PLACEMENT_3D ( 'NONE', #5817, #4049, #5985 ) ;
#2770 = VECTOR ( 'NONE', #877, 1000.000000000000000 ) ;
#2771 = CARTESIAN_POINT ( 'NONE',  ( 8.734285453510874930, 77.00338280856963991, 30.99024350307341891 ) ) ;
#2772 = CARTESIAN_POINT ( 'NONE',  ( 24.07568596981249698, 76.99999999999823785, -20.00000000000001066 ) ) ;
#2773 = CARTESIAN_POINT ( 'NONE',  ( 29.62361569736555467, 56.11388718935881315, 26.02617539079634312 ) ) ;
#2774 = ADVANCED_FACE ( 'NONE', ( #1050 ), #7902, .F. ) ;
#2775 = ORIENTED_EDGE ( 'NONE', *, *, #2137, .F. ) ;
#2776 = ORIENTED_EDGE ( 'NONE', *, *, #2566, .F. ) ;
#2777 = LINE ( 'NONE', #7722, #116 ) ;
#2778 = LINE ( 'NONE', #5913, #4055 ) ;
#2779 = VECTOR ( 'NONE', #7977, 1000.000000000000000 ) ;
#2780 = DIRECTION ( 'NONE',  ( 1.000000000000000000, 0.000000000000000000, 0.000000000000000000 ) ) ;
#2781 = ORIENTED_EDGE ( 'NONE', *, *, #921, .T. ) ;
#2782 = EDGE_CURVE ( 'NONE', #6182, #309, #2571, .T. ) ;
#2783 = DIRECTION ( 'NONE',  ( 0.7071067811865475727, -5.165195448115379533E-14, 0.7071067811865475727 ) ) ;
#2784 = ORIENTED_EDGE ( 'NONE', *, *, #4480, .T. ) ;
#2785 = CARTESIAN_POINT ( 'NONE',  ( 69.07568596981211329, 71.99999999999495515, -15.00000000000001066 ) ) ;
#2786 = AXIS2_PLACEMENT_3D ( 'NONE', #5682, #28, #109 ) ;
#2787 = PLANE ( 'NONE',  #5599 ) ;
#2788 = EDGE_CURVE ( 'NONE', #7908, #5347, #1716, .T. ) ;
#2789 = CARTESIAN_POINT ( 'NONE',  ( 29.25583683318486550, 69.23406269899849974, 29.37560168247147274 ) ) ;
#2790 = CARTESIAN_POINT ( 'NONE',  ( 28.99722915502132636, 69.04722607195816408, 5.595486251122973265 ) ) ;
#2791 = CARTESIAN_POINT ( 'NONE',  ( 18.42923936041092858, 97.49999999999968736, 7.853553390593261518 ) ) ;
#2792 = DIRECTION ( 'NONE',  ( 1.000000000000000000, -7.304689455032546585E-14, -4.625929269271485914E-16 ) ) ;
#2793 = DIRECTION ( 'NONE',  ( 2.644634909600333736E-43, 3.620461794961481866E-30, 1.000000000000000000 ) ) ;
#2794 = ORIENTED_EDGE ( 'NONE', *, *, #7590, .F. ) ;
#2795 = CARTESIAN_POINT ( 'NONE',  ( 14.07568596981413833, 99.50000000000000000, 37.49999999999999289 ) ) ;
#2796 = ORIENTED_EDGE ( 'NONE', *, *, #4618, .F. ) ;
#2797 = ORIENTED_EDGE ( 'NONE', *, *, #32, .T. ) ;
#2798 = VERTEX_POINT ( 'NONE', #7458 ) ;
#2799 = CARTESIAN_POINT ( 'NONE',  ( 22.14457492581006903, 76.34532460637333884, 5.928900924771403957 ) ) ;
#2800 = CARTESIAN_POINT ( 'NONE',  ( 21.94707553796199662, 76.14628903819381378, 28.93194402014564659 ) ) ;
#2801 = EDGE_CURVE ( 'NONE', #6068, #1630, #427, .T. ) ;
#2802 = EDGE_CURVE ( 'NONE', #6683, #4501, #2957, .T. ) ;
#2803 = PLANE ( 'NONE',  #6278 ) ;
#2804 = ORIENTED_EDGE ( 'NONE', *, *, #5343, .F. ) ;
#2805 = CARTESIAN_POINT ( 'NONE',  ( 31.18528572890063089, 66.99999999999772626, -1.796217615017628555 ) ) ;
#2806 = CARTESIAN_POINT ( 'NONE',  ( 29.03974384339312209, 68.96074496040473889, 28.93870213226668753 ) ) ;
#2807 = VERTEX_POINT ( 'NONE', #2917 ) ;
#2808 = CARTESIAN_POINT ( 'NONE',  ( 27.84162327081178745, 69.23406269899851395, 5.130683123147039559 ) ) ;
#2809 = DIRECTION ( 'NONE',  ( 2.312964634635742661E-15, -0.000000000000000000, 1.000000000000000000 ) ) ;
#2810 = DIRECTION ( 'NONE',  ( -0.7071067811865464625, 0.7071067811865486830, 0.000000000000000000 ) ) ;
#2811 = CARTESIAN_POINT ( 'NONE',  ( 69.07568596982015663, 181.9999999999949125, -6.250000000000004441 ) ) ;
#2812 = DIRECTION ( 'NONE',  ( -7.304206259436551189E-14, -1.000000000000000000, -0.000000000000000000 ) ) ;
#2813 = ADVANCED_FACE ( 'NONE', ( #3660 ), #4762, .F. ) ;
#2814 = CARTESIAN_POINT ( 'NONE',  ( 22.18476902131943973, 76.30513051086396104, 5.624398317528554792 ) ) ;
#2815 = VERTEX_POINT ( 'NONE', #7294 ) ;
#2816 = ORIENTED_EDGE ( 'NONE', *, *, #1705, .T. ) ;
#2817 = VECTOR ( 'NONE', #3850, 1000.000000000000000 ) ;
#2818 = EDGE_CURVE ( 'NONE', #4501, #5950, #5547, .T. ) ;
#2819 = DIRECTION ( 'NONE',  ( 0.000000000000000000, 0.000000000000000000, 1.000000000000000000 ) ) ;
#2820 = LINE ( 'NONE', #2214, #3609 ) ;
#2821 = CARTESIAN_POINT ( 'NONE',  ( 16.51567747977645340, 77.70710678118652481, 21.24999999999996803 ) ) ;
#2822 = ORIENTED_EDGE ( 'NONE', *, *, #7061, .T. ) ;
#2823 = AXIS2_PLACEMENT_3D ( 'NONE', #4100, #3433, #5959 ) ;
#2824 = AXIS2_PLACEMENT_3D ( 'NONE', #2607, #1400, #4490 ) ;
#2825 = CARTESIAN_POINT ( 'NONE',  ( 29.18683286282184142, 69.05658483493364486, 6.077328399856972041 ) ) ;
#2826 = CARTESIAN_POINT ( 'NONE',  ( 17.92989104214954921, 79.12132034355961707, 13.75000000000001066 ) ) ;
#2827 = CARTESIAN_POINT ( 'NONE',  ( 21.74000668107578704, 75.34390969540031335, 5.891001934199314505 ) ) ;
#2828 = FACE_OUTER_BOUND ( 'NONE', #1254, .T. ) ;
#2829 = CIRCLE ( 'NONE', #5316, 0.7499999999999972244 ) ;
#2830 = CARTESIAN_POINT ( 'NONE',  ( 19.07568596980685527, -1.395649718806742303E-12, 2.859976827737961589E-28 ) ) ;
#2831 = CARTESIAN_POINT ( 'NONE',  ( 18.42923936041710320, 181.9999999999986358, 7.853553390593261518 ) ) ;
#2832 = AXIS2_PLACEMENT_3D ( 'NONE', #7088, #5211, #5290 ) ;
#2833 = DIRECTION ( 'NONE',  ( -1.000000000000000000, 7.330143509125501407E-14, 0.000000000000000000 ) ) ;
#2834 = ORIENTED_EDGE ( 'NONE', *, *, #5896, .T. ) ;
#2835 = LINE ( 'NONE', #6007, #1117 ) ;
#2836 = CARTESIAN_POINT ( 'NONE',  ( 24.90180230555175456, 66.77170120981662649, -3.545589243759171616 ) ) ;
#2837 = VERTEX_POINT ( 'NONE', #4314 ) ;
#2838 = EDGE_CURVE ( 'NONE', #5261, #5801, #467, .T. ) ;
#2839 = ORIENTED_EDGE ( 'NONE', *, *, #6228, .F. ) ;
#2840 = ORIENTED_EDGE ( 'NONE', *, *, #1149, .T. ) ;
#2841 = CIRCLE ( 'NONE', #8102, 0.7499999999999997780 ) ;
#2842 = DIRECTION ( 'NONE',  ( -0.7071067811865474617, -0.7071067811865474617, 0.000000000000000000 ) ) ;
#2843 = CIRCLE ( 'NONE', #1913, 0.7500000000000022204 ) ;
#2844 = CARTESIAN_POINT ( 'NONE',  ( 31.62012306366641212, 62.48237253734379948, 11.93852658088995611 ) ) ;
#2845 = CARTESIAN_POINT ( 'NONE',  ( 21.94731994259790397, 75.26812301334921074, 29.67403281578114616 ) ) ;
#2846 = CIRCLE ( 'NONE', #724, 0.7500000000000058842 ) ;
#2847 = CIRCLE ( 'NONE', #3230, 0.7500000000000047740 ) ;
#2848 = EDGE_LOOP ( 'NONE', ( #1530, #2025 ) ) ;
#2849 = DIRECTION ( 'NONE',  ( -0.7071067811865427988, 0.7071067811865521247, 0.000000000000000000 ) ) ;
#2850 = CARTESIAN_POINT ( 'NONE',  ( 29.28494210852540292, 69.14258742723002626, 28.91884816318370710 ) ) ;
#2851 = ORIENTED_EDGE ( 'NONE', *, *, #3900, .F. ) ;
#2852 = CARTESIAN_POINT ( 'NONE',  ( 30.51631086765407375, 55.22119201907031538, 11.09690937809615896 ) ) ;
#2853 = CARTESIAN_POINT ( 'NONE',  ( 24.97550669695671743, 66.68943172141632658, -3.172851895387224452 ) ) ;
#2854 = AXIS2_PLACEMENT_3D ( 'NONE', #642, #679, #2061 ) ;
#2855 = CARTESIAN_POINT ( 'NONE',  ( 25.07568596982034137, 184.4999999999981810, 41.25000000000002842 ) ) ;
#2856 = LINE ( 'NONE', #7309, #2119 ) ;
#2857 = ORIENTED_EDGE ( 'NONE', *, *, #1266, .T. ) ;
#2858 = VERTEX_POINT ( 'NONE', #6762 ) ;
#2859 = ORIENTED_EDGE ( 'NONE', *, *, #2920, .F. ) ;
#2860 = LINE ( 'NONE', #79, #1649 ) ;
#2861 = CARTESIAN_POINT ( 'NONE',  ( 27.92445979155899494, 69.15982591459149376, 5.177871071140467407 ) ) ;
#2862 =( BOUNDED_SURFACE ( )  B_SPLINE_SURFACE ( 3, 2, ( 
 ( #7610, #5671, #1967 ),
 ( #3777, #8116, #7493 ),
 ( #3813, #567, #2502 ),
 ( #639, #4467, #3849 ),
 ( #8152, #6921, #4355 ),
 ( #6884, #3154, #5082 ),
 ( #1178, #6997, #99 ),
 ( #608, #2584, #1216 ),
 ( #1335, #1260, #6381 ),
 ( #3698, #716, #3118 ),
 ( #5635, #5007, #3235 ),
 ( #19, #2539, #7528 ),
 ( #3190, #6848, #5043 ),
 ( #1881, #4932, #7569 ),
 ( #1929, #4433, #1296 ),
 ( #5709, #6345, #675 ),
 ( #61, #5754, #7461 ),
 ( #1807, #4317, #2853 ),
 ( #2974, #2358, #3542 ),
 ( #4902, #7426, #374 ),
 ( #6614, #1645, #4818 ),
 ( #1104, #4086, #977 ) ),
 .UNSPECIFIED., .F., .F., .T. ) 
 B_SPLINE_SURFACE_WITH_KNOTS ( ( 4, 2, 2, 2, 2, 2, 2, 2, 2, 2, 4 ),
 ( 3, 3 ),
 ( 0.004397843401946635936, 0.006235121544588149468, 0.007153760615908905801, 0.008072399687229663001, 0.009909677829871177401, 0.01174695597251269180, 0.01266559504383344900, 0.01358423411515420620, 0.01542151225779572060, 0.01725879040043723500, 0.01909606854307874940 ),
 ( 0.000000000000000000, 1.000000000000000000 ),
 .UNSPECIFIED. ) 
 GEOMETRIC_REPRESENTATION_ITEM ( )  RATIONAL_B_SPLINE_SURFACE ( (
 ( 1.000000000000000000, 0.7854641264511442733, 1.000000000000000000),
 ( 1.000000000000000000, 0.7705714762657490668, 1.000000000000000000),
 ( 1.000000000000000000, 0.7569107373121947147, 1.000000000000000000),
 ( 1.000000000000000000, 0.7384944582637652521, 1.000000000000000000),
 ( 1.000000000000000000, 0.7327000781369156224, 1.000000000000000000),
 ( 1.000000000000000000, 0.7218195752400452525, 1.000000000000000000),
 ( 1.000000000000000000, 0.7167260836892690445, 1.000000000000000000),
 ( 1.000000000000000000, 0.7026999127059320172, 1.000000000000000000),
 ( 1.000000000000000000, 0.6949527776891331055, 1.000000000000000000),
 ( 1.000000000000000000, 0.6824333836335427783, 1.000000000000000000),
 ( 1.000000000000000000, 0.6776585896162348188, 1.000000000000000000),
 ( 1.000000000000000000, 0.6725843778472384571, 1.000000000000000000),
 ( 1.000000000000000000, 0.6712467182816019839, 1.000000000000000000),
 ( 1.000000000000000000, 0.6692713244109234072, 1.000000000000000000),
 ( 1.000000000000000000, 0.6686256902388642009, 1.000000000000000000),
 ( 1.000000000000000000, 0.6676317815119349186, 1.000000000000000000),
 ( 1.000000000000000000, 0.6682221800011308721, 1.000000000000000000),
 ( 1.000000000000000000, 0.6715820170154574997, 1.000000000000000000),
 ( 1.000000000000000000, 0.6743833152196796465, 1.000000000000000000),
 ( 1.000000000000000000, 0.6817656928783357717, 1.000000000000000000),
 ( 1.000000000000000000, 0.6863402118225329085, 1.000000000000000000),
 ( 1.000000000000000000, 0.6916442705327130458, 1.000000000000000000) ) ) 
 REPRESENTATION_ITEM ( '' )  SURFACE ( )  );
#2863 = CARTESIAN_POINT ( 'NONE',  ( 25.05722242443241043, 66.99999999999816680, 40.58661130032533038 ) ) ;
#2864 = DIRECTION ( 'NONE',  ( 0.2552532200111624627, -1.864545504578639173E-14, 0.9668742388097497642 ) ) ;
#2865 = CARTESIAN_POINT ( 'NONE',  ( 12.27303679265714997, 73.46446609406726225, 13.00000000000001066 ) ) ;
#2866 = EDGE_LOOP ( 'NONE', ( #6579, #6006, #7142, #1551 ) ) ;
#2867 = CIRCLE ( 'NONE', #7732, 0.7499999999999924505 ) ;
#2868 = CARTESIAN_POINT ( 'NONE',  ( 22.18476902131938289, 76.30513051086400367, 37.95643923738961689 ) ) ;
#2869 = ADVANCED_FACE ( 'NONE', ( #1092 ), #4405, .T. ) ;
#2870 = ADVANCED_FACE ( 'NONE', ( #2622 ), #3695, .F. ) ;
#2871 = CARTESIAN_POINT ( 'NONE',  ( 14.07568596982077125, 66.69964654021373462, 40.17813337520142625 ) ) ;
#2872 = CARTESIAN_POINT ( 'NONE',  ( 26.94550250227802124, 58.79200038444636078, 18.74999999999996803 ) ) ;
#2873 = DIRECTION ( 'NONE',  ( 1.000000000000000000, -8.326672684688666480E-14, 0.000000000000000000 ) ) ;
#2874 = CARTESIAN_POINT ( 'NONE',  ( 34.19334700944013861, 67.10050506338828313, 16.25000000000000711 ) ) ;
#2875 = VERTEX_POINT ( 'NONE', #1174 ) ;
#2876 = CARTESIAN_POINT ( 'NONE',  ( 25.01319614606558517, 72.06248982374471268, 17.50000000000000711 ) ) ;
#2877 = CARTESIAN_POINT ( 'NONE',  ( 24.85779255164593593, 65.94564812234330020, -1.287349103869738665 ) ) ;
#2878 = ADVANCED_FACE ( 'NONE', ( #674 ), #7188, .T. ) ;
#2879 = ORIENTED_EDGE ( 'NONE', *, *, #1832, .F. ) ;
#2880 = ORIENTED_EDGE ( 'NONE', *, *, #2083, .F. ) ;
#2881 = VERTEX_POINT ( 'NONE', #1840 ) ;
#2882 = DIRECTION ( 'NONE',  ( -1.000000000000000000, 7.304689455032545322E-14, 0.000000000000000000 ) ) ;
#2883 = CARTESIAN_POINT ( 'NONE',  ( 24.24159039217181544, 58.71115246570192170, 2.963944758928090284 ) ) ;
#2884 = LINE ( 'NONE', #5412, #853 ) ;
#2885 = EDGE_CURVE ( 'NONE', #3658, #643, #5119, .T. ) ;
#2886 = CARTESIAN_POINT ( 'NONE',  ( 14.07568596981395537, 97.00000000000000000, -5.000000000000013323 ) ) ;
#2887 = EDGE_LOOP ( 'NONE', ( #1654, #2305, #2649, #4191, #2694, #3123, #4231, #4551, #4091, #1683, #6638, #4503, #5335, #3645, #6803, #2263 ) ) ;
#2888 = LINE ( 'NONE', #1560, #7026 ) ;
#2889 = CARTESIAN_POINT ( 'NONE',  ( 28.04394542849081162, 69.07777662119541162, 29.75885260197708249 ) ) ;
#2890 = EDGE_LOOP ( 'NONE', ( #3322, #2822, #8133, #3344 ) ) ;
#2891 = LINE ( 'NONE', #7912, #3165 ) ;
#2892 = DIRECTION ( 'NONE',  ( -7.304689455032544060E-14, -1.000000000000000000, 1.448184717984592466E-29 ) ) ;
#2893 = ADVANCED_FACE ( 'NONE', ( #6881 ), #5005, .F. ) ;
#2894 = CARTESIAN_POINT ( 'NONE',  ( 22.09483080361040308, 76.20541487332167208, 29.37957720952723051 ) ) ;
#2895 = ORIENTED_EDGE ( 'NONE', *, *, #7577, .F. ) ;
#2896 = ORIENTED_EDGE ( 'NONE', *, *, #7662, .F. ) ;
#2897 = VERTEX_POINT ( 'NONE', #7527 ) ;
#2898 = DIRECTION ( 'NONE',  ( 8.659560562354947649E-17, 8.659560562354919300E-17, 1.000000000000000000 ) ) ;
#2899 = ADVANCED_FACE ( 'NONE', ( #6220 ), #6379, .F. ) ;
#2900 = CARTESIAN_POINT ( 'NONE',  ( 12.35519400220965736, 77.00000000000000000, 1.363080998509520914 ) ) ;
#2901 = CARTESIAN_POINT ( 'NONE',  ( 36.34123514948593225, 66.99999999999732836, 30.40499707384921280 ) ) ;
#2902 = DIRECTION ( 'NONE',  ( -0.7071067811865520136, -0.7071067811865429098, 0.000000000000000000 ) ) ;
#2903 = DIRECTION ( 'NONE',  ( 0.7071067811865486830, 0.7071067811865464625, 0.000000000000000000 ) ) ;
#2904 = ORIENTED_EDGE ( 'NONE', *, *, #3209, .F. ) ;
#2905 = CARTESIAN_POINT ( 'NONE',  ( 12.27303679265717662, 73.46446609406726225, 22.99999999999996092 ) ) ;
#2906 = CARTESIAN_POINT ( 'NONE',  ( 25.07568596981264619, 79.19604745935716039, -3.542225675016499320 ) ) ;
#2907 = VECTOR ( 'NONE', #5419, 1000.000000000000000 ) ;
#2908 = LINE ( 'NONE', #6084, #1950 ) ;
#2909 = CARTESIAN_POINT ( 'NONE',  ( 19.07568596982052966, 186.9999999999986073, 54.99999999999998579 ) ) ;
#2910 = EDGE_LOOP ( 'NONE', ( #6711, #2569, #2199 ) ) ;
#2911 = ADVANCED_FACE ( 'NONE', ( #3733 ), #18, .F. ) ;
#2912 = CARTESIAN_POINT ( 'NONE',  ( 26.41517241638810987, 59.32233047033628992, 10.00000000000000888 ) ) ;
#2913 = DIRECTION ( 'NONE',  ( -8.659560562354946417E-17, -8.659560562354920532E-17, 1.000000000000000000 ) ) ;
#2914 = VERTEX_POINT ( 'NONE', #713 ) ;
#2915 = EDGE_LOOP ( 'NONE', ( #422, #6023, #1414, #4660, #1202 ) ) ;
#2916 = ORIENTED_EDGE ( 'NONE', *, *, #5296, .T. ) ;
#2917 = CARTESIAN_POINT ( 'NONE',  ( 29.31612797644898194, 69.17377155573448988, 6.081152228392859627 ) ) ;
#2918 = DIRECTION ( 'NONE',  ( 0.000000000000000000, 1.000000000000000000, -1.269910057080334201E-29 ) ) ;
#2919 = AXIS2_PLACEMENT_3D ( 'NONE', #2686, #5656, #2028 ) ;
#2920 = EDGE_CURVE ( 'NONE', #1569, #3658, #5669, .T. ) ;
#2921 = CARTESIAN_POINT ( 'NONE',  ( 27.52871346693576982, 69.13872421241065069, 5.606426079949070385 ) ) ;
#2922 = ORIENTED_EDGE ( 'NONE', *, *, #2960, .F. ) ;
#2923 = CARTESIAN_POINT ( 'NONE',  ( 27.12227919757465244, 60.02943725152283605, 11.25000000000001066 ) ) ;
#2924 = CARTESIAN_POINT ( 'NONE',  ( 22.06441533587566539, 75.03646405221040538, 29.78832746585759139 ) ) ;
#2925 = VERTEX_POINT ( 'NONE', #5589 ) ;
#2926 = CARTESIAN_POINT ( 'NONE',  ( 35.60756057181323087, 68.51471862576138960, 16.25000000000000711 ) ) ;
#2927 = DIRECTION ( 'NONE',  ( -1.000000000000000000, 7.317379025938529564E-14, 0.000000000000000000 ) ) ;
#2928 = CARTESIAN_POINT ( 'NONE',  ( 108.0487300520048279, 148.0269559178182135, 28.95643923738961334 ) ) ;
#2929 = CARTESIAN_POINT ( 'NONE',  ( 19.07568596981395714, 96.99999999999964473, 37.49999999999999289 ) ) ;
#2930 = VERTEX_POINT ( 'NONE', #5041 ) ;
#2931 = VERTEX_POINT ( 'NONE', #8151 ) ;
#2932 = EDGE_CURVE ( 'NONE', #1789, #6420, #5899, .T. ) ;
#2933 = VERTEX_POINT ( 'NONE', #1926 ) ;
#2934 = CARTESIAN_POINT ( 'NONE',  ( 28.95785663428684487, 69.02808045946044047, 29.41259747105304712 ) ) ;
#2935 = EDGE_CURVE ( 'NONE', #7481, #5029, #6670, .T. ) ;
#2936 = PLANE ( 'NONE',  #259 ) ;
#2937 = FACE_OUTER_BOUND ( 'NONE', #6815, .T. ) ;
#2938 = AXIS2_PLACEMENT_3D ( 'NONE', #5031, #3105, #1868 ) ;
#2939 = DIRECTION ( 'NONE',  ( -1.000000000000000000, 7.216449660063516251E-14, 0.000000000000000000 ) ) ;
#2940 = CARTESIAN_POINT ( 'NONE',  ( 9.326722463093725324, 76.80714625717557453, 3.697923989253737886 ) ) ;
#2941 = CARTESIAN_POINT ( 'NONE',  ( 14.07568596981249520, 77.00000000000000000, -3.664764759190856758 ) ) ;
#2942 = ORIENTED_EDGE ( 'NONE', *, *, #571, .F. ) ;
#2943 = B_SPLINE_CURVE_WITH_KNOTS ( 'NONE', 1,
 ( #191, #3406 ),
 .UNSPECIFIED., .F., .F.,
 ( 2, 2 ),
 ( 0.000000000000000000, 1.000000000000000000 ),
 .UNSPECIFIED. ) ;
#2944 = DIRECTION ( 'NONE',  ( -0.7071067811865427988, 0.7071067811865521247, 0.000000000000000000 ) ) ;
#2945 = ADVANCED_FACE ( 'NONE', ( #4432 ), #6960, .F. ) ;
#2946 = AXIS2_PLACEMENT_3D ( 'NONE', #2340, #6086, #3525 ) ;
#2947 = CARTESIAN_POINT ( 'NONE',  ( 24.20748146119925082, 66.99999999999805311, 40.55319058710801272 ) ) ;
#2948 = CARTESIAN_POINT ( 'NONE',  ( 22.03419454688684453, 74.63612289705044134, 5.632571466138649896 ) ) ;
#2949 = CARTESIAN_POINT ( 'NONE',  ( 24.07568596981249698, 76.99999999999823785, -15.00000000000001066 ) ) ;
#2950 = ORIENTED_EDGE ( 'NONE', *, *, #1336, .F. ) ;
#2951 = AXIS2_PLACEMENT_3D ( 'NONE', #1700, #1075, #7671 ) ;
#2952 = LINE ( 'NONE', #7287, #1108 ) ;
#2953 = CARTESIAN_POINT ( 'NONE',  ( 27.62741122308923636, 66.99999999999798206, 39.33624950253637564 ) ) ;
#2954 = VERTEX_POINT ( 'NONE', #3188 ) ;
#2955 = EDGE_LOOP ( 'NONE', ( #6833, #2557, #4878, #5969, #7747, #2156, #8132 ) ) ;
#2956 = EDGE_LOOP ( 'NONE', ( #856, #1695, #1467, #4729 ) ) ;
#2957 = LINE ( 'NONE', #2266, #7967 ) ;
#2958 = CARTESIAN_POINT ( 'NONE',  ( 24.21104567849621958, 66.99999999999783995, 40.54287437079486978 ) ) ;
#2959 = CARTESIAN_POINT ( 'NONE',  ( 22.18476902131939354, 74.89091694849089720, 29.86931687685302705 ) ) ;
#2960 = EDGE_CURVE ( 'NONE', #5506, #5250, #2545, .T. ) ;
#2961 = VECTOR ( 'NONE', #2108, 1000.000000000000000 ) ;
#2962 = AXIS2_PLACEMENT_3D ( 'NONE', #839, #6386, #1423 ) ;
#2963 = CARTESIAN_POINT ( 'NONE',  ( 29.04389563367910299, 68.95125580658108788, 28.93465884861936388 ) ) ;
#2964 = DIRECTION ( 'NONE',  ( -0.000000000000000000, -0.000000000000000000, -1.000000000000000000 ) ) ;
#2965 = AXIS2_PLACEMENT_3D ( 'NONE', #7943, #2425, #1758 ) ;
#2966 = AXIS2_PLACEMENT_3D ( 'NONE', #2281, #6159, #7311 ) ;
#2967 = ADVANCED_FACE ( 'NONE', ( #2465 ), #4062, .F. ) ;
#2968 = ORIENTED_EDGE ( 'NONE', *, *, #6241, .T. ) ;
#2969 = CYLINDRICAL_SURFACE ( 'NONE', #6371, 0.7500000000000022204 ) ;
#2970 = CARTESIAN_POINT ( 'NONE',  ( 22.04587497409447039, 75.06458078959090585, 29.77358113036412846 ) ) ;
#2971 = ADVANCED_FACE ( 'NONE', ( #3776 ), #4553, .F. ) ;
#2972 = VERTEX_POINT ( 'NONE', #6503 ) ;
#2973 = PLANE ( 'NONE',  #5799 ) ;
#2974 = CARTESIAN_POINT ( 'NONE',  ( 14.00444247349429183, 76.67286789807829450, -2.602198399917144744 ) ) ;
#2975 = EDGE_CURVE ( 'NONE', #121, #309, #1116, .T. ) ;
#2976 = AXIS2_PLACEMENT_3D ( 'NONE', #8054, #2331, #4837 ) ;
#2977 = FACE_OUTER_BOUND ( 'NONE', #7965, .T. ) ;
#2978 = CYLINDRICAL_SURFACE ( 'NONE', #5672, 12.49999999999999467 ) ;
#2979 = CIRCLE ( 'NONE', #7576, 8.999999999999539924 ) ;
#2980 = CARTESIAN_POINT ( 'NONE',  ( 21.97222632987508817, 75.99107809384845780, 29.41636752719414716 ) ) ;
#2981 = VERTEX_POINT ( 'NONE', #2661 ) ;
#2982 = EDGE_LOOP ( 'NONE', ( #2692, #408, #4308 ) ) ;
#2983 = EDGE_CURVE ( 'NONE', #3526, #5105, #2191, .T. ) ;
#2984 = ORIENTED_EDGE ( 'NONE', *, *, #6496, .F. ) ;
#2985 = DIRECTION ( 'NONE',  ( -1.000000000000000000, 0.000000000000000000, 0.000000000000000000 ) ) ;
#2986 = CYLINDRICAL_SURFACE ( 'NONE', #8165, 0.9999999999999991118 ) ;
#2987 = FACE_OUTER_BOUND ( 'NONE', #5769, .T. ) ;
#2988 = CARTESIAN_POINT ( 'NONE',  ( 27.90763147247069398, 69.17367655336519761, 5.168518539276329982 ) ) ;
#2989 = EDGE_CURVE ( 'NONE', #671, #1170, #2841, .T. ) ;
#2990 = VECTOR ( 'NONE', #3605, 1000.000000000000000 ) ;
#2991 = PLANE ( 'NONE',  #3865 ) ;
#2992 = CARTESIAN_POINT ( 'NONE',  ( 15.39614378651648607, 66.08145218974449620, 38.98337628686331868 ) ) ;
#2993 = VERTEX_POINT ( 'NONE', #6546 ) ;
#2994 = ADVANCED_FACE ( 'NONE', ( #5157 ), #3974, .T. ) ;
#2995 = DIRECTION ( 'NONE',  ( 0.7071067811865475727, -0.7071067811865475727, 0.000000000000000000 ) ) ;
#2996 = MECHANICAL_DESIGN_GEOMETRIC_PRESENTATION_REPRESENTATION (  '', ( #6551 ), #80 ) ;
#2997 = CARTESIAN_POINT ( 'NONE',  ( 69.07568596982032716, 184.4999999999949409, 52.50000000000000000 ) ) ;
#2998 = DIRECTION ( 'NONE',  ( 0.000000000000000000, 0.000000000000000000, 1.000000000000000000 ) ) ;
#2999 = EDGE_CURVE ( 'NONE', #4538, #2452, #5325, .T. ) ;
#3000 = CARTESIAN_POINT ( 'NONE',  ( 22.09498041820418379, 76.20310134042318850, 5.619432286760973838 ) ) ;
#3001 = ORIENTED_EDGE ( 'NONE', *, *, #2291, .T. ) ;
#3002 = DIRECTION ( 'NONE',  ( -1.000000000000000000, 5.551115123125777653E-14, 0.000000000000000000 ) ) ;
#3003 = CARTESIAN_POINT ( 'NONE',  ( 28.16199533544880751, 59.47833671201558303, 28.36997992000714319 ) ) ;
#3004 = ORIENTED_EDGE ( 'NONE', *, *, #2612, .F. ) ;
#3005 = ORIENTED_EDGE ( 'NONE', *, *, #4151, .T. ) ;
#3006 = CARTESIAN_POINT ( 'NONE',  ( 32.14235642071214727, 71.99999999999766942, 6.081152228392852521 ) ) ;
#3007 = DIRECTION ( 'NONE',  ( -3.469446951953606300E-16, 3.469446951953613203E-16, 1.000000000000000000 ) ) ;
#3008 = AXIS2_PLACEMENT_3D ( 'NONE', #6798, #353, #4185 ) ;
#3009 = CARTESIAN_POINT ( 'NONE',  ( 28.72591382760351308, 68.82790302856952280, 28.99434827304553153 ) ) ;
#3010 = DIRECTION ( 'NONE',  ( 1.000000000000000000, 0.000000000000000000, -3.700743415417188139E-16 ) ) ;
#3011 = ORIENTED_EDGE ( 'NONE', *, *, #6714, .T. ) ;
#3012 = CARTESIAN_POINT ( 'NONE',  ( 22.35077560256084439, 52.39933688875754569, 20.61279906827316211 ) ) ;
#3013 = CARTESIAN_POINT ( 'NONE',  ( 29.25583683318487971, 69.23406269899849974, 29.37560168247147274 ) ) ;
#3014 = CARTESIAN_POINT ( 'NONE',  ( 31.59308781319361614, 61.30349048684674784, 15.51283702416214005 ) ) ;
#3015 = CARTESIAN_POINT ( 'NONE',  ( 28.54873005199832647, 68.52695591781196072, -2.956439237389595576 ) ) ;
#3016 = CARTESIAN_POINT ( 'NONE',  ( 22.07568596982034492, 184.4999999999983800, -17.50000000000000355 ) ) ;
#3017 = CARTESIAN_POINT ( 'NONE',  ( 34.19334700944013861, 67.10050506338828313, 18.74999999999996803 ) ) ;
#3018 = CARTESIAN_POINT ( 'NONE',  ( 27.12227919757465244, 60.02943725152283605, 22.99999999999996447 ) ) ;
#3019 = ADVANCED_FACE ( 'NONE', ( #1456 ), #2787, .F. ) ;
#3020 = EDGE_LOOP ( 'NONE', ( #3172, #6581, #4031, #3441 ) ) ;
#3021 = ORIENTED_EDGE ( 'NONE', *, *, #5636, .F. ) ;
#3022 = ORIENTED_EDGE ( 'NONE', *, *, #4347, .T. ) ;
#3023 = DIRECTION ( 'NONE',  ( 0.7071067811865487940, 0.7071067811865464625, 0.000000000000000000 ) ) ;
#3024 = CARTESIAN_POINT ( 'NONE',  ( 22.65478839297379920, 73.01508993426392635, 18.86740189363034403 ) ) ;
#3025 = EDGE_CURVE ( 'NONE', #4687, #105, #1498, .T. ) ;
#3026 = CARTESIAN_POINT ( 'NONE',  ( 31.05386915850281326, 54.69196872129148090, 20.92671217003466921 ) ) ;
#3027 = CARTESIAN_POINT ( 'NONE',  ( 31.05684214402833732, 54.68066074269601984, 20.35108147551298785 ) ) ;
#3028 = ORIENTED_EDGE ( 'NONE', *, *, #3396, .F. ) ;
#3029 = DIRECTION ( 'NONE',  ( 0.000000000000000000, 0.000000000000000000, 1.000000000000000000 ) ) ;
#3030 = FACE_OUTER_BOUND ( 'NONE', #3490, .T. ) ;
#3031 = CARTESIAN_POINT ( 'NONE',  ( 21.73949718780028206, 75.52875404627981482, 5.944193313396088030 ) ) ;
#3032 = CIRCLE ( 'NONE', #7633, 0.7500000000000034417 ) ;
#3033 = EDGE_CURVE ( 'NONE', #3282, #7509, #1946, .T. ) ;
#3034 = CARTESIAN_POINT ( 'NONE',  ( 31.02999712598590065, 61.79841708339754547, 11.11909553093662062 ) ) ;
#3035 = ORIENTED_EDGE ( 'NONE', *, *, #1832, .T. ) ;
#3036 = CARTESIAN_POINT ( 'NONE',  ( 16.57568596982016729, 181.9999999999987779, -7.500000000000012434 ) ) ;
#3037 = CARTESIAN_POINT ( 'NONE',  ( 28.24110096798588998, 68.98962427747031256, 5.336045958330987382 ) ) ;
#3038 = CARTESIAN_POINT ( 'NONE',  ( 26.10465537345049469, 58.93684538690387598, 30.60836938486503200 ) ) ;
#3039 = ORIENTED_EDGE ( 'NONE', *, *, #7149, .F. ) ;
#3040 = EDGE_LOOP ( 'NONE', ( #1626, #6983, #3299 ) ) ;
#3041 = CARTESIAN_POINT ( 'NONE',  ( 25.07568596981285580, 82.08276140402729482, 6.952214327184822018 ) ) ;
#3042 = EDGE_CURVE ( 'NONE', #7540, #4687, #5879, .T. ) ;
#3043 = CARTESIAN_POINT ( 'NONE',  ( 43.07568596981212039, 71.99999999999685940, 42.49999999999998579 ) ) ;
#3044 = CARTESIAN_POINT ( 'NONE',  ( 28.56065806146811781, 68.79451847805158593, 29.03375466619259981 ) ) ;
#3045 = DIRECTION ( 'NONE',  ( 0.000000000000000000, 0.000000000000000000, -1.000000000000000000 ) ) ;
#3046 = VECTOR ( 'NONE', #537, 1000.000000000000000 ) ;
#3047 = ORIENTED_EDGE ( 'NONE', *, *, #2277, .T. ) ;
#3048 = CARTESIAN_POINT ( 'NONE',  ( 28.56714106218669613, 68.94120726690057666, 29.52976800807697444 ) ) ;
#3049 = EDGE_CURVE ( 'NONE', #5372, #30, #6424, .T. ) ;
#3050 = AXIS2_PLACEMENT_3D ( 'NONE', #7102, #3215, #1355 ) ;
#3051 = FACE_OUTER_BOUND ( 'NONE', #286, .T. ) ;
#3052 = DIRECTION ( 'NONE',  ( 0.000000000000000000, 0.000000000000000000, -1.000000000000000000 ) ) ;
#3053 = CARTESIAN_POINT ( 'NONE',  ( 69.07568596982052611, 186.9999999999949409, -20.00000000000001066 ) ) ;
#3054 = DIRECTION ( 'NONE',  ( -0.7071067811865487940, -0.7071067811865464625, 0.000000000000000000 ) ) ;
#3055 = CARTESIAN_POINT ( 'NONE',  ( 28.56237634364141442, 68.79735688647645020, 5.966017675461569247 ) ) ;
#3056 = VERTEX_POINT ( 'NONE', #3272 ) ;
#3057 = ORIENTED_EDGE ( 'NONE', *, *, #2802, .F. ) ;
#3058 = ORIENTED_EDGE ( 'NONE', *, *, #5203, .F. ) ;
#3059 = DIRECTION ( 'NONE',  ( -1.000000000000000000, 5.551115123125777653E-14, 0.000000000000000000 ) ) ;
#3060 = EDGE_CURVE ( 'NONE', #4579, #8168, #1540, .T. ) ;
#3061 = CYLINDRICAL_SURFACE ( 'NONE', #1595, 10.00000000000000000 ) ;
#3062 = CARTESIAN_POINT ( 'NONE',  ( 31.01315194033050915, 54.72412153477206687, 21.54602519673786531 ) ) ;
#3063 = FACE_OUTER_BOUND ( 'NONE', #4722, .T. ) ;
#3064 = EDGE_LOOP ( 'NONE', ( #4536, #5263, #7706, #1466 ) ) ;
#3065 = DIRECTION ( 'NONE',  ( 0.7071067811865486830, 0.7071067811865464625, -0.000000000000000000 ) ) ;
#3066 = CARTESIAN_POINT ( 'NONE',  ( 101.0490945309344966, 155.0265914388886017, 29.00000000000009237 ) ) ;
#3067 = EDGE_CURVE ( 'NONE', #602, #4526, #3937, .T. ) ;
#3068 = CARTESIAN_POINT ( 'NONE',  ( 21.95142109073446690, 75.93835106568272408, 5.570988931696290614 ) ) ;
#3069 = VECTOR ( 'NONE', #7279, 1000.000000000000000 ) ;
#3070 = CARTESIAN_POINT ( 'NONE',  ( 14.39435713621679369, 75.58578643762689353, 23.74999999999996447 ) ) ;
#3071 = ORIENTED_EDGE ( 'NONE', *, *, #3255, .F. ) ;
#3072 = CARTESIAN_POINT ( 'NONE',  ( 15.57568596982016729, 181.9999999999988631, 38.49999999999999289 ) ) ;
#3073 = CARTESIAN_POINT ( 'NONE',  ( 29.04245473522174237, 69.06890300560937135, 5.604909187546735616 ) ) ;
#3074 = AXIS2_PLACEMENT_3D ( 'NONE', #3070, #4965, #5498 ) ;
#3075 = CARTESIAN_POINT ( 'NONE',  ( 25.85112741031423411, 58.89719409636670377, 30.83002473989342462 ) ) ;
#3076 = DIRECTION ( 'NONE',  ( -7.304689455032545322E-14, -1.000000000000000000, 0.000000000000000000 ) ) ;
#3077 = CARTESIAN_POINT ( 'NONE',  ( 18.28279275100420165, 97.49999999999970157, 27.49999999999998579 ) ) ;
#3078 = FACE_OUTER_BOUND ( 'NONE', #6808, .T. ) ;
#3079 = AXIS2_PLACEMENT_3D ( 'NONE', #1657, #4665, #4745 ) ;
#3080 = VECTOR ( 'NONE', #2289, 1000.000000000000000 ) ;
#3081 = CARTESIAN_POINT ( 'NONE',  ( 25.00991868594904233, 66.26355398151493148, 36.90181087517599678 ) ) ;
#3082 = CARTESIAN_POINT ( 'NONE',  ( 20.05121138570918404, 81.24264068711926257, 18.74999999999996447 ) ) ;
#3083 = EDGE_CURVE ( 'NONE', #2580, #6682, #206, .T. ) ;
#3084 = VERTEX_POINT ( 'NONE', #4592 ) ;
#3085 = AXIS2_PLACEMENT_3D ( 'NONE', #5400, #6751, #2944 ) ;
#3086 = AXIS2_PLACEMENT_3D ( 'NONE', #688, #809, #2727 ) ;
#3087 = CARTESIAN_POINT ( 'NONE',  ( 28.14403439866409329, 69.02657543040389498, 29.70931837833149913 ) ) ;
#3088 = CARTESIAN_POINT ( 'NONE',  ( 25.78279275099919232, 78.48894067817070663, 38.95643923738960979 ) ) ;
#3089 = DIRECTION ( 'NONE',  ( -0.7071067811865499042, -0.7071067811865451302, 0.000000000000000000 ) ) ;
#3090 = PLANE ( 'NONE',  #1459 ) ;
#3091 = CARTESIAN_POINT ( 'NONE',  ( 12.27303679265716063, 73.46446609406724804, 13.75000000000001066 ) ) ;
#3092 = AXIS2_PLACEMENT_3D ( 'NONE', #5009, #3045, #64 ) ;
#3093 = CARTESIAN_POINT ( 'NONE',  ( 11.74270670676724926, 73.99479617995716296, 21.24999999999996803 ) ) ;
#3094 = ADVANCED_FACE ( 'NONE', ( #5919 ), #6703, .T. ) ;
#3095 = VERTEX_POINT ( 'NONE', #5365 ) ;
#3096 = EDGE_LOOP ( 'NONE', ( #2264, #6779, #1006, #7889 ) ) ;
#3097 = EDGE_LOOP ( 'NONE', ( #7263, #5232, #3432, #2922, #5231 ) ) ;
#3098 = CARTESIAN_POINT ( 'NONE',  ( 21.86935766940773362, 76.01471228485142717, 28.94876406228224752 ) ) ;
#3099 = VECTOR ( 'NONE', #7768, 1000.000000000000000 ) ;
#3100 = AXIS2_PLACEMENT_3D ( 'NONE', #2389, #3007, #6810 ) ;
#3101 = DIRECTION ( 'NONE',  ( -0.7071067811865520136, -0.7071067811865429098, 0.000000000000000000 ) ) ;
#3102 = LINE ( 'NONE', #8094, #7176 ) ;
#3103 = CARTESIAN_POINT ( 'NONE',  ( 12.05717373260960734, 71.64253918620457284, 34.22380964604945319 ) ) ;
#3104 = ORIENTED_EDGE ( 'NONE', *, *, #4332, .T. ) ;
#3105 = DIRECTION ( 'NONE',  ( -0.7071067811865521247, -0.7071067811865429098, -0.000000000000000000 ) ) ;
#3106 = VECTOR ( 'NONE', #2730, 1000.000000000000000 ) ;
#3107 = CARTESIAN_POINT ( 'NONE',  ( 31.19457345973462381, 60.27065336170156229, 15.28752056256890413 ) ) ;
#3108 = CARTESIAN_POINT ( 'NONE',  ( 28.11783871121730982, 69.03863609353103925, 29.72201616068781860 ) ) ;
#3109 = CIRCLE ( 'NONE', #7465, 1.250000000000028866 ) ;
#3110 = CARTESIAN_POINT ( 'NONE',  ( 21.98395049490096298, 75.17858136404514369, 5.283562838275633666 ) ) ;
#3111 = CARTESIAN_POINT ( 'NONE',  ( 22.18476902131943262, 76.30513051086394682, 5.624398317528540581 ) ) ;
#3112 = VERTEX_POINT ( 'NONE', #5445 ) ;
#3113 = VECTOR ( 'NONE', #3670, 1000.000000000000000 ) ;
#3114 = CARTESIAN_POINT ( 'NONE',  ( 28.84446154057908629, 68.98575520641581704, 5.559320147531026102 ) ) ;
#3115 = EDGE_CURVE ( 'NONE', #2881, #2254, #7325, .T. ) ;
#3116 = CARTESIAN_POINT ( 'NONE',  ( 28.51843063703677572, 66.99999999999792522, 38.80133148112260955 ) ) ;
#3117 = DIRECTION ( 'NONE',  ( -7.304689455032545322E-14, -1.000000000000000000, 0.000000000000000000 ) ) ;
#3118 = CARTESIAN_POINT ( 'NONE',  ( 24.64790269489093788, 65.66327446736576690, -0.8751614200448043501 ) ) ;
#3119 = LINE ( 'NONE', #3700, #5184 ) ;
#3120 = EDGE_CURVE ( 'NONE', #2254, #1643, #6629, .T. ) ;
#3121 = B_SPLINE_CURVE_WITH_KNOTS ( 'NONE', 3,
 ( #1060, #2473, #1688, #4204, #7387, #4978, #6734, #1849 ),
 .UNSPECIFIED., .F., .F.,
 ( 4, 2, 2, 4 ),
 ( 8.823597593026440884E-15, 0.004209190736943696845, 0.006313786105411135600, 0.008418381473878574356 ),
 .UNSPECIFIED. ) ;
#3122 = CARTESIAN_POINT ( 'NONE',  ( 28.54873004706880835, 68.94116946415299196, 29.53660295151789583 ) ) ;
#3123 = ORIENTED_EDGE ( 'NONE', *, *, #202, .F. ) ;
#3124 = CARTESIAN_POINT ( 'NONE',  ( 21.90421954954240036, 75.43739587993282214, 29.59978865679061855 ) ) ;
#3125 = LINE ( 'NONE', #3744, #5132 ) ;
#3126 = DIRECTION ( 'NONE',  ( 0.000000000000000000, 0.000000000000000000, -1.000000000000000000 ) ) ;
#3127 = EDGE_CURVE ( 'NONE', #4473, #2034, #131, .T. ) ;
#3128 = PLANE ( 'NONE',  #216 ) ;
#3129 = CARTESIAN_POINT ( 'NONE',  ( 43.07568596981692366, 137.3911308970841390, -7.500000000000007105 ) ) ;
#3130 = CARTESIAN_POINT ( 'NONE',  ( 27.58680422126477438, 69.08350687667525847, 5.632560990152252423 ) ) ;
#3131 = ORIENTED_EDGE ( 'NONE', *, *, #5680, .T. ) ;
#3132 = ORIENTED_EDGE ( 'NONE', *, *, #3557, .T. ) ;
#3133 = CARTESIAN_POINT ( 'NONE',  ( 25.07568596981267106, 79.19604745935727408, 29.37560168247152248 ) ) ;
#3134 = VERTEX_POINT ( 'NONE', #4840 ) ;
#3135 = CARTESIAN_POINT ( 'NONE',  ( 21.79671442720805530, 75.04848632442462986, 29.20558815384107021 ) ) ;
#3136 = PLANE ( 'NONE',  #534 ) ;
#3137 = EDGE_CURVE ( 'NONE', #1653, #886, #923, .T. ) ;
#3138 = CARTESIAN_POINT ( 'NONE',  ( 24.50825003059713936, 66.94500509455681936, -4.771762408151034585 ) ) ;
#3139 = PLANE ( 'NONE',  #5988 ) ;
#3140 = CARTESIAN_POINT ( 'NONE',  ( 13.32837521050827156, 75.04093839987832837, 35.55422482800793915 ) ) ;
#3141 = VERTEX_POINT ( 'NONE', #7405 ) ;
#3142 = ORIENTED_EDGE ( 'NONE', *, *, #807, .F. ) ;
#3143 = PLANE ( 'NONE',  #4646 ) ;
#3144 = CARTESIAN_POINT ( 'NONE',  ( 30.76656907668817453, 58.28111698160298459, 8.985165113781592439 ) ) ;
#3145 = CYLINDRICAL_SURFACE ( 'NONE', #5527, 0.7499999999999972244 ) ;
#3146 = CARTESIAN_POINT ( 'NONE',  ( 27.96456430252037606, 69.12949013087835226, 29.80034923977014572 ) ) ;
#3147 = EDGE_CURVE ( 'NONE', #6972, #2254, #6041, .T. ) ;
#3148 = CARTESIAN_POINT ( 'NONE',  ( 21.78674027257315515, 75.79476644226416227, 6.009214986181378393 ) ) ;
#3149 = CARTESIAN_POINT ( 'NONE',  ( 21.91485074398317323, 75.81181786331887906, 5.535809436959762131 ) ) ;
#3150 = ORIENTED_EDGE ( 'NONE', *, *, #689, .T. ) ;
#3151 = CARTESIAN_POINT ( 'NONE',  ( 28.28968652230817682, 68.97507361497912370, 5.357872592613745155 ) ) ;
#3152 = CARTESIAN_POINT ( 'NONE',  ( 39.18240923957645805, 66.99999999999714362, 22.66411142760072650 ) ) ;
#3153 = CIRCLE ( 'NONE', #6984, 0.7500000000000006661 ) ;
#3154 = CARTESIAN_POINT ( 'NONE',  ( 15.69497989381707370, 66.13745535008550291, -5.392353724712862117 ) ) ;
#3155 = ADVANCED_FACE ( 'NONE', ( #7283 ), #479, .F. ) ;
#3156 = FACE_OUTER_BOUND ( 'NONE', #1025, .T. ) ;
#3157 = CARTESIAN_POINT ( 'NONE',  ( 11.62974817386818316, 74.10775471285626281, 1.702831434894798823 ) ) ;
#3158 = FACE_OUTER_BOUND ( 'NONE', #542, .T. ) ;
#3159 = ORIENTED_EDGE ( 'NONE', *, *, #4765, .F. ) ;
#3160 = CARTESIAN_POINT ( 'NONE',  ( 21.89187580827316992, 75.56511304776309146, 29.54883960265446063 ) ) ;
#3161 = CARTESIAN_POINT ( 'NONE',  ( 11.74270670676723682, 73.99479617995717717, 16.25000000000000711 ) ) ;
#3162 = DIRECTION ( 'NONE',  ( 3.702488873440467629E-42, 5.068646512946075313E-29, 1.000000000000000000 ) ) ;
#3163 = EDGE_CURVE ( 'NONE', #3711, #3141, #7486, .T. ) ;
#3164 = DIRECTION ( 'NONE',  ( 0.7071067811865464625, -0.7071067811865486830, 0.000000000000000000 ) ) ;
#3165 = VECTOR ( 'NONE', #7874, 1000.000000000000000 ) ;
#3166 = CARTESIAN_POINT ( 'NONE',  ( 31.58936071524787437, 61.32100729793639715, 25.54954395628405450 ) ) ;
#3167 = DIRECTION ( 'NONE',  ( -1.000000000000000000, 0.000000000000000000, 0.000000000000000000 ) ) ;
#3168 = VECTOR ( 'NONE', #1853, 1000.000000000000000 ) ;
#3169 = ORIENTED_EDGE ( 'NONE', *, *, #3938, .T. ) ;
#3170 = VERTEX_POINT ( 'NONE', #4713 ) ;
#3171 = CARTESIAN_POINT ( 'NONE',  ( 69.07568596981997189, 179.4999999999949125, 2.499999999999985345 ) ) ;
#3172 = ORIENTED_EDGE ( 'NONE', *, *, #4029, .F. ) ;
#3173 = DIRECTION ( 'NONE',  ( 0.7071067811865441310, 0.000000000000000000, 0.7071067811865510144 ) ) ;
#3174 = CARTESIAN_POINT ( 'NONE',  ( 19.52088129981926912, 81.77297077300919170, 16.25000000000000711 ) ) ;
#3175 = CARTESIAN_POINT ( 'NONE',  ( 35.60756057181323087, 68.51471862576138960, 18.74999999999996803 ) ) ;
#3176 = CARTESIAN_POINT ( 'NONE',  ( 12.46831945898630778, 72.78836624905474650, 34.51529869730437383 ) ) ;
#3177 = ADVANCED_FACE ( 'NONE', ( #1746 ), #6752, .F. ) ;
#3178 = ORIENTED_EDGE ( 'NONE', *, *, #6959, .T. ) ;
#3179 = ORIENTED_EDGE ( 'NONE', *, *, #3137, .F. ) ;
#3180 = CARTESIAN_POINT ( 'NONE',  ( 19.34410460452264147, 66.39339828220178674, 17.50000000000000711 ) ) ;
#3181 = VERTEX_POINT ( 'NONE', #4263 ) ;
#3182 = ADVANCED_FACE ( 'NONE', ( #3030 ), #6433, .T. ) ;
#3183 = CARTESIAN_POINT ( 'NONE',  ( 22.00525085307827311, 75.13525735411634798, 5.262295923626641780 ) ) ;
#3184 = CARTESIAN_POINT ( 'NONE',  ( 21.96925403292662082, 75.21231132628189187, 5.299727133882128349 ) ) ;
#3185 = ORIENTED_EDGE ( 'NONE', *, *, #3025, .F. ) ;
#3186 = CARTESIAN_POINT ( 'NONE',  ( 34.72367709533005353, 66.57017497749836821, 16.25000000000000711 ) ) ;
#3187 = CARTESIAN_POINT ( 'NONE',  ( 38.93635612813737623, 66.99999999999715783, 23.68492748934035319 ) ) ;
#3189 = EDGE_CURVE ( 'NONE', #3229, #2815, #6070, .T. ) ;
#3188 = CARTESIAN_POINT ( 'NONE',  ( 27.65260928346456382, 59.49910716563292823, 23.74999999999996447 ) ) ;
#3190 = CARTESIAN_POINT ( 'NONE',  ( 13.52927221304002536, 75.53386893990543172, -0.9548929030967465703 ) ) ;
#3191 = FACE_OUTER_BOUND ( 'NONE', #3753, .T. ) ;
#3192 = DIRECTION ( 'NONE',  ( 0.000000000000000000, 2.775557561562891351E-16, 1.000000000000000000 ) ) ;
#3193 = DIRECTION ( 'NONE',  ( 1.000000000000000000, -7.304689455032545322E-14, 0.000000000000000000 ) ) ;
#3194 = CARTESIAN_POINT ( 'NONE',  ( 21.73699586707286713, 75.52877972565553932, 5.944771766850077910 ) ) ;
#3195 = EDGE_LOOP ( 'NONE', ( #5344, #690, #6626, #3905, #5373 ) ) ;
#3196 = ADVANCED_FACE ( 'NONE', ( #7556 ), #8057, .F. ) ;
#3197 = CARTESIAN_POINT ( 'NONE',  ( 69.07568596982017084, 181.9999999999949125, 41.24999999999997868 ) ) ;
#3198 = CARTESIAN_POINT ( 'NONE',  ( -36.17369213578433573, 182.0000000000025580, 41.25000000000002842 ) ) ;
#3199 = DIRECTION ( 'NONE',  ( 0.7071067811865474617, -5.165195448115378902E-14, 0.7071067811865474617 ) ) ;
#3200 = AXIS2_PLACEMENT_3D ( 'NONE', #3810, #2498, #5004 ) ;
#3201 = CARTESIAN_POINT ( 'NONE',  ( 16.51567747977646050, 77.70710678118652481, 13.00000000000001066 ) ) ;
#3202 = CARTESIAN_POINT ( 'NONE',  ( 30.76656907668884955, 58.28111698160087428, 26.01483488620653262 ) ) ;
#3203 = CARTESIAN_POINT ( 'NONE',  ( 27.64843493460515944, 69.03317750881211623, 5.659046798112583154 ) ) ;
#3204 = CIRCLE ( 'NONE', #6248, 0.7500000000000047740 ) ;
#3205 = CIRCLE ( 'NONE', #2951, 0.7500000000000047740 ) ;
#3206 = EDGE_CURVE ( 'NONE', #800, #5821, #6488, .T. ) ;
#3207 = EDGE_CURVE ( 'NONE', #3799, #2925, #946, .T. ) ;
#3208 = ORIENTED_EDGE ( 'NONE', *, *, #2989, .T. ) ;
#3209 = EDGE_CURVE ( 'NONE', #121, #6182, #2645, .T. ) ;
#3210 = CARTESIAN_POINT ( 'NONE',  ( 35.60756057181323087, 68.51471862576138960, 18.74999999999996803 ) ) ;
#3211 = VERTEX_POINT ( 'NONE', #811 ) ;
#3212 = CARTESIAN_POINT ( 'NONE',  ( 21.73752817878848020, 75.61044900370528410, 29.03188611675893682 ) ) ;
#3213 = VECTOR ( 'NONE', #2600, 1000.000000000000114 ) ;
#3214 = AXIS2_PLACEMENT_3D ( 'NONE', #2391, #406, #5342 ) ;
#3215 = DIRECTION ( 'NONE',  ( -0.7071067811865486830, -0.7071067811865464625, 0.000000000000000000 ) ) ;
#3216 = FACE_OUTER_BOUND ( 'NONE', #5212, .T. ) ;
#3217 = EDGE_CURVE ( 'NONE', #7803, #7588, #555, .T. ) ;
#3218 = VERTEX_POINT ( 'NONE', #4304 ) ;
#3219 = ORIENTED_EDGE ( 'NONE', *, *, #1073, .T. ) ;
#3220 = AXIS2_PLACEMENT_3D ( 'NONE', #97, #4465, #2582 ) ;
#3221 = CARTESIAN_POINT ( 'NONE',  ( 8.737502886724461959, 77.00000000000000000, 4.007628364388069464 ) ) ;
#3222 = AXIS2_PLACEMENT_3D ( 'NONE', #6720, #7249, #436 ) ;
#3223 = EDGE_LOOP ( 'NONE', ( #1161, #625, #1886, #7432, #1799, #2002, #1737 ) ) ;
#3224 = DIRECTION ( 'NONE',  ( 1.000000000000000000, -7.304689455032545322E-14, -1.850371707708594316E-16 ) ) ;
#3225 = ADVANCED_FACE ( 'NONE', ( #1914 ), #772, .T. ) ;
#3226 = CARTESIAN_POINT ( 'NONE',  ( 12.27303679265714997, 73.46446609406726225, 24.49999999999996447 ) ) ;
#3227 = CARTESIAN_POINT ( 'NONE',  ( 10.52636007853633515, 75.21114280818812858, 32.20886514954604252 ) ) ;
#3228 = DIRECTION ( 'NONE',  ( 1.000000000000000000, -7.304689455032545322E-14, -0.000000000000000000 ) ) ;
#3229 = VERTEX_POINT ( 'NONE', #857 ) ;
#3230 = AXIS2_PLACEMENT_3D ( 'NONE', #7904, #3575, #6642 ) ;
#3231 = DIRECTION ( 'NONE',  ( -0.000000000000000000, 0.000000000000000000, 1.000000000000000000 ) ) ;
#3232 = CARTESIAN_POINT ( 'NONE',  ( 14.07568596981219855, 72.97730617779652107, 1.095001571537662421 ) ) ;
#3233 = B_SPLINE_CURVE_WITH_KNOTS ( 'NONE', 3,
 ( #6361, #1195, #7015, #626, #3098, #6286, #3212, #1822, #4486, #8091, #3135, #4412, #4951, #4334 ),
 .UNSPECIFIED., .F., .F.,
 ( 4, 2, 2, 2, 2, 2, 4 ),
 ( 0.000000000000000000, 0.1249999999999923395, 0.2499999999999846789, 0.4999999999999712452, 0.6249999999999743538, 0.7499999999999774625, 1.000000000000000000 ),
 .UNSPECIFIED. ) ;
#3234 = DIRECTION ( 'NONE',  ( -0.7071067811865475727, 0.7071067811865475727, 0.000000000000000000 ) ) ;
#3235 = CARTESIAN_POINT ( 'NONE',  ( 24.76837645704254953, 65.81122755009052128, -1.072407870921731066 ) ) ;
#3236 = CARTESIAN_POINT ( 'NONE',  ( 25.01319614606559227, 72.06248982374471268, 17.50000000000000711 ) ) ;
#3237 = PLANE ( 'NONE',  #4657 ) ;
#3238 = DIRECTION ( 'NONE',  ( -5.068646512946076434E-29, -6.938893903907233308E-16, 1.000000000000000000 ) ) ;
#3239 = DIRECTION ( 'NONE',  ( -0.7071067811865482389, -0.7071067811865467956, 0.000000000000000000 ) ) ;
#3240 = ORIENTED_EDGE ( 'NONE', *, *, #2518, .T. ) ;
#3241 = CARTESIAN_POINT ( 'NONE',  ( 21.89941745713249333, 75.47118475285168415, 29.58590485128106806 ) ) ;
#3242 = VECTOR ( 'NONE', #6772, 999.9999999999998863 ) ;
#3243 = DIRECTION ( 'NONE',  ( -0.7071067811865475727, 0.7071067811865475727, 0.000000000000000000 ) ) ;
#3244 = CARTESIAN_POINT ( 'NONE',  ( 21.76649800719460615, 75.16443363947921341, 29.16613271057451584 ) ) ;
#3245 = EDGE_CURVE ( 'NONE', #572, #6742, #6613, .T. ) ;
#3246 = CARTESIAN_POINT ( 'NONE',  ( 20.04222938321439784, 65.69527350351003747, 36.64453641925644689 ) ) ;
#3247 = CARTESIAN_POINT ( 'NONE',  ( 20.05121138570918049, 81.24264068711926257, 17.99999999999996803 ) ) ;
#3248 = CARTESIAN_POINT ( 'NONE',  ( 16.27402074393211606, 69.46348214279231570, -2.682175745245999554 ) ) ;
#3249 = ORIENTED_EDGE ( 'NONE', *, *, #5753, .T. ) ;
#3250 = FACE_OUTER_BOUND ( 'NONE', #778, .T. ) ;
#3251 = VERTEX_POINT ( 'NONE', #3503 ) ;
#3252 = CARTESIAN_POINT ( 'NONE',  ( 56.57568596981212039, 71.99999999999592148, 49.99999999999998579 ) ) ;
#3253 = CARTESIAN_POINT ( 'NONE',  ( 28.54873005199834068, 69.94116948018502455, -1.436088728080470698E-14 ) ) ;
#3254 = CARTESIAN_POINT ( 'NONE',  ( 26.41517241638810987, 59.32233047033627571, 12.00000000000000888 ) ) ;
#3255 = EDGE_CURVE ( 'NONE', #5056, #7466, #899, .T. ) ;
#3256 = DIRECTION ( 'NONE',  ( 0.7071067811865475727, -5.165195448115379533E-14, 0.7071067811865475727 ) ) ;
#3257 = ORIENTED_EDGE ( 'NONE', *, *, #7794, .T. ) ;
#3258 = VERTEX_POINT ( 'NONE', #7790 ) ;
#3259 = CARTESIAN_POINT ( 'NONE',  ( 28.53649275994774470, 61.44365081389591410, 11.25000000000001066 ) ) ;
#3260 = VERTEX_POINT ( 'NONE', #4614 ) ;
#3261 = CARTESIAN_POINT ( 'NONE',  ( 12.44981348795380427, 74.70190296114371620, 11.25000000000001066 ) ) ;
#3262 = EDGE_CURVE ( 'NONE', #3112, #315, #365, .T. ) ;
#3263 = FACE_OUTER_BOUND ( 'NONE', #7235, .T. ) ;
#3264 = CARTESIAN_POINT ( 'NONE',  ( 22.18476902131943262, 76.30513051086394682, 5.624398317528539692 ) ) ;
#3265 = DIRECTION ( 'NONE',  ( -0.7071067811865451302, -0.7071067811865497932, 0.000000000000000000 ) ) ;
#3266 = DIRECTION ( 'NONE',  ( -0.7071067811865510144, -0.7071067811865440200, -6.542051911182422355E-15 ) ) ;
#3267 = CARTESIAN_POINT ( 'NONE',  ( 21.97063793213415295, 75.20902284866130572, 5.298161653864913667 ) ) ;
#3268 = ORIENTED_EDGE ( 'NONE', *, *, #7258, .F. ) ;
#3269 = CARTESIAN_POINT ( 'NONE',  ( 14.07568596981413656, 99.50000000000000000, -5.000000000000013323 ) ) ;
#3270 = ORIENTED_EDGE ( 'NONE', *, *, #7764, .F. ) ;
#3271 = CARTESIAN_POINT ( 'NONE',  ( 9.098608463377352962, 72.60102698619100181, 3.091107093596906275 ) ) ;
#3272 = CARTESIAN_POINT ( 'NONE',  ( 19.07568596982382658, 181.9999999999986073, 26.49999999999998579 ) ) ;
#3273 = ADVANCED_FACE ( 'NONE', ( #373 ), #7264, .F. ) ;
#3274 = DIRECTION ( 'NONE',  ( 0.7071067811865486830, 0.7071067811865464625, -0.000000000000000000 ) ) ;
#3275 = CARTESIAN_POINT ( 'NONE',  ( 28.04432185082333717, 69.07710104159934872, 5.241430971597708321 ) ) ;
#3276 = DIRECTION ( 'NONE',  ( 1.000000000000000000, -7.304689455032545322E-14, -0.000000000000000000 ) ) ;
#3277 = CARTESIAN_POINT ( 'NONE',  ( 9.331580449190676418, 77.02652302097928327, 3.726992864251307491 ) ) ;
#3278 = LINE ( 'NONE', #797, #1919 ) ;
#3279 = DIRECTION ( 'NONE',  ( 0.7071067811865451302, 0.7071067811865497932, 0.000000000000000000 ) ) ;
#3280 = VECTOR ( 'NONE', #3969, 1000.000000000000000 ) ;
#3281 = VERTEX_POINT ( 'NONE', #2808 ) ;
#3282 = VERTEX_POINT ( 'NONE', #3456 ) ;
#3283 = CARTESIAN_POINT ( 'NONE',  ( 21.46542494808229762, 82.65685424949234061, 18.74999999999996803 ) ) ;
#3284 = CARTESIAN_POINT ( 'NONE',  ( 22.18476902131938644, 74.89091694849091141, 38.95643923738960979 ) ) ;
#3285 = CARTESIAN_POINT ( 'NONE',  ( 22.02178670303442587, 76.09120508061511146, 29.39616770575856464 ) ) ;
#3286 = EDGE_CURVE ( 'NONE', #3800, #51, #2052, .T. ) ;
#3287 = CARTESIAN_POINT ( 'NONE',  ( 13.86402705032687876, 75.05545635173697860, 23.74999999999996447 ) ) ;
#3288 = CARTESIAN_POINT ( 'NONE',  ( 31.19457345973349405, 60.27065336169847143, 19.71247943746038800 ) ) ;
#3289 = DIRECTION ( 'NONE',  ( 0.7071067811865486830, 0.7071067811865464625, 0.000000000000000000 ) ) ;
#3290 = EDGE_CURVE ( 'NONE', #5224, #5788, #1644, .T. ) ;
#3291 = ORIENTED_EDGE ( 'NONE', *, *, #7566, .T. ) ;
#3292 = CARTESIAN_POINT ( 'NONE',  ( 69.07568596982032716, 184.4999999999949409, 52.50000000000000000 ) ) ;
#3293 = ORIENTED_EDGE ( 'NONE', *, *, #457, .F. ) ;
#3294 = CARTESIAN_POINT ( 'NONE',  ( 27.68510161295291994, 63.21447580190309168, 5.330172427204036723 ) ) ;
#3295 = DIRECTION ( 'NONE',  ( 0.7071067811865429098, 0.7071067811865522357, 0.000000000000000000 ) ) ;
#3296 = VECTOR ( 'NONE', #5548, 1000.000000000000000 ) ;
#3297 = CARTESIAN_POINT ( 'NONE',  ( 14.07568596981249343, 76.99999999999899103, 40.18219934291529682 ) ) ;
#3298 = DIRECTION ( 'NONE',  ( 1.000000000000000000, -7.317379025938529564E-14, 0.000000000000000000 ) ) ;
#3299 = ORIENTED_EDGE ( 'NONE', *, *, #3816, .F. ) ;
#3300 = ORIENTED_EDGE ( 'NONE', *, *, #4464, .F. ) ;
#3301 = ORIENTED_EDGE ( 'NONE', *, *, #6741, .T. ) ;
#3302 = EDGE_CURVE ( 'NONE', #5354, #5821, #5391, .T. ) ;
#3303 = B_SPLINE_CURVE_WITH_KNOTS ( 'NONE', 3,
 ( #6033, #1031, #5395, #1699, #4834, #383, #7846, #2213, #2900, #6075, #5953, #2251, #426, #7925, #6665, #6121 ),
 .UNSPECIFIED., .F., .F.,
 ( 4, 2, 2, 2, 2, 2, 2, 4 ),
 ( 2.602085213965210642E-18, 0.002307424435579071703, 0.003461136653368606254, 0.004614848871158140804, 0.005768561088947674921, 0.006922273306737209905, 0.008075985524526745757, 0.009229697742316279874 ),
 .UNSPECIFIED. ) ;
#3304 = VECTOR ( 'NONE', #4533, 1000.000000000000000 ) ;
#3305 = CARTESIAN_POINT ( 'NONE',  ( 31.05972113615568020, 54.66963792570390979, 14.38625514600820132 ) ) ;
#3306 = DIRECTION ( 'NONE',  ( 0.7071067811865440200, -0.7071067811865510144, 4.625929269271464023E-15 ) ) ;
#3307 =( BOUNDED_CURVE ( )  B_SPLINE_CURVE ( 3, ( #2187, #5334, #4684, #7215 ),
 .UNSPECIFIED., .F., .F. ) 
 B_SPLINE_CURVE_WITH_KNOTS ( ( 4, 4 ),
 ( 4.712388980384679016, 6.283185307179585344 ),
 .UNSPECIFIED. ) 
 CURVE ( )  GEOMETRIC_REPRESENTATION_ITEM ( )  RATIONAL_B_SPLINE_CURVE ( ( 1.000000000000000000, 0.8047378541243626060, 0.8047378541243626060, 1.000000000000000000 ) ) 
 REPRESENTATION_ITEM ( '' )  );
#3308 = LINE ( 'NONE', #1451, #5583 ) ;
#3309 = EDGE_LOOP ( 'NONE', ( #4581, #6955, #6761, #8089 ) ) ;
#3310 = DIRECTION ( 'NONE',  ( 0.7071067811865451302, 0.7071067811865497932, 0.000000000000000000 ) ) ;
#3311 = VERTEX_POINT ( 'NONE', #5982 ) ;
#3312 = ORIENTED_EDGE ( 'NONE', *, *, #6919, .F. ) ;
#3313 = CARTESIAN_POINT ( 'NONE',  ( 33.17236529535696121, 64.09639633973100104, 21.28348977888420634 ) ) ;
#3314 = DIRECTION ( 'NONE',  ( 1.000000000000000000, 0.000000000000000000, 0.000000000000000000 ) ) ;
#3315 = B_SPLINE_CURVE_WITH_KNOTS ( 'NONE', 3,
 ( #1241, #6076, #5438, #7363 ),
 .UNSPECIFIED., .F., .F.,
 ( 4, 4 ),
 ( 0.000000000000000000, 0.0002617509240831975958 ),
 .UNSPECIFIED. ) ;
#3316 = CARTESIAN_POINT ( 'NONE',  ( 27.84162327081178745, 69.23406269899851395, 5.130683123147021796 ) ) ;
#3317 = DIRECTION ( 'NONE',  ( -0.7071067811865474617, 0.000000000000000000, -0.7071067811865474617 ) ) ;
#3318 = CARTESIAN_POINT ( 'NONE',  ( 31.05684214402803889, 54.68066074269497534, 14.56166821645930654 ) ) ;
#3319 = CARTESIAN_POINT ( 'NONE',  ( 25.07568596981265330, 79.19604745935724566, 37.95643923738961689 ) ) ;
#3320 = DIRECTION ( 'NONE',  ( -0.000000000000000000, -0.000000000000000000, -1.000000000000000000 ) ) ;
#3321 = ORIENTED_EDGE ( 'NONE', *, *, #7827, .T. ) ;
#3322 = ORIENTED_EDGE ( 'NONE', *, *, #8127, .F. ) ;
#3323 = VERTEX_POINT ( 'NONE', #2157 ) ;
#3324 = CARTESIAN_POINT ( 'NONE',  ( 16.51567747977645340, 77.70710678118652481, 21.24999999999996447 ) ) ;
#3325 = CARTESIAN_POINT ( 'NONE',  ( 35.21037478238503127, 66.99999999999744205, 2.736761759643128400 ) ) ;
#3326 = CARTESIAN_POINT ( 'NONE',  ( 22.16060566568184242, 76.28096565770295001, 29.37560213540609055 ) ) ;
#3327 = VECTOR ( 'NONE', #2572, 1000.000000000000000 ) ;
#3328 = CARTESIAN_POINT ( 'NONE',  ( 15.98534739388654558, 78.23743686707643974, 21.24999999999996447 ) ) ;
#3329 = EDGE_CURVE ( 'NONE', #4890, #5389, #4746, .T. ) ;
#3330 = FACE_OUTER_BOUND ( 'NONE', #2497, .T. ) ;
#3331 = ORIENTED_EDGE ( 'NONE', *, *, #1795, .T. ) ;
#3332 = AXIS2_PLACEMENT_3D ( 'NONE', #2298, #1546, #999 ) ;
#3333 = CARTESIAN_POINT ( 'NONE',  ( 27.72969670342369142, 68.97697534929162089, 29.30757094824697973 ) ) ;
#3334 = ORIENTED_EDGE ( 'NONE', *, *, #2403, .F. ) ;
#3335 = CARTESIAN_POINT ( 'NONE',  ( 26.56185757524565361, 56.39432271633220495, 4.669404942372500145 ) ) ;
#3336 = CARTESIAN_POINT ( 'NONE',  ( 18.21666787592627657, 67.52083501079813743, -2.531417510262894410 ) ) ;
#3337 = CARTESIAN_POINT ( 'NONE',  ( 24.07568596981302989, 76.87626146275533756, -3.684088154324270725 ) ) ;
#3338 = EDGE_CURVE ( 'NONE', #1569, #5278, #2891, .T. ) ;
#3339 = PLANE ( 'NONE',  #1177 ) ;
#3340 = VECTOR ( 'NONE', #2702, 1000.000000000000000 ) ;
#3341 = AXIS2_PLACEMENT_3D ( 'NONE', #7665, #2681, #5178 ) ;
#3342 = CARTESIAN_POINT ( 'NONE',  ( 30.70846275279135185, 55.02904013393303018, 23.27809915860734691 ) ) ;
#3343 = ORIENTED_EDGE ( 'NONE', *, *, #5480, .F. ) ;
#3344 = ORIENTED_EDGE ( 'NONE', *, *, #4852, .T. ) ;
#3345 = VERTEX_POINT ( 'NONE', #204 ) ;
#3346 = VECTOR ( 'NONE', #1945, 999.9999999999998863 ) ;
#3347 = VECTOR ( 'NONE', #2542, 1000.000000000000000 ) ;
#3348 = LINE ( 'NONE', #3226, #6858 ) ;
#3349 = CARTESIAN_POINT ( 'NONE',  ( 21.94676829425739228, 75.27087157949057428, 5.327138457274227079 ) ) ;
#3350 = ORIENTED_EDGE ( 'NONE', *, *, #4121, .F. ) ;
#3351 = VECTOR ( 'NONE', #2964, 1000.000000000000000 ) ;
#3352 = LINE ( 'NONE', #221, #7591 ) ;
#3353 = EDGE_LOOP ( 'NONE', ( #4409, #7673, #6740, #7165 ) ) ;
#3354 = CARTESIAN_POINT ( 'NONE',  ( 28.56115532589055306, 68.78682185649891778, 5.968113883193056246 ) ) ;
#3355 = DIRECTION ( 'NONE',  ( -7.320533068622119628E-14, -1.000000000000000000, 0.000000000000000000 ) ) ;
#3356 = VECTOR ( 'NONE', #7693, 1000.000000000000000 ) ;
#3357 = CARTESIAN_POINT ( 'NONE',  ( 25.07568596981998255, 179.4999999999981242, 41.25000000000000711 ) ) ;
#3358 = CARTESIAN_POINT ( 'NONE',  ( 28.81090954521944880, 68.97600912626276681, 5.550012204896241919 ) ) ;
#3359 = CIRCLE ( 'NONE', #1923, 0.5000000000000004441 ) ;
#3360 = EDGE_CURVE ( 'NONE', #315, #5688, #3410, .T. ) ;
#3361 = FACE_OUTER_BOUND ( 'NONE', #2162, .T. ) ;
#3362 = ORIENTED_EDGE ( 'NONE', *, *, #1847, .T. ) ;
#3363 = CARTESIAN_POINT ( 'NONE',  ( 25.03966772844417576, 66.53274174086884329, -2.607426983902751516 ) ) ;
#3364 = ORIENTED_EDGE ( 'NONE', *, *, #8085, .T. ) ;
#3365 = ORIENTED_EDGE ( 'NONE', *, *, #3798, .T. ) ;
#3366 = ORIENTED_EDGE ( 'NONE', *, *, #7512, .T. ) ;
#3367 = DIRECTION ( 'NONE',  ( -7.320533068622119628E-14, -1.000000000000000000, 8.673617379884028076E-17 ) ) ;
#3368 = AXIS2_PLACEMENT_3D ( 'NONE', #7101, #7749, #2641 ) ;
#3369 = CARTESIAN_POINT ( 'NONE',  ( 27.63219849129788486, 66.99999999999798206, -4.333589505753056237 ) ) ;
#3370 = CARTESIAN_POINT ( 'NONE',  ( 22.06403270436786457, 76.30191541370103891, 28.91981240347792337 ) ) ;
#3371 = DIRECTION ( 'NONE',  ( 0.000000000000000000, -0.000000000000000000, 1.000000000000000000 ) ) ;
#3372 = EDGE_CURVE ( 'NONE', #4457, #6597, #7394, .T. ) ;
#3373 = DIRECTION ( 'NONE',  ( -0.7071067811865489050, -0.7071067811865462405, -6.938893903907239224E-16 ) ) ;
#3374 = CIRCLE ( 'NONE', #7993, 0.7500000000000022204 ) ;
#3375 = VECTOR ( 'NONE', #7054, 1000.000000000000000 ) ;
#3376 = VERTEX_POINT ( 'NONE', #455 ) ;
#3377 = CARTESIAN_POINT ( 'NONE',  ( 28.41790721802223629, 68.78595210583324615, 29.07284322935506893 ) ) ;
#3378 = EDGE_LOOP ( 'NONE', ( #6898, #7600, #3633 ) ) ;
#3379 = CARTESIAN_POINT ( 'NONE',  ( 31.05578062022171792, 54.68470067653637301, 14.38720093172690717 ) ) ;
#3380 = FACE_OUTER_BOUND ( 'NONE', #3980, .T. ) ;
#3381 = EDGE_CURVE ( 'NONE', #6333, #5056, #503, .T. ) ;
#3382 = CARTESIAN_POINT ( 'NONE',  ( 29.25583683318487971, 69.23406269899851395, 6.043560762610408865 ) ) ;
#3383 = CARTESIAN_POINT ( 'NONE',  ( -36.17369213578395915, 187.0000000000026432, 37.50000000000004263 ) ) ;
#3384 = CARTESIAN_POINT ( 'NONE',  ( 26.68949142196402491, 59.04801146476035711, 30.05128206527975721 ) ) ;
#3385 = ORIENTED_EDGE ( 'NONE', *, *, #636, .T. ) ;
#3386 = VERTEX_POINT ( 'NONE', #2398 ) ;
#3387 = PLANE ( 'NONE',  #4339 ) ;
#3388 =( NAMED_UNIT ( * ) PLANE_ANGLE_UNIT ( ) SI_UNIT ( $, .RADIAN. ) );
#3389 = DIRECTION ( 'NONE',  ( -0.7071067811865474617, -0.7071067811865474617, 0.000000000000000000 ) ) ;
#3390 = ORIENTED_EDGE ( 'NONE', *, *, #1907, .T. ) ;
#3391 = DIRECTION ( 'NONE',  ( -0.7071067811865464625, 0.7071067811865485719, 0.000000000000000000 ) ) ;
#3392 = EDGE_LOOP ( 'NONE', ( #2345, #4411, #5356, #2736 ) ) ;
#3393 = CARTESIAN_POINT ( 'NONE',  ( 28.23383230002770716, 68.79297651336624142, 5.872700848294604370 ) ) ;
#3394 = ADVANCED_FACE ( 'NONE', ( #6060 ), #412, .F. ) ;
#3395 = CARTESIAN_POINT ( 'NONE',  ( 30.60756057181106371, 71.99999999999776890, 38.95643923738960979 ) ) ;
#3396 = EDGE_CURVE ( 'NONE', #7755, #3141, #8001, .T. ) ;
#3397 = DIRECTION ( 'NONE',  ( 0.7071067811865427988, -0.7071067811865521247, 0.000000000000000000 ) ) ;
#3398 = CARTESIAN_POINT ( 'NONE',  ( 27.96370194364322614, 69.12952397259299175, 5.199301282314431560 ) ) ;
#3399 = DIRECTION ( 'NONE',  ( -0.7071067811865485719, -0.7071067811865464625, 0.000000000000000000 ) ) ;
#3400 = ORIENTED_EDGE ( 'NONE', *, *, #3127, .T. ) ;
#3401 = CARTESIAN_POINT ( 'NONE',  ( 25.07568596981261067, 78.61026102173030949, 38.95643923738960979 ) ) ;
#3402 = CYLINDRICAL_SURFACE ( 'NONE', #7946, 1.250000000000028866 ) ;
#3403 = ORIENTED_EDGE ( 'NONE', *, *, #5270, .T. ) ;
#3404 = ORIENTED_EDGE ( 'NONE', *, *, #4624, .T. ) ;
#3405 = ORIENTED_EDGE ( 'NONE', *, *, #1095, .T. ) ;
#3406 = CARTESIAN_POINT ( 'NONE',  ( 29.25583683318487971, 69.23406269899851395, 5.624398317528570779 ) ) ;
#3407 = CARTESIAN_POINT ( 'NONE',  ( 21.70877868355482576, 66.99999999996916245, 2.172760891052646137 ) ) ;
#3408 = CARTESIAN_POINT ( 'NONE',  ( 21.73679216319476026, 75.48811493724643640, 29.06686501876275130 ) ) ;
#3409 = ADVANCED_FACE ( 'NONE', ( #7954 ), #7467, .T. ) ;
#3410 = B_SPLINE_CURVE_WITH_KNOTS ( 'NONE', 3,
 ( #2117, #7143, #1475, #3998, #2767, #5264, #1522, #5470, #3014, #4940, #6889, #2435, #4288, #4901 ),
 .UNSPECIFIED., .F., .F.,
 ( 4, 2, 2, 2, 2, 2, 4 ),
 ( 0.002587033090808303886, 0.003499787933343878610, 0.004412542775879453767, 0.006238052460950603215, 0.007150807303486182709, 0.008063562146021760468, 0.009889071831092905579 ),
 .UNSPECIFIED. ) ;
#3411 = LINE ( 'NONE', #7095, #6933 ) ;
#3412 = ORIENTED_EDGE ( 'NONE', *, *, #2623, .T. ) ;
#3413 = CARTESIAN_POINT ( 'NONE',  ( 34.66806385962068049, 66.99999999999749889, 1.993844763729140102 ) ) ;
#3414 = CARTESIAN_POINT ( 'NONE',  ( 27.58682921937131027, 69.08348822456589744, 29.36742853386133945 ) ) ;
#3415 = EDGE_CURVE ( 'NONE', #300, #5737, #4616, .T. ) ;
#3416 = ORIENTED_EDGE ( 'NONE', *, *, #329, .F. ) ;
#3417 = CARTESIAN_POINT ( 'NONE',  ( 30.83601014606909274, 55.52181163911608763, 14.48278969405168937 ) ) ;
#3418 = LINE ( 'NONE', #4046, #3763 ) ;
#3419 = AXIS2_PLACEMENT_3D ( 'NONE', #7670, #162, #2687 ) ;
#3420 = AXIS2_PLACEMENT_3D ( 'NONE', #6455, #5779, #3884 ) ;
#3421 = CARTESIAN_POINT ( 'NONE',  ( 29.06682284583765608, 61.97398089978582192, 11.25000000000001066 ) ) ;
#3422 = CARTESIAN_POINT ( 'NONE',  ( 14.92468722210670506, 76.11611652351680846, 11.25000000000001066 ) ) ;
#3423 = DIRECTION ( 'NONE',  ( -8.659560562354946417E-17, -8.659560562354920532E-17, 1.000000000000000000 ) ) ;
#3424 = CARTESIAN_POINT ( 'NONE',  ( 30.97206724508649955, 54.76543564163787892, 21.98425668208565043 ) ) ;
#3425 = ORIENTED_EDGE ( 'NONE', *, *, #5587, .T. ) ;
#3426 = EDGE_LOOP ( 'NONE', ( #6171, #4845, #7911, #3510 ) ) ;
#3427 = CARTESIAN_POINT ( 'NONE',  ( 27.90026457418939643, 69.17988035603396213, 5.164397782400144798 ) ) ;
#3428 = EDGE_CURVE ( 'NONE', #3549, #741, #4324, .T. ) ;
#3429 = LINE ( 'NONE', #5954, #2556 ) ;
#3430 = DIRECTION ( 'NONE',  ( -1.000000000000000000, 0.000000000000000000, 0.000000000000000000 ) ) ;
#3431 = CARTESIAN_POINT ( 'NONE',  ( 56.57568596981202091, 71.99999999999589306, -12.50000000000000355 ) ) ;
#3432 = ORIENTED_EDGE ( 'NONE', *, *, #6580, .F. ) ;
#3433 = DIRECTION ( 'NONE',  ( -0.7071067811865464625, 0.7071067811865487940, -0.000000000000000000 ) ) ;
#3434 = VECTOR ( 'NONE', #5691, 1000.000000000000000 ) ;
#3435 = CARTESIAN_POINT ( 'NONE',  ( 14.07568596981212927, 71.99999999999897682, 49.99999999999998579 ) ) ;
#3436 = B_SPLINE_CURVE_WITH_KNOTS ( 'NONE', 3,
 ( #6953, #3688, #1797, #7558, #7407, #2379, #1748, #1920, #6213, #4346, #6875, #1289, #1208, #3727 ),
 .UNSPECIFIED., .F., .F.,
 ( 4, 2, 2, 2, 2, 2, 4 ),
 ( 0.000000000000000000, 0.001820359125930579025, 0.002730538688895862032, 0.003640718251861145040, 0.005461077377791709320, 0.006371256940756981485, 0.007281436503722254518 ),
 .UNSPECIFIED. ) ;
#3437 = CARTESIAN_POINT ( 'NONE',  ( 21.88720175797075385, 74.84717038412212275, 5.719407108535691897 ) ) ;
#3438 = LINE ( 'NONE', #5962, #7205 ) ;
#3439 = CARTESIAN_POINT ( 'NONE',  ( 30.89471327862278116, 59.08725476772788454, 19.94767439510373563 ) ) ;
#3440 = DIRECTION ( 'NONE',  ( -1.000000000000000000, 0.000000000000000000, 0.000000000000000000 ) ) ;
#3441 = ORIENTED_EDGE ( 'NONE', *, *, #1215, .F. ) ;
#3442 = DIRECTION ( 'NONE',  ( 7.304689455032546585E-14, 1.000000000000000000, -1.577721810442023260E-30 ) ) ;
#3443 = CARTESIAN_POINT ( 'NONE',  ( 19.07568596981395714, 96.99999999999964473, -7.500000000000012434 ) ) ;
#3444 = VERTEX_POINT ( 'NONE', #7499 ) ;
#3445 = ORIENTED_EDGE ( 'NONE', *, *, #4550, .T. ) ;
#3446 = ORIENTED_EDGE ( 'NONE', *, *, #1870, .T. ) ;
#3447 = CARTESIAN_POINT ( 'NONE',  ( 22.12447787805538724, 76.36542165412801353, 6.081152228392824988 ) ) ;
#3448 = CARTESIAN_POINT ( 'NONE',  ( 27.43636557017741495, 66.99999999999795364, 5.452301085148817172 ) ) ;
#3449 = PLANE ( 'NONE',  #7454 ) ;
#3450 = DIRECTION ( 'NONE',  ( -0.7071067811865465735, 0.7071067811865483499, -0.000000000000000000 ) ) ;
#3451 = EDGE_CURVE ( 'NONE', #360, #5958, #1852, .T. ) ;
#3452 = VERTEX_POINT ( 'NONE', #1103 ) ;
#3453 = CARTESIAN_POINT ( 'NONE',  ( 36.82967971619950021, 66.99999999999728573, 5.533087124809936697 ) ) ;
#3454 = CARTESIAN_POINT ( 'NONE',  ( 29.25234757826453347, 69.11307134127791585, 28.91981843420139953 ) ) ;
#3455 = ORIENTED_EDGE ( 'NONE', *, *, #2782, .F. ) ;
#3456 = CARTESIAN_POINT ( 'NONE',  ( 31.05578062022172148, 54.68470067653635169, 20.61279906827316211 ) ) ;
#3457 = CARTESIAN_POINT ( 'NONE',  ( 30.72800841762324353, 57.22399377409693955, 20.26841284052381198 ) ) ;
#3458 = VECTOR ( 'NONE', #5416, 1000.000000000000000 ) ;
#3459 = VECTOR ( 'NONE', #1034, 1000.000000000000000 ) ;
#3460 = CARTESIAN_POINT ( 'NONE',  ( 69.07568596982027032, 183.2499999999948841, 41.24999999999997868 ) ) ;
#3461 = LINE ( 'NONE', #4821, #4619 ) ;
#3462 = CARTESIAN_POINT ( 'NONE',  ( 28.54873004706880835, 68.94116946415299196, 29.53660295151789583 ) ) ;
#3463 = ADVANCED_FACE ( 'NONE', ( #6153 ), #2973, .F. ) ;
#3464 = CIRCLE ( 'NONE', #1883, 0.7500000000000047740 ) ;
#3465 = ORIENTED_EDGE ( 'NONE', *, *, #2612, .T. ) ;
#3466 = ORIENTED_EDGE ( 'NONE', *, *, #5860, .T. ) ;
#3467 = ORIENTED_EDGE ( 'NONE', *, *, #4701, .F. ) ;
#3468 = VECTOR ( 'NONE', #944, 1000.000000000000114 ) ;
#3469 = AXIS2_PLACEMENT_3D ( 'NONE', #3236, #1460, #5756 ) ;
#3470 = DIRECTION ( 'NONE',  ( 0.7071067811865427988, -0.7071067811865521247, 0.000000000000000000 ) ) ;
#3471 = EDGE_CURVE ( 'NONE', #6350, #2981, #6867, .T. ) ;
#3472 = LINE ( 'NONE', #5237, #5435 ) ;
#3473 = CARTESIAN_POINT ( 'NONE',  ( 26.68949142196402491, 59.04801146476035711, 30.05128206527975721 ) ) ;
#3474 = ORIENTED_EDGE ( 'NONE', *, *, #520, .F. ) ;
#3475 = AXIS2_PLACEMENT_3D ( 'NONE', #8098, #6038, #4261 ) ;
#3476 = VECTOR ( 'NONE', #7105, 1000.000000000000000 ) ;
#3477 = CARTESIAN_POINT ( 'NONE',  ( 69.07568596982032716, 184.4999999999949409, -17.50000000000000711 ) ) ;
#3478 = DIRECTION ( 'NONE',  ( 0.7071067811865486830, 0.7071067811865464625, -0.000000000000000000 ) ) ;
#3479 = CARTESIAN_POINT ( 'NONE',  ( 21.73681806348057322, 75.40558587846646788, 5.909419836476687671 ) ) ;
#3480 = AXIS2_PLACEMENT_3D ( 'NONE', #5128, #6390, #1936 ) ;
#3481 = DIRECTION ( 'NONE',  ( 0.7071067811865440200, -0.7071067811865510144, 9.251858538542928046E-15 ) ) ;
#3482 = FACE_OUTER_BOUND ( 'NONE', #2609, .T. ) ;
#3483 = AXIS2_PLACEMENT_3D ( 'NONE', #2876, #485, #1585 ) ;
#3484 = DIRECTION ( 'NONE',  ( 0.000000000000000000, 0.000000000000000000, -1.000000000000000000 ) ) ;
#3485 = ORIENTED_EDGE ( 'NONE', *, *, #3428, .T. ) ;
#3486 = LINE ( 'NONE', #4070, #7968 ) ;
#3487 = DIRECTION ( 'NONE',  ( -1.000000000000000000, 0.000000000000000000, 0.000000000000000000 ) ) ;
#3488 = ORIENTED_EDGE ( 'NONE', *, *, #1658, .F. ) ;
#3489 = ORIENTED_EDGE ( 'NONE', *, *, #1046, .F. ) ;
#3490 = EDGE_LOOP ( 'NONE', ( #2163, #7640, #4560 ) ) ;
#3491 = DIRECTION ( 'NONE',  ( -0.000000000000000000, 0.000000000000000000, 1.000000000000000000 ) ) ;
#3492 = CARTESIAN_POINT ( 'NONE',  ( 25.86421869878748225, 58.89275291939269152, 4.166212524952657148 ) ) ;
#3493 = CARTESIAN_POINT ( 'NONE',  ( 21.90290194263784684, 75.74703077252992500, 29.48453986132791727 ) ) ;
#3494 = VECTOR ( 'NONE', #6222, 1000.000000000000000 ) ;
#3495 = CARTESIAN_POINT ( 'NONE',  ( 20.05121138570918404, 81.24264068711926257, 16.25000000000000711 ) ) ;
#3496 = VECTOR ( 'NONE', #2204, 999.9999999999998863 ) ;
#3497 = ORIENTED_EDGE ( 'NONE', *, *, #6162, .T. ) ;
#3498 = CARTESIAN_POINT ( 'NONE',  ( 25.07568596982043374, 186.9999999999981810, 37.50000000000001421 ) ) ;
#3499 = CARTESIAN_POINT ( 'NONE',  ( 28.01664870212582059, 69.09432581949478447, 29.77288118916079895 ) ) ;
#3500 = B_SPLINE_CURVE_WITH_KNOTS ( 'NONE', 3,
 ( #2605, #7627, #3297, #1903 ),
 .UNSPECIFIED., .F., .F.,
 ( 4, 4 ),
 ( 0.000000000000000000, 0.002253967486497510195 ),
 .UNSPECIFIED. ) ;
#3501 = ADVANCED_FACE ( 'NONE', ( #3051 ), #4861, .T. ) ;
#3502 = ORIENTED_EDGE ( 'NONE', *, *, #7123, .F. ) ;
#3503 = CARTESIAN_POINT ( 'NONE',  ( 14.07568596981322351, 87.00000000000001421, 42.49999999999998579 ) ) ;
#3504 = LINE ( 'NONE', #3015, #6287 ) ;
#3505 = AXIS2_PLACEMENT_3D ( 'NONE', #5151, #7680, #2007 ) ;
#3506 = DIRECTION ( 'NONE',  ( -0.7071067811865474617, 3.925231146709434638E-14, -0.7071067811865474617 ) ) ;
#3507 = DIRECTION ( 'NONE',  ( 0.7071067811865405783, 0.7071067811865544561, -1.734723475976796248E-15 ) ) ;
#3508 = CARTESIAN_POINT ( 'NONE',  ( 25.07568596981285580, 82.08276140402733745, 28.04778567281515578 ) ) ;
#3509 = ORIENTED_EDGE ( 'NONE', *, *, #7529, .F. ) ;
#3510 = ORIENTED_EDGE ( 'NONE', *, *, #6144, .T. ) ;
#3511 = B_SPLINE_CURVE_WITH_KNOTS ( 'NONE', 3,
 ( #7362, #471, #6622, #7970, #3427, #2988, #2861, #5358, #7885, #7197, #7276, #1612, #4138, #4056, #1905, #3639, #6167, #4955, #6180, #526, #14, #7524, #3655, #4926, #1087, #561, #3611, #604, #8149, #1172, #5003, #2536, #5039, #3037, #5543, #3151, #1877, #1256, #1752, #5632, #6301, #4228, #6137, #8066, #5502, #8029, #4271, #8108, #6805, #1134, #7455, #1801, #3693, #4311, #3114, #6217, #7490, #1838, #6843, #3073, #5585, #2463, #4968 ),
 .UNSPECIFIED., .F., .F.,
 ( 4, 1, 2, 2, 1, 1, 2, 2, 2, 1, 2, 2, 2, 2, 1, 2, 2, 2, 2, 2, 1, 2, 2, 2, 1, 2, 2, 2, 2, 2, 2, 2, 2, 2, 4 ),
 ( 0.000000000000000000, 0.03124999999994343414, 0.04687499999991726063, 0.06249999999989108712, 0.09374999999985475507, 0.1093749999998339939, 0.1171874999998198247, 0.1249999999998056555, 0.1562499999997619127, 0.1718749999997317146, 0.1796874999997144229, 0.1874999999996971589, 0.2187499999996307953, 0.2343749999996027067, 0.2421874999995982658, 0.2460937499996075639, 0.2499999999996168620, 0.2812499999996502242, 0.2968749999996599942, 0.3124999999996698197, 0.3437499999996894151, 0.3593749999996993516, 0.3749999999997093436, 0.4374999999997719047, 0.4687499999998003264, 0.4843749999998107625, 0.4999999999998212541, 0.5624999999998525624, 0.5937499999998652189, 0.6249999999998779865, 0.6874999999999019673, 0.7187499999999140687, 0.7499999999999262812, 0.8749999999999631406, 1.000000000000000000 ),
 .UNSPECIFIED. ) ;
#3512 = ORIENTED_EDGE ( 'NONE', *, *, #457, .T. ) ;
#3513 = CARTESIAN_POINT ( 'NONE',  ( 29.04577278895378356, 69.07282480071494035, 29.39532993821309859 ) ) ;
#3514 = EDGE_CURVE ( 'NONE', #31, #7377, #3121, .T. ) ;
#3515 = CARTESIAN_POINT ( 'NONE',  ( 22.07568596981358766, 91.99999999999840838, 52.49999999999998579 ) ) ;
#3516 = CARTESIAN_POINT ( 'NONE',  ( 31.04238797642695857, 54.69511491029741990, 13.76730823895109168 ) ) ;
#3517 = CARTESIAN_POINT ( 'NONE',  ( 21.80234607202368835, 63.83920844749527390, 34.98092932389975118 ) ) ;
#3518 = ORIENTED_EDGE ( 'NONE', *, *, #1447, .T. ) ;
#3519 = CIRCLE ( 'NONE', #364, 8.000000000000000000 ) ;
#3520 = CYLINDRICAL_SURFACE ( 'NONE', #7040, 2.500000000000002220 ) ;
#3521 = DIRECTION ( 'NONE',  ( -7.216449660063350905E-14, -1.000000000000000000, -1.804112415015837726E-14 ) ) ;
#3522 = EDGE_CURVE ( 'NONE', #1922, #6508, #5006, .T. ) ;
#3523 = CARTESIAN_POINT ( 'NONE',  ( 21.76660002218964252, 75.16399693077543986, 5.833720976165137628 ) ) ;
#3524 = DIRECTION ( 'NONE',  ( 0.7071067811865486830, 0.7071067811865464625, -0.000000000000000000 ) ) ;
#3525 = DIRECTION ( 'NONE',  ( -1.000000000000000000, 7.216449660063516251E-14, 0.000000000000000000 ) ) ;
#3526 = VERTEX_POINT ( 'NONE', #69 ) ;
#3527 = DIRECTION ( 'NONE',  ( 7.304689455032545322E-14, 1.000000000000000000, -0.000000000000000000 ) ) ;
#3528 = DIRECTION ( 'NONE',  ( 0.000000000000000000, 0.000000000000000000, -1.000000000000000000 ) ) ;
#3529 = ORIENTED_EDGE ( 'NONE', *, *, #2566, .T. ) ;
#3530 = ORIENTED_EDGE ( 'NONE', *, *, #2677, .T. ) ;
#3531 = VERTEX_POINT ( 'NONE', #6312 ) ;
#3532 = ADVANCED_FACE ( 'NONE', ( #6274 ), #645, .T. ) ;
#3533 = CARTESIAN_POINT ( 'NONE',  ( 25.07568596981316134, 86.26711527122321854, 10.00000000000000711 ) ) ;
#3534 = CARTESIAN_POINT ( 'NONE',  ( 69.07568596982054032, 186.9999999999949409, 54.99999999999998579 ) ) ;
#3535 = FACE_OUTER_BOUND ( 'NONE', #6434, .T. ) ;
#3536 = EDGE_CURVE ( 'NONE', #4250, #7377, #1249, .T. ) ;
#3537 = VERTEX_POINT ( 'NONE', #5804 ) ;
#3538 = CARTESIAN_POINT ( 'NONE',  ( 16.51567747977645340, 77.70710678118652481, 21.24999999999996447 ) ) ;
#3539 = CARTESIAN_POINT ( 'NONE',  ( 22.10937894561290662, 74.97519240321464906, 29.82133501987127744 ) ) ;
#3540 = ORIENTED_EDGE ( 'NONE', *, *, #4220, .T. ) ;
#3541 = CARTESIAN_POINT ( 'NONE',  ( 18.78279275101037626, 181.9999999999986358, 27.49999999999998579 ) ) ;
#3542 = CARTESIAN_POINT ( 'NONE',  ( 24.91553929561607106, 66.75966378606644014, -3.485548437206201555 ) ) ;
#3543 = CARTESIAN_POINT ( 'NONE',  ( 22.18476902131938644, 74.89091694849091141, 38.95643923738960979 ) ) ;
#3544 = CARTESIAN_POINT ( 'NONE',  ( 35.60756057181323087, 68.51471862576138960, 18.74999999999996803 ) ) ;
#3545 = DIRECTION ( 'NONE',  ( -0.000000000000000000, 0.000000000000000000, 1.000000000000000000 ) ) ;
#3546 = ORIENTED_EDGE ( 'NONE', *, *, #8161, .F. ) ;
#3547 = ORIENTED_EDGE ( 'NONE', *, *, #6074, .F. ) ;
#3548 = VECTOR ( 'NONE', #127, 1000.000000000000000 ) ;
#3549 = VERTEX_POINT ( 'NONE', #3284 ) ;
#3550 = CARTESIAN_POINT ( 'NONE',  ( 28.86722564476652764, 68.99268552924355902, 29.43447070764655038 ) ) ;
#3551 = CIRCLE ( 'NONE', #1979, 0.5000000000000004441 ) ;
#3552 = CARTESIAN_POINT ( 'NONE',  ( 12.27303679265717307, 73.46446609406726225, 21.24999999999996447 ) ) ;
#3553 = DIRECTION ( 'NONE',  ( -2.644634909600333736E-43, -3.620461794961481866E-30, -1.000000000000000000 ) ) ;
#3554 = DIRECTION ( 'NONE',  ( 0.7071067811865464625, -0.7071067811865487940, 0.000000000000000000 ) ) ;
#3555 = CARTESIAN_POINT ( 'NONE',  ( 9.321662561411388381, 76.61437365877235095, 3.672077659911062941 ) ) ;
#3556 = VERTEX_POINT ( 'NONE', #616 ) ;
#3557 = EDGE_CURVE ( 'NONE', #1803, #3592, #682, .T. ) ;
#3558 = CARTESIAN_POINT ( 'NONE',  ( 28.25583683318487971, 68.81984913662542169, -3.956439237389594687 ) ) ;
#3559 = CARTESIAN_POINT ( 'NONE',  ( 14.07568596981248987, 76.95810743270540399, 39.43140133703975181 ) ) ;
#3560 = CARTESIAN_POINT ( 'NONE',  ( 28.04340017942361740, 69.07808354477178625, 29.75912541482444240 ) ) ;
#3561 = AXIS2_PLACEMENT_3D ( 'NONE', #5015, #5051, #3821 ) ;
#3562 = DIRECTION ( 'NONE',  ( -1.000000000000000000, 7.304689455032545322E-14, 0.000000000000000000 ) ) ;
#3563 = CARTESIAN_POINT ( 'NONE',  ( 12.27303679265716951, 73.46446609406726225, 23.74999999999996447 ) ) ;
#3564 = LINE ( 'NONE', #354, #2023 ) ;
#3565 = ORIENTED_EDGE ( 'NONE', *, *, #4342, .F. ) ;
#3566 = AXIS2_PLACEMENT_3D ( 'NONE', #3017, #1817, #2477 ) ;
#3567 = CARTESIAN_POINT ( 'NONE',  ( 25.07568596981302278, 84.14138048183218643, 24.35683625330205615 ) ) ;
#3568 = EDGE_CURVE ( 'NONE', #3710, #6781, #7940, .T. ) ;
#3569 = CARTESIAN_POINT ( 'NONE',  ( 28.52244480650335134, 66.99999999999424460, 28.64147180329271336 ) ) ;
#3570 = VERTEX_POINT ( 'NONE', #4441 ) ;
#3571 = VERTEX_POINT ( 'NONE', #1224 ) ;
#3572 = ORIENTED_EDGE ( 'NONE', *, *, #7361, .T. ) ;
#3573 = DIRECTION ( 'NONE',  ( 0.7071067811865485719, 0.7071067811865464625, 0.000000000000000000 ) ) ;
#3574 = DIRECTION ( 'NONE',  ( 0.7071067811865451302, 0.7071067811865497932, 0.000000000000000000 ) ) ;
#3575 = DIRECTION ( 'NONE',  ( -0.7071067811865464625, 0.7071067811865487940, -0.000000000000000000 ) ) ;
#3576 = AXIS2_PLACEMENT_3D ( 'NONE', #4126, #2892, #5267 ) ;
#3577 = CARTESIAN_POINT ( 'NONE',  ( 14.62317243390566546, 65.76356324434392775, 40.85025697173816184 ) ) ;
#3578 = CARTESIAN_POINT ( 'NONE',  ( 8.734285453510878483, 77.00338280856963991, 4.009756496926547342 ) ) ;
#3579 = EDGE_LOOP ( 'NONE', ( #5909, #1474, #5684, #7873, #2839, #7605, #6172, #2062, #2384, #6612, #1601, #7682, #6189, #7089, #2133, #6320, #4294 ) ) ;
#3580 = CARTESIAN_POINT ( 'NONE',  ( 36.35335010833450298, 66.99999999999734257, 4.616664500362216650 ) ) ;
#3581 = CARTESIAN_POINT ( 'NONE',  ( 22.18476902131939710, 74.89091694849089720, 29.86931687685304482 ) ) ;
#3582 = VERTEX_POINT ( 'NONE', #5678 ) ;
#3583 = CARTESIAN_POINT ( 'NONE',  ( 15.57568596981395892, 96.99999999999988631, -2.500000000000012434 ) ) ;
#3584 = CARTESIAN_POINT ( 'NONE',  ( 27.65260928346456382, 59.49910716563292823, 11.25000000000001066 ) ) ;
#3585 = ADVANCED_FACE ( 'NONE', ( #4402 ), #1271, .T. ) ;
#3586 = CARTESIAN_POINT ( 'NONE',  ( 12.27303679265717662, 73.46446609406726225, 10.00000000000000711 ) ) ;
#3587 = DIRECTION ( 'NONE',  ( 1.000000000000000000, 0.000000000000000000, 6.608470384673549052E-16 ) ) ;
#3588 = EDGE_CURVE ( 'NONE', #2601, #643, #2392, .T. ) ;
#3589 = CARTESIAN_POINT ( 'NONE',  ( 25.07568596981303344, 84.45029558406972114, 26.71291402797249859 ) ) ;
#3590 = ORIENTED_EDGE ( 'NONE', *, *, #4141, .T. ) ;
#3591 = ORIENTED_EDGE ( 'NONE', *, *, #2019, .T. ) ;
#3592 = VERTEX_POINT ( 'NONE', #5721 ) ;
#3593 = DIRECTION ( 'NONE',  ( 1.000000000000000000, 0.000000000000000000, 0.000000000000000000 ) ) ;
#3594 = EDGE_CURVE ( 'NONE', #4321, #6068, #3125, .T. ) ;
#3595 = CARTESIAN_POINT ( 'NONE',  ( 13.97893661382007835, 76.61121024857723683, -2.446250324204495286 ) ) ;
#3596 = FACE_OUTER_BOUND ( 'NONE', #1124, .T. ) ;
#3597 = AXIS2_PLACEMENT_3D ( 'NONE', #4110, #2913, #2262 ) ;
#3598 = FACE_OUTER_BOUND ( 'NONE', #3761, .T. ) ;
#3599 = CARTESIAN_POINT ( 'NONE',  ( 19.07568596982017084, 181.9999999999986073, 42.49999999999999289 ) ) ;
#3600 = EDGE_LOOP ( 'NONE', ( #2781, #7330, #1383, #6560, #4688, #1552 ) ) ;
#3601 = LINE ( 'NONE', #4343, #2038 ) ;
#3602 = CIRCLE ( 'NONE', #3731, 0.7500000000000022204 ) ;
#3603 = CARTESIAN_POINT ( 'NONE',  ( 31.05738205007193997, 54.67860773364560600, 14.56222661112032313 ) ) ;
#3604 = CARTESIAN_POINT ( 'NONE',  ( 21.96047461851581772, 74.72951833017410195, 5.672324266331249198 ) ) ;
#3605 = DIRECTION ( 'NONE',  ( 0.7071067811865489050, 0.7071067811865462405, -1.734723475976809806E-16 ) ) ;
#3606 = AXIS2_PLACEMENT_3D ( 'NONE', #3778, #3851, #102 ) ;
#3607 = CARTESIAN_POINT ( 'NONE',  ( 27.12227919757465244, 60.02943725152283605, 23.74999999999996447 ) ) ;
#3608 = VERTEX_POINT ( 'NONE', #3161 ) ;
#3609 = VECTOR ( 'NONE', #2369, 1000.000000000000000 ) ;
#3610 = DIRECTION ( 'NONE',  ( 0.000000000000000000, 0.000000000000000000, -1.000000000000000000 ) ) ;
#3611 = CARTESIAN_POINT ( 'NONE',  ( 28.15758431707320142, 69.02084006263966387, 5.297139225774957438 ) ) ;
#3612 = EDGE_LOOP ( 'NONE', ( #296, #2073, #6945, #6197 ) ) ;
#3613 = ORIENTED_EDGE ( 'NONE', *, *, #7783, .T. ) ;
#3614 = CARTESIAN_POINT ( 'NONE',  ( 23.81381865743400184, 66.99999999999825206, -6.025661216801388775 ) ) ;
#3615 = CARTESIAN_POINT ( 'NONE',  ( 22.14016235824769296, 74.93775335784752656, 29.84213657024116273 ) ) ;
#3616 = CIRCLE ( 'NONE', #7310, 2.500000000000002220 ) ;
#3617 = CIRCLE ( 'NONE', #7318, 0.7500000000000034417 ) ;
#3618 = EDGE_CURVE ( 'NONE', #4093, #3549, #5641, .T. ) ;
#3619 = CARTESIAN_POINT ( 'NONE',  ( 28.80753083691400462, 68.85285944368520461, 28.97708561273987371 ) ) ;
#3620 = CARTESIAN_POINT ( 'NONE',  ( 9.009656994498929095, 76.42441881568079509, 3.783377951962559216 ) ) ;
#3621 = AXIS2_PLACEMENT_3D ( 'NONE', #7410, #8065, #5584 ) ;
#3622 = ORIENTED_EDGE ( 'NONE', *, *, #6675, .T. ) ;
#3623 = CARTESIAN_POINT ( 'NONE',  ( 28.70607453829701683, 66.99999999999789679, -3.680707517787792149 ) ) ;
#3624 = CARTESIAN_POINT ( 'NONE',  ( 28.50213307278079711, 68.94212232919274186, 29.55420337006427900 ) ) ;
#3625 = DIRECTION ( 'NONE',  ( 7.304689455032545322E-14, 1.000000000000000000, -0.000000000000000000 ) ) ;
#3626 = CARTESIAN_POINT ( 'NONE',  ( -36.17369213578434994, 182.0000000000026148, -6.249999999999956479 ) ) ;
#3627 = ADVANCED_FACE ( 'NONE', ( #1303 ), #26, .T. ) ;
#3628 = ADVANCED_FACE ( 'NONE', ( #7617 ), #3857, .F. ) ;
#3629 = CARTESIAN_POINT ( 'NONE',  ( 26.41517241638810987, 59.32233047033627571, 10.50000000000000888 ) ) ;
#3630 = FACE_OUTER_BOUND ( 'NONE', #748, .T. ) ;
#3631 = AXIS2_PLACEMENT_3D ( 'NONE', #6863, #3713, #3173 ) ;
#3632 = CARTESIAN_POINT ( 'NONE',  ( 22.13814227593847050, 76.25850376548308418, 29.37560255644827478 ) ) ;
#3633 = ORIENTED_EDGE ( 'NONE', *, *, #3451, .T. ) ;
#3634 = ORIENTED_EDGE ( 'NONE', *, *, #7104, .T. ) ;
#3635 = ORIENTED_EDGE ( 'NONE', *, *, #5864, .T. ) ;
#3636 = LINE ( 'NONE', #6164, #603 ) ;
#3637 = ADVANCED_FACE ( 'NONE', ( #2195 ), #2475, .F. ) ;
#3638 = DIRECTION ( 'NONE',  ( 0.7071067811865464625, -0.7071067811865485719, -0.000000000000000000 ) ) ;
#3639 = CARTESIAN_POINT ( 'NONE',  ( 28.04371998897650897, 69.07797269251942396, 5.241022276952127967 ) ) ;
#3640 = VECTOR ( 'NONE', #1835, 1000.000000000000000 ) ;
#3641 = FACE_OUTER_BOUND ( 'NONE', #1091, .T. ) ;
#3642 = DIRECTION ( 'NONE',  ( -7.308968245448940072E-14, -1.000000000000000000, 0.000000000000000000 ) ) ;
#3643 = DIRECTION ( 'NONE',  ( -1.000000000000000000, 0.000000000000000000, 0.000000000000000000 ) ) ;
#3644 = ORIENTED_EDGE ( 'NONE', *, *, #4296, .F. ) ;
#3645 = ORIENTED_EDGE ( 'NONE', *, *, #1046, .T. ) ;
#3646 = DIRECTION ( 'NONE',  ( 0.7071067811865475727, -0.7071067811865475727, 0.000000000000000000 ) ) ;
#3647 = AXIS2_PLACEMENT_3D ( 'NONE', #2928, #8045, #5423 ) ;
#3648 = CARTESIAN_POINT ( 'NONE',  ( 31.05755777463431500, 54.67793219296356710, 14.47433663036118645 ) ) ;
#3649 = CARTESIAN_POINT ( 'NONE',  ( 12.27303679265717662, 73.46446609406726225, 10.00000000000000711 ) ) ;
#3650 = CARTESIAN_POINT ( 'NONE',  ( 21.79924209348602560, 75.83563919600901215, 6.017826338670406727 ) ) ;
#3651 = FACE_OUTER_BOUND ( 'NONE', #4515, .T. ) ;
#3652 = ORIENTED_EDGE ( 'NONE', *, *, #3302, .F. ) ;
#3653 = AXIS2_PLACEMENT_3D ( 'NONE', #5276, #2168, #4497 ) ;
#3654 = CARTESIAN_POINT ( 'NONE',  ( 32.02177413418405649, 71.99999999999768363, 29.37560168247153669 ) ) ;
#3655 = CARTESIAN_POINT ( 'NONE',  ( 28.14038292004904918, 69.02832326705049582, 5.288893828873564296 ) ) ;
#3656 = EDGE_CURVE ( 'NONE', #1643, #6358, #1587, .T. ) ;
#3657 = CARTESIAN_POINT ( 'NONE',  ( 24.81252329780778254, 66.99999999999818101, 40.68559912765217490 ) ) ;
#3658 = VERTEX_POINT ( 'NONE', #3696 ) ;
#3659 = ORIENTED_EDGE ( 'NONE', *, *, #370, .F. ) ;
#3660 = FACE_OUTER_BOUND ( 'NONE', #2890, .T. ) ;
#3661 = CARTESIAN_POINT ( 'NONE',  ( 21.23938537303860485, 58.55123575114505030, 1.535483135289197998 ) ) ;
#3662 = LINE ( 'NONE', #7459, #7324 ) ;
#3663 = FACE_OUTER_BOUND ( 'NONE', #5523, .T. ) ;
#3664 = CARTESIAN_POINT ( 'NONE',  ( 17.39956095625963428, 78.59099025766971636, 21.24999999999996447 ) ) ;
#3665 = ORIENTED_EDGE ( 'NONE', *, *, #1496, .F. ) ;
#3666 = ADVANCED_FACE ( 'NONE', ( #1008 ), #1717, .F. ) ;
#3667 = CARTESIAN_POINT ( 'NONE',  ( 29.23163686076767576, 69.20986413034536611, 29.37560208971109077 ) ) ;
#3668 = DIRECTION ( 'NONE',  ( 1.000000000000000000, 0.000000000000000000, 0.000000000000000000 ) ) ;
#3669 = LINE ( 'NONE', #3706, #4415 ) ;
#3670 = DIRECTION ( 'NONE',  ( -1.850371707708594316E-16, -0.000000000000000000, -1.000000000000000000 ) ) ;
#3671 = CARTESIAN_POINT ( 'NONE',  ( 17.92989104214954921, 79.12132034355961707, 13.75000000000001066 ) ) ;
#3672 = CARTESIAN_POINT ( 'NONE',  ( 21.89187579972197284, 75.61391030331958518, 29.53069609172980492 ) ) ;
#3673 = EDGE_CURVE ( 'NONE', #4081, #4250, #1347, .T. ) ;
#3674 = EDGE_CURVE ( 'NONE', #1789, #6649, #6095, .T. ) ;
#3675 = ORIENTED_EDGE ( 'NONE', *, *, #2734, .F. ) ;
#3676 = VERTEX_POINT ( 'NONE', #4315 ) ;
#3677 = ORIENTED_EDGE ( 'NONE', *, *, #859, .F. ) ;
#3678 = CARTESIAN_POINT ( 'NONE',  ( 22.18476902131942552, 74.89091694849088299, -3.956439237389593355 ) ) ;
#3679 = DIRECTION ( 'NONE',  ( 1.000000000000000000, -7.304689455032545322E-14, -0.000000000000000000 ) ) ;
#3680 = CARTESIAN_POINT ( 'NONE',  ( 15.57568596981395892, 96.99999999999988631, 42.49999999999999289 ) ) ;
#3681 = DIRECTION ( 'NONE',  ( 1.000000000000000000, -7.304689455032544060E-14, 0.000000000000000000 ) ) ;
#3682 = ORIENTED_EDGE ( 'NONE', *, *, #6832, .F. ) ;
#3683 = CARTESIAN_POINT ( 'NONE',  ( 27.65260928346456382, 59.49910716563292823, 11.25000000000001066 ) ) ;
#3684 = CARTESIAN_POINT ( 'NONE',  ( 28.18814878865982010, 64.30433250955339020, 5.456740886587233774 ) ) ;
#3685 = EDGE_CURVE ( 'NONE', #2914, #7272, #7991, .T. ) ;
#3686 = CARTESIAN_POINT ( 'NONE',  ( 21.90233339720125016, 75.74594592386443992, 5.515242261395951751 ) ) ;
#3687 = VECTOR ( 'NONE', #6426, 1000.000000000000000 ) ;
#3688 = CARTESIAN_POINT ( 'NONE',  ( 32.80076299688435171, 63.34954378910716599, 18.98955439867635775 ) ) ;
#3689 = CARTESIAN_POINT ( 'NONE',  ( 69.07568596981211329, 71.99999999999496936, 52.50000000000000000 ) ) ;
#3690 = ORIENTED_EDGE ( 'NONE', *, *, #8016, .T. ) ;
#3691 = ADVANCED_FACE ( 'NONE', ( #564 ), #530, .F. ) ;
#3692 = FACE_OUTER_BOUND ( 'NONE', #7286, .T. ) ;
#3693 = CARTESIAN_POINT ( 'NONE',  ( 28.76405729285493962, 68.96402800840880332, 5.536426766207131145 ) ) ;
#3694 = CARTESIAN_POINT ( 'NONE',  ( 26.88686729995027491, 66.99999999999805311, 29.97418753241741740 ) ) ;
#3695 = CYLINDRICAL_SURFACE ( 'NONE', #4795, 0.9999999999999964473 ) ;
#3696 = CARTESIAN_POINT ( 'NONE',  ( 56.57568596981212039, 71.99999999999589306, -17.50000000000000711 ) ) ;
#3697 = DIRECTION ( 'NONE',  ( 0.7071067811865464625, -0.7071067811865487940, 0.000000000000000000 ) ) ;
#3698 = CARTESIAN_POINT ( 'NONE',  ( 13.21856214408786734, 74.76651859419483515, -0.3733147518000225484 ) ) ;
#3699 = DIRECTION ( 'NONE',  ( -0.000000000000000000, 0.000000000000000000, 1.000000000000000000 ) ) ;
#3700 = CARTESIAN_POINT ( 'NONE',  ( 19.07568596982016729, 181.9999999999986073, -7.500000000000012434 ) ) ;
#3701 = AXIS2_PLACEMENT_3D ( 'NONE', #5307, #4085, #976 ) ;
#3702 = ORIENTED_EDGE ( 'NONE', *, *, #5520, .T. ) ;
#3703 = CARTESIAN_POINT ( 'NONE',  ( 56.57568596981212039, 71.99999999999589306, 52.50000000000000000 ) ) ;
#3704 = VECTOR ( 'NONE', #2408, 999.9999999999998863 ) ;
#3705 = DIRECTION ( 'NONE',  ( 1.000000000000000000, -7.304689455032544060E-14, 0.000000000000000000 ) ) ;
#3706 = CARTESIAN_POINT ( 'NONE',  ( 56.57568596981212039, 71.99999999999589306, 52.50000000000000000 ) ) ;
#3707 = DIRECTION ( 'NONE',  ( 0.000000000000000000, 0.9940560697006294300, 0.1088693266780758201 ) ) ;
#3708 = CARTESIAN_POINT ( 'NONE',  ( 13.97918457368921530, 76.61180158966473641, 37.44733952849286851 ) ) ;
#3709 = CARTESIAN_POINT ( 'NONE',  ( 28.11513996180007879, 68.81579168487371589, 5.833867289425503699 ) ) ;
#3710 = VERTEX_POINT ( 'NONE', #1805 ) ;
#3711 = VERTEX_POINT ( 'NONE', #6763 ) ;
#3712 = VERTEX_POINT ( 'NONE', #5590 ) ;
#3713 = DIRECTION ( 'NONE',  ( -0.7071067811865487940, 5.165195448115388368E-14, 0.7071067811865462405 ) ) ;
#3714 = CARTESIAN_POINT ( 'NONE',  ( 19.07568596981414188, 99.49999999999964473, -2.500000000000012434 ) ) ;
#3715 = ADVANCED_FACE ( 'NONE', ( #492 ), #442, .F. ) ;
#3716 = EDGE_CURVE ( 'NONE', #2202, #4750, #2606, .T. ) ;
#3717 = DIRECTION ( 'NONE',  ( 7.285838599102583486E-14, 1.000000000000000000, 0.000000000000000000 ) ) ;
#3718 = CARTESIAN_POINT ( 'NONE',  ( 12.40078431099563794, 72.60253031587959072, 34.46096060811451167 ) ) ;
#3719 = ORIENTED_EDGE ( 'NONE', *, *, #6783, .T. ) ;
#3720 = DIRECTION ( 'NONE',  ( 8.659560562354947649E-17, 8.659560562354919300E-17, 1.000000000000000000 ) ) ;
#3721 = CARTESIAN_POINT ( 'NONE',  ( 29.56847574321345462, 66.57024736021050160, 5.737750750908738873 ) ) ;
#3722 = CARTESIAN_POINT ( 'NONE',  ( 28.16183033122538149, 69.01903652363296260, 29.70083573898996931 ) ) ;
#3723 = CIRCLE ( 'NONE', #4773, 0.5000000000000001110 ) ;
#3724 = ADVANCED_FACE ( 'NONE', ( #6533 ), #7103, .F. ) ;
#3725 = CARTESIAN_POINT ( 'NONE',  ( 22.18476902131943973, 74.89091694849086878, 5.130683123146999591 ) ) ;
#3726 = CIRCLE ( 'NONE', #1348, 0.4999999999999982236 ) ;
#3727 = CARTESIAN_POINT ( 'NONE',  ( 30.72800841762324353, 57.22399377409693955, 20.26841284052381198 ) ) ;
#3728 = CARTESIAN_POINT ( 'NONE',  ( 32.02244958106293637, 62.94661862237820316, 12.48502011696321468 ) ) ;
#3729 = ORIENTED_EDGE ( 'NONE', *, *, #6335, .F. ) ;
#3730 = CARTESIAN_POINT ( 'NONE',  ( 26.41517241638810987, 59.32233047033627571, 20.49999999999996447 ) ) ;
#3731 = AXIS2_PLACEMENT_3D ( 'NONE', #718, #2626, #5123 ) ;
#3732 = CARTESIAN_POINT ( 'NONE',  ( 14.07568596981237263, 75.32934114852457697, 38.93192427542787470 ) ) ;
#3733 = FACE_OUTER_BOUND ( 'NONE', #1723, .T. ) ;
#3734 = DIRECTION ( 'NONE',  ( 0.7071067811865429098, 0.7071067811865522357, 0.000000000000000000 ) ) ;
#3735 = AXIS2_PLACEMENT_3D ( 'NONE', #343, #2819, #907 ) ;
#3736 = CIRCLE ( 'NONE', #4137, 0.7499999999999972244 ) ;
#3737 = DIRECTION ( 'NONE',  ( 1.000000000000000000, -7.304689455032545322E-14, -0.000000000000000000 ) ) ;
#3738 = CARTESIAN_POINT ( 'NONE',  ( 10.53299297984215954, 75.20450990688226511, 2.816100605863140149 ) ) ;
#3739 = DIRECTION ( 'NONE',  ( -0.7530508343603670163, 0.6579623400082674767, 0.000000000000000000 ) ) ;
#3740 = EDGE_CURVE ( 'NONE', #942, #3134, #5772, .T. ) ;
#3741 = ORIENTED_EDGE ( 'NONE', *, *, #1697, .F. ) ;
#3742 = VECTOR ( 'NONE', #7697, 1000.000000000000000 ) ;
#3743 = FACE_OUTER_BOUND ( 'NONE', #3600, .T. ) ;
#3744 = CARTESIAN_POINT ( 'NONE',  ( 25.07568596981317199, 86.26711527122319012, -20.00000000000001066 ) ) ;
#3745 = CARTESIAN_POINT ( 'NONE',  ( 15.57568596981414188, 99.49999999999994316, -2.500000000000012434 ) ) ;
#3746 = CARTESIAN_POINT ( 'NONE',  ( 17.55927007422992148, 68.17823281249449963, 37.68315291660619692 ) ) ;
#3747 = DIRECTION ( 'NONE',  ( 0.000000000000000000, 0.000000000000000000, 1.000000000000000000 ) ) ;
#3748 = VECTOR ( 'NONE', #7990, 1000.000000000000000 ) ;
#3749 = AXIS2_PLACEMENT_3D ( 'NONE', #5333, #2225, #5369 ) ;
#3750 = CARTESIAN_POINT ( 'NONE',  ( 29.25262173602192561, 69.11332638204694945, 6.080187596522104165 ) ) ;
#3751 = ADVANCED_FACE ( 'NONE', ( #5186 ), #6364, .T. ) ;
#3752 = EDGE_LOOP ( 'NONE', ( #4601, #2344, #512, #7787 ) ) ;
#3753 = EDGE_LOOP ( 'NONE', ( #4054, #2608, #3497, #2299 ) ) ;
#3754 = DIRECTION ( 'NONE',  ( -7.355227538141655769E-14, -1.000000000000000000, 0.000000000000000000 ) ) ;
#3755 = ORIENTED_EDGE ( 'NONE', *, *, #1557, .F. ) ;
#3756 = DIRECTION ( 'NONE',  ( -0.01539667640980597364, 0.05864630660527265366, -0.9981600838929055586 ) ) ;
#3757 = VECTOR ( 'NONE', #6032, 1000.000000000000000 ) ;
#3758 = CARTESIAN_POINT ( 'NONE',  ( 13.25751341673094430, 74.86332406266430439, -0.4394441184124608935 ) ) ;
#3759 = DIRECTION ( 'NONE',  ( 1.000000000000000000, -7.304689455032547847E-14, -4.625929269271485914E-16 ) ) ;
#3760 = CARTESIAN_POINT ( 'NONE',  ( 13.21856214409222652, 74.76651859420833546, 35.37331475180587859 ) ) ;
#3761 = EDGE_LOOP ( 'NONE', ( #7574, #5930, #230 ) ) ;
#3762 = DIRECTION ( 'NONE',  ( 7.317379025938529564E-14, 1.000000000000000000, -0.000000000000000000 ) ) ;
#3763 = VECTOR ( 'NONE', #7836, 1000.000000000000000 ) ;
#3764 = ADVANCED_FACE ( 'NONE', ( #5103 ), #38, .T. ) ;
#3765 = CARTESIAN_POINT ( 'NONE',  ( 28.89148300043721918, 65.61229355655251538, 5.614047979451608938 ) ) ;
#3766 = FACE_OUTER_BOUND ( 'NONE', #2116, .T. ) ;
#3767 = VECTOR ( 'NONE', #2280, 1000.000000000000000 ) ;
#3768 = CARTESIAN_POINT ( 'NONE',  ( 21.94741334516365328, 75.26785415070669671, 5.325843457632612576 ) ) ;
#3769 = DIRECTION ( 'NONE',  ( 1.000000000000000000, -7.304689455032544060E-14, -3.700743415417188139E-16 ) ) ;
#3770 = CARTESIAN_POINT ( 'NONE',  ( 21.89930471869542572, 75.47528426691502546, 5.415655003372400245 ) ) ;
#3771 = ORIENTED_EDGE ( 'NONE', *, *, #4718, .T. ) ;
#3772 = AXIS2_PLACEMENT_3D ( 'NONE', #95, #7641, #2001 ) ;
#3773 = AXIS2_PLACEMENT_3D ( 'NONE', #4125, #5384, #6651 ) ;
#3774 = CARTESIAN_POINT ( 'NONE',  ( 35.51114347252860881, 66.99999999999741362, 21.82075170457351021 ) ) ;
#3775 = EDGE_CURVE ( 'NONE', #5332, #7862, #814, .T. ) ;
#3776 = FACE_OUTER_BOUND ( 'NONE', #8134, .T. ) ;
#3777 = CARTESIAN_POINT ( 'NONE',  ( 12.05717373256455538, 71.64253918623201400, 0.7761903540052448314 ) ) ;
#3778 = CARTESIAN_POINT ( 'NONE',  ( -36.17369213578398757, 187.0000000000026432, -2.499999999999966249 ) ) ;
#3779 = DIRECTION ( 'NONE',  ( -1.000000000000000000, 7.317379025938529564E-14, 0.000000000000000000 ) ) ;
#3780 = ORIENTED_EDGE ( 'NONE', *, *, #7266, .T. ) ;
#3781 = DIRECTION ( 'NONE',  ( 0.7071067811865475727, -0.7071067811865475727, 0.000000000000000000 ) ) ;
#3782 = CARTESIAN_POINT ( 'NONE',  ( 69.07568596981211329, 71.99999999999495515, -15.00000000000001066 ) ) ;
#3783 = CARTESIAN_POINT ( 'NONE',  ( 14.07568596981413656, 99.50000000000000000, 39.99999999999999289 ) ) ;
#3784 =( NAMED_UNIT ( * ) SI_UNIT ( $, .STERADIAN. ) SOLID_ANGLE_UNIT ( ) );
#3785 = EDGE_CURVE ( 'NONE', #3229, #1170, #5863, .T. ) ;
#3786 = CARTESIAN_POINT ( 'NONE',  ( 33.53800452258990106, 64.19333121020896726, 24.99841678086619368 ) ) ;
#3787 = DIRECTION ( 'NONE',  ( 7.304689455032546585E-14, 1.000000000000000000, 4.462471163957847471E-30 ) ) ;
#3788 = CIRCLE ( 'NONE', #240, 0.7500000000000006661 ) ;
#3789 = VERTEX_POINT ( 'NONE', #3962 ) ;
#3790 = ORIENTED_EDGE ( 'NONE', *, *, #8120, .F. ) ;
#3791 = CARTESIAN_POINT ( 'NONE',  ( 17.92989104214954565, 79.12132034355961707, 13.75000000000001066 ) ) ;
#3792 = ORIENTED_EDGE ( 'NONE', *, *, #2583, .F. ) ;
#3793 = DIRECTION ( 'NONE',  ( -1.850371707708594316E-16, -0.000000000000000000, -1.000000000000000000 ) ) ;
#3794 = LINE ( 'NONE', #6326, #5401 ) ;
#3795 = ADVANCED_FACE ( 'NONE', ( #1399 ), #3339, .F. ) ;
#3796 = CARTESIAN_POINT ( 'NONE',  ( 26.41517241638810631, 59.32233047033628992, 13.75000000000000888 ) ) ;
#3797 = CARTESIAN_POINT ( 'NONE',  ( 14.89786935503863319, 65.78830144347045916, 40.99075119029138392 ) ) ;
#3798 = EDGE_CURVE ( 'NONE', #6420, #234, #2746, .T. ) ;
#3799 = VERTEX_POINT ( 'NONE', #118 ) ;
#3800 = VERTEX_POINT ( 'NONE', #2642 ) ;
#3801 = DIRECTION ( 'NONE',  ( 0.7071067811865464625, -0.7071067811865485719, -0.000000000000000000 ) ) ;
#3802 = VERTEX_POINT ( 'NONE', #3920 ) ;
#3803 = DIRECTION ( 'NONE',  ( -0.7071067811865475727, 0.7071067811865475727, 0.000000000000000000 ) ) ;
#3804 = CARTESIAN_POINT ( 'NONE',  ( 21.89488301369750189, 75.51882500658308572, 5.433091683309130282 ) ) ;
#3805 = CARTESIAN_POINT ( 'NONE',  ( 31.05683955907533544, 54.68066332764904303, 14.38694738548350394 ) ) ;
#3806 = ORIENTED_EDGE ( 'NONE', *, *, #6221, .T. ) ;
#3807 = EDGE_CURVE ( 'NONE', #6387, #2972, #1438, .T. ) ;
#3808 = B_SPLINE_CURVE_WITH_KNOTS ( 'NONE', 3,
 ( #2454, #4792, #6712, #4839 ),
 .UNSPECIFIED., .F., .F.,
 ( 4, 4 ),
 ( 0.01255656522256565037, 0.01313949378187685701 ),
 .UNSPECIFIED. ) ;
#3809 = SPHERICAL_SURFACE ( 'NONE', #4040, 0.7500000000000000000 ) ;
#3810 = CARTESIAN_POINT ( 'NONE',  ( 69.07568596981175801, 66.99999999999495515, -20.00000000000001066 ) ) ;
#3811 = DIRECTION ( 'NONE',  ( -1.000000000000000000, 7.304689455032545322E-14, 0.000000000000000000 ) ) ;
#3812 = VECTOR ( 'NONE', #1029, 1000.000000000000000 ) ;
#3813 = CARTESIAN_POINT ( 'NONE',  ( 12.19617320564212015, 72.03478052395364273, 0.6905547331813304268 ) ) ;
#3814 = DIRECTION ( 'NONE',  ( -0.000000000000000000, -0.000000000000000000, -1.000000000000000000 ) ) ;
#3815 = DIRECTION ( 'NONE',  ( 0.7071067811865464625, -0.7071067811865486830, 0.000000000000000000 ) ) ;
#3816 = EDGE_CURVE ( 'NONE', #1233, #7062, #5786, .T. ) ;
#3817 = CARTESIAN_POINT ( 'NONE',  ( 21.46542494808229762, 82.65685424949234061, 16.25000000000000711 ) ) ;
#3818 = LINE ( 'NONE', #5759, #1659 ) ;
#3819 = ORIENTED_EDGE ( 'NONE', *, *, #5245, .T. ) ;
#3820 = DIRECTION ( 'NONE',  ( -7.285838599102583486E-14, -1.000000000000000000, 0.000000000000000000 ) ) ;
#3821 = DIRECTION ( 'NONE',  ( 0.7071067811865449082, 0.000000000000000000, -0.7071067811865501263 ) ) ;
#3822 = CARTESIAN_POINT ( 'NONE',  ( 14.07568596981176334, 66.99999999999897682, -15.00000000000001066 ) ) ;
#3823 = CARTESIAN_POINT ( 'NONE',  ( 16.91173805620867654, 68.82576483051575167, 37.72926321864049015 ) ) ;
#3824 = AXIS2_PLACEMENT_3D ( 'NONE', #3541, #3625, #1771 ) ;
#3825 = CARTESIAN_POINT ( 'NONE',  ( 31.20585405194357875, 60.34434366980573827, 25.71181598462121443 ) ) ;
#3826 = CARTESIAN_POINT ( 'NONE',  ( 27.99957702795357406, 68.84796200431257773, 5.794199215594716179 ) ) ;
#3827 = VERTEX_POINT ( 'NONE', #3422 ) ;
#3828 = EDGE_LOOP ( 'NONE', ( #3035, #7396, #5392, #2154 ) ) ;
#3829 = CYLINDRICAL_SURFACE ( 'NONE', #2440, 2.500000000000002220 ) ;
#3830 = EDGE_LOOP ( 'NONE', ( #5561, #4008 ) ) ;
#3831 = CARTESIAN_POINT ( 'NONE',  ( 24.07568596981249343, 76.99999999999823785, 40.93465657243259415 ) ) ;
#3832 = ADVANCED_FACE ( 'NONE', ( #4775 ), #5351, .T. ) ;
#3833 = LINE ( 'NONE', #6406, #3304 ) ;
#3834 = CARTESIAN_POINT ( 'NONE',  ( 14.07568596981248987, 77.00000000000000000, 37.88479408049540353 ) ) ;
#3835 = CARTESIAN_POINT ( 'NONE',  ( 21.99575503397221254, 83.18718433538225554, 16.25000000000000711 ) ) ;
#3836 = ORIENTED_EDGE ( 'NONE', *, *, #1678, .F. ) ;
#3837 = EDGE_LOOP ( 'NONE', ( #214, #926, #4096 ) ) ;
#3838 = LINE ( 'NONE', #1323, #1481 ) ;
#3839 = EDGE_CURVE ( 'NONE', #105, #1780, #5268, .T. ) ;
#3840 = ORIENTED_EDGE ( 'NONE', *, *, #8034, .F. ) ;
#3841 = CARTESIAN_POINT ( 'NONE',  ( 16.57568596981403175, 97.99999999999981526, -7.500000000000012434 ) ) ;
#3842 = CARTESIAN_POINT ( 'NONE',  ( 12.15383572210484253, 73.58366716461959811, 33.91085431720863852 ) ) ;
#3843 = FACE_OUTER_BOUND ( 'NONE', #1781, .T. ) ;
#3844 = CARTESIAN_POINT ( 'NONE',  ( 26.41517241638811342, 59.32233047033628281, 18.74999999999996803 ) ) ;
#3845 = VERTEX_POINT ( 'NONE', #7268 ) ;
#3846 = LINE ( 'NONE', #5115, #4823 ) ;
#3847 = CARTESIAN_POINT ( 'NONE',  ( 31.61476351642709304, 62.47618460973188803, 23.06863116336765884 ) ) ;
#3848 = EDGE_CURVE ( 'NONE', #6350, #6767, #1040, .T. ) ;
#3849 = CARTESIAN_POINT ( 'NONE',  ( 23.18784429431082827, 64.53111982297288307, -0.07503270349568751107 ) ) ;
#3850 = DIRECTION ( 'NONE',  ( -1.000000000000000000, 7.304689455032545322E-14, -0.000000000000000000 ) ) ;
#3851 = DIRECTION ( 'NONE',  ( -4.625929269271485914E-16, 3.338278570271206757E-29, -1.000000000000000000 ) ) ;
#3852 = CIRCLE ( 'NONE', #2938, 0.7500000000000022204 ) ;
#3853 = CARTESIAN_POINT ( 'NONE',  ( 16.51567747977645340, 77.70710678118652481, 21.24999999999996803 ) ) ;
#3854 = CARTESIAN_POINT ( 'NONE',  ( 21.86329450666524110, 74.80415585724009020, 5.709847670762589367 ) ) ;
#3855 = ORIENTED_EDGE ( 'NONE', *, *, #1309, .F. ) ;
#3856 = FACE_OUTER_BOUND ( 'NONE', #4588, .T. ) ;
#3857 = CYLINDRICAL_SURFACE ( 'NONE', #2129, 0.7499999999999972244 ) ;
#3858 = DIRECTION ( 'NONE',  ( -1.000000000000000000, 7.304689455032545322E-14, 0.000000000000000000 ) ) ;
#3859 = EDGE_CURVE ( 'NONE', #4473, #5688, #2856, .T. ) ;
#3860 = AXIS2_PLACEMENT_3D ( 'NONE', #4758, #6681, #5291 ) ;
#3861 = CARTESIAN_POINT ( 'NONE',  ( 21.53184762972463417, 64.20565525699977627, 35.37268114455002177 ) ) ;
#3862 = CARTESIAN_POINT ( 'NONE',  ( 30.85738205608868512, 55.42203066155690294, 20.52933864378874063 ) ) ;
#3863 = CARTESIAN_POINT ( 'NONE',  ( 29.28498736816123937, 69.14263280304402315, 6.081151792878809914 ) ) ;
#3864 = AXIS2_PLACEMENT_3D ( 'NONE', #5533, #3065, #2995 ) ;
#3865 = AXIS2_PLACEMENT_3D ( 'NONE', #7513, #4298, #6865 ) ;
#3866 = ORIENTED_EDGE ( 'NONE', *, *, #8077, .T. ) ;
#3867 = B_SPLINE_CURVE_WITH_KNOTS ( 'NONE', 3,
 ( #7800, #3842, #7679, #169, #3227, #5743, #5824, #704 ),
 .UNSPECIFIED., .F., .F.,
 ( 4, 2, 2, 4 ),
 ( 0.005510682341637862351, 0.008360351943717867981, 0.009785186744757874699, 0.01121002154579788315 ),
 .UNSPECIFIED. ) ;
#3868 = DIRECTION ( 'NONE',  ( -8.659560562354946417E-17, -8.659560562354920532E-17, 1.000000000000000000 ) ) ;
#3869 = EDGE_CURVE ( 'NONE', #7079, #6453, #5252, .T. ) ;
#3870 = ORIENTED_EDGE ( 'NONE', *, *, #4826, .T. ) ;
#3871 = DIRECTION ( 'NONE',  ( 0.000000000000000000, 0.9982784156710554635, 0.05865325911905727718 ) ) ;
#3872 = CIRCLE ( 'NONE', #835, 0.7500000000000072164 ) ;
#3873 = AXIS2_PLACEMENT_3D ( 'NONE', #5638, #7464, #1810 ) ;
#3874 = CARTESIAN_POINT ( 'NONE',  ( 19.07568596981761644, 96.99999999999964473, 27.20710678118653547 ) ) ;
#3875 = CARTESIAN_POINT ( 'NONE',  ( 13.18443845935694725, 77.00000000000000000, 34.93279106898805253 ) ) ;
#3876 = CYLINDRICAL_SURFACE ( 'NONE', #1364, 0.4999999999999982236 ) ;
#3877 = ORIENTED_EDGE ( 'NONE', *, *, #3716, .F. ) ;
#3878 = ORIENTED_EDGE ( 'NONE', *, *, #5864, .F. ) ;
#3879 = VECTOR ( 'NONE', #5375, 1000.000000000000000 ) ;
#3880 = EDGE_CURVE ( 'NONE', #2925, #4589, #3921, .T. ) ;
#3881 = AXIS2_PLACEMENT_3D ( 'NONE', #3072, #5501, #8028 ) ;
#3882 = VERTEX_POINT ( 'NONE', #7958 ) ;
#3883 = AXIS2_PLACEMENT_3D ( 'NONE', #4809, #1680, #7380 ) ;
#3884 = DIRECTION ( 'NONE',  ( -1.000000000000000000, 0.000000000000000000, 0.000000000000000000 ) ) ;
#3885 = CARTESIAN_POINT ( 'NONE',  ( 101.6847690213259057, 154.3909169484971926, 37.95643923738961689 ) ) ;
#3886 = CARTESIAN_POINT ( 'NONE',  ( 22.13771401953216511, 76.25558970719664842, 5.623388828431982844 ) ) ;
#3887 = DIRECTION ( 'NONE',  ( -1.000000000000000000, 7.304689455032545322E-14, 0.000000000000000000 ) ) ;
#3888 =( BOUNDED_SURFACE ( )  B_SPLINE_SURFACE ( 3, 2, ( 
 ( #6994, #3232, #3271 ),
 ( #5751, #750, #96 ),
 ( #5156, #3942, #6384 ),
 ( #183, #6999, #3277 ) ),
 .UNSPECIFIED., .F., .F., .T. ) 
 B_SPLINE_SURFACE_WITH_KNOTS ( ( 4, 4 ),
 ( 3, 3 ),
 ( 0.02259871907628598769, 0.02673581789403486550 ),
 ( 0.000000000000000000, 1.000000000000000000 ),
 .UNSPECIFIED. ) 
 GEOMETRIC_REPRESENTATION_ITEM ( )  RATIONAL_B_SPLINE_SURFACE ( (
 ( 1.000000000000000000, 0.8300196719643599952, 1.000000000000000000),
 ( 1.000000000000000000, 0.8345600735558603711, 1.000000000000000000),
 ( 1.000000000000000000, 0.8375386367577418723, 1.000000000000000000),
 ( 1.000000000000000000, 0.8387451370715279797, 1.000000000000000000) ) ) 
 REPRESENTATION_ITEM ( '' )  SURFACE ( )  );
#3889 = EDGE_CURVE ( 'NONE', #3258, #4369, #7964, .T. ) ;
#3890 = CARTESIAN_POINT ( 'NONE',  ( 56.57568596981212039, 71.99999999999592148, -15.00000000000001066 ) ) ;
#3891 = ORIENTED_EDGE ( 'NONE', *, *, #4608, .F. ) ;
#3892 = CIRCLE ( 'NONE', #3368, 0.7500000000000058842 ) ;
#3893 = LINE ( 'NONE', #5154, #1267 ) ;
#3894 = ORIENTED_EDGE ( 'NONE', *, *, #2565, .F. ) ;
#3895 = CARTESIAN_POINT ( 'NONE',  ( 28.54873005199831226, 68.52695591781196072, 38.95643923738960979 ) ) ;
#3896 = CARTESIAN_POINT ( 'NONE',  ( 31.05192864723757751, 54.69937293323970096, 20.92369712714363317 ) ) ;
#3897 = CYLINDRICAL_SURFACE ( 'NONE', #1708, 0.5000000000000012212 ) ;
#3898 = CARTESIAN_POINT ( 'NONE',  ( 29.02718961358270278, 69.06289742913241980, 5.601207764120559318 ) ) ;
#3899 = DIRECTION ( 'NONE',  ( 0.7071067811865451302, 0.7071067811865497932, 0.000000000000000000 ) ) ;
#3900 = EDGE_CURVE ( 'NONE', #7755, #1569, #2206, .T. ) ;
#3901 = DIRECTION ( 'NONE',  ( 0.7071067811865440200, -0.7071067811865510144, 9.251858538542928046E-15 ) ) ;
#3902 = LINE ( 'NONE', #63, #4002 ) ;
#3903 = CARTESIAN_POINT ( 'NONE',  ( 69.07568596981212750, 71.99999999999496936, 47.49999999999999289 ) ) ;
#3904 = DIRECTION ( 'NONE',  ( 7.317379025938529564E-14, 1.000000000000000000, -0.000000000000000000 ) ) ;
#3905 = ORIENTED_EDGE ( 'NONE', *, *, #2314, .T. ) ;
#3906 = ORIENTED_EDGE ( 'NONE', *, *, #207, .F. ) ;
#3907 = LINE ( 'NONE', #67, #2695 ) ;
#3908 = CARTESIAN_POINT ( 'NONE',  ( 24.62884098080963469, 66.91717723348251923, 39.46971523504616641 ) ) ;
#3909 = CARTESIAN_POINT ( 'NONE',  ( 22.07547190079272070, 76.17648011631568750, 29.38344352021012185 ) ) ;
#3910 = CARTESIAN_POINT ( 'NONE',  ( 17.34370006740280701, 68.39380281932160699, 37.71090247224663017 ) ) ;
#3911 = CARTESIAN_POINT ( 'NONE',  ( 30.89080024043319028, 59.12253831891103317, 25.89732207016172438 ) ) ;
#3912 = CARTESIAN_POINT ( 'NONE',  ( 59.07568596981195697, 69.49999999999570832, 49.99999999999998579 ) ) ;
#3913 = EDGE_CURVE ( 'NONE', #2106, #1693, #1691, .T. ) ;
#3914 = EDGE_LOOP ( 'NONE', ( #7863, #7541, #7129, #7415 ) ) ;
#3915 = CARTESIAN_POINT ( 'NONE',  ( 18.42923936041710320, 181.9999999999986358, 27.85355339059325885 ) ) ;
#3916 = VERTEX_POINT ( 'NONE', #2811 ) ;
#3917 = DIRECTION ( 'NONE',  ( 0.000000000000000000, 0.000000000000000000, -1.000000000000000000 ) ) ;
#3918 = CARTESIAN_POINT ( 'NONE',  ( 34.19334700944013861, 67.10050506338828313, 16.25000000000000711 ) ) ;
#3919 = CARTESIAN_POINT ( 'NONE',  ( 24.35097611728334854, 66.98129800534316303, -5.165690316675403793 ) ) ;
#3920 = CARTESIAN_POINT ( 'NONE',  ( 39.09284194604902041, 71.99999999999715783, 10.00000000000000888 ) ) ;
#3921 = B_SPLINE_CURVE_WITH_KNOTS ( 'NONE', 3,
 ( #6737, #290, #7917, #4089 ),
 .UNSPECIFIED., .F., .F.,
 ( 4, 4 ),
 ( 0.01006784344309111581, 0.01019305498851941563 ),
 .UNSPECIFIED. ) ;
#3922 = EDGE_CURVE ( 'NONE', #4804, #4341, #5310, .T. ) ;
#3923 = CARTESIAN_POINT ( 'NONE',  ( 26.34374012559299416, 66.46483057299688824, 29.00000000000005329 ) ) ;
#3924 = ORIENTED_EDGE ( 'NONE', *, *, #1365, .F. ) ;
#3925 = ORIENTED_EDGE ( 'NONE', *, *, #6466, .T. ) ;
#3926 = CARTESIAN_POINT ( 'NONE',  ( 26.41517241638810987, 59.32233047033627571, 22.99999999999996447 ) ) ;
#3927 = ORIENTED_EDGE ( 'NONE', *, *, #7119, .T. ) ;
#3928 = CARTESIAN_POINT ( 'NONE',  ( 31.04146665087349533, 54.69758713327024680, 13.76147168860257253 ) ) ;
#3929 = DIRECTION ( 'NONE',  ( 0.7071067811865483499, 0.7071067811865467956, -0.000000000000000000 ) ) ;
#3930 = FACE_OUTER_BOUND ( 'NONE', #3096, .T. ) ;
#3931 = DIRECTION ( 'NONE',  ( -1.000000000000000000, 5.551115123125777653E-14, 0.000000000000000000 ) ) ;
#3932 = ORIENTED_EDGE ( 'NONE', *, *, #2585, .F. ) ;
#3933 = DIRECTION ( 'NONE',  ( 0.7071067811865427988, -0.7071067811865521247, 0.000000000000000000 ) ) ;
#3934 = ORIENTED_EDGE ( 'NONE', *, *, #6588, .T. ) ;
#3935 = ORIENTED_EDGE ( 'NONE', *, *, #7201, .T. ) ;
#3936 = DIRECTION ( 'NONE',  ( 0.7071067811865464625, -0.7071067811865486830, -0.000000000000000000 ) ) ;
#3937 = LINE ( 'NONE', #225, #1245 ) ;
#3938 = EDGE_CURVE ( 'NONE', #984, #7814, #416, .T. ) ;
#3939 = DIRECTION ( 'NONE',  ( 0.000000000000000000, -5.551115123125792957E-15, -1.000000000000000000 ) ) ;
#3940 = DIRECTION ( 'NONE',  ( -7.306467743141234375E-14, -1.000000000000000000, -1.500301384628590126E-16 ) ) ;
#3941 = EDGE_CURVE ( 'NONE', #6494, #1922, #3461, .T. ) ;
#3942 = CARTESIAN_POINT ( 'NONE',  ( 14.07568596981131748, 75.86491492459606434, 1.452387094141794677 ) ) ;
#3943 = CARTESIAN_POINT ( 'NONE',  ( 24.80907200083364117, 71.85836567851276868, 17.50000000000000711 ) ) ;
#3944 = DIRECTION ( 'NONE',  ( -0.000000000000000000, 0.000000000000000000, 1.000000000000000000 ) ) ;
#3945 = AXIS2_PLACEMENT_3D ( 'NONE', #5287, #6592, #1273 ) ;
#3946 = ORIENTED_EDGE ( 'NONE', *, *, #6088, .F. ) ;
#3947 = CIRCLE ( 'NONE', #4088, 16.95810290493744077 ) ;
#3948 = ORIENTED_EDGE ( 'NONE', *, *, #5818, .F. ) ;
#3949 = CARTESIAN_POINT ( 'NONE',  ( 27.12227919757465244, 60.02943725152283605, 11.25000000000001066 ) ) ;
#3950 = EDGE_CURVE ( 'NONE', #4642, #6330, #7180, .T. ) ;
#3951 = CARTESIAN_POINT ( 'NONE',  ( 25.78808788971717902, 66.99999999999806732, 4.243134062404898543 ) ) ;
#3952 = CARTESIAN_POINT ( 'NONE',  ( 21.99793239427904012, 76.04652283270043256, 29.40451374887708624 ) ) ;
#3953 = CARTESIAN_POINT ( 'NONE',  ( 15.80857069858991260, 69.92893218813452449, 3.000000000000007994 ) ) ;
#3954 = CARTESIAN_POINT ( 'NONE',  ( 100.9776622401393951, 155.0980237296836890, 6.043560762610408865 ) ) ;
#3955 = ORIENTED_EDGE ( 'NONE', *, *, #7280, .F. ) ;
#3956 = CARTESIAN_POINT ( 'NONE',  ( 28.29461601772122847, 68.78930035875485771, 29.10899806580066596 ) ) ;
#3957 = ORIENTED_EDGE ( 'NONE', *, *, #3127, .F. ) ;
#3958 = DIRECTION ( 'NONE',  ( -7.304689455032545322E-14, -1.000000000000000000, -0.000000000000000000 ) ) ;
#3959 = CARTESIAN_POINT ( 'NONE',  ( 14.07568596981395537, 97.00000000000000000, -7.500000000000012434 ) ) ;
#3960 = AXIS2_PLACEMENT_3D ( 'NONE', #1620, #5494, #389 ) ;
#3961 = FACE_OUTER_BOUND ( 'NONE', #1434, .T. ) ;
#3962 = CARTESIAN_POINT ( 'NONE',  ( 29.06682284583765252, 60.91332072800599917, 23.74999999999996447 ) ) ;
#3963 = CARTESIAN_POINT ( 'NONE',  ( 35.60756057181323087, 68.51471862576138960, 18.74999999999996803 ) ) ;
#3964 = EDGE_LOOP ( 'NONE', ( #2142, #3972, #7474 ) ) ;
#3965 = ORIENTED_EDGE ( 'NONE', *, *, #1736, .T. ) ;
#3966 = ORIENTED_EDGE ( 'NONE', *, *, #3522, .F. ) ;
#3967 = CIRCLE ( 'NONE', #6218, 9.999999999999994671 ) ;
#3968 = EDGE_CURVE ( 'NONE', #3802, #3258, #1064, .T. ) ;
#3969 = DIRECTION ( 'NONE',  ( 0.000000000000000000, 0.000000000000000000, -1.000000000000000000 ) ) ;
#3970 = CARTESIAN_POINT ( 'NONE',  ( 22.04386427092071443, 75.06798582621910043, 5.228157906740785954 ) ) ;
#3971 = ORIENTED_EDGE ( 'NONE', *, *, #5560, .F. ) ;
#3972 = ORIENTED_EDGE ( 'NONE', *, *, #2149, .T. ) ;
#3973 = DIRECTION ( 'NONE',  ( 0.000000000000000000, 0.000000000000000000, 1.000000000000000000 ) ) ;
#3974 = CYLINDRICAL_SURFACE ( 'NONE', #1638, 5.000000000000004441 ) ;
#3975 = EDGE_CURVE ( 'NONE', #7820, #2930, #5576, .T. ) ;
#3976 = CARTESIAN_POINT ( 'NONE',  ( 16.57568596981414188, 99.49999999999981526, 38.49999999999999289 ) ) ;
#3977 = CYLINDRICAL_SURFACE ( 'NONE', #6165, 0.7499999999999972244 ) ;
#3978 = CARTESIAN_POINT ( 'NONE',  ( 14.07568596981212927, 71.99999999999897682, -15.00000000000001066 ) ) ;
#3979 = DIRECTION ( 'NONE',  ( -0.7071067811865487940, -0.7071067811865464625, 0.000000000000000000 ) ) ;
#3980 = EDGE_LOOP ( 'NONE', ( #3334, #5077, #7433, #4044 ) ) ;
#3981 = DIRECTION ( 'NONE',  ( 0.7071067811865440200, -0.7071067811865510144, 0.000000000000000000 ) ) ;
#3982 = DIRECTION ( 'NONE',  ( -1.000000000000000000, 7.304689455032545322E-14, -0.000000000000000000 ) ) ;
#3983 = ORIENTED_EDGE ( 'NONE', *, *, #5809, .T. ) ;
#3984 = ORIENTED_EDGE ( 'NONE', *, *, #3163, .T. ) ;
#3985 = ORIENTED_EDGE ( 'NONE', *, *, #4798, .T. ) ;
#3986 = ADVANCED_FACE ( 'NONE', ( #6277 ), #6932, .F. ) ;
#3987 = DIRECTION ( 'NONE',  ( -0.7071067811865464625, 0.7071067811865485719, 0.000000000000000000 ) ) ;
#3988 = CARTESIAN_POINT ( 'NONE',  ( 33.29539607748862551, 66.99999999999755573, 0.2635293380157017751 ) ) ;
#3989 = CARTESIAN_POINT ( 'NONE',  ( 22.06098941680719605, 74.60644980147139904, 29.38056659432641737 ) ) ;
#3990 = B_SPLINE_SURFACE_WITH_KNOTS ( 'NONE', 1, 3, ( 
 ( #6002, #6676, #2948, #7978, #3604, #7369, #7244, #2377, #3437, #1581, #998, #1081, #6630, #4883, #7327, #5961, #3523, #305, #5366, #2827, #391, #3479, #7893, #2258, #5075, #3031, #5538, #7520, #5000, #6874, #2531, #6336, #3148, #3650, #2576, #1129, #2494, #1250, #6910, #6175, #1165, #5665, #6296, #7557, #1871, #6838 ),
 ( #3725, #5577, #7603, #6210, #10, #7447, #4460, #5035, #1960, #3183, #668, #3110, #5700, #5627, #3768, #48, #8061, #4383, #8146, #1918, #3804, #1834, #521, #2458, #4425, #633, #2416, #557, #3686, #4920, #6951, #1288, #1796, #4964, #4305, #3068, #8101, #7487, #4345, #1206, #6255, #600, #2041, #3886, #1409, #3264 ) ),
 .UNSPECIFIED., .F., .F., .F.,
 ( 2, 2 ),
 ( 4, 2, 2, 2, 2, 2, 2, 2, 2, 2, 2, 2, 2, 2, 2, 2, 2, 2, 2, 2, 2, 2, 4 ),
 ( 0.000000000000000000, 1.000000000000000000 ),
 ( 0.000000000000000000, 0.0001301587737279171408, 0.0002603175474558342816, 0.0003253969343197928520, 0.0003904763211837514224, 0.0004555557080477099928, 0.0005206350949116685632, 0.0006507938686395857040, 0.0007809526423675028448, 0.0009111114160954199856, 0.0009761908029593785018, 0.001041270189823337126, 0.001106349576687295751, 0.001171428963551254376, 0.001301587737279171408, 0.001366667124143130033, 0.001431746511007088440, 0.001496825897871047065, 0.001561905284735005690, 0.001692064058462922939, 0.001822222832190839971, 0.001952381605918757004, 0.002082540379646674253 ),
 .UNSPECIFIED. ) ;
#3991 = CIRCLE ( 'NONE', #5833, 0.7500000000000072164 ) ;
#3992 = CARTESIAN_POINT ( 'NONE',  ( 26.41517241638810987, 59.32233047033627571, 19.49999999999996447 ) ) ;
#3993 = LINE ( 'NONE', #7663, #607 ) ;
#3994 = ORIENTED_EDGE ( 'NONE', *, *, #3514, .T. ) ;
#3995 = VECTOR ( 'NONE', #4468, 1000.000000000000114 ) ;
#3996 = CARTESIAN_POINT ( 'NONE',  ( 27.74646388120613238, 68.96644927739411912, 29.30084729726996429 ) ) ;
#3997 = EDGE_LOOP ( 'NONE', ( #1529, #4018, #6594 ) ) ;
#3998 = CARTESIAN_POINT ( 'NONE',  ( 30.79647356437715189, 58.43033635795223546, 14.93263258086347101 ) ) ;
#3999 = SPHERICAL_SURFACE ( 'NONE', #1259, 0.7500000000000000000 ) ;
#4000 = CYLINDRICAL_SURFACE ( 'NONE', #419, 0.7499999999999972244 ) ;
#4001 = CARTESIAN_POINT ( 'NONE',  ( 21.89187580250594678, 75.59802372967745043, 0.000000000000000000 ) ) ;
#4002 = VECTOR ( 'NONE', #2102, 1000.000000000000000 ) ;
#4003 = CIRCLE ( 'NONE', #6519, 0.7499999999999924505 ) ;
#4004 = EDGE_CURVE ( 'NONE', #5273, #3211, #620, .T. ) ;
#4005 = DIRECTION ( 'NONE',  ( -1.000000000000000000, 0.000000000000000000, 0.000000000000000000 ) ) ;
#4006 = EDGE_LOOP ( 'NONE', ( #3465, #3565, #3502, #94 ) ) ;
#4007 = EDGE_LOOP ( 'NONE', ( #788, #7169, #2942, #6246 ) ) ;
#4008 = ORIENTED_EDGE ( 'NONE', *, *, #1815, .F. ) ;
#4009 = CIRCLE ( 'NONE', #6125, 0.7500000000000022204 ) ;
#4010 = CIRCLE ( 'NONE', #3092, 0.7500000000000006661 ) ;
#4011 = CARTESIAN_POINT ( 'NONE',  ( 13.86402705032687876, 75.05545635173697860, 11.25000000000001066 ) ) ;
#4012 = DIRECTION ( 'NONE',  ( 0.000000000000000000, 0.000000000000000000, 1.000000000000000000 ) ) ;
#4013 =( BOUNDED_CURVE ( )  B_SPLINE_CURVE ( 3, ( #4416, #6941, #5185, #2079 ),
 .UNSPECIFIED., .F., .T. ) 
 B_SPLINE_CURVE_WITH_KNOTS ( ( 4, 4 ),
 ( 4.712388980384699444, 6.283185307179586232 ),
 .UNSPECIFIED. ) 
 CURVE ( )  GEOMETRIC_REPRESENTATION_ITEM ( )  RATIONAL_B_SPLINE_CURVE ( ( 1.000000000000000000, 0.8047378541243672689, 0.8047378541243672689, 1.000000000000000000 ) ) 
 REPRESENTATION_ITEM ( '' )  );
#4014 = ORIENTED_EDGE ( 'NONE', *, *, #294, .F. ) ;
#4015 = VECTOR ( 'NONE', #8069, 1000.000000000000000 ) ;
#4016 = CIRCLE ( 'NONE', #3881, 1.000000000000000888 ) ;
#4017 = DIRECTION ( 'NONE',  ( -0.000000000000000000, 0.000000000000000000, 1.000000000000000000 ) ) ;
#4018 = ORIENTED_EDGE ( 'NONE', *, *, #7498, .T. ) ;
#4019 = ADVANCED_FACE ( 'NONE', ( #3630 ), #1228, .F. ) ;
#4020 = SPHERICAL_SURFACE ( 'NONE', #586, 0.7500000000000000000 ) ;
#4021 = CARTESIAN_POINT ( 'NONE',  ( 24.50825003059689777, 66.94500509455689041, 39.77176240815022368 ) ) ;
#4022 = VECTOR ( 'NONE', #6123, 1000.000000000000000 ) ;
#4023 = DIRECTION ( 'NONE',  ( 0.7071067811865427988, 0.7071067811865521247, 0.000000000000000000 ) ) ;
#4024 = CARTESIAN_POINT ( 'NONE',  ( 28.01685131388074268, 69.09374323034695919, 5.227312136500017026 ) ) ;
#4025 = DIRECTION ( 'NONE',  ( 0.7071067811865451302, 0.7071067811865497932, 0.000000000000000000 ) ) ;
#4026 = CARTESIAN_POINT ( 'NONE',  ( 36.07568596981250408, 77.00000000000000000, 35.00000000000000000 ) ) ;
#4027 = ORIENTED_EDGE ( 'NONE', *, *, #6302, .F. ) ;
#4028 = DIRECTION ( 'NONE',  ( -0.7071067811865429098, -0.7071067811865522357, 0.000000000000000000 ) ) ;
#4029 = EDGE_CURVE ( 'NONE', #6475, #722, #1844, .T. ) ;
#4030 = CARTESIAN_POINT ( 'NONE',  ( 25.00342180567084682, 66.24086454913100397, -1.849877530471686793 ) ) ;
#4031 = ORIENTED_EDGE ( 'NONE', *, *, #3536, .F. ) ;
#4032 = ORIENTED_EDGE ( 'NONE', *, *, #5042, .F. ) ;
#4033 = VERTEX_POINT ( 'NONE', #8129 ) ;
#4034 = DIRECTION ( 'NONE',  ( 0.000000000000000000, 0.000000000000000000, 1.000000000000000000 ) ) ;
#4035 = CARTESIAN_POINT ( 'NONE',  ( 37.63702742682319524, 66.99999999999724309, 7.362220365390909294 ) ) ;
#4036 = CARTESIAN_POINT ( 'NONE',  ( 13.86402705032688232, 76.11611652351680846, 23.74999999999996447 ) ) ;
#4037 = CARTESIAN_POINT ( 'NONE',  ( 27.12227919757465244, 60.02943725152283605, 23.74999999999996447 ) ) ;
#4038 = AXIS2_PLACEMENT_3D ( 'NONE', #2615, #3887, #5112 ) ;
#4039 = CARTESIAN_POINT ( 'NONE',  ( 111.5842639579375657, 144.4914220118854757, 25.00000000000000711 ) ) ;
#4040 = AXIS2_PLACEMENT_3D ( 'NONE', #5787, #3231, #3310 ) ;
#4041 = VECTOR ( 'NONE', #6314, 1000.000000000000000 ) ;
#4042 = ORIENTED_EDGE ( 'NONE', *, *, #7275, .F. ) ;
#4043 = CARTESIAN_POINT ( 'NONE',  ( 28.31513799915007823, 68.78790029158216157, 29.10279645835658258 ) ) ;
#4044 = ORIENTED_EDGE ( 'NONE', *, *, #6346, .T. ) ;
#4045 = CARTESIAN_POINT ( 'NONE',  ( 31.01358775626852093, 54.72391513045584333, 13.45950092841812484 ) ) ;
#4046 = CARTESIAN_POINT ( 'NONE',  ( 31.05684214402833732, 54.68066074269601984, 35.00000000000000000 ) ) ;
#4047 = EDGE_CURVE ( 'NONE', #2837, #3181, #1058, .T. ) ;
#4048 = CARTESIAN_POINT ( 'NONE',  ( 8.718190585509622892, 76.62024768162623900, 31.03858903038857520 ) ) ;
#4049 = DIRECTION ( 'NONE',  ( 0.000000000000000000, 0.000000000000000000, -1.000000000000000000 ) ) ;
#4050 = TOROIDAL_SURFACE ( 'NONE', #228, 1.500000000000000000, 1.000000000000000000 ) ;
#4051 = ADVANCED_FACE ( 'NONE', ( #1892 ), #2978, .F. ) ;
#4052 = CARTESIAN_POINT ( 'NONE',  ( 29.03727621041015183, 56.70022667631422308, 27.09178422559689992 ) ) ;
#4053 = ORIENTED_EDGE ( 'NONE', *, *, #5552, .T. ) ;
#4054 = ORIENTED_EDGE ( 'NONE', *, *, #6706, .F. ) ;
#4055 = VECTOR ( 'NONE', #7723, 1000.000000000000114 ) ;
#4056 = CARTESIAN_POINT ( 'NONE',  ( 28.01220775820517517, 69.09713041840967662, 5.224817246889277733 ) ) ;
#4057 = CARTESIAN_POINT ( 'NONE',  ( 69.07568596981690234, 137.3911308970822063, 47.49999999999999289 ) ) ;
#4058 = CARTESIAN_POINT ( 'NONE',  ( 12.27303679265714997, 73.46446609406726225, 14.50000000000000888 ) ) ;
#4059 = EDGE_LOOP ( 'NONE', ( #7451, #6139, #888 ) ) ;
#4060 = PRODUCT ( 'Mount', 'Mount', '', ( #7076 ) ) ;
#4061 = DIRECTION ( 'NONE',  ( 1.000000000000000000, -7.304689455032545322E-14, -1.850371707708594316E-16 ) ) ;
#4062 = SPHERICAL_SURFACE ( 'NONE', #7056, 0.7500000000000000000 ) ;
#4063 = DIRECTION ( 'NONE',  ( -0.7071067811865497932, -0.7071067811865452413, 0.000000000000000000 ) ) ;
#4064 = CARTESIAN_POINT ( 'NONE',  ( 29.08514430133833528, 69.09704776805358506, 5.610778219048483173 ) ) ;
#4065 = CARTESIAN_POINT ( 'NONE',  ( 14.39435713621679369, 75.58578643762689353, 11.25000000000001066 ) ) ;
#4066 = EDGE_CURVE ( 'NONE', #5347, #553, #7390, .T. ) ;
#4067 = CARTESIAN_POINT ( 'NONE',  ( 28.18814878867106444, 64.30433250954025937, 29.54325911339879696 ) ) ;
#4068 = PLANE ( 'NONE',  #8081 ) ;
#4069 = EDGE_LOOP ( 'NONE', ( #6827, #4368, #2365, #6991 ) ) ;
#4070 = CARTESIAN_POINT ( 'NONE',  ( 19.07568596981745301, 94.76393202249987269, 28.49999999999998224 ) ) ;
#4071 = DIRECTION ( 'NONE',  ( 0.7071067811865500152, -5.165195448115397204E-14, 0.7071067811865451302 ) ) ;
#4072 = ORIENTED_EDGE ( 'NONE', *, *, #6439, .F. ) ;
#4073 = ORIENTED_EDGE ( 'NONE', *, *, #1600, .F. ) ;
#4074 = ORIENTED_EDGE ( 'NONE', *, *, #1570, .F. ) ;
#4075 = LINE ( 'NONE', #6479, #5854 ) ;
#4076 = CARTESIAN_POINT ( 'NONE',  ( 30.50638999412473495, 61.19820333111663757, 10.26062653966581806 ) ) ;
#4077 = CARTESIAN_POINT ( 'NONE',  ( 22.08023029491387845, 75.01299562132233234, 29.80069871768562706 ) ) ;
#4078 = ADVANCED_FACE ( 'NONE', ( #1732 ), #1151, .F. ) ;
#4079 = ADVANCED_FACE ( 'NONE', ( #6232 ), #7429, .F. ) ;
#4080 = CARTESIAN_POINT ( 'NONE',  ( 31.01358775626852093, 54.72391513045585754, 21.54049907158203681 ) ) ;
#4081 = VERTEX_POINT ( 'NONE', #8083 ) ;
#4082 = CARTESIAN_POINT ( 'NONE',  ( 14.07568596982052789, 186.9999999999989768, 49.99999999999999289 ) ) ;
#4083 = CARTESIAN_POINT ( 'NONE',  ( 28.74547276458508094, 68.83603395025221516, 28.99078501381859496 ) ) ;
#4084 = ORIENTED_EDGE ( 'NONE', *, *, #3060, .F. ) ;
#4085 = DIRECTION ( 'NONE',  ( -1.000000000000000000, 7.304689455032545322E-14, 0.000000000000000000 ) ) ;
#4086 = CARTESIAN_POINT ( 'NONE',  ( 14.07568596981169584, 66.49599194091628362, -4.820938466922549459 ) ) ;
#4087 = ADVANCED_FACE ( 'NONE', ( #2439 ), #578, .F. ) ;
#4088 = AXIS2_PLACEMENT_3D ( 'NONE', #1028, #5433, #906 ) ;
#4089 = CARTESIAN_POINT ( 'NONE',  ( 14.07568596981249520, 77.00000000000000000, -3.664764759190856758 ) ) ;
#4090 = LINE ( 'NONE', #705, #4202 ) ;
#4091 = ORIENTED_EDGE ( 'NONE', *, *, #1336, .T. ) ;
#4092 = EDGE_LOOP ( 'NONE', ( #1828, #1236, #6059 ) ) ;
#4093 = VERTEX_POINT ( 'NONE', #648 ) ;
#4094 = AXIS2_PLACEMENT_3D ( 'NONE', #6771, #5604, #6191 ) ;
#4095 = CARTESIAN_POINT ( 'NONE',  ( 37.66315404306325121, 66.99999999999725731, 27.61273540183277575 ) ) ;
#4096 = ORIENTED_EDGE ( 'NONE', *, *, #6532, .T. ) ;
#4097 = PLANE ( 'NONE',  #5835 ) ;
#4098 = EDGE_CURVE ( 'NONE', #4273, #2216, #1727, .T. ) ;
#4099 = EDGE_LOOP ( 'NONE', ( #4661, #7299, #6825, #6198 ) ) ;
#4100 = CARTESIAN_POINT ( 'NONE',  ( 16.51567747977645340, 77.70710678118652481, 13.75000000000001066 ) ) ;
#4101 = VECTOR ( 'NONE', #7350, 1000.000000000000000 ) ;
#4102 = CARTESIAN_POINT ( 'NONE',  ( 31.05578062022162200, 54.68470067653673539, 14.38720093172702796 ) ) ;
#4103 = CARTESIAN_POINT ( 'NONE',  ( 97.44212833420664310, 158.6335576356164552, 25.00000000000001066 ) ) ;
#4104 = DIRECTION ( 'NONE',  ( -7.320533068622119628E-14, -1.000000000000000000, 0.000000000000000000 ) ) ;
#4105 = CARTESIAN_POINT ( 'NONE',  ( 31.07088940836496249, 54.62783267717496472, 20.61926548946768278 ) ) ;
#4106 = CARTESIAN_POINT ( 'NONE',  ( 22.07568596982025255, 183.2499999999983515, -10.00000000000000178 ) ) ;
#4107 = VERTEX_POINT ( 'NONE', #3247 ) ;
#4108 = CARTESIAN_POINT ( 'NONE',  ( 69.07568596981177222, 66.99999999999495515, 54.99999999999998579 ) ) ;
#4109 = ADVANCED_FACE ( 'NONE', ( #7582 ), #6969, .F. ) ;
#4110 = CARTESIAN_POINT ( 'NONE',  ( 28.53649275994774470, 61.44365081389591410, 23.74999999999996447 ) ) ;
#4111 = ORIENTED_EDGE ( 'NONE', *, *, #7896, .T. ) ;
#4112 = VERTEX_POINT ( 'NONE', #153 ) ;
#4113 = B_SPLINE_CURVE_WITH_KNOTS ( 'NONE', 3,
 ( #3111, #7408, #8104, #3000, #7450, #8063, #1131, #2459, #5629, #4348, #522, #5540, #2417, #3149, #8147, #634, #1798, #4307, #1253, #6134, #2496, #5001, #7522, #1874, #3770, #4384, #6911, #6298, #5666, #12, #4844, #6755, #483, #7724, #2534, #3349, #5784, #670, #5196, #2617, #3184, #3267, #7681, #6990, #7604, #1999, #2579, #1411, #4500, #132, #2655, #1961, #3970, #7639, #6459, #5152, #4546, #5037, #1921, #2090, #5703, #4586, #7030, #5076, #5826 ),
 .UNSPECIFIED., .F., .F.,
 ( 4, 2, 2, 2, 2, 2, 2, 2, 2, 1, 2, 2, 2, 1, 2, 2, 1, 2, 2, 2, 1, 1, 2, 2, 2, 2, 2, 2, 2, 1, 2, 2, 1, 2, 2, 4 ),
 ( 0.000000000000000000, 0.06249999999995047018, 0.1249999999999009404, 0.1874999999998513966, 0.2499999999998018807, 0.3124999999997523648, 0.3437499999997169486, 0.3749999999996815325, 0.4374999999995853317, 0.4687499999995375366, 0.4843749999995135003, 0.4999999999994894639, 0.5624999999993672839, 0.5937499999993067767, 0.6093749999992880140, 0.6249999999992693622, 0.6562499999992570388, 0.6718749999992403854, 0.6874999999992238431, 0.7187499999991914246, 0.7343749999991852073, 0.7421874999991827648, 0.7460937499991914246, 0.7499999999992001953, 0.7812499999992311706, 0.7968749999992558175, 0.8046874999992760236, 0.8124999999992962296, 0.8437499999994010347, 0.8593749999994614308, 0.8671874999994911848, 0.8749999999995209388, 0.9062499999996221911, 0.9218749999996823652, 0.9374999999997424283, 1.000000000000000000 ),
 .UNSPECIFIED. ) ;
#4114 = VERTEX_POINT ( 'NONE', #2831 ) ;
#4115 = LINE ( 'NONE', #846, #5718 ) ;
#4116 = CARTESIAN_POINT ( 'NONE',  ( 38.01091011204391634, 66.99999999999721467, 8.331347595047075671 ) ) ;
#4117 = CARTESIAN_POINT ( 'NONE',  ( 39.18240923957702648, 58.99999999999712941, 22.66411142760054176 ) ) ;
#4118 = CARTESIAN_POINT ( 'NONE',  ( 30.72800841762324353, 57.22399377409693955, 20.26841284052381198 ) ) ;
#4119 = ORIENTED_EDGE ( 'NONE', *, *, #2393, .T. ) ;
#4120 = CARTESIAN_POINT ( 'NONE',  ( 38.71713155144221474, 66.99999999999714362, 10.31046809999619462 ) ) ;
#4121 = EDGE_CURVE ( 'NONE', #883, #1910, #1545, .T. ) ;
#4122 = CARTESIAN_POINT ( 'NONE',  ( 27.86460361162620458, 69.21108359756519235, 29.85577378064397891 ) ) ;
#4123 = ORIENTED_EDGE ( 'NONE', *, *, #5343, .T. ) ;
#4124 = CARTESIAN_POINT ( 'NONE',  ( 19.07568596982016373, 181.9999999999986073, -2.500000000000012434 ) ) ;
#4125 = CARTESIAN_POINT ( 'NONE',  ( 27.12227919757465244, 60.02943725152283605, 11.25000000000001066 ) ) ;
#4126 = CARTESIAN_POINT ( 'NONE',  ( -111.3083621342407667, 72.00000000000814282, 52.50000000000006395 ) ) ;
#4127 = DIRECTION ( 'NONE',  ( -0.7071067811865474617, -0.7071067811865474617, 0.000000000000000000 ) ) ;
#4128 = DIRECTION ( 'NONE',  ( 0.000000000000000000, 0.000000000000000000, 1.000000000000000000 ) ) ;
#4129 = AXIS2_PLACEMENT_3D ( 'NONE', #3890, #7559, #6339 ) ;
#4130 = ADVANCED_FACE ( 'NONE', ( #2634 ), #1477, .T. ) ;
#4131 = ADVANCED_FACE ( 'NONE', ( #3482 ), #957, .F. ) ;
#4132 = ORIENTED_EDGE ( 'NONE', *, *, #4323, .F. ) ;
#4133 = ORIENTED_EDGE ( 'NONE', *, *, #6977, .T. ) ;
#4134 = VERTEX_POINT ( 'NONE', #4011 ) ;
#4135 = CARTESIAN_POINT ( 'NONE',  ( 28.77260978365375976, 68.96596971369845619, 29.46100993593707429 ) ) ;
#4136 = VECTOR ( 'NONE', #5828, 1000.000000000000000 ) ;
#4137 = AXIS2_PLACEMENT_3D ( 'NONE', #5819, #6365, #5144 ) ;
#4138 = CARTESIAN_POINT ( 'NONE',  ( 28.00037339188069652, 69.10483634040879508, 5.218627888095512368 ) ) ;
#4139 = CARTESIAN_POINT ( 'NONE',  ( 35.25001401624937358, 66.99999999999742784, 32.17281894895973693 ) ) ;
#4140 = ORIENTED_EDGE ( 'NONE', *, *, #791, .F. ) ;
#4141 = EDGE_CURVE ( 'NONE', #1955, #6484, #2738, .T. ) ;
#4142 = ORIENTED_EDGE ( 'NONE', *, *, #6252, .F. ) ;
#4143 = DIRECTION ( 'NONE',  ( -7.771561172376089472E-14, -1.000000000000000000, -0.000000000000000000 ) ) ;
#4144 = CARTESIAN_POINT ( 'NONE',  ( 24.07568596980365783, 66.99999999999825206, 40.93465657243506683 ) ) ;
#4145 = ADVANCED_FACE ( 'NONE', ( #2127 ), #7758, .F. ) ;
#4146 = DIRECTION ( 'NONE',  ( -0.7071067811865463515, -0.7071067811865486830, 0.000000000000000000 ) ) ;
#4147 = DIRECTION ( 'NONE',  ( -7.850462293418865490E-14, -1.000000000000000000, 3.851859888774461393E-28 ) ) ;
#4148 = AXIS2_PLACEMENT_3D ( 'NONE', #1672, #7373, #3002 ) ;
#4149 = CARTESIAN_POINT ( 'NONE',  ( 31.54169657999058529, 64.44885463393873692, 13.75000000000001066 ) ) ;
#4150 = ORIENTED_EDGE ( 'NONE', *, *, #4255, .F. ) ;
#4151 = EDGE_CURVE ( 'NONE', #886, #3531, #168, .T. ) ;
#4152 = LINE ( 'NONE', #6680, #4406 ) ;
#4153 = CARTESIAN_POINT ( 'NONE',  ( 25.04842091939454818, 66.42801768328639866, -2.294436883798446125 ) ) ;
#4154 = ORIENTED_EDGE ( 'NONE', *, *, #4624, .F. ) ;
#4155 = ORIENTED_EDGE ( 'NONE', *, *, #4582, .T. ) ;
#4156 = EDGE_LOOP ( 'NONE', ( #1676, #395, #301, #5564 ) ) ;
#4157 = LINE ( 'NONE', #6809, #3879 ) ;
#4158 = DIRECTION ( 'NONE',  ( 0.000000000000000000, 0.000000000000000000, -1.000000000000000000 ) ) ;
#4159 = CARTESIAN_POINT ( 'NONE',  ( 28.54873005199832647, 68.94116948018503876, 38.66354601857615592 ) ) ;
#4160 = AXIS2_PLACEMENT_3D ( 'NONE', #2366, #7397, #1738 ) ;
#4161 = DIRECTION ( 'NONE',  ( -0.7071067811865497932, -0.7071067811865452413, 0.000000000000000000 ) ) ;
#4162 = VECTOR ( 'NONE', #1860, 1000.000000000000114 ) ;
#4163 = ORIENTED_EDGE ( 'NONE', *, *, #3968, .T. ) ;
#4164 = CARTESIAN_POINT ( 'NONE',  ( 26.34374012559312916, 66.46483057299674613, 6.000000000000007105 ) ) ;
#4165 = CARTESIAN_POINT ( 'NONE',  ( 28.45326623474593219, 68.94560335671339146, 29.57335798843350361 ) ) ;
#4166 = ORIENTED_EDGE ( 'NONE', *, *, #4004, .F. ) ;
#4167 = CARTESIAN_POINT ( 'NONE',  ( 30.97203728924165134, 54.76546559748270937, 13.01542315966611163 ) ) ;
#4168 = DIRECTION ( 'NONE',  ( -0.7071067811865486830, -0.7071067811865464625, 0.000000000000000000 ) ) ;
#4169 = AXIS2_PLACEMENT_3D ( 'NONE', #6591, #2709, #917 ) ;
#4170 = CARTESIAN_POINT ( 'NONE',  ( 30.65781310350739020, 63.56497115745555959, 21.24999999999996803 ) ) ;
#4171 = CARTESIAN_POINT ( 'NONE',  ( 21.89187578244185772, 75.59802355442475630, 29.53660300999505139 ) ) ;
#4172 = ADVANCED_FACE ( 'NONE', ( #7678 ), #1328, .F. ) ;
#4173 = EDGE_LOOP ( 'NONE', ( #2682, #5978, #3159, #4761 ) ) ;
#4174 = ORIENTED_EDGE ( 'NONE', *, *, #2113, .T. ) ;
#4175 = ORIENTED_EDGE ( 'NONE', *, *, #1876, .T. ) ;
#4176 = FACE_OUTER_BOUND ( 'NONE', #3064, .T. ) ;
#4177 = ADVANCED_FACE ( 'NONE', ( #3263 ), #2652, .F. ) ;
#4178 = CARTESIAN_POINT ( 'NONE',  ( 19.07568596981249698, 76.99999999999859313, 54.99999999999998579 ) ) ;
#4179 = CARTESIAN_POINT ( 'NONE',  ( 16.57568596982016729, 181.9999999999987210, 42.49999999999999289 ) ) ;
#4180 = LINE ( 'NONE', #6831, #6516 ) ;
#4181 = ORIENTED_EDGE ( 'NONE', *, *, #596, .T. ) ;
#4182 = CIRCLE ( 'NONE', #7353, 0.7499999999999972244 ) ;
#4183 = CARTESIAN_POINT ( 'NONE',  ( 12.98014357384371564, 74.17157287525380127, 23.74999999999996092 ) ) ;
#4184 = CARTESIAN_POINT ( 'NONE',  ( 14.07568596981172071, 66.49599194091652521, 39.82093846692247752 ) ) ;
#4185 = DIRECTION ( 'NONE',  ( -1.000000000000000000, 0.000000000000000000, 0.000000000000000000 ) ) ;
#4186 = CARTESIAN_POINT ( 'NONE',  ( 19.34410460452265923, 73.46446609406724804, 6.000000000000007105 ) ) ;
#4187 = CARTESIAN_POINT ( 'NONE',  ( 19.07568596982052966, 186.9999999999986073, -20.00000000000001066 ) ) ;
#4188 = VERTEX_POINT ( 'NONE', #4496 ) ;
#4189 = CARTESIAN_POINT ( 'NONE',  ( 69.07568596981214171, 71.99999999999496936, -12.50000000000000355 ) ) ;
#4190 = CARTESIAN_POINT ( 'NONE',  ( 14.07568596981247033, 76.68942687550988069, 38.70189891578489494 ) ) ;
#4191 = ORIENTED_EDGE ( 'NONE', *, *, #1847, .F. ) ;
#4192 = EDGE_CURVE ( 'NONE', #211, #6621, #2777, .T. ) ;
#4193 = VERTEX_POINT ( 'NONE', #7151 ) ;
#4194 = ORIENTED_EDGE ( 'NONE', *, *, #1668, .F. ) ;
#4195 = LINE ( 'NONE', #966, #5447 ) ;
#4196 = CARTESIAN_POINT ( 'NONE',  ( 8.737502886724444195, 77.00000000000000000, 35.00000000000000000 ) ) ;
#4197 = CARTESIAN_POINT ( 'NONE',  ( 21.95831969561511698, 75.23817079731142599, 29.68795099183071073 ) ) ;
#4198 = CARTESIAN_POINT ( 'NONE',  ( 8.727174467064825691, 76.81188222227137885, 3.985504617288707863 ) ) ;
#4199 = EDGE_LOOP ( 'NONE', ( #1547, #5829, #4682, #8032, #5002 ) ) ;
#4200 = PLANE ( 'NONE',  #2288 ) ;
#4201 = CARTESIAN_POINT ( 'NONE',  ( 28.84155601309450034, 68.98485726119875494, 29.44146060778279050 ) ) ;
#4202 = VECTOR ( 'NONE', #1998, 1000.000000000000000 ) ;
#4203 = ORIENTED_EDGE ( 'NONE', *, *, #7715, .F. ) ;
#4204 = CARTESIAN_POINT ( 'NONE',  ( 23.84782590586866036, 61.88967698085571101, 32.87359721034211901 ) ) ;
#4205 = CARTESIAN_POINT ( 'NONE',  ( 25.07568596981212039, 71.99999999999818101, 52.50000000000006395 ) ) ;
#4206 = PLANE ( 'NONE',  #3647 ) ;
#4207 = DIRECTION ( 'NONE',  ( -1.000000000000000000, 0.000000000000000000, 0.000000000000000000 ) ) ;
#4208 = DIRECTION ( 'NONE',  ( -1.000000000000000000, 7.304689455032545322E-14, 0.000000000000000000 ) ) ;
#4209 = ORIENTED_EDGE ( 'NONE', *, *, #8074, .F. ) ;
#4210 = ORIENTED_EDGE ( 'NONE', *, *, #6400, .F. ) ;
#4211 = ORIENTED_EDGE ( 'NONE', *, *, #3329, .T. ) ;
#4212 = CARTESIAN_POINT ( 'NONE',  ( 28.66280053135587380, 68.94756855340817481, 29.49611648762362037 ) ) ;
#4213 = CIRCLE ( 'NONE', #4466, 0.7500000000000022204 ) ;
#4214 = CARTESIAN_POINT ( 'NONE',  ( 48.07568596981690945, 137.3911308970837695, 47.49999999999997868 ) ) ;
#4215 = CARTESIAN_POINT ( 'NONE',  ( 15.98534739388654558, 78.23743686707643974, 13.75000000000000888 ) ) ;
#4216 = CARTESIAN_POINT ( 'NONE',  ( 31.05192864723757751, 54.69937293323972227, 14.07630287285646808 ) ) ;
#4217 = CARTESIAN_POINT ( 'NONE',  ( 19.34410460452264147, 66.39339828220178674, 17.50000000000000711 ) ) ;
#4218 = ORIENTED_EDGE ( 'NONE', *, *, #4742, .T. ) ;
#4219 = CARTESIAN_POINT ( 'NONE',  ( 69.07568596981211329, 71.99999999999496936, -17.50000000000000711 ) ) ;
#4220 = EDGE_CURVE ( 'NONE', #5354, #4994, #7075, .T. ) ;
#4221 = EDGE_CURVE ( 'NONE', #7481, #4301, #3348, .T. ) ;
#4222 = CARTESIAN_POINT ( 'NONE',  ( 31.05737818767787317, 54.67862240657341744, 14.65049779705460864 ) ) ;
#4223 = CARTESIAN_POINT ( 'NONE',  ( 15.57568596981402997, 97.99999999999988631, -5.000000000000013323 ) ) ;
#4224 = DIRECTION ( 'NONE',  ( 0.7071067811865497932, 0.7071067811865452413, 0.000000000000000000 ) ) ;
#4225 = ORIENTED_EDGE ( 'NONE', *, *, #3685, .F. ) ;
#4226 = VECTOR ( 'NONE', #3507, 1000.000000000000000 ) ;
#4227 = DIRECTION ( 'NONE',  ( 7.304689455032546585E-14, 1.000000000000000000, 4.462471163957848171E-30 ) ) ;
#4228 = CARTESIAN_POINT ( 'NONE',  ( 28.45860044318509097, 68.94510787308975353, 5.428753859800633741 ) ) ;
#4229 = CARTESIAN_POINT ( 'NONE',  ( 21.08663546831662927, 66.99999999999847944, 33.01508925673322636 ) ) ;
#4230 = ADVANCED_FACE ( 'NONE', ( #1487 ), #6237, .T. ) ;
#4231 = ORIENTED_EDGE ( 'NONE', *, *, #6687, .F. ) ;
#4232 = ORIENTED_EDGE ( 'NONE', *, *, #3594, .F. ) ;
#4233 = VERTEX_POINT ( 'NONE', #253 ) ;
#4234 = DIRECTION ( 'NONE',  ( -7.401486830834370205E-14, -1.000000000000000000, 0.000000000000000000 ) ) ;
#4235 = CARTESIAN_POINT ( 'NONE',  ( 22.89187580250598231, 75.59802372967742201, 5.485835528254245958E-14 ) ) ;
#4236 = CARTESIAN_POINT ( 'NONE',  ( 21.91492409622684789, 75.81212123687205917, 29.46409875770098807 ) ) ;
#4237 = CARTESIAN_POINT ( 'NONE',  ( 24.50825003059688001, 66.94500509455689041, 39.77176240815021657 ) ) ;
#4238 = CARTESIAN_POINT ( 'NONE',  ( 21.47766224013287228, 75.59802372967743622, -3.956439237389593355 ) ) ;
#4239 = EDGE_CURVE ( 'NONE', #2452, #252, #5823, .T. ) ;
#4240 = EDGE_LOOP ( 'NONE', ( #6454, #4371, #4649, #7090 ) ) ;
#4241 = DIRECTION ( 'NONE',  ( -7.850462293418865490E-14, -1.000000000000000000, 3.851859888774461393E-28 ) ) ;
#4242 = CARTESIAN_POINT ( 'NONE',  ( 28.98122935540730083, 69.03891858586732155, 29.40759300897261141 ) ) ;
#4243 = ORIENTED_EDGE ( 'NONE', *, *, #6168, .F. ) ;
#4244 = CARTESIAN_POINT ( 'NONE',  ( 25.07568596981176157, 66.99999999999816680, -3.956439237389593355 ) ) ;
#4245 = LINE ( 'NONE', #8002, #6823 ) ;
#4246 = CARTESIAN_POINT ( 'NONE',  ( 12.88473216133984067, 72.85277072537778054, 35.09541097669163889 ) ) ;
#4247 = ADVANCED_FACE ( 'NONE', ( #2697 ), #3387, .F. ) ;
#4248 = DIRECTION ( 'NONE',  ( -7.320533068622127201E-14, -1.000000000000000000, 1.269910057080334201E-29 ) ) ;
#4249 = FACE_OUTER_BOUND ( 'NONE', #1402, .T. ) ;
#4250 = VERTEX_POINT ( 'NONE', #89 ) ;
#4251 = ORIENTED_EDGE ( 'NONE', *, *, #7342, .F. ) ;
#4252 = ORIENTED_EDGE ( 'NONE', *, *, #6695, .T. ) ;
#4253 = CARTESIAN_POINT ( 'NONE',  ( 26.41517241638810987, 59.32233047033628992, 17.00000000000000711 ) ) ;
#4254 = CARTESIAN_POINT ( 'NONE',  ( 12.93242680157347735, 74.03461322188421434, 0.02964748860797328245 ) ) ;
#4255 = EDGE_CURVE ( 'NONE', #7199, #4385, #5111, .T. ) ;
#4256 = CIRCLE ( 'NONE', #4505, 12.50000000000000000 ) ;
#4257 = FACE_OUTER_BOUND ( 'NONE', #3195, .T. ) ;
#4258 = DIRECTION ( 'NONE',  ( -0.000000000000000000, 0.000000000000000000, -1.000000000000000000 ) ) ;
#4259 = VERTEX_POINT ( 'NONE', #1408 ) ;
#4260 = ORIENTED_EDGE ( 'NONE', *, *, #1365, .T. ) ;
#4261 = DIRECTION ( 'NONE',  ( 1.000000000000000000, -7.216449660063511202E-14, -1.387778780781444492E-15 ) ) ;
#4262 = AXIS2_PLACEMENT_3D ( 'NONE', #6419, #747, #824 ) ;
#4263 = CARTESIAN_POINT ( 'NONE',  ( 34.72367709533005353, 67.63083514927819806, 18.74999999999996803 ) ) ;
#4264 = DIRECTION ( 'NONE',  ( -1.000000000000000000, 0.000000000000000000, 0.000000000000000000 ) ) ;
#4265 = VECTOR ( 'NONE', #1741, 1000.000000000000000 ) ;
#4266 = CARTESIAN_POINT ( 'NONE',  ( 27.39918075046375634, 59.19675731488456449, 5.655172022019051781 ) ) ;
#4267 = ORIENTED_EDGE ( 'NONE', *, *, #4916, .T. ) ;
#4268 = EDGE_CURVE ( 'NONE', #2716, #4447, #4783, .T. ) ;
#4269 = AXIS2_PLACEMENT_3D ( 'NONE', #551, #472, #6244 ) ;
#4270 = FACE_OUTER_BOUND ( 'NONE', #2982, .T. ) ;
#4271 = CARTESIAN_POINT ( 'NONE',  ( 28.56961130914287850, 68.94079156643510942, 5.471270663779013610 ) ) ;
#4272 = CARTESIAN_POINT ( 'NONE',  ( 24.93252482224792743, 66.99999999999819522, 31.29141216139236192 ) ) ;
#4273 = VERTEX_POINT ( 'NONE', #297 ) ;
#4274 = ORIENTED_EDGE ( 'NONE', *, *, #5143, .T. ) ;
#4275 = DIRECTION ( 'NONE',  ( 1.000000000000000000, -7.304689455032544060E-14, -3.700743415417188139E-16 ) ) ;
#4276 = DIRECTION ( 'NONE',  ( 0.7071067811865464625, -0.7071067811865485719, -0.000000000000000000 ) ) ;
#4277 = AXIS2_PLACEMENT_3D ( 'NONE', #1384, #6436, #2472 ) ;
#4278 = CIRCLE ( 'NONE', #6914, 0.7500000000000022204 ) ;
#4279 = ADVANCED_FACE ( 'NONE', ( #2937 ), #1532, .F. ) ;
#4280 = CARTESIAN_POINT ( 'NONE',  ( 16.06180778116033636, 184.4999999999988347, -17.50000000000000711 ) ) ;
#4281 = EDGE_CURVE ( 'NONE', #4589, #1153, #3303, .T. ) ;
#4282 = LINE ( 'NONE', #5087, #3347 ) ;
#4283 = AXIS2_PLACEMENT_3D ( 'NONE', #1138, #1804, #6094 ) ;
#4284 = VECTOR ( 'NONE', #7453, 1000.000000000000000 ) ;
#4285 = ORIENTED_EDGE ( 'NONE', *, *, #5363, .F. ) ;
#4286 = CARTESIAN_POINT ( 'NONE',  ( 27.82916368053755463, 66.99999999999796785, -4.219453946743848327 ) ) ;
#4287 = CARTESIAN_POINT ( 'NONE',  ( 28.21856047302758697, 68.99670702284268486, 29.67415654236741673 ) ) ;
#4288 = CARTESIAN_POINT ( 'NONE',  ( 32.80076299688275299, 63.34954378910534700, 16.01044560132324790 ) ) ;
#4289 = CARTESIAN_POINT ( 'NONE',  ( 28.88064425489507059, 59.82360534743619951, 27.37055621217983870 ) ) ;
#4290 = CARTESIAN_POINT ( 'NONE',  ( 15.01091119498592974, 70.72659169173847715, 37.17983601898065871 ) ) ;
#4291 = ORIENTED_EDGE ( 'NONE', *, *, #1238, .F. ) ;
#4292 = ORIENTED_EDGE ( 'NONE', *, *, #4973, .F. ) ;
#4293 = EDGE_CURVE ( 'NONE', #360, #6135, #5487, .T. ) ;
#4294 = ORIENTED_EDGE ( 'NONE', *, *, #3147, .F. ) ;
#4295 = LINE ( 'NONE', #3678, #199 ) ;
#4296 = EDGE_CURVE ( 'NONE', #2304, #5915, #6746, .T. ) ;
#4297 = FACE_BOUND ( 'NONE', #2737, .T. ) ;
#4298 = DIRECTION ( 'NONE',  ( 0.7071067811865480168, 0.7071067811865470176, 0.000000000000000000 ) ) ;
#4299 = DIRECTION ( 'NONE',  ( -1.000000000000000000, 7.304689455032545322E-14, 9.130123557772667102E-17 ) ) ;
#4300 = ORIENTED_EDGE ( 'NONE', *, *, #417, .T. ) ;
#4301 = VERTEX_POINT ( 'NONE', #2287 ) ;
#4302 = DIRECTION ( 'NONE',  ( 0.7071067811865440200, -0.7071067811865510144, 0.000000000000000000 ) ) ;
#4303 = CIRCLE ( 'NONE', #736, 0.7500000000000006661 ) ;
#4304 = CARTESIAN_POINT ( 'NONE',  ( 25.07568596981997899, 179.4999999999981242, 2.500000000000002220 ) ) ;
#4305 = CARTESIAN_POINT ( 'NONE',  ( 21.94059821831189439, 75.90681034391599269, 5.562829266487818280 ) ) ;
#4306 = DIRECTION ( 'NONE',  ( 0.7071067811865463515, -5.165195448115370698E-14, -0.7071067811865487940 ) ) ;
#4307 = CARTESIAN_POINT ( 'NONE',  ( 21.89419226099036564, 75.66796848542186638, 5.488709347147308293 ) ) ;
#4308 = ORIENTED_EDGE ( 'NONE', *, *, #2210, .T. ) ;
#4309 = CIRCLE ( 'NONE', #2598, 1.000000000000000888 ) ;
#4310 = DIRECTION ( 'NONE',  ( -0.6950992346222674145, 0.6950992346222697460, -0.1835050627505216136 ) ) ;
#4311 = CARTESIAN_POINT ( 'NONE',  ( 28.79682628168289682, 68.97186949965407621, 5.546113343799133233 ) ) ;
#4312 = CARTESIAN_POINT ( 'NONE',  ( 22.31209474488720801, 66.99999999999832312, 32.60262166740385936 ) ) ;
#4313 = ORIENTED_EDGE ( 'NONE', *, *, #4674, .T. ) ;
#4314 = CARTESIAN_POINT ( 'NONE',  ( 34.19334700944013861, 67.10050506338828313, 17.99999999999996803 ) ) ;
#4315 = CARTESIAN_POINT ( 'NONE',  ( 30.65781310350739375, 63.56497115745555959, 21.99999999999996447 ) ) ;
#4316 = DIRECTION ( 'NONE',  ( -3.469446951953605807E-16, 3.469446951953613203E-16, 1.000000000000000000 ) ) ;
#4317 = CARTESIAN_POINT ( 'NONE',  ( 14.17256484429857366, 65.94164821470990034, -5.324631559660224056 ) ) ;
#4318 = CARTESIAN_POINT ( 'NONE',  ( 24.97550669695775483, 66.68943172141634079, 38.17285189538684875 ) ) ;
#4319 = CARTESIAN_POINT ( 'NONE',  ( 11.36193265406303965, 74.37557023266140277, 1.999103193721472271 ) ) ;
#4320 = DIRECTION ( 'NONE',  ( 1.000000000000000000, -8.326672684688666480E-14, 0.000000000000000000 ) ) ;
#4321 = VERTEX_POINT ( 'NONE', #5437 ) ;
#4322 = CARTESIAN_POINT ( 'NONE',  ( 28.12928768636606591, 69.03324417258002654, 29.71643716172439298 ) ) ;
#4323 = EDGE_CURVE ( 'NONE', #6333, #5821, #5572, .T. ) ;
#4324 = LINE ( 'NONE', #3088, #1320 ) ;
#4325 = LINE ( 'NONE', #1939, #2711 ) ;
#4326 = ADVANCED_FACE ( 'NONE', ( #4785 ), #1074, .F. ) ;
#4327 = DIRECTION ( 'NONE',  ( -0.000000000000000000, -0.000000000000000000, -1.000000000000000000 ) ) ;
#4328 = CARTESIAN_POINT ( 'NONE',  ( 31.05684300522379715, 54.68065988150057422, 14.47427109835724934 ) ) ;
#4329 = CARTESIAN_POINT ( 'NONE',  ( 28.74739238817100784, 68.83659318873114330, 6.009627120092613239 ) ) ;
#4330 = ORIENTED_EDGE ( 'NONE', *, *, #4988, .F. ) ;
#4331 = EDGE_LOOP ( 'NONE', ( #2735, #1461, #203, #2715 ) ) ;
#4332 = EDGE_CURVE ( 'NONE', #6487, #402, #2030, .T. ) ;
#4333 = EDGE_LOOP ( 'NONE', ( #4427, #652, #732, #42 ) ) ;
#4334 = CARTESIAN_POINT ( 'NONE',  ( 22.08943053473154450, 74.57800714461485825, 29.39357392005095448 ) ) ;
#4335 = DIRECTION ( 'NONE',  ( 7.317379025938529564E-14, 1.000000000000000000, -0.000000000000000000 ) ) ;
#4336 = ADVANCED_FACE ( 'NONE', ( #3596 ), #989, .F. ) ;
#4337 = CARTESIAN_POINT ( 'NONE',  ( 31.01358775626852093, 54.72391513045584333, 13.45950092841812484 ) ) ;
#4338 = CARTESIAN_POINT ( 'NONE',  ( 26.41517241638810987, 59.32233047033628992, 14.50000000000000888 ) ) ;
#4339 = AXIS2_PLACEMENT_3D ( 'NONE', #2167, #5912, #5275 ) ;
#4340 = ORIENTED_EDGE ( 'NONE', *, *, #2983, .F. ) ;
#4341 = VERTEX_POINT ( 'NONE', #4178 ) ;
#4342 = EDGE_CURVE ( 'NONE', #3281, #4830, #3511, .T. ) ;
#4343 = CARTESIAN_POINT ( 'NONE',  ( 33.92923936040906341, 96.99999999999856470, 22.64644660940478360 ) ) ;
#4344 = CARTESIAN_POINT ( 'NONE',  ( 16.57568596982382658, 232.0624609862507839, -3.500000000000012434 ) ) ;
#4345 = CARTESIAN_POINT ( 'NONE',  ( 21.98962490818825088, 76.03052303308633952, 5.592406991027399243 ) ) ;
#4346 = CARTESIAN_POINT ( 'NONE',  ( 30.83710080702057255, 58.72699306143299935, 20.01393310522746205 ) ) ;
#4347 = EDGE_CURVE ( 'NONE', #4377, #6350, #4350, .T. ) ;
#4348 = CARTESIAN_POINT ( 'NONE',  ( 21.95149847992864167, 75.93966183267977499, 5.571467855186367224 ) ) ;
#4349 = ORIENTED_EDGE ( 'NONE', *, *, #1168, .F. ) ;
#4350 = LINE ( 'NONE', #3730, #6249 ) ;
#4351 = CARTESIAN_POINT ( 'NONE',  ( 35.47584493333572198, 66.99999999999741362, 31.82785752569959570 ) ) ;
#4352 = DIRECTION ( 'NONE',  ( 1.000000000000000000, -7.304689455032545322E-14, -0.000000000000000000 ) ) ;
#4353 = VECTOR ( 'NONE', #2507, 1000.000000000000000 ) ;
#4354 = CARTESIAN_POINT ( 'NONE',  ( 12.59754098059482530, 73.13996190610117765, 34.62996305899628169 ) ) ;
#4355 = CARTESIAN_POINT ( 'NONE',  ( 23.34592303282333603, 64.62659855879357451, -0.1066949561883509673 ) ) ;
#4356 = EDGE_CURVE ( 'NONE', #6020, #1630, #6878, .T. ) ;
#4357 = CARTESIAN_POINT ( 'NONE',  ( 29.31612797644894641, 69.17377155573443304, 28.91884777160715103 ) ) ;
#4358 = LINE ( 'NONE', #641, #7960 ) ;
#4359 = ORIENTED_EDGE ( 'NONE', *, *, #4047, .F. ) ;
#4360 = CARTESIAN_POINT ( 'NONE',  ( 8.928730198389617456, 76.80877268833482674, 3.882604036511987822 ) ) ;
#4361 = VECTOR ( 'NONE', #4820, 999.9999999999998863 ) ;
#4362 = DIRECTION ( 'NONE',  ( 1.000000000000000000, -7.304689455032545322E-14, -1.850371707708594316E-16 ) ) ;
#4363 = CARTESIAN_POINT ( 'NONE',  ( 32.57985260875894085, 63.53211685697313271, 21.89262394303067438 ) ) ;
#4364 = CARTESIAN_POINT ( 'NONE',  ( 69.07568596981177222, 66.99999999999495515, -12.50000000000000355 ) ) ;
#4365 = CARTESIAN_POINT ( 'NONE',  ( 31.05684214402754861, 54.68066074269683696, 14.56159481147738610 ) ) ;
#4366 = CARTESIAN_POINT ( 'NONE',  ( 27.78101290979653015, 68.94536480445275117, 5.712914395766500952 ) ) ;
#4367 = EDGE_CURVE ( 'NONE', #6508, #5213, #5079, .T. ) ;
#4368 = ORIENTED_EDGE ( 'NONE', *, *, #2068, .F. ) ;
#4369 = VERTEX_POINT ( 'NONE', #6461 ) ;
#4370 = CARTESIAN_POINT ( 'NONE',  ( 31.18814318939730157, 63.03464107156564467, 13.75000000000001066 ) ) ;
#4371 = ORIENTED_EDGE ( 'NONE', *, *, #7691, .T. ) ;
#4372 = LINE ( 'NONE', #6899, #6677 ) ;
#4373 = CARTESIAN_POINT ( 'NONE',  ( 13.88772588735147373, 76.39250801850678840, -1.997959192396049799 ) ) ;
#4374 = EDGE_CURVE ( 'NONE', #7130, #133, #2689, .T. ) ;
#4375 = FACE_OUTER_BOUND ( 'NONE', #5108, .T. ) ;
#4376 = CARTESIAN_POINT ( 'NONE',  ( 24.76837645706327962, 65.81122755009243974, 36.07240787091490830 ) ) ;
#4377 = VERTEX_POINT ( 'NONE', #5199 ) ;
#4378 = VERTEX_POINT ( 'NONE', #5705 ) ;
#4379 = CARTESIAN_POINT ( 'NONE',  ( 8.932492287597405323, 77.00000000000000000, 3.908526346078328828 ) ) ;
#4380 = CARTESIAN_POINT ( 'NONE',  ( 31.64713290776751364, 61.41681896098627647, 15.53890884331894462 ) ) ;
#4381 = CARTESIAN_POINT ( 'NONE',  ( 24.07568596981176512, 66.99999999999823785, 49.99999999999998579 ) ) ;
#4382 = VECTOR ( 'NONE', #5107, 1000.000000000000000 ) ;
#4383 = CARTESIAN_POINT ( 'NONE',  ( 21.90689116295022743, 75.42243432260148950, 5.393925649823953172 ) ) ;
#4384 = CARTESIAN_POINT ( 'NONE',  ( 21.90254115335270413, 75.45064041055036341, 5.405599420136145028 ) ) ;
#4385 = VERTEX_POINT ( 'NONE', #786 ) ;
#4386 = AXIS2_PLACEMENT_3D ( 'NONE', #7733, #3979, #6507 ) ;
#4387 = CARTESIAN_POINT ( 'NONE',  ( 35.14349168931996559, 66.99999999999741362, 22.22558181559695711 ) ) ;
#4388 = CARTESIAN_POINT ( 'NONE',  ( 56.57568596981212039, 71.99999999999589306, -17.50000000000000711 ) ) ;
#4389 = EDGE_CURVE ( 'NONE', #6742, #1454, #1292, .T. ) ;
#4390 = B_SPLINE_CURVE_WITH_KNOTS ( 'NONE', 3,
 ( #1957, #6369, #4379, #3221 ),
 .UNSPECIFIED., .F., .F.,
 ( 4, 4 ),
 ( 0.004892207268890288487, 0.005544796203030542305 ),
 .UNSPECIFIED. ) ;
#4391 = PLANE ( 'NONE',  #5749 ) ;
#4392 = AXIS2_PLACEMENT_3D ( 'NONE', #7113, #4258, #1033 ) ;
#4393 = VECTOR ( 'NONE', #3759, 1000.000000000000000 ) ;
#4394 = EDGE_CURVE ( 'NONE', #476, #838, #7080, .T. ) ;
#4395 = CARTESIAN_POINT ( 'NONE',  ( 13.85061504275486399, 76.30422334030347997, 36.84735633734723592 ) ) ;
#4396 = CARTESIAN_POINT ( 'NONE',  ( 12.59754098060318306, 73.13996190612149917, 0.3700369409955886479 ) ) ;
#4397 = B_SPLINE_CURVE_WITH_KNOTS ( 'NONE', 3,
 ( #268, #4266, #7370, #1709, #6876, #1209, #7488, #1749, #3034, #3728, #2380, #6840 ),
 .UNSPECIFIED., .F., .F.,
 ( 4, 2, 2, 2, 2, 4 ),
 ( 0.01105266318107324050, 0.01408793231462870249, 0.01560556688140643175, 0.01712320144818416101, 0.02015847058173961259, 0.02319373971529507111 ),
 .UNSPECIFIED. ) ;
#4398 = ORIENTED_EDGE ( 'NONE', *, *, #5432, .T. ) ;
#4399 = AXIS2_PLACEMENT_3D ( 'NONE', #2757, #7219, #6640 ) ;
#4400 = CYLINDRICAL_SURFACE ( 'NONE', #7443, 0.7500000000000034417 ) ;
#4401 = CIRCLE ( 'NONE', #2832, 12.49999999999999822 ) ;
#4402 = FACE_OUTER_BOUND ( 'NONE', #2647, .T. ) ;
#4403 = LINE ( 'NONE', #1148, #6811 ) ;
#4404 = CARTESIAN_POINT ( 'NONE',  ( 13.88718184689526502, 76.39120675498952551, 36.99541520065668720 ) ) ;
#4405 = TOROIDAL_SURFACE ( 'NONE', #7567, 5.000000000000000000, 5.000000000000000000 ) ;
#4406 = VECTOR ( 'NONE', #7213, 1000.000000000000000 ) ;
#4407 = CARTESIAN_POINT ( 'NONE',  ( 27.55715612379226087, 69.11028309448632001, 5.619433405673576409 ) ) ;
#4408 = ORIENTED_EDGE ( 'NONE', *, *, #1949, .T. ) ;
#4409 = ORIENTED_EDGE ( 'NONE', *, *, #2885, .F. ) ;
#4410 = CARTESIAN_POINT ( 'NONE',  ( 26.41517241638810631, 59.32233047033628992, 23.74999999999996447 ) ) ;
#4411 = ORIENTED_EDGE ( 'NONE', *, *, #4004, .T. ) ;
#4412 = CARTESIAN_POINT ( 'NONE',  ( 21.88703510765398264, 74.82620917822562490, 29.28682750852660632 ) ) ;
#4413 = VECTOR ( 'NONE', #4957, 1000.000000000000000 ) ;
#4414 = ADVANCED_FACE ( 'NONE', ( #6375 ), #3809, .F. ) ;
#4415 = VECTOR ( 'NONE', #8126, 1000.000000000000000 ) ;
#4416 = CARTESIAN_POINT ( 'NONE',  ( 30.60756057181106371, 71.99999999999776890, -3.956439237389593355 ) ) ;
#4417 = CARTESIAN_POINT ( 'NONE',  ( 18.42923936041092858, 97.49999999999968736, 27.14644660940670917 ) ) ;
#4418 = CARTESIAN_POINT ( 'NONE',  ( 24.93580105367154331, 66.08200514870767961, 36.52750615861154415 ) ) ;
#4419 = ORIENTED_EDGE ( 'NONE', *, *, #840, .F. ) ;
#4420 = ORIENTED_EDGE ( 'NONE', *, *, #2323, .T. ) ;
#4421 = DIRECTION ( 'NONE',  ( 0.6950992346222675256, -0.6950992346222697460, -0.1835050627505211696 ) ) ;
#4422 = AXIS2_PLACEMENT_3D ( 'NONE', #2153, #4648, #7178 ) ;
#4423 = FACE_BOUND ( 'NONE', #2519, .T. ) ;
#4424 = TOROIDAL_SURFACE ( 'NONE', #990, 16.95810290493744077, 8.000000000000000000 ) ;
#4425 = CARTESIAN_POINT ( 'NONE',  ( 21.89191358922150599, 75.61643473986578101, 5.470231991923031778 ) ) ;
#4426 = PLANE ( 'NONE',  #4129 ) ;
#4427 = ORIENTED_EDGE ( 'NONE', *, *, #5370, .F. ) ;
#4428 = CIRCLE ( 'NONE', #5208, 0.7500000000000047740 ) ;
#4429 = VECTOR ( 'NONE', #6856, 1000.000000000000000 ) ;
#4430 = CARTESIAN_POINT ( 'NONE',  ( 39.61289129790999652, 66.99999999999710099, 16.13259810636968794 ) ) ;
#4431 = DIRECTION ( 'NONE',  ( 7.317821736197843416E-15, 0.1088693266780944718, 0.9940560697006274316 ) ) ;
#4432 = FACE_OUTER_BOUND ( 'NONE', #1553, .T. ) ;
#4433 = CARTESIAN_POINT ( 'NONE',  ( 14.62317243391165178, 65.76356324434811995, -5.850256971735523948 ) ) ;
#4434 = CARTESIAN_POINT ( 'NONE',  ( 31.05791673180496915, 54.67657071504923039, 20.43781559906203782 ) ) ;
#4435 = CARTESIAN_POINT ( 'NONE',  ( 22.18476902131939710, 74.89091694849089720, 29.86931687685304482 ) ) ;
#4436 = EDGE_CURVE ( 'NONE', #8168, #7199, #3352, .T. ) ;
#4437 = ORIENTED_EDGE ( 'NONE', *, *, #6168, .T. ) ;
#4438 = VECTOR ( 'NONE', #7505, 1000.000000000000000 ) ;
#4439 = EDGE_CURVE ( 'NONE', #402, #4627, #4463, .T. ) ;
#4440 = CARTESIAN_POINT ( 'NONE',  ( 69.07568596982052611, 186.9999999999949409, -20.00000000000001066 ) ) ;
#4441 = CARTESIAN_POINT ( 'NONE',  ( 69.07568596981194275, 69.49999999999495515, -12.50000000000000355 ) ) ;
#4442 = CARTESIAN_POINT ( 'NONE',  ( 21.46542494808230117, 82.65685424949234061, 16.25000000000000711 ) ) ;
#4443 = CARTESIAN_POINT ( 'NONE',  ( 31.73471739472923758, 61.60146444951047329, 19.41863561716415632 ) ) ;
#4444 = CARTESIAN_POINT ( 'NONE',  ( 28.43882125956730178, 68.78608584087386646, 5.933134981237262906 ) ) ;
#4445 = ADVANCED_FACE ( 'NONE', ( #5750 ), #6957, .F. ) ;
#4446 = CIRCLE ( 'NONE', #7752, 0.7500000000000058842 ) ;
#4447 = VERTEX_POINT ( 'NONE', #3186 ) ;
#4448 = ORIENTED_EDGE ( 'NONE', *, *, #2527, .F. ) ;
#4449 = PLANE ( 'NONE',  #3086 ) ;
#4450 = ORIENTED_EDGE ( 'NONE', *, *, #1548, .T. ) ;
#4451 = CARTESIAN_POINT ( 'NONE',  ( -27.06018074477230329, 27.06018074477239921, -5.441167618053146167E-14 ) ) ;
#4452 = DIRECTION ( 'NONE',  ( 7.304689455032545322E-14, 1.000000000000000000, 2.231235581978955265E-30 ) ) ;
#4453 = CARTESIAN_POINT ( 'NONE',  ( 10.69031696653147101, 77.00000000000000000, 32.01135861714060127 ) ) ;
#4454 = CARTESIAN_POINT ( 'NONE',  ( 19.07568596981395714, 96.99999999999964473, 42.49999999999999289 ) ) ;
#4455 = CARTESIAN_POINT ( 'NONE',  ( 19.07568596981395714, 96.99999999999964473, 37.49999999999999289 ) ) ;
#4456 = EDGE_LOOP ( 'NONE', ( #4877, #7920, #2505, #5499 ) ) ;
#4457 = VERTEX_POINT ( 'NONE', #6993 ) ;
#4458 = PLANE ( 'NONE',  #5563 ) ;
#4459 = ORIENTED_EDGE ( 'NONE', *, *, #2019, .F. ) ;
#4460 = CARTESIAN_POINT ( 'NONE',  ( 22.04503214181576354, 75.06594237980490902, 5.227118810839223251 ) ) ;
#4461 = CARTESIAN_POINT ( 'NONE',  ( 18.78279275101037626, 181.9999999999986358, 7.499999999999986677 ) ) ;
#4462 = ORIENTED_EDGE ( 'NONE', *, *, #807, .T. ) ;
#4463 = LINE ( 'NONE', #4430, #1935 ) ;
#4464 = EDGE_CURVE ( 'NONE', #6330, #4867, #3846, .T. ) ;
#4465 = DIRECTION ( 'NONE',  ( -0.000000000000000000, -0.000000000000000000, -1.000000000000000000 ) ) ;
#4466 = AXIS2_PLACEMENT_3D ( 'NONE', #1418, #4063, #3397 ) ;
#4467 = CARTESIAN_POINT ( 'NONE',  ( 15.70168850443390518, 66.17084154608973279, -5.039476665974039093 ) ) ;
#4468 = DIRECTION ( 'NONE',  ( 0.7071067811864925057, -0.7071067811866025288, 4.672894222273208129E-16 ) ) ;
#4469 = CARTESIAN_POINT ( 'NONE',  ( 15.57568596981395892, 96.99999999999988631, 37.49999999999999289 ) ) ;
#4470 = CARTESIAN_POINT ( 'NONE',  ( 25.07568596981255027, 77.78183389698406813, 38.95643923738960979 ) ) ;
#4471 = ADVANCED_FACE ( 'NONE', ( #1332 ), #711, .T. ) ;
#4472 = FACE_OUTER_BOUND ( 'NONE', #663, .T. ) ;
#4473 = VERTEX_POINT ( 'NONE', #7032 ) ;
#4474 = CARTESIAN_POINT ( 'NONE',  ( 21.97129872232280690, 75.20735870337168194, 29.70262199399827452 ) ) ;
#4475 = CARTESIAN_POINT ( 'NONE',  ( 24.50994485156733660, 65.51227549091845503, 35.69745040297875960 ) ) ;
#4476 = CARTESIAN_POINT ( 'NONE',  ( 21.78729951105203710, 75.79668606585009627, 28.99037287990741163 ) ) ;
#4477 = CARTESIAN_POINT ( 'NONE',  ( 27.84162327081178390, 69.23406269899849974, 29.86931687685304126 ) ) ;
#4478 = AXIS2_PLACEMENT_3D ( 'NONE', #6129, #2336, #2373 ) ;
#4479 = CARTESIAN_POINT ( 'NONE',  ( 26.70486926477940059, 55.18742444920077617, 30.42324406134138925 ) ) ;
#4480 = EDGE_CURVE ( 'NONE', #7935, #5278, #3893, .T. ) ;
#4481 = CYLINDRICAL_SURFACE ( 'NONE', #2218, 0.5000000000000004441 ) ;
#4482 = VERTEX_POINT ( 'NONE', #2047 ) ;
#4483 = AXIS2_PLACEMENT_3D ( 'NONE', #3253, #5771, #117 ) ;
#4484 = CARTESIAN_POINT ( 'NONE',  ( 21.47766224013287228, 75.59802372967743622, -3.956439237389593355 ) ) ;
#4485 = ORIENTED_EDGE ( 'NONE', *, *, #2422, .F. ) ;
#4486 = CARTESIAN_POINT ( 'NONE',  ( 21.74368283570266414, 75.28312597765955161, 29.12729915172265294 ) ) ;
#4487 = CARTESIAN_POINT ( 'NONE',  ( 25.06476957395837601, 60.67273331276602732, 3.337255403936913112 ) ) ;
#4488 = EDGE_CURVE ( 'NONE', #252, #5221, #3374, .T. ) ;
#4489 = CARTESIAN_POINT ( 'NONE',  ( 19.07568596981322528, 86.99999999999964473, 42.49999999999998579 ) ) ;
#4490 = DIRECTION ( 'NONE',  ( -1.000000000000000000, 7.216449660063521299E-14, 0.000000000000000000 ) ) ;
#4491 = ORIENTED_EDGE ( 'NONE', *, *, #4141, .F. ) ;
#4492 = ORIENTED_EDGE ( 'NONE', *, *, #3415, .F. ) ;
#4493 = DIRECTION ( 'NONE',  ( 0.000000000000000000, 0.000000000000000000, 1.000000000000000000 ) ) ;
#4494 = ORIENTED_EDGE ( 'NONE', *, *, #2710, .T. ) ;
#4495 = EDGE_CURVE ( 'NONE', #6621, #4273, #4428, .T. ) ;
#4496 = CARTESIAN_POINT ( 'NONE',  ( 22.07568596982025610, 183.2499999999983515, 45.00000000000000711 ) ) ;
#4497 = DIRECTION ( 'NONE',  ( -0.7071067811865500152, 0.000000000000000000, -0.7071067811865451302 ) ) ;
#4498 = DIRECTION ( 'NONE',  ( 0.7071067811865487940, 0.7071067811865464625, 0.000000000000000000 ) ) ;
#4499 = LINE ( 'NONE', #6577, #5885 ) ;
#4500 = CARTESIAN_POINT ( 'NONE',  ( 22.00719894144272004, 75.13178513915887891, 5.260541863930123796 ) ) ;
#4501 = VERTEX_POINT ( 'NONE', #4710 ) ;
#4502 = DIRECTION ( 'NONE',  ( -0.000000000000000000, -0.000000000000000000, -1.000000000000000000 ) ) ;
#4503 = ORIENTED_EDGE ( 'NONE', *, *, #4439, .T. ) ;
#4504 = CARTESIAN_POINT ( 'NONE',  ( 33.01268635608191460, 66.99999999999756994, 24.41542996062015192 ) ) ;
#4505 = AXIS2_PLACEMENT_3D ( 'NONE', #3180, #2528, #5147 ) ;
#4506 = DIRECTION ( 'NONE',  ( -0.7071067811865489050, -0.7071067811865462405, -6.938893903907239224E-16 ) ) ;
#4507 = CARTESIAN_POINT ( 'NONE',  ( 29.06682284583765608, 61.97398089978582192, 23.74999999999996447 ) ) ;
#4508 = CARTESIAN_POINT ( 'NONE',  ( 28.71414456177471664, 68.95480630379742593, 5.520752763848397748 ) ) ;
#4509 = CARTESIAN_POINT ( 'NONE',  ( 69.07568596982032716, 184.4999999999949409, -2.500000000000014655 ) ) ;
#4510 = ADVANCED_FACE ( 'NONE', ( #5239 ), #4097, .T. ) ;
#4511 = DIRECTION ( 'NONE',  ( -1.000000000000000000, 0.000000000000000000, 3.700743415417188139E-16 ) ) ;
#4512 = FACE_OUTER_BOUND ( 'NONE', #1934, .T. ) ;
#4513 = AXIS2_PLACEMENT_3D ( 'NONE', #5367, #7285, #7813 ) ;
#4514 = ORIENTED_EDGE ( 'NONE', *, *, #4347, .F. ) ;
#4515 = EDGE_LOOP ( 'NONE', ( #545, #5698, #5545 ) ) ;
#4516 = CARTESIAN_POINT ( 'NONE',  ( 24.73286144296895728, 66.87820198881192368, 39.16482444161511012 ) ) ;
#4517 = CARTESIAN_POINT ( 'NONE',  ( 21.89607112677363077, 74.83030658747564701, 29.28708560423351770 ) ) ;
#4518 = AXIS2_PLACEMENT_3D ( 'NONE', #8013, #7319, #1572 ) ;
#4519 = VECTOR ( 'NONE', #2141, 1000.000000000000000 ) ;
#4520 = EDGE_CURVE ( 'NONE', #7046, #5801, #6585, .T. ) ;
#4521 = LINE ( 'NONE', #764, #3375 ) ;
#4522 = DIRECTION ( 'NONE',  ( -1.000000000000000000, 7.304689455032547847E-14, 0.000000000000000000 ) ) ;
#4523 = CARTESIAN_POINT ( 'NONE',  ( 69.07568596981175801, 66.99999999999495515, 47.49999999999999289 ) ) ;
#4524 = AXIS2_PLACEMENT_3D ( 'NONE', #7367, #1125, #4917 ) ;
#4525 = CIRCLE ( 'NONE', #6647, 0.7499999999999972244 ) ;
#4526 = VERTEX_POINT ( 'NONE', #950 ) ;
#4527 = DIRECTION ( 'NONE',  ( -1.000000000000000000, 7.304689455032545322E-14, 0.000000000000000000 ) ) ;
#4528 = ORIENTED_EDGE ( 'NONE', *, *, #3189, .T. ) ;
#4529 = CARTESIAN_POINT ( 'NONE',  ( 31.07851595477194806, 59.87969142827486735, 15.20714159845932834 ) ) ;
#4530 = DIRECTION ( 'NONE',  ( 0.7071067811865440200, -0.7071067811865510144, 4.625929269271464023E-15 ) ) ;
#4531 = AXIS2_PLACEMENT_3D ( 'NONE', #5803, #5295, #1554 ) ;
#4532 = AXIS2_PLACEMENT_3D ( 'NONE', #8155, #5046, #7531 ) ;
#4533 = DIRECTION ( 'NONE',  ( -0.7071067811865486830, -0.7071067811865464625, 0.000000000000000000 ) ) ;
#4534 = LINE ( 'NONE', #695, #4393 ) ;
#4535 = EDGE_CURVE ( 'NONE', #5021, #4867, #3726, .T. ) ;
#4536 = ORIENTED_EDGE ( 'NONE', *, *, #2438, .F. ) ;
#4537 =( BOUNDED_SURFACE ( )  B_SPLINE_SURFACE ( 3, 2, ( 
 ( #7996, #3620, #447 ),
 ( #8037, #6605, #7947 ),
 ( #4198, #931, #6644 ),
 ( #3578, #4856, #7343 ) ),
 .UNSPECIFIED., .F., .F., .T. ) 
 B_SPLINE_SURFACE_WITH_KNOTS ( ( 4, 4 ),
 ( 3, 3 ),
 ( 0.01377291107233561893, 0.01444958505354612156 ),
 ( 0.6927508311151724385, 0.7230450062720723547 ),
 .UNSPECIFIED. ) 
 GEOMETRIC_REPRESENTATION_ITEM ( )  RATIONAL_B_SPLINE_SURFACE ( (
 ( 0.8765811940207106634, 0.8799670537317624275, 0.8838850607054218322),
 ( 0.8764736692558792175, 0.8798624787910382938, 0.8837838992054217746),
 ( 0.8763641821781742447, 0.8797559953713443015, 0.8836808915212979176),
 ( 0.8762527307389429421, 0.8796476014802300236, 0.8835760357256357000) ) ) 
 REPRESENTATION_ITEM ( '' )  SURFACE ( )  );
#4538 = VERTEX_POINT ( 'NONE', #2865 ) ;
#4539 = DIRECTION ( 'NONE',  ( 1.000000000000000000, 0.000000000000000000, -0.000000000000000000 ) ) ;
#4540 = ORIENTED_EDGE ( 'NONE', *, *, #3950, .T. ) ;
#4541 = EDGE_CURVE ( 'NONE', #1243, #4994, #7765, .T. ) ;
#4542 = VECTOR ( 'NONE', #1759, 1000.000000000000000 ) ;
#4543 = CARTESIAN_POINT ( 'NONE',  ( 27.98693435710277200, 69.11386918521169775, 29.78845211335853094 ) ) ;
#4544 = CARTESIAN_POINT ( 'NONE',  ( 0.000000000000000000, 0.000000000000000000, 0.000000000000000000 ) ) ;
#4545 = DIRECTION ( 'NONE',  ( -0.000000000000000000, -0.000000000000000000, -1.000000000000000000 ) ) ;
#4546 = CARTESIAN_POINT ( 'NONE',  ( 22.06009877548589415, 75.04289677239204082, 5.215060176610236908 ) ) ;
#4547 = ORIENTED_EDGE ( 'NONE', *, *, #840, .T. ) ;
#4548 = CIRCLE ( 'NONE', #2719, 0.7500000000000034417 ) ;
#4549 = CARTESIAN_POINT ( 'NONE',  ( 12.98014357384371742, 74.17157287525380127, 11.25000000000001066 ) ) ;
#4550 = EDGE_CURVE ( 'NONE', #2283, #3799, #6036, .T. ) ;
#4551 = ORIENTED_EDGE ( 'NONE', *, *, #4367, .T. ) ;
#4552 = LINE ( 'NONE', #637, #7547 ) ;
#4553 = SPHERICAL_SURFACE ( 'NONE', #6395, 0.7500000000000000000 ) ;
#4554 = VECTOR ( 'NONE', #5922, 1000.000000000000000 ) ;
#4555 = LINE ( 'NONE', #226, #4996 ) ;
#4556 = CARTESIAN_POINT ( 'NONE',  ( 28.88981632416694723, 69.00054840597839245, 5.571344423364778642 ) ) ;
#4557 = AXIS2_PLACEMENT_3D ( 'NONE', #2240, #5420, #4862 ) ;
#4558 = PLANE ( 'NONE',  #6925 ) ;
#4559 = CARTESIAN_POINT ( 'NONE',  ( 31.01358775626852093, 54.72391513045585754, 21.54049907158203681 ) ) ;
#4560 = ORIENTED_EDGE ( 'NONE', *, *, #6714, .F. ) ;
#4561 = VERTEX_POINT ( 'NONE', #1577 ) ;
#4562 = DIRECTION ( 'NONE',  ( -0.7071067811865464625, 0.7071067811865485719, 0.000000000000000000 ) ) ;
#4563 = CARTESIAN_POINT ( 'NONE',  ( 21.86933510674387193, 63.86816777998484440, 34.98114589768537996 ) ) ;
#4564 = DIRECTION ( 'NONE',  ( -7.285838599102583486E-14, -1.000000000000000000, 0.000000000000000000 ) ) ;
#4565 = CARTESIAN_POINT ( 'NONE',  ( 19.07568596981397135, 97.20710678118737746, 8.499999999996319389 ) ) ;
#4566 = DIRECTION ( 'NONE',  ( -0.7071067811865486830, -0.7071067811865463515, -1.734723475976797036E-15 ) ) ;
#4567 = AXIS2_PLACEMENT_3D ( 'NONE', #4842, #481, #4146 ) ;
#4568 = EDGE_CURVE ( 'NONE', #7272, #7130, #7154, .T. ) ;
#4569 = ORIENTED_EDGE ( 'NONE', *, *, #4927, .F. ) ;
#4570 = ADVANCED_FACE ( 'NONE', ( #4749 ), #5361, .F. ) ;
#4571 = CARTESIAN_POINT ( 'NONE',  ( 27.52871346693575916, 69.13872421241066490, 29.39357392005095093 ) ) ;
#4572 = ORIENTED_EDGE ( 'NONE', *, *, #2393, .F. ) ;
#4573 = CARTESIAN_POINT ( 'NONE',  ( 26.56927138306544123, 58.22226745524827152, 4.825989941291472185 ) ) ;
#4574 = CARTESIAN_POINT ( 'NONE',  ( 18.63636859684982028, 67.10113428987457951, -2.385183493059219284 ) ) ;
#4575 = DIRECTION ( 'NONE',  ( -9.280770596476716282E-15, -1.075528555105550032E-14, -1.000000000000000000 ) ) ;
#4576 = DIRECTION ( 'NONE',  ( 1.000000000000000000, -7.304689455032547847E-14, -4.625929269271485914E-16 ) ) ;
#4577 = LINE ( 'NONE', #5692, #3476 ) ;
#4578 = ADVANCED_FACE ( 'NONE', ( #6710 ), #7804, .F. ) ;
#4579 = VERTEX_POINT ( 'NONE', #4628 ) ;
#4580 = VERTEX_POINT ( 'NONE', #3431 ) ;
#4581 = ORIENTED_EDGE ( 'NONE', *, *, #2604, .T. ) ;
#4582 = EDGE_CURVE ( 'NONE', #4670, #1424, #3788, .T. ) ;
#4583 = CARTESIAN_POINT ( 'NONE',  ( 31.05582687973559430, 54.68444579686210005, 14.07271589383483068 ) ) ;
#4584 = DIRECTION ( 'NONE',  ( 1.000000000000000000, -7.304689455032545322E-14, -0.000000000000000000 ) ) ;
#4585 = DIRECTION ( 'NONE',  ( 0.000000000000000000, 0.000000000000000000, 1.000000000000000000 ) ) ;
#4586 = CARTESIAN_POINT ( 'NONE',  ( 22.11438928999543663, 74.96906677264786367, 5.175266535790399303 ) ) ;
#4587 = ORIENTED_EDGE ( 'NONE', *, *, #468, .T. ) ;
#4588 = EDGE_LOOP ( 'NONE', ( #313, #3512, #932 ) ) ;
#4589 = VERTEX_POINT ( 'NONE', #2941 ) ;
#4590 = CARTESIAN_POINT ( 'NONE',  ( 28.31630821656857222, 68.78535171393443193, 5.898104074537003250 ) ) ;
#4591 = AXIS2_PLACEMENT_3D ( 'NONE', #6257, #5628, #1606 ) ;
#4592 = CARTESIAN_POINT ( 'NONE',  ( 22.18476902131942197, 74.89091694849088299, -3.956439237389593355 ) ) ;
#4593 = ADVANCED_FACE ( 'NONE', ( #7365 ), #6839, .F. ) ;
#4594 = CARTESIAN_POINT ( 'NONE',  ( 34.19334700944013861, 67.10050506338828313, 18.74999999999996803 ) ) ;
#4595 = DIRECTION ( 'NONE',  ( -0.7071067811865520136, -0.7071067811865429098, 0.000000000000000000 ) ) ;
#4596 = CYLINDRICAL_SURFACE ( 'NONE', #6012, 0.7500000000000022204 ) ;
#4597 = LINE ( 'NONE', #796, #4519 ) ;
#4598 = ORIENTED_EDGE ( 'NONE', *, *, #7614, .F. ) ;
#4599 = DIRECTION ( 'NONE',  ( 0.7071067811865440200, -0.7071067811865510144, -6.938893903907196823E-15 ) ) ;
#4600 = ORIENTED_EDGE ( 'NONE', *, *, #3067, .T. ) ;
#4601 = ORIENTED_EDGE ( 'NONE', *, *, #612, .T. ) ;
#4602 = AXIS2_PLACEMENT_3D ( 'NONE', #7018, #7628, #2029 ) ;
#4603 = AXIS2_PLACEMENT_3D ( 'NONE', #1793, #3224, #598 ) ;
#4604 = ORIENTED_EDGE ( 'NONE', *, *, #5118, .T. ) ;
#4605 = CARTESIAN_POINT ( 'NONE',  ( 32.02177413418404939, 71.99999999999768363, 37.95643923738961689 ) ) ;
#4606 = CARTESIAN_POINT ( 'NONE',  ( 30.92005987380607479, 61.66461721381076444, 10.91949450747587136 ) ) ;
#4607 = CARTESIAN_POINT ( 'NONE',  ( 21.95125472829929336, 75.93911000184610316, 29.42865557663530041 ) ) ;
#4608 = EDGE_CURVE ( 'NONE', #528, #6781, #5579, .T. ) ;
#4609 = DIRECTION ( 'NONE',  ( 0.7071067811865499042, 0.7071067811865451302, 0.000000000000000000 ) ) ;
#4610 = DIRECTION ( 'NONE',  ( 0.7071067811865427988, -0.7071067811865521247, 0.000000000000000000 ) ) ;
#4611 = ORIENTED_EDGE ( 'NONE', *, *, #111, .F. ) ;
#4612 = CARTESIAN_POINT ( 'NONE',  ( 27.90578675657933516, 68.88397693987182890, 29.23972920993439928 ) ) ;
#4613 = ORIENTED_EDGE ( 'NONE', *, *, #7577, .T. ) ;
#4614 = CARTESIAN_POINT ( 'NONE',  ( 69.07568596982051190, 186.9999999999949409, -2.500000000000014655 ) ) ;
#4615 = DIRECTION ( 'NONE',  ( -0.7071067811865486830, -0.7071067811865464625, -2.795283079028281307E-15 ) ) ;
#4616 = CIRCLE ( 'NONE', #7646, 0.7500000000000006661 ) ;
#4617 = CARTESIAN_POINT ( 'NONE',  ( 8.707320451717290410, 76.42848372909851662, 31.06252332176216058 ) ) ;
#4618 = EDGE_CURVE ( 'NONE', #7540, #7588, #11, .T. ) ;
#4619 = VECTOR ( 'NONE', #2321, 1000.000000000000000 ) ;
#4620 = DIRECTION ( 'NONE',  ( -0.7071067811865475727, 0.7071067811865475727, 0.000000000000000000 ) ) ;
#4621 = EDGE_LOOP ( 'NONE', ( #3652, #3540, #2679, #6671, #2265 ) ) ;
#4622 = ORIENTED_EDGE ( 'NONE', *, *, #3360, .T. ) ;
#4623 = ORIENTED_EDGE ( 'NONE', *, *, #717, .F. ) ;
#4624 = EDGE_CURVE ( 'NONE', #7923, #124, #6555, .T. ) ;
#4625 = DIRECTION ( 'NONE',  ( -7.320533068622127201E-14, -1.000000000000000000, 1.269910057080334201E-29 ) ) ;
#4626 = SPHERICAL_SURFACE ( 'NONE', #452, 0.5000000000000000000 ) ;
#4627 = VERTEX_POINT ( 'NONE', #6176 ) ;
#4628 = CARTESIAN_POINT ( 'NONE',  ( 24.50825003059700080, 66.94500509455677673, -4.771762408150717505 ) ) ;
#4629 = VERTEX_POINT ( 'NONE', #8025 ) ;
#4630 = CARTESIAN_POINT ( 'NONE',  ( 32.07202666588049311, 64.97918471982865185, 21.24999999999996447 ) ) ;
#4631 = CARTESIAN_POINT ( 'NONE',  ( -36.17369213578414389, 184.5000000000026716, 41.25000000000002842 ) ) ;
#4632 = CARTESIAN_POINT ( 'NONE',  ( 29.06579403539575779, 69.04401990120938137, 38.22520033945429674 ) ) ;
#4633 = CARTESIAN_POINT ( 'NONE',  ( 29.20650907007905062, 69.18720530978541206, 5.623395100383103085 ) ) ;
#4634 = CARTESIAN_POINT ( 'NONE',  ( 16.06180778116033636, 184.4999999999988347, -10.00000000000000711 ) ) ;
#4635 = FACE_OUTER_BOUND ( 'NONE', #1005, .T. ) ;
#4636 = EDGE_LOOP ( 'NONE', ( #5639, #4587, #2879, #6340 ) ) ;
#4637 = CARTESIAN_POINT ( 'NONE',  ( 22.07568596982034492, 184.4999999999983800, -10.00000000000000178 ) ) ;
#4638 = CARTESIAN_POINT ( 'NONE',  ( 23.03240289808310948, 64.43812697422035285, -0.04583087437805774544 ) ) ;
#4639 = EDGE_LOOP ( 'NONE', ( #3178, #1321, #2776, #1867, #2460, #972, #3293, #1314, #4313, #6435, #7684, #7344, #4831, #964, #6235, #188, #1483, #5146, #4408, #7472, #8148, #941, #4232, #3866, #3925, #155, #4569, #4572 ) ) ;
#4640 = EDGE_CURVE ( 'NONE', #5990, #2972, #4446, .T. ) ;
#4641 = EDGE_LOOP ( 'NONE', ( #439, #7849, #5648, #6730 ) ) ;
#4642 = VERTEX_POINT ( 'NONE', #8062 ) ;
#4643 = LINE ( 'NONE', #2148, #3742 ) ;
#4644 = CARTESIAN_POINT ( 'NONE',  ( 30.79821399068545063, 66.99999999999771205, 8.426666194037109037 ) ) ;
#4645 = CARTESIAN_POINT ( 'NONE',  ( 21.85363300855022217, 75.97566789244918084, 28.95592544219453401 ) ) ;
#4646 = AXIS2_PLACEMENT_3D ( 'NONE', #5070, #4493, #4539 ) ;
#4647 = FACE_OUTER_BOUND ( 'NONE', #5553, .T. ) ;
#4648 = DIRECTION ( 'NONE',  ( 0.000000000000000000, 1.000000000000000000, 0.000000000000000000 ) ) ;
#4649 = ORIENTED_EDGE ( 'NONE', *, *, #7326, .T. ) ;
#4650 = CIRCLE ( 'NONE', #4918, 0.7499999999999924505 ) ;
#4651 = CARTESIAN_POINT ( 'NONE',  ( 28.86664824833556509, 68.87746860949216909, 28.96647395547519110 ) ) ;
#4652 = ORIENTED_EDGE ( 'NONE', *, *, #5520, .F. ) ;
#4653 = CARTESIAN_POINT ( 'NONE',  ( 30.80004611651420632, 55.71890650518635368, 8.673127376893525309 ) ) ;
#4654 = CARTESIAN_POINT ( 'NONE',  ( 20.05909487323742013, 65.67840801348700097, -1.633174070607209316 ) ) ;
#4655 = FACE_OUTER_BOUND ( 'NONE', #421, .T. ) ;
#4656 = CARTESIAN_POINT ( 'NONE',  ( 37.27602225889576459, 71.99999999999729994, 26.71291402797249503 ) ) ;
#4657 = AXIS2_PLACEMENT_3D ( 'NONE', #5242, #7806, #223 ) ;
#4658 = VECTOR ( 'NONE', #6583, 1000.000000000000000 ) ;
#4659 = LINE ( 'NONE', #7795, #6250 ) ;
#4660 = ORIENTED_EDGE ( 'NONE', *, *, #3880, .F. ) ;
#4661 = ORIENTED_EDGE ( 'NONE', *, *, #7702, .F. ) ;
#4662 = EDGE_CURVE ( 'NONE', #7962, #3376, #7448, .T. ) ;
#4663 = AXIS2_PLACEMENT_3D ( 'NONE', #3324, #7255, #148 ) ;
#4664 = VECTOR ( 'NONE', #7495, 1000.000000000000000 ) ;
#4665 = DIRECTION ( 'NONE',  ( 0.000000000000000000, 0.000000000000000000, -1.000000000000000000 ) ) ;
#4666 = CARTESIAN_POINT ( 'NONE',  ( 34.34739490187099875, 66.99999999999748468, 33.43454031337764576 ) ) ;
#4667 = DIRECTION ( 'NONE',  ( -0.000000000000000000, -0.000000000000000000, -1.000000000000000000 ) ) ;
#4668 = AXIS2_PLACEMENT_3D ( 'NONE', #6917, #5752, #6846 ) ;
#4669 = DIRECTION ( 'NONE',  ( 0.7071067811865451302, 0.7071067811865497932, 0.000000000000000000 ) ) ;
#4670 = VERTEX_POINT ( 'NONE', #8103 ) ;
#4671 = CARTESIAN_POINT ( 'NONE',  ( 27.52871346693576982, 69.13872421241065069, 5.606426079949070385 ) ) ;
#4672 = EDGE_CURVE ( 'NONE', #4473, #6160, #3436, .T. ) ;
#4673 = EDGE_CURVE ( 'NONE', #2815, #7779, #5647, .T. ) ;
#4674 = EDGE_CURVE ( 'NONE', #2858, #883, #4090, .T. ) ;
#4675 = DIRECTION ( 'NONE',  ( 0.7071067811865499042, -0.7071067811865451302, 0.000000000000000000 ) ) ;
#4676 = DIRECTION ( 'NONE',  ( 0.7071067811865440200, -0.7071067811865510144, 4.625929269271464023E-15 ) ) ;
#4677 = DIRECTION ( 'NONE',  ( -0.7071067811865462405, 0.7071067811865489050, 1.635512977795595925E-15 ) ) ;
#4678 = LINE ( 'NONE', #7811, #4554 ) ;
#4679 = CARTESIAN_POINT ( 'NONE',  ( 31.40591713706024990, 60.84901009701800945, 19.58796100917330918 ) ) ;
#4680 = VECTOR ( 'NONE', #3199, 1000.000000000000114 ) ;
#4681 = PLANE ( 'NONE',  #3332 ) ;
#4682 = ORIENTED_EDGE ( 'NONE', *, *, #2414, .F. ) ;
#4683 = LINE ( 'NONE', #1628, #2448 ) ;
#4684 = CARTESIAN_POINT ( 'NONE',  ( 59.07568596981194986, 69.49999999999567990, -16.46446609406728356 ) ) ;
#4685 = EDGE_CURVE ( 'NONE', #5221, #8031, #1030, .T. ) ;
#4686 = VERTEX_POINT ( 'NONE', #3462 ) ;
#4687 = VERTEX_POINT ( 'NONE', #2207 ) ;
#4688 = ORIENTED_EDGE ( 'NONE', *, *, #3775, .F. ) ;
#4689 = CARTESIAN_POINT ( 'NONE',  ( 21.86933510674123227, 63.86816777998316752, 0.01885410231556725047 ) ) ;
#4690 = CARTESIAN_POINT ( 'NONE',  ( 35.51114347252875092, 66.99999999999739941, 13.17924829542715237 ) ) ;
#4691 = CARTESIAN_POINT ( 'NONE',  ( 21.90675723629734861, 75.42313545037018230, 29.60577747446572872 ) ) ;
#4692 = EDGE_CURVE ( 'NONE', #3170, #5429, #130, .T. ) ;
#4693 = CARTESIAN_POINT ( 'NONE',  ( 18.78279275100400270, 94.76393202249988690, 27.49999999999998579 ) ) ;
#4694 = VECTOR ( 'NONE', #1842, 1000.000000000000000 ) ;
#4695 = ORIENTED_EDGE ( 'NONE', *, *, #3922, .F. ) ;
#4696 = CARTESIAN_POINT ( 'NONE',  ( 28.80664284424017296, 68.85529455075987926, 28.97804878222322955 ) ) ;
#4697 = ORIENTED_EDGE ( 'NONE', *, *, #7794, .F. ) ;
#4698 = CARTESIAN_POINT ( 'NONE',  ( 29.04031603243449311, 56.69718685428988181, 7.912912557256998269 ) ) ;
#4699 = LINE ( 'NONE', #2768, #2455 ) ;
#4700 = FACE_OUTER_BOUND ( 'NONE', #7533, .T. ) ;
#4701 = EDGE_CURVE ( 'NONE', #2480, #1445, #4499, .T. ) ;
#4702 = CARTESIAN_POINT ( 'NONE',  ( 32.14235642071216859, 71.99999999999766942, 28.91884777160715814 ) ) ;
#4703 = PRODUCT_DEFINITION_FORMATION_WITH_SPECIFIED_SOURCE ( 'ANY', '', #4060, .NOT_KNOWN. ) ;
#4704 = ORIENTED_EDGE ( 'NONE', *, *, #7477, .F. ) ;
#4705 = ORIENTED_EDGE ( 'NONE', *, *, #7376, .F. ) ;
#4706 = EDGE_CURVE ( 'NONE', #3444, #7062, #2335, .T. ) ;
#4707 = CARTESIAN_POINT ( 'NONE',  ( 19.07568596981745301, 94.76393202249987269, 8.499999999999982236 ) ) ;
#4708 = CARTESIAN_POINT ( 'NONE',  ( 29.96264226082656279, 66.99999999999781153, 37.78239982770700323 ) ) ;
#4709 = VERTEX_POINT ( 'NONE', #5352 ) ;
#4710 = CARTESIAN_POINT ( 'NONE',  ( 69.07568596981998610, 179.4999999999949125, 32.49999999999999289 ) ) ;
#4711 = ORIENTED_EDGE ( 'NONE', *, *, #4568, .F. ) ;
#4712 = CARTESIAN_POINT ( 'NONE',  ( 19.34410460452265923, 73.46446609406724804, 6.000000000000007105 ) ) ;
#4713 = CARTESIAN_POINT ( 'NONE',  ( 12.27303679265714997, 73.46446609406726225, 15.50000000000001066 ) ) ;
#4714 = FACE_OUTER_BOUND ( 'NONE', #490, .T. ) ;
#4715 = CARTESIAN_POINT ( 'NONE',  ( 12.27303679265714997, 73.46446609406726225, 17.00000000000000711 ) ) ;
#4716 = FACE_OUTER_BOUND ( 'NONE', #261, .T. ) ;
#4717 = EDGE_LOOP ( 'NONE', ( #543, #1702, #2076 ) ) ;
#4718 = EDGE_CURVE ( 'NONE', #2033, #6946, #1528, .T. ) ;
#4719 = CARTESIAN_POINT ( 'NONE',  ( 27.65260928346456737, 60.55976733741274387, 23.74999999999996447 ) ) ;
#4720 = CARTESIAN_POINT ( 'NONE',  ( 26.41517241638810987, 59.32233047033628992, 10.00000000000000888 ) ) ;
#4721 = ORIENTED_EDGE ( 'NONE', *, *, #6968, .F. ) ;
#4722 = EDGE_LOOP ( 'NONE', ( #2244, #6625, #1618 ) ) ;
#4723 = VERTEX_POINT ( 'NONE', #5945 ) ;
#4724 = CARTESIAN_POINT ( 'NONE',  ( 34.19334700944013861, 67.10050506338828313, 16.25000000000000711 ) ) ;
#4725 = CARTESIAN_POINT ( 'NONE',  ( 33.70942754406512876, 66.99999999999755573, 11.28506933572958282 ) ) ;
#4726 = CARTESIAN_POINT ( 'NONE',  ( 15.80857069858991970, 69.92893218813452449, 29.00000000000000711 ) ) ;
#4727 = EDGE_CURVE ( 'NONE', #7466, #133, #2616, .T. ) ;
#4728 = LINE ( 'NONE', #4238, #461 ) ;
#4729 = ORIENTED_EDGE ( 'NONE', *, *, #2269, .F. ) ;
#4730 = DIRECTION ( 'NONE',  ( -0.7071067811865486830, -0.7071067811865464625, -0.000000000000000000 ) ) ;
#4731 = CARTESIAN_POINT ( 'NONE',  ( 29.31612797644894997, 69.17377155573443304, 28.91884777160715103 ) ) ;
#4732 = VERTEX_POINT ( 'NONE', #5312 ) ;
#4733 = CARTESIAN_POINT ( 'NONE',  ( 30.72800841762324353, 57.22399377406668464, 14.73158715947146646 ) ) ;
#4734 = CARTESIAN_POINT ( 'NONE',  ( 1.366954025050846816E-11, 187.0000000000000000, 0.000000000000000000 ) ) ;
#4735 = VECTOR ( 'NONE', #7636, 1000.000000000000000 ) ;
#4736 = ADVANCED_FACE ( 'NONE', ( #6066 ), #5425, .F. ) ;
#4737 = CARTESIAN_POINT ( 'NONE',  ( 18.07568596982382658, 181.9999999999986642, 27.49999999999998224 ) ) ;
#4738 = DIRECTION ( 'NONE',  ( 0.000000000000000000, 0.000000000000000000, 1.000000000000000000 ) ) ;
#4739 = ORIENTED_EDGE ( 'NONE', *, *, #1565, .F. ) ;
#4740 = ORIENTED_EDGE ( 'NONE', *, *, #1776, .F. ) ;
#4741 = VECTOR ( 'NONE', #331, 1000.000000000000000 ) ;
#4742 = EDGE_CURVE ( 'NONE', #3712, #7378, #5475, .T. ) ;
#4743 = ORIENTED_EDGE ( 'NONE', *, *, #3262, .F. ) ;
#4744 = CARTESIAN_POINT ( 'NONE',  ( 28.70918889876120872, 68.95400463401151114, 29.48084320203202680 ) ) ;
#4745 = DIRECTION ( 'NONE',  ( -1.000000000000000000, 0.000000000000000000, 0.000000000000000000 ) ) ;
#4746 = CIRCLE ( 'NONE', #2511, 0.5000000000000004441 ) ;
#4747 = CARTESIAN_POINT ( 'NONE',  ( 27.12227919757465244, 60.02943725152283605, 24.49999999999996447 ) ) ;
#4748 = EDGE_LOOP ( 'NONE', ( #5924, #7386, #3755, #1287 ) ) ;
#4749 = FACE_OUTER_BOUND ( 'NONE', #1519, .T. ) ;
#4750 = VERTEX_POINT ( 'NONE', #4171 ) ;
#4751 = ADVANCED_FACE ( 'NONE', ( #1022 ), #1041, .T. ) ;
#4752 = AXIS2_PLACEMENT_3D ( 'NONE', #6363, #81, #7669 ) ;
#4753 = DIRECTION ( 'NONE',  ( 1.000000000000000000, -7.304689455032545322E-14, -0.000000000000000000 ) ) ;
#4754 = PLANE ( 'NONE',  #7222 ) ;
#4755 = DIRECTION ( 'NONE',  ( 0.7071067811865486830, 0.7071067811865464625, -0.000000000000000000 ) ) ;
#4756 = ORIENTED_EDGE ( 'NONE', *, *, #152, .F. ) ;
#4757 = FACE_OUTER_BOUND ( 'NONE', #4331, .T. ) ;
#4758 = CARTESIAN_POINT ( 'NONE',  ( 12.27303679265717307, 73.46446609406726225, 11.25000000000001066 ) ) ;
#4759 = ORIENTED_EDGE ( 'NONE', *, *, #556, .F. ) ;
#4760 = ORIENTED_EDGE ( 'NONE', *, *, #4268, .F. ) ;
#4761 = ORIENTED_EDGE ( 'NONE', *, *, #4935, .F. ) ;
#4762 = CYLINDRICAL_SURFACE ( 'NONE', #6918, 0.7500000000000022204 ) ;
#4763 = CARTESIAN_POINT ( 'NONE',  ( 15.57568596981395892, 96.99999999999988631, -7.500000000000012434 ) ) ;
#4764 = CARTESIAN_POINT ( 'NONE',  ( 21.90551262611829131, 75.76343823945384770, 29.47924723615164666 ) ) ;
#4765 = EDGE_CURVE ( 'NONE', #6100, #5332, #7979, .T. ) ;
#4766 = DIRECTION ( 'NONE',  ( 0.7071067811865427988, -0.7071067811865521247, 0.000000000000000000 ) ) ;
#4767 = ORIENTED_EDGE ( 'NONE', *, *, #4342, .T. ) ;
#4768 = CARTESIAN_POINT ( 'NONE',  ( 14.07568596981248810, 76.91750244997859909, 38.67761667245599000 ) ) ;
#4769 = CARTESIAN_POINT ( 'NONE',  ( 28.55090448816619286, 68.94103972245937939, 29.53575695852929428 ) ) ;
#4770 = ORIENTED_EDGE ( 'NONE', *, *, #1870, .F. ) ;
#4771 = CARTESIAN_POINT ( 'NONE',  ( 31.07088940836495894, 54.62783267717499314, 14.38073451053233320 ) ) ;
#4772 = LINE ( 'NONE', #3584, #3242 ) ;
#4773 = AXIS2_PLACEMENT_3D ( 'NONE', #6008, #4071, #6557 ) ;
#4774 = CARTESIAN_POINT ( 'NONE',  ( 97.44212833420664310, 158.6335576356164552, 10.00000000000000711 ) ) ;
#4775 = FACE_OUTER_BOUND ( 'NONE', #6029, .T. ) ;
#4776 = CARTESIAN_POINT ( 'NONE',  ( 31.05684214402833732, 54.68066074269601984, 14.64891852448702636 ) ) ;
#4777 = AXIS2_PLACEMENT_3D ( 'NONE', #1968, #7650, #4511 ) ;
#4778 = ORIENTED_EDGE ( 'NONE', *, *, #5975, .T. ) ;
#4779 = ORIENTED_EDGE ( 'NONE', *, *, #1736, .F. ) ;
#4780 = ORIENTED_EDGE ( 'NONE', *, *, #6916, .F. ) ;
#4781 = FACE_OUTER_BOUND ( 'NONE', #4857, .T. ) ;
#4782 = AXIS2_PLACEMENT_3D ( 'NONE', #4630, #995, #5999 ) ;
#4783 = CIRCLE ( 'NONE', #1231, 0.7500000000000022204 ) ;
#4784 = CIRCLE ( 'NONE', #2300, 0.7500000000000006661 ) ;
#4785 = FACE_OUTER_BOUND ( 'NONE', #7070, .T. ) ;
#4786 = EDGE_CURVE ( 'NONE', #7393, #4301, #210, .T. ) ;
#4787 = CARTESIAN_POINT ( 'NONE',  ( 21.46542494808229762, 82.65685424949234061, 18.74999999999996803 ) ) ;
#4788 = CARTESIAN_POINT ( 'NONE',  ( 18.46022112803945703, 79.65165042944951779, 21.24999999999996447 ) ) ;
#4789 = DIRECTION ( 'NONE',  ( 0.7071067811865451302, 0.7071067811865497932, 0.000000000000000000 ) ) ;
#4790 = ORIENTED_EDGE ( 'NONE', *, *, #761, .F. ) ;
#4791 = AXIS2_PLACEMENT_3D ( 'NONE', #733, #5098, #6444 ) ;
#4792 = CARTESIAN_POINT ( 'NONE',  ( 9.321662561411390158, 76.61437365877235095, 31.32792234008895704 ) ) ;
#4793 = CARTESIAN_POINT ( 'NONE',  ( 25.07568596981261067, 78.61026102173023844, -3.956439237389593355 ) ) ;
#4794 = CARTESIAN_POINT ( 'NONE',  ( 15.57568596981414188, 99.49999999999990052, 39.99999999999999289 ) ) ;
#4795 = AXIS2_PLACEMENT_3D ( 'NONE', #4970, #1334, #3234 ) ;
#4796 = CARTESIAN_POINT ( 'NONE',  ( 26.41517241638810987, 59.32233047033628992, 25.00000000000000711 ) ) ;
#4797 = VECTOR ( 'NONE', #6923, 1000.000000000000000 ) ;
#4798 = EDGE_CURVE ( 'NONE', #6525, #1687, #2070, .T. ) ;
#4799 = DIRECTION ( 'NONE',  ( 0.7071067811865489050, 0.000000000000000000, -0.7071067811865462405 ) ) ;
#4800 = ORIENTED_EDGE ( 'NONE', *, *, #2540, .T. ) ;
#4801 = LINE ( 'NONE', #1549, #4936 ) ;
#4802 = CARTESIAN_POINT ( 'NONE',  ( 24.07350665637530440, 66.99999999999819522, 31.78778764823296754 ) ) ;
#4803 = ORIENTED_EDGE ( 'NONE', *, *, #4980, .F. ) ;
#4804 = VERTEX_POINT ( 'NONE', #2909 ) ;
#4805 = VERTEX_POINT ( 'NONE', #4796 ) ;
#4806 = VECTOR ( 'NONE', #3737, 1000.000000000000000 ) ;
#4807 = CARTESIAN_POINT ( 'NONE',  ( 16.57568596981414188, 99.49999999999982947, 39.99999999999999289 ) ) ;
#4808 = CARTESIAN_POINT ( 'NONE',  ( 24.50825003059690488, 66.94500509455689041, 39.77176240815023078 ) ) ;
#4809 = CARTESIAN_POINT ( 'NONE',  ( 16.06180778116033636, 184.4999999999988347, 52.50000000000000000 ) ) ;
#4810 = AXIS2_PLACEMENT_3D ( 'NONE', #7659, #6518, #7093 ) ;
#4811 = DIRECTION ( 'NONE',  ( -1.000000000000000000, 7.304689455032545322E-14, 0.000000000000000000 ) ) ;
#4812 = CIRCLE ( 'NONE', #6004, 9.999999999999994671 ) ;
#4813 = ORIENTED_EDGE ( 'NONE', *, *, #1722, .F. ) ;
#4814 = FACE_OUTER_BOUND ( 'NONE', #4908, .T. ) ;
#4815 = CARTESIAN_POINT ( 'NONE',  ( 28.37314064492241883, 68.95618484062927678, 29.60607435017605127 ) ) ;
#4816 = ORIENTED_EDGE ( 'NONE', *, *, #3372, .F. ) ;
#4817 = DIRECTION ( 'NONE',  ( 1.000000000000000000, 0.000000000000000000, 0.000000000000000000 ) ) ;
#4818 = CARTESIAN_POINT ( 'NONE',  ( 24.63894220651732425, 66.91484625007322506, -4.444414442146649158 ) ) ;
#4819 = VECTOR ( 'NONE', #6085, 1000.000000000000000 ) ;
#4820 = DIRECTION ( 'NONE',  ( 0.7071067811865489050, -5.165195448115388999E-14, -0.7071067811865462405 ) ) ;
#4821 = CARTESIAN_POINT ( 'NONE',  ( 69.07568596981212750, 71.99999999999495515, 54.99999999999998579 ) ) ;
#4822 = DIRECTION ( 'NONE',  ( 0.000000000000000000, -0.000000000000000000, 1.000000000000000000 ) ) ;
#4823 = VECTOR ( 'NONE', #2657, 1000.000000000000114 ) ;
#4824 = VECTOR ( 'NONE', #3164, 1000.000000000000000 ) ;
#4825 = CARTESIAN_POINT ( 'NONE',  ( 15.88000298938489685, 69.85749989733953669, 29.00000000000000711 ) ) ;
#4826 = EDGE_CURVE ( 'NONE', #3916, #3531, #3109, .T. ) ;
#4827 = AXIS2_PLACEMENT_3D ( 'NONE', #49, #3266, #2042 ) ;
#4828 = EDGE_CURVE ( 'NONE', #4709, #476, #1669, .T. ) ;
#4829 = ORIENTED_EDGE ( 'NONE', *, *, #4828, .T. ) ;
#4830 = VERTEX_POINT ( 'NONE', #6717 ) ;
#4831 = ORIENTED_EDGE ( 'NONE', *, *, #4692, .T. ) ;
#4832 = CARTESIAN_POINT ( 'NONE',  ( 12.27303679265714997, 73.46446609406726225, 16.25000000000000711 ) ) ;
#4833 = DIRECTION ( 'NONE',  ( -1.000000000000000000, 0.000000000000000000, 0.000000000000000000 ) ) ;
#4834 = CARTESIAN_POINT ( 'NONE',  ( 13.50581852833882124, 77.00000000000000000, -0.6402615597426405403 ) ) ;
#4835 = ADVANCED_FACE ( 'NONE', ( #5448 ), #1082, .F. ) ;
#4836 = CARTESIAN_POINT ( 'NONE',  ( 28.53649275994774470, 61.44365081389591410, 23.74999999999996447 ) ) ;
#4837 = DIRECTION ( 'NONE',  ( -7.285838599102583486E-14, -1.000000000000000000, 0.000000000000000000 ) ) ;
#4838 = ORIENTED_EDGE ( 'NONE', *, *, #367, .T. ) ;
#4839 = CARTESIAN_POINT ( 'NONE',  ( 9.330997470308938446, 77.00000000000000000, 31.27651994381196232 ) ) ;
#4840 = CARTESIAN_POINT ( 'NONE',  ( 69.07568596982054032, 186.9999999999949409, 37.49999999999999289 ) ) ;
#4841 = CARTESIAN_POINT ( 'NONE',  ( 28.29047272408761415, 68.97496033660624448, 29.64180239528939609 ) ) ;
#4842 = CARTESIAN_POINT ( 'NONE',  ( 14.39435713621679191, 75.58578643762689353, 11.25000000000001066 ) ) ;
#4843 = ADVANCED_FACE ( 'NONE', ( #3930 ), #5195, .F. ) ;
#4844 = CARTESIAN_POINT ( 'NONE',  ( 21.92183268431391241, 75.35416300158092895, 5.364554185220001159 ) ) ;
#4845 = ORIENTED_EDGE ( 'NONE', *, *, #1429, .T. ) ;
#4846 = LINE ( 'NONE', #5452, #2183 ) ;
#4847 = CARTESIAN_POINT ( 'NONE',  ( 21.23963758047328554, 58.55124423481968421, 33.46443048643961760 ) ) ;
#4848 = ORIENTED_EDGE ( 'NONE', *, *, #1417, .T. ) ;
#4849 = ORIENTED_EDGE ( 'NONE', *, *, #6354, .T. ) ;
#4850 = ORIENTED_EDGE ( 'NONE', *, *, #7214, .T. ) ;
#4851 = CARTESIAN_POINT ( 'NONE',  ( 12.27303679265714997, 73.46446609406726225, 10.50000000000000888 ) ) ;
#4852 = EDGE_CURVE ( 'NONE', #2646, #3452, #2088, .T. ) ;
#4853 = DIRECTION ( 'NONE',  ( 7.216449660063511202E-14, 1.000000000000000000, 0.000000000000000000 ) ) ;
#4854 = PLANE ( 'NONE',  #3883 ) ;
#4855 = CARTESIAN_POINT ( 'NONE',  ( 14.68907899878127843, 65.76403805327373675, 40.89401105167210204 ) ) ;
#4856 = CARTESIAN_POINT ( 'NONE',  ( 9.037345421124147293, 77.00558034898062942, 3.855943589135585992 ) ) ;
#4857 = EDGE_LOOP ( 'NONE', ( #4340, #2316, #523 ) ) ;
#4858 = DIRECTION ( 'NONE',  ( 0.7071067811865451302, 0.7071067811865497932, 0.000000000000000000 ) ) ;
#4859 = CARTESIAN_POINT ( 'NONE',  ( 28.76113717804546965, 68.96384836309377420, 29.46461037643281600 ) ) ;
#4860 = EDGE_LOOP ( 'NONE', ( #7778, #2482 ) ) ;
#4861 = CYLINDRICAL_SURFACE ( 'NONE', #273, 3.750000000000003553 ) ;
#4862 = DIRECTION ( 'NONE',  ( -1.000000000000000000, 0.000000000000000000, 0.000000000000000000 ) ) ;
#4863 = ADVANCED_FACE ( 'NONE', ( #7029 ), #91, .F. ) ;
#4864 = DIRECTION ( 'NONE',  ( 0.7071067811865440200, -0.7071067811865510144, 0.000000000000000000 ) ) ;
#4865 = DIRECTION ( 'NONE',  ( -0.7071067811865486830, -0.7071067811865464625, -0.000000000000000000 ) ) ;
#4866 = CARTESIAN_POINT ( 'NONE',  ( 22.01580765155826924, 76.08219488004640141, 29.39740465923281221 ) ) ;
#4867 = VERTEX_POINT ( 'NONE', #6418 ) ;
#4868 = EDGE_LOOP ( 'NONE', ( #7383, #2346 ) ) ;
#4869 = ORIENTED_EDGE ( 'NONE', *, *, #387, .T. ) ;
#4870 = DIRECTION ( 'NONE',  ( 0.000000000000000000, 0.000000000000000000, 1.000000000000000000 ) ) ;
#4871 = VECTOR ( 'NONE', #7190, 1000.000000000000000 ) ;
#4872 = CIRCLE ( 'NONE', #344, 16.95810290493744077 ) ;
#4873 = ADVANCED_FACE ( 'NONE', ( #129 ), #2654, .F. ) ;
#4874 = CARTESIAN_POINT ( 'NONE',  ( 12.27303679265714997, 73.46446609406726225, 21.99999999999996447 ) ) ;
#4875 = CARTESIAN_POINT ( 'NONE',  ( 31.05972113615566954, 54.66963792570393110, 20.61374485399186796 ) ) ;
#4876 = LINE ( 'NONE', #7400, #1251 ) ;
#4877 = ORIENTED_EDGE ( 'NONE', *, *, #1146, .F. ) ;
#4878 = ORIENTED_EDGE ( 'NONE', *, *, #7981, .F. ) ;
#4879 = DIRECTION ( 'NONE',  ( 0.7071067811865486830, 0.7071067811865464625, -0.000000000000000000 ) ) ;
#4880 = CARTESIAN_POINT ( 'NONE',  ( 16.06180778116033636, 184.4999999999988347, 52.50000000000000000 ) ) ;
#4881 = EDGE_CURVE ( 'NONE', #7293, #572, #879, .T. ) ;
#4882 = AXIS2_PLACEMENT_3D ( 'NONE', #1831, #7485, #2415 ) ;
#4883 = CARTESIAN_POINT ( 'NONE',  ( 21.81199578346668133, 75.01081245465866232, 5.780647259155317741 ) ) ;
#4884 = CARTESIAN_POINT ( 'NONE',  ( 31.05684214402833732, 54.68066074269601984, 20.35108147551298785 ) ) ;
#4885 = DIRECTION ( 'NONE',  ( 0.7071067811865464625, -0.7071067811865487940, 0.000000000000000000 ) ) ;
#4886 = ORIENTED_EDGE ( 'NONE', *, *, #2282, .T. ) ;
#4887 = VECTOR ( 'NONE', #4248, 1000.000000000000000 ) ;
#4888 = DIRECTION ( 'NONE',  ( 7.304689455032545322E-14, 1.000000000000000000, 2.231235581978940201E-30 ) ) ;
#4889 = DIRECTION ( 'NONE',  ( 0.7071067811865451302, 0.7071067811865497932, 0.000000000000000000 ) ) ;
#4890 = VERTEX_POINT ( 'NONE', #2791 ) ;
#4891 = ORIENTED_EDGE ( 'NONE', *, *, #3716, .T. ) ;
#4892 = CARTESIAN_POINT ( 'NONE',  ( 25.07568596981303344, 84.45029558406970693, 8.287085972027488978 ) ) ;
#4893 = DIRECTION ( 'NONE',  ( 0.000000000000000000, 1.000000000000000000, 1.040834085586085637E-15 ) ) ;
#4894 = CARTESIAN_POINT ( 'NONE',  ( 12.27303679265717662, 73.46446609406726225, 10.00000000000000711 ) ) ;
#4895 = CARTESIAN_POINT ( 'NONE',  ( 14.07568596981249520, 77.00000000000000000, 38.66476475919079547 ) ) ;
#4896 = DIRECTION ( 'NONE',  ( 0.7071067811865427988, -0.7071067811865521247, 0.000000000000000000 ) ) ;
#4897 = EDGE_CURVE ( 'NONE', #2897, #2837, #5285, .T. ) ;
#4898 = ORIENTED_EDGE ( 'NONE', *, *, #596, .F. ) ;
#4899 = DIRECTION ( 'NONE',  ( -6.389564803181566082E-12, -0.9982784156710607926, 0.05865325911896880628 ) ) ;
#4900 = CARTESIAN_POINT ( 'NONE',  ( 28.74502706381359118, 68.96048802193327276, 29.46954142330375248 ) ) ;
#4901 = CARTESIAN_POINT ( 'NONE',  ( 33.19750007401911773, 63.80361717414964318, 16.13259810636978031 ) ) ;
#4902 = CARTESIAN_POINT ( 'NONE',  ( 14.06136302775862923, 76.81898816691230536, -3.134145297994239243 ) ) ;
#4903 = LINE ( 'NONE', #3586, #2397 ) ;
#4904 =( BOUNDED_CURVE ( )  B_SPLINE_CURVE ( 3, ( #5473, #1020, #2437, #3543 ),
 .UNSPECIFIED., .F., .T. ) 
 B_SPLINE_CURVE_WITH_KNOTS ( ( 4, 4 ),
 ( 2.356194490192345725, 3.141592653589774908 ),
 .UNSPECIFIED. ) 
 CURVE ( )  GEOMETRIC_REPRESENTATION_ITEM ( )  RATIONAL_B_SPLINE_CURVE ( ( 1.000000000000000000, 0.9492530216741936755, 0.9492530216741936755, 1.000000000000000000 ) ) 
 REPRESENTATION_ITEM ( '' )  );
#4905 = CARTESIAN_POINT ( 'NONE',  ( 21.89396400556367084, 75.66469404497928508, 29.51243857680364968 ) ) ;
#4906 = ORIENTED_EDGE ( 'NONE', *, *, #5727, .F. ) ;
#4907 = ORIENTED_EDGE ( 'NONE', *, *, #3207, .F. ) ;
#4908 = EDGE_LOOP ( 'NONE', ( #2804, #909, #2669, #4398 ) ) ;
#4909 = CARTESIAN_POINT ( 'NONE',  ( 21.46542494808230117, 82.65685424949234061, 18.74999999999996803 ) ) ;
#4910 = LINE ( 'NONE', #1786, #3434 ) ;
#4911 = CIRCLE ( 'NONE', #5699, 0.7500000000000006661 ) ;
#4912 = DIRECTION ( 'NONE',  ( 0.7071067811865464625, -0.7071067811865484609, 0.000000000000000000 ) ) ;
#4913 = CARTESIAN_POINT ( 'NONE',  ( 15.57568596981403175, 97.99999999999988631, -7.500000000000012434 ) ) ;
#4914 = EDGE_LOOP ( 'NONE', ( #3039, #1608, #6598, #1490, #7224, #7552 ) ) ;
#4915 = ORIENTED_EDGE ( 'NONE', *, *, #1316, .T. ) ;
#4916 = EDGE_CURVE ( 'NONE', #4482, #4709, #2100, .T. ) ;
#4917 = DIRECTION ( 'NONE',  ( 7.216449660063511202E-14, 1.000000000000000000, 0.000000000000000000 ) ) ;
#4918 = AXIS2_PLACEMENT_3D ( 'NONE', #6258, #4885, #1169 ) ;
#4919 = CARTESIAN_POINT ( 'NONE',  ( 14.07568596981248454, 76.87626146275027850, -3.684088154324605124 ) ) ;
#4920 = CARTESIAN_POINT ( 'NONE',  ( 21.91119434425423762, 75.79432074149266896, 5.530458576696248407 ) ) ;
#4921 = SPHERICAL_SURFACE ( 'NONE', #3074, 0.7500000000000000000 ) ;
#4922 = ORIENTED_EDGE ( 'NONE', *, *, #2192, .T. ) ;
#4923 = CIRCLE ( 'NONE', #4269, 0.7500000000000006661 ) ;
#4924 = FACE_OUTER_BOUND ( 'NONE', #4099, .T. ) ;
#4925 = ADVANCED_FACE ( 'NONE', ( #306 ), #6506, .F. ) ;
#4926 = CARTESIAN_POINT ( 'NONE',  ( 28.14857301200236250, 69.02471804088617091, 5.292828789770305242 ) ) ;
#4927 = EDGE_CURVE ( 'NONE', #5408, #7481, #8121, .T. ) ;
#4928 = ORIENTED_EDGE ( 'NONE', *, *, #5818, .T. ) ;
#4929 = CARTESIAN_POINT ( 'NONE',  ( 69.07568596981998610, 179.4999999999949409, 52.50000000000000000 ) ) ;
#4930 = CARTESIAN_POINT ( 'NONE',  ( 26.41517241638810987, 59.32233047033627571, 21.99999999999996447 ) ) ;
#4931 = AXIS2_PLACEMENT_3D ( 'NONE', #2270, #7298, #4811 ) ;
#4932 = CARTESIAN_POINT ( 'NONE',  ( 14.68907899878306900, 65.76403805327160512, -5.894011051671493640 ) ) ;
#4933 = CARTESIAN_POINT ( 'NONE',  ( 24.99056099522353236, 66.20540041366210460, 36.77383288672191242 ) ) ;
#4934 = DIRECTION ( 'NONE',  ( -0.7071067811865474617, -0.7071067811865474617, 0.000000000000000000 ) ) ;
#4935 = EDGE_CURVE ( 'NONE', #986, #6100, #4678, .T. ) ;
#4936 = VECTOR ( 'NONE', #3442, 1000.000000000000000 ) ;
#4937 = VERTEX_POINT ( 'NONE', #5328 ) ;
#4938 = CARTESIAN_POINT ( 'NONE',  ( 28.40492472192384099, 68.95103457331204311, 29.59284356628111112 ) ) ;
#4939 = VECTOR ( 'NONE', #6689, 1000.000000000000000 ) ;
#4940 = CARTESIAN_POINT ( 'NONE',  ( 31.85262818141616137, 61.84099426589705928, 15.63694366405817426 ) ) ;
#4941 = CARTESIAN_POINT ( 'NONE',  ( 29.64920707606636441, 60.36157097081071043, 26.16283483338652260 ) ) ;
#4942 = DIRECTION ( 'NONE',  ( 1.000000000000000000, -7.304689455032544060E-14, 0.000000000000000000 ) ) ;
#4943 = CARTESIAN_POINT ( 'NONE',  ( 31.05684214402833732, 54.68066074269601984, 14.64891852448702636 ) ) ;
#4944 = AXIS2_PLACEMENT_3D ( 'NONE', #242, #5220, #4610 ) ;
#4945 = CARTESIAN_POINT ( 'NONE',  ( 28.19449091602624691, 68.80053663838867806, 5.859829351478381909 ) ) ;
#4946 = ORIENTED_EDGE ( 'NONE', *, *, #4374, .T. ) ;
#4947 = VERTEX_POINT ( 'NONE', #2180 ) ;
#4948 =( BOUNDED_CURVE ( )  B_SPLINE_CURVE ( 3, ( #7043, #1298, #640, #5045 ),
 .UNSPECIFIED., .F., .T. ) 
 B_SPLINE_CURVE_WITH_KNOTS ( ( 4, 4 ),
 ( 1.570796326794897446, 2.356194490192345725 ),
 .UNSPECIFIED. ) 
 CURVE ( )  GEOMETRIC_REPRESENTATION_ITEM ( )  RATIONAL_B_SPLINE_CURVE ( ( 1.000000000000000000, 0.9492530216741911220, 0.9492530216741911220, 1.000000000000000000 ) ) 
 REPRESENTATION_ITEM ( '' )  );
#4949 = VECTOR ( 'NONE', #834, 1000.000000000000000 ) ;
#4950 = VERTEX_POINT ( 'NONE', #4509 ) ;
#4951 = CARTESIAN_POINT ( 'NONE',  ( 21.97623996761496556, 74.69120383640607486, 29.34180712725499518 ) ) ;
#4952 = CARTESIAN_POINT ( 'NONE',  ( 25.88098360416756094, 59.85651928255686016, 4.135606935630807612 ) ) ;
#4953 = ADVANCED_FACE ( 'NONE', ( #2828 ), #6428, .T. ) ;
#4954 = CARTESIAN_POINT ( 'NONE',  ( 32.07202666588049311, 64.97918471982865185, 21.24999999999996447 ) ) ;
#4955 = CARTESIAN_POINT ( 'NONE',  ( 28.06405634462570120, 69.06646157025433297, 5.251309254504176849 ) ) ;
#4956 = DIRECTION ( 'NONE',  ( -0.7071067811865485719, -0.7071067811865464625, 0.000000000000000000 ) ) ;
#4957 = DIRECTION ( 'NONE',  ( -7.304689455032545322E-14, -1.000000000000000000, 0.000000000000000000 ) ) ;
#4958 = ORIENTED_EDGE ( 'NONE', *, *, #111, .T. ) ;
#4959 = ORIENTED_EDGE ( 'NONE', *, *, #2762, .F. ) ;
#4960 = LINE ( 'NONE', #7483, #6382 ) ;
#4961 = CARTESIAN_POINT ( 'NONE',  ( 26.87755808367603905, 60.63556648796119930, 5.054043934012900863 ) ) ;
#4962 = CARTESIAN_POINT ( 'NONE',  ( 28.32157385751087020, 68.96717922363171738, 29.62818764363656499 ) ) ;
#4963 = EDGE_CURVE ( 'NONE', #6767, #2931, #794, .T. ) ;
#4964 = CARTESIAN_POINT ( 'NONE',  ( 21.93556358351968427, 75.89084969077360654, 5.558539392217217490 ) ) ;
#4965 = DIRECTION ( 'NONE',  ( -0.000000000000000000, 0.000000000000000000, 1.000000000000000000 ) ) ;
#4966 = ORIENTED_EDGE ( 'NONE', *, *, #5479, .T. ) ;
#4967 = LINE ( 'NONE', #3036, #4284 ) ;
#4968 = CARTESIAN_POINT ( 'NONE',  ( 29.25583683318487971, 69.23406269899851395, 5.624398317528570779 ) ) ;
#4969 = CARTESIAN_POINT ( 'NONE',  ( 23.49556250863264850, 66.99999999999832312, 32.08229164491849872 ) ) ;
#4970 = CARTESIAN_POINT ( 'NONE',  ( 107.3416232708182747, 148.7340626990047667, 37.95643923738961689 ) ) ;
#4971 = CARTESIAN_POINT ( 'NONE',  ( 69.07568596981177222, 66.99999999999495515, 49.99999999999999289 ) ) ;
#4972 = DIRECTION ( 'NONE',  ( -3.700743415416934718E-16, 3.469446951953955371E-16, -1.000000000000000000 ) ) ;
#4973 = EDGE_CURVE ( 'NONE', #6659, #6513, #7208, .T. ) ;
#4974 = LINE ( 'NONE', #1843, #173 ) ;
#4975 = LINE ( 'NONE', #533, #1370 ) ;
#4976 = EDGE_LOOP ( 'NONE', ( #1983, #7305, #5301, #3425 ) ) ;
#4977 = CARTESIAN_POINT ( 'NONE',  ( 9.315821547788326384, 76.42168133893612492, 3.645945788329199022 ) ) ;
#4978 = CARTESIAN_POINT ( 'NONE',  ( 22.64485645392934643, 63.09264643279506402, 34.11288358048103930 ) ) ;
#4979 = DIRECTION ( 'NONE',  ( -0.7071067811865487940, -0.7071067811865464625, 0.000000000000000000 ) ) ;
#4980 = EDGE_CURVE ( 'NONE', #1652, #4134, #5074, .T. ) ;
#4981 = CARTESIAN_POINT ( 'NONE',  ( 14.07568596981176334, 66.99999999999897682, -20.00000000000001066 ) ) ;
#4982 = CARTESIAN_POINT ( 'NONE',  ( -36.17369213578417231, 184.5000000000026432, -2.499999999999966249 ) ) ;
#4983 = CARTESIAN_POINT ( 'NONE',  ( 27.85200617905121590, 68.90793218057309844, 5.740262417315594945 ) ) ;
#4984 = ORIENTED_EDGE ( 'NONE', *, *, #3859, .F. ) ;
#4985 = ORIENTED_EDGE ( 'NONE', *, *, #3338, .F. ) ;
#4986 = EDGE_LOOP ( 'NONE', ( #6009, #696, #2371, #5451, #5490 ) ) ;
#4987 = LINE ( 'NONE', #1315, #6538 ) ;
#4988 = EDGE_CURVE ( 'NONE', #2798, #2283, #7716, .T. ) ;
#4989 = DIRECTION ( 'NONE',  ( 0.000000000000000000, 0.000000000000000000, -1.000000000000000000 ) ) ;
#4990 = CARTESIAN_POINT ( 'NONE',  ( 19.07568596981176512, 66.99999999999862155, 49.99999999999999289 ) ) ;
#4991 = CARTESIAN_POINT ( 'NONE',  ( 24.13616666141809475, 65.17658768176086426, 35.39778525649425944 ) ) ;
#4992 = EDGE_CURVE ( 'NONE', #1944, #1643, #3438, .T. ) ;
#4993 = VECTOR ( 'NONE', #729, 1000.000000000000000 ) ;
#4994 = VERTEX_POINT ( 'NONE', #5207 ) ;
#4995 = AXIS2_PLACEMENT_3D ( 'NONE', #6491, #693, #7713 ) ;
#4996 = VECTOR ( 'NONE', #6467, 1000.000000000000000 ) ;
#4997 = CARTESIAN_POINT ( 'NONE',  ( 48.07568596981693076, 137.3911308970837695, -12.50000000000000711 ) ) ;
#4999 = ADVANCED_FACE ( 'NONE', ( #5794 ), #4596, .F. ) ;
#4998 = CARTESIAN_POINT ( 'NONE',  ( 31.48282051014115268, 61.04087517501579896, 15.45430495646149716 ) ) ;
#5000 = CARTESIAN_POINT ( 'NONE',  ( 21.75365166007303941, 75.65167283327110681, 5.976194482111639061 ) ) ;
#5001 = CARTESIAN_POINT ( 'NONE',  ( 21.89187128336139665, 75.59130431992298327, 5.460899892205437922 ) ) ;
#5002 = ORIENTED_EDGE ( 'NONE', *, *, #6741, .F. ) ;
#5003 = CARTESIAN_POINT ( 'NONE',  ( 28.21436904162388259, 68.99869061887497423, 5.323794190021667205 ) ) ;
#5004 = DIRECTION ( 'NONE',  ( 7.304689455032545322E-14, 1.000000000000000000, 0.000000000000000000 ) ) ;
#5005 = CYLINDRICAL_SURFACE ( 'NONE', #333, 0.7499999999999972244 ) ;
#5006 = CIRCLE ( 'NONE', #544, 5.000000000000004441 ) ;
#5007 = CARTESIAN_POINT ( 'NONE',  ( 15.11108202991345451, 65.83741883268153572, -6.036109887917813666 ) ) ;
#5008 = CARTESIAN_POINT ( 'NONE',  ( 31.05738205007057928, 54.67860773365082849, 20.43777338888490291 ) ) ;
#5009 = CARTESIAN_POINT ( 'NONE',  ( 17.92989104214954921, 79.12132034355961707, 21.24999999999996447 ) ) ;
#5010 = CARTESIAN_POINT ( 'NONE',  ( 21.80356576595439222, 75.85682451448096231, 6.022914387241540268 ) ) ;
#5011 = ORIENTED_EDGE ( 'NONE', *, *, #3848, .T. ) ;
#5012 = EDGE_CURVE ( 'NONE', #6092, #4377, #6256, .T. ) ;
#5013 = LINE ( 'NONE', #7049, #6662 ) ;
#5014 = AXIS2_PLACEMENT_3D ( 'NONE', #6231, #415, #1690 ) ;
#5015 = CARTESIAN_POINT ( 'NONE',  ( 18.42923936041092858, 97.49999999999968736, 7.146446609406712724 ) ) ;
#5016 = CARTESIAN_POINT ( 'NONE',  ( 108.0487300520048279, 148.0269559178182135, 38.95643923738960979 ) ) ;
#5017 = PRESENTATION_STYLE_ASSIGNMENT (( #2510 ) ) ;
#5018 = CARTESIAN_POINT ( 'NONE',  ( 14.06347203453569783, 76.82545024806201184, 38.17690495516111326 ) ) ;
#5019 = DIRECTION ( 'NONE',  ( 0.000000000000000000, 0.000000000000000000, -1.000000000000000000 ) ) ;
#5020 = EDGE_CURVE ( 'NONE', #4233, #8064, #77, .T. ) ;
#5021 = VERTEX_POINT ( 'NONE', #1872 ) ;
#5022 = EDGE_LOOP ( 'NONE', ( #3644, #1301, #6568, #3366, #6512, #2418, #2840, #1559, #2658, #7323, #463, #4540, #3364, #7148, #7642, #1340 ) ) ;
#5023 = CARTESIAN_POINT ( 'NONE',  ( 35.60756057181323087, 68.51471862576138960, 16.25000000000000711 ) ) ;
#5024 = ORIENTED_EDGE ( 'NONE', *, *, #88, .F. ) ;
#5025 = CARTESIAN_POINT ( 'NONE',  ( 22.35077560256083729, 52.39933688875758833, 14.38720093172690717 ) ) ;
#5026 = CYLINDRICAL_SURFACE ( 'NONE', #4483, 1.000000000000000888 ) ;
#5027 = DIRECTION ( 'NONE',  ( 0.7071067811865475727, -0.7071067811865475727, -1.156482317317875709E-14 ) ) ;
#5028 = CARTESIAN_POINT ( 'NONE',  ( 24.90019872476261042, 66.01646801732633207, 36.40869916951700702 ) ) ;
#5029 = VERTEX_POINT ( 'NONE', #6989 ) ;
#5030 = ORIENTED_EDGE ( 'NONE', *, *, #88, .T. ) ;
#5031 = CARTESIAN_POINT ( 'NONE',  ( 20.05121138570918049, 81.24264068711926257, 18.74999999999996803 ) ) ;
#5032 = CARTESIAN_POINT ( 'NONE',  ( 30.73077989928065179, 57.84991983091582313, 8.928057242523074422 ) ) ;
#5033 = CIRCLE ( 'NONE', #945, 0.7499999999999972244 ) ;
#5034 = ADVANCED_FACE ( 'NONE', ( #3843 ), #186, .F. ) ;
#5035 = CARTESIAN_POINT ( 'NONE',  ( 22.02848294351634095, 75.09323910616991782, 5.241147398022933501 ) ) ;
#5036 = CARTESIAN_POINT ( 'NONE',  ( -111.3083621342327376, 182.0000000000080433, 2.500000000000052847 ) ) ;
#5037 = CARTESIAN_POINT ( 'NONE',  ( 22.07226381326048781, 75.02484001635515654, 5.205542067943596862 ) ) ;
#5038 = EDGE_LOOP ( 'NONE', ( #6637, #6183, #4437 ) ) ;
#5039 = CARTESIAN_POINT ( 'NONE',  ( 28.23581025454375748, 68.99136057008428224, 5.333633904586928765 ) ) ;
#5040 = CARTESIAN_POINT ( 'NONE',  ( 24.07568596981248632, 76.87626146275525230, 38.68408815432377423 ) ) ;
#5041 = CARTESIAN_POINT ( 'NONE',  ( 31.05683955907533544, 54.68066332764904303, 14.38694738548350394 ) ) ;
#5042 = EDGE_CURVE ( 'NONE', #3056, #5915, #3818, .T. ) ;
#5043 = CARTESIAN_POINT ( 'NONE',  ( 24.93580105366539001, 66.08200514870515008, -1.527506158609030606 ) ) ;
#5044 = VECTOR ( 'NONE', #3298, 1000.000000000000000 ) ;
#5045 = CARTESIAN_POINT ( 'NONE',  ( 21.89187580250594678, 75.59802372967745043, 38.66354601857617013 ) ) ;
#5046 = DIRECTION ( 'NONE',  ( 4.625929269271485914E-16, -3.595069229522838391E-29, 1.000000000000000000 ) ) ;
#5047 = ORIENTED_EDGE ( 'NONE', *, *, #7590, .T. ) ;
#5048 = VECTOR ( 'NONE', #5650, 999.9999999999998863 ) ;
#5049 = CARTESIAN_POINT ( 'NONE',  ( 21.94426108476211112, 75.27821203701510910, 29.66949321479509649 ) ) ;
#5050 = CIRCLE ( 'NONE', #7698, 0.7500000000000006661 ) ;
#5051 = DIRECTION ( 'NONE',  ( 0.7071067811865500152, -5.165195448115397204E-14, 0.7071067811865451302 ) ) ;
#5052 = DIRECTION ( 'NONE',  ( 0.000000000000000000, 0.000000000000000000, -1.000000000000000000 ) ) ;
#5053 = CARTESIAN_POINT ( 'NONE',  ( 18.20518849744122392, 67.53231438928320074, 37.53494641501334428 ) ) ;
#5054 = CARTESIAN_POINT ( 'NONE',  ( 27.17409373764374436, 61.80035075124457222, 29.82566215897563566 ) ) ;
#5055 = CARTESIAN_POINT ( 'NONE',  ( 28.62456635775953018, 68.80739704098346010, 5.981493042161990736 ) ) ;
#5056 = VERTEX_POINT ( 'NONE', #1885 ) ;
#5057 = ORIENTED_EDGE ( 'NONE', *, *, #6883, .F. ) ;
#5058 = SPHERICAL_SURFACE ( 'NONE', #587, 0.7500000000000000000 ) ;
#5059 = EDGE_LOOP ( 'NONE', ( #3983, #4907, #5280, #4084 ) ) ;
#5060 = DIRECTION ( 'NONE',  ( -1.850371707708594316E-16, -0.000000000000000000, -1.000000000000000000 ) ) ;
#5061 = CIRCLE ( 'NONE', #1518, 0.7500000000000034417 ) ;
#5062 = LINE ( 'NONE', #3174, #7140 ) ;
#5063 = EDGE_CURVE ( 'NONE', #6887, #6020, #5609, .T. ) ;
#5064 = DIRECTION ( 'NONE',  ( -0.6063390625908341436, -0.6063390625908305909, -0.5144957554275265688 ) ) ;
#5065 = ADVANCED_FACE ( 'NONE', ( #4472 ), #4424, .F. ) ;
#5066 = B_SPLINE_CURVE_WITH_KNOTS ( 'NONE', 3,
 ( #1731, #4246, #6774, #7427, #6156, #505, #1773, #4290, #6821, #5557, #1150, #7469, #3823, #3910, #3746, #6440, #5053, #2018, #5681, #3246, #6276, #7660, #3861, #618 ),
 .UNSPECIFIED., .F., .F.,
 ( 4, 2, 2, 2, 2, 2, 2, 2, 2, 2, 2, 4 ),
 ( 3.374564671690477348E-15, 0.001832590690799493173, 0.002748886036197572148, 0.003665181381595650906, 0.005497772072391799748, 0.006414067417789891951, 0.007330362763187983285, 0.008246658108586072886, 0.009162953453984165955, 0.01099554414478034516, 0.01282813483557652436, 0.01466072552637270182 ),
 .UNSPECIFIED. ) ;
#5067 = CARTESIAN_POINT ( 'NONE',  ( 32.02177413418404228, 71.99999999999768363, 5.624398317528527258 ) ) ;
#5068 = EDGE_LOOP ( 'NONE', ( #8008, #3485, #1896 ) ) ;
#5069 = ORIENTED_EDGE ( 'NONE', *, *, #4029, .T. ) ;
#5070 = CARTESIAN_POINT ( 'NONE',  ( 100.9776622401393809, 155.0980237296837174, -3.956439237389593355 ) ) ;
#5071 = ORIENTED_EDGE ( 'NONE', *, *, #4464, .T. ) ;
#5072 = FACE_BOUND ( 'NONE', #1265, .T. ) ;
#5073 = ADVANCED_FACE ( 'NONE', ( #6924 ), #7003, .F. ) ;
#5074 = CIRCLE ( 'NONE', #1390, 0.7500000000000006661 ) ;
#5075 = CARTESIAN_POINT ( 'NONE',  ( 21.73727256464102808, 75.48772633878076022, 5.932915376849090094 ) ) ;
#5076 = CARTESIAN_POINT ( 'NONE',  ( 22.16319484139690843, 74.91249112841344981, 5.143397863797996017 ) ) ;
#5077 = ORIENTED_EDGE ( 'NONE', *, *, #7016, .F. ) ;
#5078 = VECTOR ( 'NONE', #5471, 1000.000000000000000 ) ;
#5079 = LINE ( 'NONE', #1453, #3340 ) ;
#5080 = CARTESIAN_POINT ( 'NONE',  ( 33.70215097890162070, 66.99999999999755573, 23.72232634523629358 ) ) ;
#5081 = CARTESIAN_POINT ( 'NONE',  ( 29.31612797644894641, 69.17377155573443304, 28.91884777160715103 ) ) ;
#5082 = CARTESIAN_POINT ( 'NONE',  ( 23.63774195897739716, 64.81454066440971928, -0.1856431574856078071 ) ) ;
#5083 = VECTOR ( 'NONE', #823, 1000.000000000000000 ) ;
#5084 = B_SPLINE_CURVE_WITH_KNOTS ( 'NONE', 3,
 ( #7087, #3318, #5086, #7734 ),
 .UNSPECIFIED., .F., .F.,
 ( 4, 4 ),
 ( 1.387778780781445676E-17, 0.0002617509240831549866 ),
 .UNSPECIFIED. ) ;
#5085 = CYLINDRICAL_SURFACE ( 'NONE', #4386, 0.7500000000000022204 ) ;
#5086 = CARTESIAN_POINT ( 'NONE',  ( 31.05648859584562871, 54.68200398054794675, 14.47440668183659618 ) ) ;
#5087 = CARTESIAN_POINT ( 'NONE',  ( -111.3083621342329224, 179.5000000000081002, 2.500000000000051958 ) ) ;
#5088 = ADVANCED_FACE ( 'NONE', ( #3158 ), #5126, .F. ) ;
#5089 = EDGE_LOOP ( 'NONE', ( #842, #943, #4829, #7278 ) ) ;
#5090 = CARTESIAN_POINT ( 'NONE',  ( 21.96095516920699708, 75.23235712216937543, 29.69075958848571872 ) ) ;
#5091 = DIRECTION ( 'NONE',  ( 0.000000000000000000, 0.000000000000000000, -1.000000000000000000 ) ) ;
#5092 = CARTESIAN_POINT ( 'NONE',  ( 32.86798416689100577, 63.81923166704565631, 21.58538489611773059 ) ) ;
#5093 =( NAMED_UNIT ( * ) PLANE_ANGLE_UNIT ( ) SI_UNIT ( $, .RADIAN. ) );
#5094 = CARTESIAN_POINT ( 'NONE',  ( 30.72234761587731100, 57.45751357531666770, 20.23268926678886359 ) ) ;
#5095 = CARTESIAN_POINT ( 'NONE',  ( 25.07568596982016729, 181.9999999999980389, 2.500000000000002665 ) ) ;
#5096 = EDGE_CURVE ( 'NONE', #30, #4093, #5120, .T. ) ;
#5097 = ORIENTED_EDGE ( 'NONE', *, *, #2149, .F. ) ;
#5098 = DIRECTION ( 'NONE',  ( 7.304689455032545322E-14, 1.000000000000000000, -0.000000000000000000 ) ) ;
#5099 = ORIENTED_EDGE ( 'NONE', *, *, #6466, .F. ) ;
#5100 = CARTESIAN_POINT ( 'NONE',  ( 12.27303679265714997, 73.46446609406726225, 13.00000000000001066 ) ) ;
#5101 = CARTESIAN_POINT ( 'NONE',  ( 23.44356527862340656, 62.29393760810101810, 1.719812960697417292 ) ) ;
#5102 = LINE ( 'NONE', #4489, #7525 ) ;
#5103 = FACE_OUTER_BOUND ( 'NONE', #246, .T. ) ;
#5104 = DIRECTION ( 'NONE',  ( -7.320533068622125938E-14, -1.000000000000000000, 1.269910057080333921E-29 ) ) ;
#5105 = VERTEX_POINT ( 'NONE', #5503 ) ;
#5106 = VERTEX_POINT ( 'NONE', #7411 ) ;
#5107 = DIRECTION ( 'NONE',  ( -0.7071067811865486830, -0.7071067811865464625, -0.000000000000000000 ) ) ;
#5108 = EDGE_LOOP ( 'NONE', ( #3906, #274, #4695, #7929 ) ) ;
#5109 = EDGE_CURVE ( 'NONE', #105, #7540, #5512, .T. ) ;
#5110 = CARTESIAN_POINT ( 'NONE',  ( 27.84162327081178390, 69.23406269899849974, 29.86931687685304126 ) ) ;
#5111 = LINE ( 'NONE', #2614, #7301 ) ;
#5112 = DIRECTION ( 'NONE',  ( -7.304689455032545322E-14, -1.000000000000000000, 0.000000000000000000 ) ) ;
#5113 = FACE_OUTER_BOUND ( 'NONE', #2145, .T. ) ;
#5114 = EDGE_LOOP ( 'NONE', ( #887, #7948 ) ) ;
#5115 = CARTESIAN_POINT ( 'NONE',  ( 23.92923936040906341, 96.99999999999927525, 32.64644660940488308 ) ) ;
#5116 = ORIENTED_EDGE ( 'NONE', *, *, #5479, .F. ) ;
#5117 = DIRECTION ( 'NONE',  ( -7.216449660063350905E-14, -1.000000000000000000, -0.000000000000000000 ) ) ;
#5118 = EDGE_CURVE ( 'NONE', #5389, #8064, #3551, .T. ) ;
#5119 = LINE ( 'NONE', #4388, #58 ) ;
#5120 = CIRCLE ( 'NONE', #6599, 13.00000000000005684 ) ;
#5121 = LINE ( 'NONE', #6707, #122 ) ;
#5122 = CARTESIAN_POINT ( 'NONE',  ( 28.18887711963234466, 69.00761337329424805, 5.312049008169338116 ) ) ;
#5123 = DIRECTION ( 'NONE',  ( 0.7071067811865427988, -0.7071067811865521247, 0.000000000000000000 ) ) ;
#5124 = DIRECTION ( 'NONE',  ( 0.000000000000000000, 0.000000000000000000, -1.000000000000000000 ) ) ;
#5125 = LINE ( 'NONE', #4637, #7562 ) ;
#5126 = PLANE ( 'NONE',  #7763 ) ;
#5127 = VERTEX_POINT ( 'NONE', #7420 ) ;
#5128 = CARTESIAN_POINT ( 'NONE',  ( -36.17369213578423626, 183.2500000000025864, 41.25000000000002842 ) ) ;
#5129 = CARTESIAN_POINT ( 'NONE',  ( 23.03495335061312232, 64.43958442813470811, 35.04621191641172118 ) ) ;
#5130 = CARTESIAN_POINT ( 'NONE',  ( 21.85863850289398869, 74.90129985673037538, 29.25973758268442637 ) ) ;
#5131 = DIRECTION ( 'NONE',  ( -5.406556280475827717E-28, -7.401486830834397972E-15, 1.000000000000000000 ) ) ;
#5132 = VECTOR ( 'NONE', #5091, 1000.000000000000000 ) ;
#5133 = EDGE_CURVE ( 'NONE', #5688, #5200, #393, .T. ) ;
#5134 = CARTESIAN_POINT ( 'NONE',  ( 28.89148300045511064, 65.61229355656533357, 29.38595202053414823 ) ) ;
#5135 = CYLINDRICAL_SURFACE ( 'NONE', #5198, 0.5000000000000004441 ) ;
#5136 = EDGE_CURVE ( 'NONE', #4686, #30, #1110, .T. ) ;
#5137 = VERTEX_POINT ( 'NONE', #1325 ) ;
#5138 = VECTOR ( 'NONE', #6202, 1000.000000000000000 ) ;
#5139 = DIRECTION ( 'NONE',  ( -0.7071067811865464625, 0.7071067811865487940, -0.000000000000000000 ) ) ;
#5140 = ORIENTED_EDGE ( 'NONE', *, *, #7452, .F. ) ;
#5141 = DIRECTION ( 'NONE',  ( -0.7071067811866025288, -0.7071067811864926167, 3.925231146709427538E-15 ) ) ;
#5142 = CARTESIAN_POINT ( 'NONE',  ( 14.07568596981301212, 66.69919752947774327, -5.177345842212851323 ) ) ;
#5143 = EDGE_CURVE ( 'NONE', #2798, #4259, #6201, .T. ) ;
#5144 = DIRECTION ( 'NONE',  ( 0.7071067811865475727, -0.7071067811865475727, -4.625929269271502677E-15 ) ) ;
#5145 = ORIENTED_EDGE ( 'NONE', *, *, #3033, .F. ) ;
#5146 = ORIENTED_EDGE ( 'NONE', *, *, #4239, .T. ) ;
#5147 = DIRECTION ( 'NONE',  ( 0.7071067811865466846, -0.7071067811865483499, 0.000000000000000000 ) ) ;
#5148 = ORIENTED_EDGE ( 'NONE', *, *, #3941, .T. ) ;
#5149 = DIRECTION ( 'NONE',  ( 1.000000000000000000, -7.317379025938529564E-14, -0.000000000000000000 ) ) ;
#5150 = PLANE ( 'NONE',  #3653 ) ;
#5151 = CARTESIAN_POINT ( 'NONE',  ( 22.89187580250594323, 75.59802372967745043, -0.000000000000000000 ) ) ;
#5152 = CARTESIAN_POINT ( 'NONE',  ( 22.05907426158825402, 75.04444233198734082, 5.215871831863667651 ) ) ;
#5153 = ORIENTED_EDGE ( 'NONE', *, *, #4582, .F. ) ;
#5154 = CARTESIAN_POINT ( 'NONE',  ( -34.61633808220798869, 148.6920240520288701, -17.49999999999997158 ) ) ;
#5155 = ORIENTED_EDGE ( 'NONE', *, *, #6253, .F. ) ;
#5156 = CARTESIAN_POINT ( 'NONE',  ( 14.07568596981247033, 76.68942687552237203, -3.701898915982517302 ) ) ;
#5157 = FACE_OUTER_BOUND ( 'NONE', #7014, .T. ) ;
#5158 = FACE_OUTER_BOUND ( 'NONE', #5902, .T. ) ;
#5159 = CARTESIAN_POINT ( 'NONE',  ( 29.15426617010029275, 69.14463861134990452, 5.619474346060251868 ) ) ;
#5160 = LINE ( 'NONE', #1297, #7297 ) ;
#5161 = CARTESIAN_POINT ( 'NONE',  ( 15.98534739388654558, 78.23743686707643974, 13.75000000000001066 ) ) ;
#5162 = ADVANCED_FACE ( 'NONE', ( #3766 ), #6414, .F. ) ;
#5163 = AXIS2_PLACEMENT_3D ( 'NONE', #5040, #4431, #6423 ) ;
#5164 = CARTESIAN_POINT ( 'NONE',  ( 32.07202666588049311, 64.97918471982865185, 13.75000000000001066 ) ) ;
#5165 = EDGE_LOOP ( 'NONE', ( #664, #6860, #6368, #3416 ) ) ;
#5166 = ORIENTED_EDGE ( 'NONE', *, *, #550, .F. ) ;
#5167 = DIRECTION ( 'NONE',  ( -0.7071067811864925057, 0.7071067811866025288, -8.979620128585043417E-30 ) ) ;
#5168 = VECTOR ( 'NONE', #5124, 1000.000000000000000 ) ;
#5169 = DIRECTION ( 'NONE',  ( 7.216449660063511202E-14, 1.000000000000000000, 0.000000000000000000 ) ) ;
#5170 = FACE_OUTER_BOUND ( 'NONE', #4199, .T. ) ;
#5171 = AXIS2_PLACEMENT_3D ( 'NONE', #5908, #2160, #816 ) ;
#5172 = CARTESIAN_POINT ( 'NONE',  ( 34.19334700944013861, 67.10050506338828313, 18.74999999999996803 ) ) ;
#5173 = ADVANCED_FACE ( 'NONE', ( #6295, #1916, #4423, #5072, #5617, #6362, #5732 ), #3136, .F. ) ;
#5174 = DIRECTION ( 'NONE',  ( 7.304689455032545322E-14, 1.000000000000000000, 2.231235581978940201E-30 ) ) ;
#5175 = AXIS2_PLACEMENT_3D ( 'NONE', #262, #6587, #1579 ) ;
#5176 = AXIS2_PLACEMENT_3D ( 'NONE', #3791, #5139, #5686 ) ;
#5177 = ORIENTED_EDGE ( 'NONE', *, *, #202, .T. ) ;
#5178 = DIRECTION ( 'NONE',  ( -7.304689455032545322E-14, -1.000000000000000000, 0.000000000000000000 ) ) ;
#5179 = ORIENTED_EDGE ( 'NONE', *, *, #636, .F. ) ;
#5180 = DIRECTION ( 'NONE',  ( 0.7071067811865486830, 0.7071067811865464625, 0.000000000000000000 ) ) ;
#5181 = CARTESIAN_POINT ( 'NONE',  ( 21.53207698569255868, 64.20542590100914992, -0.3724150577782593952 ) ) ;
#5182 = VECTOR ( 'NONE', #7729, 1000.000000000000000 ) ;
#5183 = EDGE_CURVE ( 'NONE', #2590, #51, #1212, .T. ) ;
#5184 = VECTOR ( 'NONE', #3193, 1000.000000000000000 ) ;
#5185 = CARTESIAN_POINT ( 'NONE',  ( 32.02177413418404228, 71.99999999999768363, -3.542225675016494879 ) ) ;
#5186 = FACE_OUTER_BOUND ( 'NONE', #2956, .T. ) ;
#5187 = CARTESIAN_POINT ( 'NONE',  ( 18.42923936041709965, 181.9999999999986358, 7.146446609406713613 ) ) ;
#5188 = ORIENTED_EDGE ( 'NONE', *, *, #1063, .T. ) ;
#5189 = ORIENTED_EDGE ( 'NONE', *, *, #892, .F. ) ;
#5190 = AXIS2_PLACEMENT_3D ( 'NONE', #6188, #3699, #7995 ) ;
#5191 = EDGE_CURVE ( 'NONE', #2716, #2656, #2136, .T. ) ;
#5192 = VERTEX_POINT ( 'NONE', #3649 ) ;
#5193 = AXIS2_PLACEMENT_3D ( 'NONE', #5016, #5052, #1304 ) ;
#5194 = CARTESIAN_POINT ( 'NONE',  ( 34.19334700944013861, 67.10050506338828313, 16.25000000000001066 ) ) ;
#5195 = CYLINDRICAL_SURFACE ( 'NONE', #7069, 0.7500000000000034417 ) ;
#5196 = CARTESIAN_POINT ( 'NONE',  ( 21.96500959445910794, 75.22258656400710208, 5.304601393182442948 ) ) ;
#5197 = EDGE_LOOP ( 'NONE', ( #2012, #7155, #5927, #7097, #924, #8007 ) ) ;
#5198 = AXIS2_PLACEMENT_3D ( 'NONE', #4693, #5174, #5808 ) ;
#5199 = CARTESIAN_POINT ( 'NONE',  ( 26.41517241638810987, 59.32233047033627571, 20.49999999999996447 ) ) ;
#5200 = VERTEX_POINT ( 'NONE', #2374 ) ;
#5201 = ORIENTED_EDGE ( 'NONE', *, *, #981, .F. ) ;
#5202 = DIRECTION ( 'NONE',  ( 1.000000000000000000, -7.304689455032545322E-14, -0.000000000000000000 ) ) ;
#5203 = EDGE_CURVE ( 'NONE', #3345, #5950, #5253, .T. ) ;
#5204 = DIRECTION ( 'NONE',  ( -0.7071067811865429098, -0.7071067811865522357, 0.000000000000000000 ) ) ;
#5205 = CARTESIAN_POINT ( 'NONE',  ( 14.07568596981395537, 97.00000000000000000, 37.49999999999999289 ) ) ;
#5206 = CARTESIAN_POINT ( 'NONE',  ( 28.98203918293724612, 69.03976747076204390, 5.592396924406900283 ) ) ;
#5207 = CARTESIAN_POINT ( 'NONE',  ( 16.57568596981403175, 97.99999999999981526, -7.500000000000012434 ) ) ;
#5208 = AXIS2_PLACEMENT_3D ( 'NONE', #6078, #3391, #4789 ) ;
#5209 = PLANE ( 'NONE',  #2549 ) ;
#5210 = CARTESIAN_POINT ( 'NONE',  ( 31.05684601508095000, 54.68063868973897712, 20.61305416168668714 ) ) ;
#5211 = DIRECTION ( 'NONE',  ( -0.7071067811865485719, -0.7071067811865464625, 0.000000000000000000 ) ) ;
#5212 = EDGE_LOOP ( 'NONE', ( #6087, #5857, #3300, #1589 ) ) ;
#5213 = VERTEX_POINT ( 'NONE', #4381 ) ;
#5214 = ORIENTED_EDGE ( 'NONE', *, *, #2177, .T. ) ;
#5215 = LINE ( 'NONE', #316, #323 ) ;
#5216 = CARTESIAN_POINT ( 'NONE',  ( 33.17236529535708911, 64.09639633973101525, 13.71651022111635498 ) ) ;
#5217 = CARTESIAN_POINT ( 'NONE',  ( 21.98388383113298872, 74.69772861228430827, 29.34095320188743372 ) ) ;
#5218 = ADVANCED_FACE ( 'NONE', ( #1915 ), #3145, .F. ) ;
#5219 = CARTESIAN_POINT ( 'NONE',  ( 19.07568596981761644, 96.99999999999964473, 7.792893218813435219 ) ) ;
#5220 = DIRECTION ( 'NONE',  ( -0.7071067811865497932, -0.7071067811865452413, 0.000000000000000000 ) ) ;
#5221 = VERTEX_POINT ( 'NONE', #3261 ) ;
#5222 = CARTESIAN_POINT ( 'NONE',  ( 27.64834735253268505, 69.03324727041609776, 29.34099057359306073 ) ) ;
#5223 = EDGE_CURVE ( 'NONE', #1482, #2766, #87, .T. ) ;
#5224 = VERTEX_POINT ( 'NONE', #1446 ) ;
#5225 = CARTESIAN_POINT ( 'NONE',  ( 26.99780412545668540, 53.99923105871543072, 4.495379011352510723 ) ) ;
#5226 = DIRECTION ( 'NONE',  ( -4.054917210356867425E-28, -5.551115123125793746E-15, -1.000000000000000000 ) ) ;
#5227 = DIRECTION ( 'NONE',  ( 1.000000000000000000, 0.000000000000000000, 0.000000000000000000 ) ) ;
#5228 = DIRECTION ( 'NONE',  ( 7.304689455032545322E-14, 1.000000000000000000, -0.000000000000000000 ) ) ;
#5229 = AXIS2_PLACEMENT_3D ( 'NONE', #1491, #4017, #4669 ) ;
#5230 = CARTESIAN_POINT ( 'NONE',  ( 107.3416232708182747, 148.7340626990047667, -2.956439237389595576 ) ) ;
#5231 = ORIENTED_EDGE ( 'NONE', *, *, #239, .F. ) ;
#5232 = ORIENTED_EDGE ( 'NONE', *, *, #5136, .F. ) ;
#5233 = EDGE_LOOP ( 'NONE', ( #3877, #5847, #2445, #1192 ) ) ;
#5234 = CARTESIAN_POINT ( 'NONE',  ( 107.9772977612097122, 148.0983882086133576, 29.00000000000009237 ) ) ;
#5235 = LINE ( 'NONE', #7110, #5083 ) ;
#5236 = ADVANCED_FACE ( 'NONE', ( #867 ), #2986, .T. ) ;
#5237 = CARTESIAN_POINT ( 'NONE',  ( 19.07568596981745301, 94.76393202249987269, 26.49999999999998579 ) ) ;
#5238 = FACE_OUTER_BOUND ( 'NONE', #165, .T. ) ;
#5239 = FACE_OUTER_BOUND ( 'NONE', #6360, .T. ) ;
#5240 = ORIENTED_EDGE ( 'NONE', *, *, #8127, .T. ) ;
#5241 = EDGE_CURVE ( 'NONE', #6607, #402, #3947, .T. ) ;
#5242 = CARTESIAN_POINT ( 'NONE',  ( 19.34410460452265923, 73.46446609406724804, 6.000000000000007105 ) ) ;
#5243 = CARTESIAN_POINT ( 'NONE',  ( 27.84162327081178034, 69.23406269899849974, 38.95643923738960979 ) ) ;
#5244 = CARTESIAN_POINT ( 'NONE',  ( 14.07568596981212927, 71.99999999999897682, -20.00000000000001066 ) ) ;
#5245 = EDGE_CURVE ( 'NONE', #5688, #1632, #1576, .T. ) ;
#5246 = DIRECTION ( 'NONE',  ( -1.000000000000000000, 6.938893903907222067E-14, 0.000000000000000000 ) ) ;
#5247 = VERTEX_POINT ( 'NONE', #1375 ) ;
#5248 = CARTESIAN_POINT ( 'NONE',  ( 12.98014357384371564, 74.17157287525380127, 24.49999999999996447 ) ) ;
#5249 = CARTESIAN_POINT ( 'NONE',  ( 69.07568596982035558, 184.4999999999949694, 41.24999999999997868 ) ) ;
#5250 = VERTEX_POINT ( 'NONE', #2789 ) ;
#5251 = ORIENTED_EDGE ( 'NONE', *, *, #2210, .F. ) ;
#5252 = CIRCLE ( 'NONE', #1707, 0.7500000000000006661 ) ;
#5253 = CIRCLE ( 'NONE', #4603, 3.750000000000003553 ) ;
#5254 = ORIENTED_EDGE ( 'NONE', *, *, #6901, .F. ) ;
#5255 = FACE_OUTER_BOUND ( 'NONE', #222, .T. ) ;
#5256 = CARTESIAN_POINT ( 'NONE',  ( 27.30912773003690219, 59.18313233440371590, 5.581587188266853516 ) ) ;
#5257 = CARTESIAN_POINT ( 'NONE',  ( 22.09333912536491340, 76.33428104584029938, 28.91884820712121140 ) ) ;
#5258 = CARTESIAN_POINT ( 'NONE',  ( 21.46542494808230117, 82.65685424949234061, 16.25000000000000711 ) ) ;
#5259 = CARTESIAN_POINT ( 'NONE',  ( 12.44981348795380427, 74.70190296114371620, 11.25000000000001066 ) ) ;
#5260 = EDGE_CURVE ( 'NONE', #7414, #1312, #2707, .T. ) ;
#5261 = VERTEX_POINT ( 'NONE', #3976 ) ;
#5262 = CARTESIAN_POINT ( 'NONE',  ( 28.68418407502775835, 68.81998981679348049, 29.00443305426228591 ) ) ;
#5263 = ORIENTED_EDGE ( 'NONE', *, *, #1485, .F. ) ;
#5264 = CARTESIAN_POINT ( 'NONE',  ( 30.99794598762790798, 59.60771481177059172, 15.15121243655954331 ) ) ;
#5265 = CARTESIAN_POINT ( 'NONE',  ( 20.93509486219238624, 82.12652416360242569, 16.25000000000000711 ) ) ;
#5266 = AXIS2_PLACEMENT_3D ( 'NONE', #7368, #4753, #3521 ) ;
#5267 = DIRECTION ( 'NONE',  ( 1.000000000000000000, -7.304689455032544060E-14, 0.000000000000000000 ) ) ;
#5268 = LINE ( 'NONE', #6653, #2500 ) ;
#5269 = AXIS2_PLACEMENT_3D ( 'NONE', #4982, #6394, #4522 ) ;
#5270 = EDGE_CURVE ( 'NONE', #484, #6112, #4213, .T. ) ;
#5271 = CARTESIAN_POINT ( 'NONE',  ( 30.30799606450062811, 55.42950682222375747, 24.50820457179368006 ) ) ;
#5272 = EDGE_CURVE ( 'NONE', #1911, #6946, #2120, .T. ) ;
#5273 = VERTEX_POINT ( 'NONE', #6504 ) ;
#5274 = ORIENTED_EDGE ( 'NONE', *, *, #4221, .T. ) ;
#5275 = DIRECTION ( 'NONE',  ( 1.000000000000000000, 0.000000000000000000, -3.700743415417188139E-16 ) ) ;
#5276 = CARTESIAN_POINT ( 'NONE',  ( 18.07568596981745301, 94.76393202249992953, 7.499999999999987566 ) ) ;
#5277 = LINE ( 'NONE', #4057, #4658 ) ;
#5278 = VERTEX_POINT ( 'NONE', #5283 ) ;
#5279 = DIRECTION ( 'NONE',  ( 0.7071067811865464625, -0.7071067811865486830, 0.000000000000000000 ) ) ;
#5280 = ORIENTED_EDGE ( 'NONE', *, *, #5663, .F. ) ;
#5281 = LINE ( 'NONE', #914, #5986 ) ;
#5282 = DIRECTION ( 'NONE',  ( 8.659560562354947649E-17, 8.659560562354919300E-17, 1.000000000000000000 ) ) ;
#5283 = CARTESIAN_POINT ( 'NONE',  ( 25.07568596981337805, 88.99999999999815259, -17.49999999999999645 ) ) ;
#5284 = CARTESIAN_POINT ( 'NONE',  ( 28.74666122769171039, 68.96081460030468691, 5.530963529840377646 ) ) ;
#5285 = LINE ( 'NONE', #1420, #6284 ) ;
#5286 = CARTESIAN_POINT ( 'NONE',  ( 12.98014357384371742, 74.17157287525380127, 11.25000000000001066 ) ) ;
#5287 = CARTESIAN_POINT ( 'NONE',  ( 19.07568596981395714, 96.99999999999964473, -7.500000000000012434 ) ) ;
#5288 = LINE ( 'NONE', #6633, #7815 ) ;
#5289 = ORIENTED_EDGE ( 'NONE', *, *, #7280, .T. ) ;
#5290 = DIRECTION ( 'NONE',  ( 0.7071067811865464625, -0.7071067811865484609, 0.000000000000000000 ) ) ;
#5291 = DIRECTION ( 'NONE',  ( 0.7071067811865440200, -0.7071067811865510144, 4.625929269271464023E-15 ) ) ;
#5292 = ORIENTED_EDGE ( 'NONE', *, *, #2302, .T. ) ;
#5293 = ORIENTED_EDGE ( 'NONE', *, *, #3656, .T. ) ;
#5294 = ORIENTED_EDGE ( 'NONE', *, *, #1309, .T. ) ;
#5295 = DIRECTION ( 'NONE',  ( 0.000000000000000000, 0.000000000000000000, 1.000000000000000000 ) ) ;
#5296 = EDGE_CURVE ( 'NONE', #6682, #5372, #5121, .T. ) ;
#5297 = CARTESIAN_POINT ( 'NONE',  ( 29.73719776118295144, 60.42281131895544632, 8.984498839695948647 ) ) ;
#5298 = CARTESIAN_POINT ( 'NONE',  ( 28.03166606860089161, 69.04401990120939558, 38.95643923738960979 ) ) ;
#5299 = AXIS2_PLACEMENT_3D ( 'NONE', #6293, #7674, #1362 ) ;
#5300 = CARTESIAN_POINT ( 'NONE',  ( 31.04238797642958403, 54.69511491029479799, 21.23269176100645694 ) ) ;
#5301 = ORIENTED_EDGE ( 'NONE', *, *, #2696, .F. ) ;
#5302 = DIRECTION ( 'NONE',  ( 0.7071067811865487940, 0.7071067811865464625, -0.000000000000000000 ) ) ;
#5303 = VECTOR ( 'NONE', #5967, 1000.000000000000000 ) ;
#5304 = CARTESIAN_POINT ( 'NONE',  ( 29.07673628346770656, 68.98289679876266689, 28.93406798346034137 ) ) ;
#5305 = EDGE_CURVE ( 'NONE', #6358, #6178, #6073, .T. ) ;
#5306 = VERTEX_POINT ( 'NONE', #832 ) ;
#5307 = CARTESIAN_POINT ( 'NONE',  ( 16.57568596981414188, 99.49999999999982947, -5.000000000000013323 ) ) ;
#5308 = DIRECTION ( 'NONE',  ( 0.000000000000000000, 0.000000000000000000, 1.000000000000000000 ) ) ;
#5309 = CARTESIAN_POINT ( 'NONE',  ( 9.030010948883036903, 76.81199078421762749, 31.16840534892065406 ) ) ;
#5310 = LINE ( 'NONE', #6617, #280 ) ;
#5311 = AXIS2_PLACEMENT_3D ( 'NONE', #6792, #5571, #6207 ) ;
#5312 = CARTESIAN_POINT ( 'NONE',  ( 22.18476902131943262, 76.30513051086394682, 5.624398317528540581 ) ) ;
#5313 = AXIS2_PLACEMENT_3D ( 'NONE', #7440, #6747, #1740 ) ;
#5314 = ORIENTED_EDGE ( 'NONE', *, *, #6992, .F. ) ;
#5315 = ORIENTED_EDGE ( 'NONE', *, *, #4293, .T. ) ;
#5316 = AXIS2_PLACEMENT_3D ( 'NONE', #4410, #6401, #6321 ) ;
#5317 = AXIS2_PLACEMENT_3D ( 'NONE', #1763, #6018, #5977 ) ;
#5318 = EDGE_CURVE ( 'NONE', #3218, #6683, #7084, .T. ) ;
#5319 = DIRECTION ( 'NONE',  ( -0.7071067811865521247, -0.7071067811865429098, -0.000000000000000000 ) ) ;
#5320 = CARTESIAN_POINT ( 'NONE',  ( 18.78279275100420165, 97.49999999999965894, 27.49999999999998579 ) ) ;
#5321 = EDGE_LOOP ( 'NONE', ( #1352, #3185, #8141 ) ) ;
#5322 = AXIS2_PLACEMENT_3D ( 'NONE', #7430, #6738, #1778 ) ;
#5323 = VERTEX_POINT ( 'NONE', #5920 ) ;
#5324 = FACE_OUTER_BOUND ( 'NONE', #3353, .T. ) ;
#5325 = LINE ( 'NONE', #6465, #3099 ) ;
#5326 = EDGE_CURVE ( 'NONE', #742, #7457, #2178, .T. ) ;
#5327 = DIRECTION ( 'NONE',  ( 0.7071067811865486830, 0.7071067811865463515, 0.000000000000000000 ) ) ;
#5328 = CARTESIAN_POINT ( 'NONE',  ( 19.07568596981765552, 97.49999999999964473, 26.49999999999998579 ) ) ;
#5329 = CARTESIAN_POINT ( 'NONE',  ( 26.56927138307881719, 58.22226745524353930, 30.17401005869498576 ) ) ;
#5330 = CIRCLE ( 'NONE', #6000, 0.9999999999999991118 ) ;
#5331 = CARTESIAN_POINT ( 'NONE',  ( 19.07568596982382658, 181.9999999999986073, 6.499999999999983125 ) ) ;
#5332 = VERTEX_POINT ( 'NONE', #5881 ) ;
#5333 = CARTESIAN_POINT ( 'NONE',  ( 34.19334700944013861, 67.10050506338828313, 16.25000000000000711 ) ) ;
#5334 = CARTESIAN_POINT ( 'NONE',  ( 58.04015206387929027, 70.53553390592851713, -17.50000000000002487 ) ) ;
#5335 = ORIENTED_EDGE ( 'NONE', *, *, #5453, .T. ) ;
#5336 = ORIENTED_EDGE ( 'NONE', *, *, #6241, .F. ) ;
#5337 = ORIENTED_EDGE ( 'NONE', *, *, #4672, .F. ) ;
#5338 = EDGE_CURVE ( 'NONE', #4033, #2807, #4555, .T. ) ;
#5339 = CARTESIAN_POINT ( 'NONE',  ( 30.65781310350739375, 63.56497115745555959, 13.00000000000001066 ) ) ;
#5340 = CARTESIAN_POINT ( 'NONE',  ( 32.58673151044641259, 66.99999999999761258, -0.4990354650661281699 ) ) ;
#5341 = CARTESIAN_POINT ( 'NONE',  ( 18.78279275100400270, 94.76393202249988690, 7.499999999999986677 ) ) ;
#5342 = DIRECTION ( 'NONE',  ( 0.7071067811865499042, 0.7071067811865451302, 0.000000000000000000 ) ) ;
#5343 = EDGE_CURVE ( 'NONE', #7901, #777, #3032, .T. ) ;
#5344 = ORIENTED_EDGE ( 'NONE', *, *, #2217, .T. ) ;
#5345 = CARTESIAN_POINT ( 'NONE',  ( 29.96855248292592577, 66.99999999999781153, -2.777973736280840100 ) ) ;
#5346 = DIRECTION ( 'NONE',  ( -0.7071067811865486830, -0.7071067811865463515, -0.000000000000000000 ) ) ;
#5347 = VERTEX_POINT ( 'NONE', #2748 ) ;
#5348 = CARTESIAN_POINT ( 'NONE',  ( 29.82371857293468054, 55.91378431378969793, 9.338325956869713451 ) ) ;
#5349 = CARTESIAN_POINT ( 'NONE',  ( 69.07568596981194275, 69.49999999999495515, 47.49999999999999289 ) ) ;
#5350 = DIRECTION ( 'NONE',  ( 0.7071067811865451302, 0.7071067811865497932, 0.000000000000000000 ) ) ;
#5351 = CYLINDRICAL_SURFACE ( 'NONE', #7114, 10.00000000000000000 ) ;
#5352 = CARTESIAN_POINT ( 'NONE',  ( 15.80857069858991970, 69.92893218813452449, 6.000000000000007994 ) ) ;
#5353 = CARTESIAN_POINT ( 'NONE',  ( 21.93829141299524821, 75.90222133578598118, 29.43810653777204678 ) ) ;
#5354 = VERTEX_POINT ( 'NONE', #7161 ) ;
#5355 = VERTEX_POINT ( 'NONE', #7647 ) ;
#5356 = ORIENTED_EDGE ( 'NONE', *, *, #2089, .T. ) ;
#5357 = CARTESIAN_POINT ( 'NONE',  ( 29.20880544826505343, 69.18703131407869478, 29.37560247394339186 ) ) ;
#5358 = CARTESIAN_POINT ( 'NONE',  ( 27.94245306601595047, 69.14563021714995728, 5.187756169511224869 ) ) ;
#5359 = LINE ( 'NONE', #7802, #6118 ) ;
#5360 = LINE ( 'NONE', #7887, #5434 ) ;
#5361 = PLANE ( 'NONE',  #8075 ) ;
#5362 = ORIENTED_EDGE ( 'NONE', *, *, #6610, .F. ) ;
#5363 = EDGE_CURVE ( 'NONE', #5866, #1144, #57, .T. ) ;
#5364 = DIRECTION ( 'NONE',  ( -1.000000000000000000, 7.304689455032545322E-14, 0.000000000000000000 ) ) ;
#5365 = CARTESIAN_POINT ( 'NONE',  ( 11.74270670676723682, 73.99479617995717717, 18.74999999999996803 ) ) ;
#5366 = CARTESIAN_POINT ( 'NONE',  ( 21.74567314756297520, 75.28294579714530244, 5.872265801651312955 ) ) ;
#5367 = CARTESIAN_POINT ( 'NONE',  ( 27.12227919757465244, 60.02943725152283605, 11.25000000000001066 ) ) ;
#5368 = ORIENTED_EDGE ( 'NONE', *, *, #556, .T. ) ;
#5369 = DIRECTION ( 'NONE',  ( -1.000000000000000000, 0.000000000000000000, 0.000000000000000000 ) ) ;
#5370 = EDGE_CURVE ( 'NONE', #7694, #386, #5836, .T. ) ;
#5371 = CARTESIAN_POINT ( 'NONE',  ( -36.17369213578426468, 183.2500000000025864, -6.249999999999954703 ) ) ;
#5372 = VERTEX_POINT ( 'NONE', #5243 ) ;
#5373 = ORIENTED_EDGE ( 'NONE', *, *, #7160, .T. ) ;
#5374 = ORIENTED_EDGE ( 'NONE', *, *, #4897, .F. ) ;
#5375 = DIRECTION ( 'NONE',  ( -0.7071067811865463515, 5.165195448115371329E-14, 0.7071067811865487940 ) ) ;
#5376 = CARTESIAN_POINT ( 'NONE',  ( 34.06102209660779323, 66.99999999999749889, 11.64276231834954345 ) ) ;
#5377 = LINE ( 'NONE', #4726, #4939 ) ;
#5378 = LINE ( 'NONE', #6099, #2311 ) ;
#5379 = ORIENTED_EDGE ( 'NONE', *, *, #4706, .F. ) ;
#5380 = FACE_OUTER_BOUND ( 'NONE', #697, .T. ) ;
#5381 = CARTESIAN_POINT ( 'NONE',  ( 28.05780737521000745, 69.06981911936831864, 29.75181660712290466 ) ) ;
#5382 = ORIENTED_EDGE ( 'NONE', *, *, #1705, .F. ) ;
#5383 = CARTESIAN_POINT ( 'NONE',  ( 30.58133797857012937, 55.15616490815425266, 11.30210270564355035 ) ) ;
#5384 = DIRECTION ( 'NONE',  ( -0.7071067811865475727, -0.7071067811865475727, -0.000000000000000000 ) ) ;
#5385 = EDGE_CURVE ( 'NONE', #3323, #5306, #3153, .T. ) ;
#5386 = PLANE ( 'NONE',  #3576 ) ;
#5387 = DIRECTION ( 'NONE',  ( 0.7071067811865427988, -0.7071067811865521247, 0.000000000000000000 ) ) ;
#5388 = DIRECTION ( 'NONE',  ( -0.7071067811865521247, -0.7071067811865429098, 0.000000000000000000 ) ) ;
#5389 = VERTEX_POINT ( 'NONE', #1541 ) ;
#5390 = ORIENTED_EDGE ( 'NONE', *, *, #7072, .T. ) ;
#5391 = CIRCLE ( 'NONE', #3701, 1.500000000000001332 ) ;
#5392 = ORIENTED_EDGE ( 'NONE', *, *, #1977, .F. ) ;
#5393 = CARTESIAN_POINT ( 'NONE',  ( 108.0487300520048422, 148.0269559178182135, 29.37560168247148695 ) ) ;
#5394 = ADVANCED_FACE ( 'NONE', ( #5158 ), #3897, .T. ) ;
#5395 = CARTESIAN_POINT ( 'NONE',  ( 13.96652607028783066, 76.99999999999997158, -2.123000312157228731 ) ) ;
#5396 = CARTESIAN_POINT ( 'NONE',  ( 38.67463846798413840, 66.99999999999718625, 24.68059976930049260 ) ) ;
#5397 = CARTESIAN_POINT ( 'NONE',  ( 15.55323089102232537, 66.14579518438162609, 39.32817726488872978 ) ) ;
#5398 = CARTESIAN_POINT ( 'NONE',  ( 18.78279275100420165, 97.49999999999965894, 27.49999999999998579 ) ) ;
#5399 = VERTEX_POINT ( 'NONE', #4507 ) ;
#5400 = CARTESIAN_POINT ( 'NONE',  ( 20.05121138570918049, 81.24264068711926257, 18.74999999999996447 ) ) ;
#5401 = VECTOR ( 'NONE', #659, 1000.000000000000000 ) ;
#5402 = CARTESIAN_POINT ( 'NONE',  ( 24.35062626707965805, 66.98137873780956397, 40.16656659690436726 ) ) ;
#5403 = LINE ( 'NONE', #1622, #7606 ) ;
#5404 = CARTESIAN_POINT ( 'NONE',  ( 19.07568596981745301, 94.76393202249987269, 26.49999999999998579 ) ) ;
#5405 = ORIENTED_EDGE ( 'NONE', *, *, #7171, .T. ) ;
#5406 = DIRECTION ( 'NONE',  ( -1.000000000000000000, 7.304689455032544060E-14, -4.491929903855392720E-45 ) ) ;
#5407 = CARTESIAN_POINT ( 'NONE',  ( 24.49901706655689537, 65.51086942503695809, -0.7086307204999018339 ) ) ;
#5408 = VERTEX_POINT ( 'NONE', #7687 ) ;
#5409 = ORIENTED_EDGE ( 'NONE', *, *, #2764, .T. ) ;
#5410 = EDGE_LOOP ( 'NONE', ( #7131, #2189, #2048 ) ) ;
#5411 = LINE ( 'NONE', #6725, #709 ) ;
#5412 = CARTESIAN_POINT ( 'NONE',  ( 18.07568596982382658, 181.9999999999986642, 7.499999999999987566 ) ) ;
#5413 = EDGE_CURVE ( 'NONE', #2618, #6742, #8038, .T. ) ;
#5414 = CARTESIAN_POINT ( 'NONE',  ( 12.27303679265714997, 73.46446609406726225, 19.49999999999996447 ) ) ;
#5415 = ORIENTED_EDGE ( 'NONE', *, *, #4662, .F. ) ;
#5416 = DIRECTION ( 'NONE',  ( -0.7071067811865566766, -0.7071067811865383579, -0.000000000000000000 ) ) ;
#5417 = DIRECTION ( 'NONE',  ( 0.7071067811865566766, 0.7071067811865383579, -1.734723475976796642E-15 ) ) ;
#5418 = EDGE_LOOP ( 'NONE', ( #7551, #2916, #6982 ) ) ;
#5419 = DIRECTION ( 'NONE',  ( 7.304689455032545322E-14, 1.000000000000000000, -0.000000000000000000 ) ) ;
#5420 = DIRECTION ( 'NONE',  ( -0.000000000000000000, -0.000000000000000000, -1.000000000000000000 ) ) ;
#5421 = CIRCLE ( 'NONE', #6106, 0.7499999999999997780 ) ;
#5422 = EDGE_CURVE ( 'NONE', #3181, #6701, #6055, .T. ) ;
#5423 = DIRECTION ( 'NONE',  ( -0.7071067811865486830, -0.7071067811865464625, 0.000000000000000000 ) ) ;
#5424 = DIRECTION ( 'NONE',  ( 0.7071067811865464625, -0.7071067811865486830, 0.000000000000000000 ) ) ;
#5425 = CYLINDRICAL_SURFACE ( 'NONE', #1263, 0.9999999999999974465 ) ;
#5426 = DIRECTION ( 'NONE',  ( 7.304689455032545322E-14, 1.000000000000000000, -0.000000000000000000 ) ) ;
#5427 = CONICAL_SURFACE ( 'NONE', #3469, 13.00000000000001243, 1.047197551196592746 ) ;
#5428 = ORIENTED_EDGE ( 'NONE', *, *, #6873, .F. ) ;
#5429 = VERTEX_POINT ( 'NONE', #6830 ) ;
#5430 = ORIENTED_EDGE ( 'NONE', *, *, #245, .T. ) ;
#5431 = CARTESIAN_POINT ( 'NONE',  ( 15.57568596981403175, 97.99999999999988631, 39.99999999999999289 ) ) ;
#5432 = EDGE_CURVE ( 'NONE', #484, #777, #6242, .T. ) ;
#5433 = DIRECTION ( 'NONE',  ( 7.317379025938529564E-14, 1.000000000000000000, -0.000000000000000000 ) ) ;
#5434 = VECTOR ( 'NONE', #6669, 999.9999999999998863 ) ;
#5435 = VECTOR ( 'NONE', #384, 1000.000000000000000 ) ;
#5436 = LINE ( 'NONE', #3714, #5677 ) ;
#5437 = CARTESIAN_POINT ( 'NONE',  ( 25.07568596981316134, 86.26711527122321854, 25.00000000000001066 ) ) ;
#5438 = CARTESIAN_POINT ( 'NONE',  ( 31.05684214402802823, 54.68066074269499666, 20.43833178354072189 ) ) ;
#5439 = LINE ( 'NONE', #516, #6117 ) ;
#5440 = ADVANCED_FACE ( 'NONE', ( #4297, #1240, #588, #1119, #8053, #6745, #1862 ), #2936, .F. ) ;
#5441 = ORIENTED_EDGE ( 'NONE', *, *, #3673, .T. ) ;
#5442 = VECTOR ( 'NONE', #2193, 1000.000000000000000 ) ;
#5443 = CARTESIAN_POINT ( 'NONE',  ( 25.07568596982016373, 181.9999999999981242, 41.25000000000002842 ) ) ;
#5444 = AXIS2_PLACEMENT_3D ( 'NONE', #1097, #7906, #6766 ) ;
#5445 = CARTESIAN_POINT ( 'NONE',  ( 31.05578062022171792, 54.68470067653637301, 14.38720093172690717 ) ) ;
#5446 = FACE_OUTER_BOUND ( 'NONE', #4621, .T. ) ;
#5447 = VECTOR ( 'NONE', #7379, 1000.000000000000000 ) ;
#5448 = FACE_OUTER_BOUND ( 'NONE', #2910, .T. ) ;
#5449 = AXIS2_PLACEMENT_3D ( 'NONE', #2243, #4738, #7269 ) ;
#5450 = FACE_OUTER_BOUND ( 'NONE', #1981, .T. ) ;
#5451 = ORIENTED_EDGE ( 'NONE', *, *, #6119, .T. ) ;
#5452 = CARTESIAN_POINT ( 'NONE',  ( 12.27303679265717662, 73.46446609406726225, 10.00000000000000711 ) ) ;
#5453 = EDGE_CURVE ( 'NONE', #4627, #5971, #4872, .T. ) ;
#5454 = CARTESIAN_POINT ( 'NONE',  ( 9.219091636549201496, 74.05426520897773912, 31.68498584437628907 ) ) ;
#5455 = EDGE_LOOP ( 'NONE', ( #1234, #2968, #6113, #2834 ) ) ;
#5456 = ORIENTED_EDGE ( 'NONE', *, *, #550, .T. ) ;
#5457 = ORIENTED_EDGE ( 'NONE', *, *, #4897, .T. ) ;
#5458 = AXIS2_PLACEMENT_3D ( 'NONE', #2785, #4061, #6672 ) ;
#5459 = DIRECTION ( 'NONE',  ( -0.7071067811865427988, 0.7071067811865521247, 0.000000000000000000 ) ) ;
#5460 = CARTESIAN_POINT ( 'NONE',  ( 21.08638874345854575, 66.99999999999846523, 1.984836244827963503 ) ) ;
#5461 = FACE_OUTER_BOUND ( 'NONE', #3309, .T. ) ;
#5462 = CARTESIAN_POINT ( 'NONE',  ( 14.07568596981173314, 66.49599194091653942, 39.82093846692243488 ) ) ;
#5463 = PLANE ( 'NONE',  #2701 ) ;
#5464 = AXIS2_PLACEMENT_3D ( 'NONE', #2724, #1516, #5511 ) ;
#5465 = ORIENTED_EDGE ( 'NONE', *, *, #5687, .F. ) ;
#5466 = CARTESIAN_POINT ( 'NONE',  ( 33.39300471864179798, 66.99999999999755573, 0.3748673804124125764 ) ) ;
#5467 = EDGE_CURVE ( 'NONE', #4457, #3056, #6864, .T. ) ;
#5468 = CARTESIAN_POINT ( 'NONE',  ( 21.97968694183300542, 75.18818232177872574, 29.71182418701540939 ) ) ;
#5469 = ORIENTED_EDGE ( 'NONE', *, *, #3286, .T. ) ;
#5470 = CARTESIAN_POINT ( 'NONE',  ( 31.47427578723369734, 61.02646056936900720, 15.45073652457067404 ) ) ;
#5471 = DIRECTION ( 'NONE',  ( 0.7071067811865486830, 0.7071067811865464625, 0.000000000000000000 ) ) ;
#5472 = AXIS2_PLACEMENT_3D ( 'NONE', #1501, #266, #4025 ) ;
#5473 = CARTESIAN_POINT ( 'NONE',  ( 21.89187580250594678, 75.59802372967745043, 38.66354601857617013 ) ) ;
#5474 = CARTESIAN_POINT ( 'NONE',  ( 104.5131961460721044, 151.5624898237509797, 17.50000000000000711 ) ) ;
#5475 = LINE ( 'NONE', #6026, #3767 ) ;
#5476 = VECTOR ( 'NONE', #1963, 1000.000000000000000 ) ;
#5477 = VECTOR ( 'NONE', #5131, 1000.000000000000000 ) ;
#5478 = CARTESIAN_POINT ( 'NONE',  ( 21.97938173081741198, 76.00745329672815842, 29.41270160359439245 ) ) ;
#5479 = EDGE_CURVE ( 'NONE', #133, #6333, #5436, .T. ) ;
#5480 = EDGE_CURVE ( 'NONE', #838, #1508, #2328, .T. ) ;
#5481 = ORIENTED_EDGE ( 'NONE', *, *, #7643, .F. ) ;
#5482 = ORIENTED_EDGE ( 'NONE', *, *, #8136, .F. ) ;
#5483 = ORIENTED_EDGE ( 'NONE', *, *, #5780, .T. ) ;
#5484 = CARTESIAN_POINT ( 'NONE',  ( 27.84162327081178034, 69.23406269899851395, -3.956439237389593355 ) ) ;
#5485 = B_SPLINE_CURVE_WITH_KNOTS ( 'NONE', 1,
 ( #5510, #1142 ),
 .UNSPECIFIED., .F., .F.,
 ( 2, 2 ),
 ( 0.000000000000000000, 1.000000000000000000 ),
 .UNSPECIFIED. ) ;
#5486 = CARTESIAN_POINT ( 'NONE',  ( 24.07568596981249698, 76.99999999999823785, -20.00000000000001066 ) ) ;
#5487 = LINE ( 'NONE', #4215, #3468 ) ;
#5488 = CARTESIAN_POINT ( 'NONE',  ( 69.07568596981212750, 71.99999999999495515, 54.99999999999998579 ) ) ;
#5489 = CARTESIAN_POINT ( 'NONE',  ( 9.330997470308959763, 77.00000000000000000, 3.723480056188120724 ) ) ;
#5490 = ORIENTED_EDGE ( 'NONE', *, *, #4520, .T. ) ;
#5491 = ORIENTED_EDGE ( 'NONE', *, *, #5272, .F. ) ;
#5492 = VECTOR ( 'NONE', #141, 1000.000000000000000 ) ;
#5493 = LINE ( 'NONE', #8020, #303 ) ;
#5494 = DIRECTION ( 'NONE',  ( -0.7071067811865462405, 0.7071067811865489050, 1.635512977795595925E-15 ) ) ;
#5495 = EDGE_CURVE ( 'NONE', #283, #4378, #1196, .T. ) ;
#5496 = LINE ( 'NONE', #4103, #1681 ) ;
#5497 = DIRECTION ( 'NONE',  ( -0.7071067811865429098, -0.7071067811865522357, 0.000000000000000000 ) ) ;
#5498 = DIRECTION ( 'NONE',  ( 0.7071067811865451302, 0.7071067811865497932, 0.000000000000000000 ) ) ;
#5499 = ORIENTED_EDGE ( 'NONE', *, *, #5809, .F. ) ;
#5500 = ADVANCED_FACE ( 'NONE', ( #514 ), #3061, .T. ) ;
#5501 = DIRECTION ( 'NONE',  ( 7.304689455032545322E-14, 1.000000000000000000, -0.000000000000000000 ) ) ;
#5502 = CARTESIAN_POINT ( 'NONE',  ( 28.52026104440615484, 68.94154628370021953, 5.452702042946973471 ) ) ;
#5503 = CARTESIAN_POINT ( 'NONE',  ( 20.93509486219238624, 82.12652416360242569, 18.74999999999996803 ) ) ;
#5504 = CARTESIAN_POINT ( 'NONE',  ( 9.098608463375793320, 72.60102698617221506, 31.90889290640604870 ) ) ;
#5505 = ORIENTED_EDGE ( 'NONE', *, *, #666, .F. ) ;
#5506 = VERTEX_POINT ( 'NONE', #5565 ) ;
#5507 = CARTESIAN_POINT ( 'NONE',  ( 34.90848807885372906, 71.99999999999745626, 6.952214327184852216 ) ) ;
#5508 = CARTESIAN_POINT ( 'NONE',  ( 69.07568596981211329, 71.99999999999495515, 49.99999999999998579 ) ) ;
#5509 = LINE ( 'NONE', #7417, #1126 ) ;
#5510 = CARTESIAN_POINT ( 'NONE',  ( 22.08943053473157647, 74.57800714461485825, 5.606426079949049956 ) ) ;
#5511 = DIRECTION ( 'NONE',  ( 7.285838599102583486E-14, 1.000000000000000000, 0.000000000000000000 ) ) ;
#5512 = LINE ( 'NONE', #448, #910 ) ;
#5513 = ORIENTED_EDGE ( 'NONE', *, *, #125, .T. ) ;
#5514 = DIRECTION ( 'NONE',  ( 0.01539667640980871451, -0.05864630660528254158, -0.9981600838929048924 ) ) ;
#5515 = CARTESIAN_POINT ( 'NONE',  ( 29.04038200181980756, 69.06973932618753054, 29.39625021755711032 ) ) ;
#5516 = CARTESIAN_POINT ( 'NONE',  ( 14.07568596981176334, 66.99999999999897682, 54.99999999999998579 ) ) ;
#5517 = CARTESIAN_POINT ( 'NONE',  ( 26.41517241638810987, 59.32233047033627571, 24.49999999999996447 ) ) ;
#5518 = CARTESIAN_POINT ( 'NONE',  ( 25.07568596982052256, 186.9999999999981810, -2.499999999999994227 ) ) ;
#5519 = CARTESIAN_POINT ( 'NONE',  ( 19.07568596982016373, 181.9999999999986073, -2.500000000000012434 ) ) ;
#5520 = EDGE_CURVE ( 'NONE', #7482, #5737, #930, .T. ) ;
#5521 = CARTESIAN_POINT ( 'NONE',  ( 21.90461702709063729, 75.76004277058056857, 29.48022422437209400 ) ) ;
#5522 = ORIENTED_EDGE ( 'NONE', *, *, #2165, .F. ) ;
#5523 = EDGE_LOOP ( 'NONE', ( #6937, #7560, #6443 ) ) ;
#5524 =( BOUNDED_SURFACE ( )  B_SPLINE_SURFACE ( 3, 2, ( 
 ( #1135, #4229, #4847 ),
 ( #3657, #562, #7374 ),
 ( #437, #4312, #6181 ),
 ( #2953, #4969, #605 ),
 ( #3116, #4802, #7986 ),
 ( #8110, #4272, #5633 ),
 ( #527, #8030, #6759 ),
 ( #1045, #2383, #3075 ),
 ( #6844, #1089, #3038 ),
 ( #7332, #3694, #8067 ),
 ( #487, #2464, #2421 ),
 ( #1673, #7491, #7412 ),
 ( #6721, #3569, #3003 ),
 ( #6090, #7456, #6219 ),
 ( #4351, #6880, #7564 ),
 ( #6915, #2660, #6378 ),
 ( #7526, #5789, #7082 ),
 ( #136, #7644, #7608 ),
 ( #2003, #6958, #1924 ),
 ( #2537, #1372, #1964 ),
 ( #2621, #4504, #5832 ),
 ( #673, #5080, #3847 ),
 ( #1415, #17, #6464 ),
 ( #3187, #712, #1257 ),
 ( #1333, #4387, #2049 ),
 ( #3152, #3774, #3313 ) ),
 .UNSPECIFIED., .F., .F., .T. ) 
 B_SPLINE_SURFACE_WITH_KNOTS ( ( 4, 2, 2, 2, 2, 2, 2, 2, 2, 2, 2, 2, 4 ),
 ( 3, 3 ),
 ( 0.007180553946472983430, 0.01029599994932668509, 0.01341144595218038589, 0.01496916895360723629, 0.01652689195503408842, 0.01964233795788778922, 0.02120006095931464135, 0.02275778396074149001, 0.02587322996359519428, 0.02743095296502204294, 0.02898867596644889508, 0.03054639896787574721, 0.03210412196930259587 ),
 ( 0.000000000000000000, 1.000000000000000000 ),
 .UNSPECIFIED. ) 
 GEOMETRIC_REPRESENTATION_ITEM ( )  RATIONAL_B_SPLINE_SURFACE ( (
 ( 1.000000000000000000, 0.6869881837967285465, 1.000000000000000000),
 ( 1.000000000000000000, 0.6879632523690094592, 1.000000000000000000),
 ( 1.000000000000000000, 0.6891670571843317994, 1.000000000000000000),
 ( 1.000000000000000000, 0.6922966048813774531, 1.000000000000000000),
 ( 1.000000000000000000, 0.6942158272684562093, 1.000000000000000000),
 ( 1.000000000000000000, 0.6979703581824681091, 1.000000000000000000),
 ( 1.000000000000000000, 0.6993735756856802599, 1.000000000000000000),
 ( 1.000000000000000000, 0.7025504637937944885, 1.000000000000000000),
 ( 1.000000000000000000, 0.7043129764204307808, 1.000000000000000000),
 ( 1.000000000000000000, 0.7102618118936870895, 1.000000000000000000),
 ( 1.000000000000000000, 0.7150900523761957173, 1.000000000000000000),
 ( 1.000000000000000000, 0.7244652725858006237, 1.000000000000000000),
 ( 1.000000000000000000, 0.7279502913674834597, 1.000000000000000000),
 ( 1.000000000000000000, 0.7358451494072487664, 1.000000000000000000),
 ( 1.000000000000000000, 0.7402732780093160825, 1.000000000000000000),
 ( 1.000000000000000000, 0.7551611000857800793, 1.000000000000000000),
 ( 1.000000000000000000, 0.7672291721856705493, 1.000000000000000000),
 ( 1.000000000000000000, 0.7897741889290997852, 1.000000000000000000),
 ( 1.000000000000000000, 0.7980301441924738670, 1.000000000000000000),
 ( 1.000000000000000000, 0.8161056948478356832, 1.000000000000000000),
 ( 1.000000000000000000, 0.8259318733504047438, 1.000000000000000000),
 ( 1.000000000000000000, 0.8469783210287772368, 1.000000000000000000),
 ( 1.000000000000000000, 0.8582209402616771676, 1.000000000000000000),
 ( 1.000000000000000000, 0.8813313137119593854, 1.000000000000000000),
 ( 1.000000000000000000, 0.8931984168306085214, 1.000000000000000000),
 ( 1.000000000000000000, 0.9047235883038198256, 1.000000000000000000) ) ) 
 REPRESENTATION_ITEM ( '' )  SURFACE ( )  );
#5525 = ORIENTED_EDGE ( 'NONE', *, *, #6554, .F. ) ;
#5526 = CARTESIAN_POINT ( 'NONE',  ( 28.80481872720238457, 68.97396741327315794, 29.45158786448179811 ) ) ;
#5527 = AXIS2_PLACEMENT_3D ( 'NONE', #2492, #6949, #3803 ) ;
#5528 = CARTESIAN_POINT ( 'NONE',  ( 27.65260928346456737, 60.55976733741274387, 11.25000000000001066 ) ) ;
#5529 = ADVANCED_FACE ( 'NONE', ( #2987 ), #2367, .T. ) ;
#5530 = CARTESIAN_POINT ( 'NONE',  ( 31.01508238083838975, 54.71664294231300119, 21.54678931897517202 ) ) ;
#5531 = CARTESIAN_POINT ( 'NONE',  ( 32.07202666588049311, 64.97918471982865185, 13.75000000000001066 ) ) ;
#5532 = ORIENTED_EDGE ( 'NONE', *, *, #5916, .F. ) ;
#5533 = CARTESIAN_POINT ( 'NONE',  ( 26.41517241638810631, 59.32233047033628992, 21.24999999999996803 ) ) ;
#5534 = CARTESIAN_POINT ( 'NONE',  ( 31.05684601508093934, 54.68063868973899844, 14.38694583831348339 ) ) ;
#5535 = CARTESIAN_POINT ( 'NONE',  ( 28.48666355389587324, 68.94256525382833445, 29.56009555222811969 ) ) ;
#5536 = EDGE_CURVE ( 'NONE', #2925, #7696, #5643, .T. ) ;
#5537 = AXIS2_PLACEMENT_3D ( 'NONE', #1580, #7932, #2295 ) ;
#5538 = CARTESIAN_POINT ( 'NONE',  ( 21.74110769065351434, 75.54925630787433022, 5.949712648968123574 ) ) ;
#5539 = DIRECTION ( 'NONE',  ( -0.7071067811865463515, -0.7071067811865486830, 0.000000000000000000 ) ) ;
#5540 = CARTESIAN_POINT ( 'NONE',  ( 21.92691328549763696, 75.86093677644005595, 5.550214850273584410 ) ) ;
#5541 = VERTEX_POINT ( 'NONE', #5528 ) ;
#5542 = CARTESIAN_POINT ( 'NONE',  ( 19.07568596981414188, 99.49999999999964473, -5.000000000000013323 ) ) ;
#5543 = CARTESIAN_POINT ( 'NONE',  ( 28.26571162001654614, 68.98190086727316839, 5.347183396558673252 ) ) ;
#5544 = CARTESIAN_POINT ( 'NONE',  ( 30.65781310350739020, 63.56497115745555959, 13.75000000000001066 ) ) ;
#5545 = ORIENTED_EDGE ( 'NONE', *, *, #4640, .T. ) ;
#5546 = ORIENTED_EDGE ( 'NONE', *, *, #8161, .T. ) ;
#5547 = LINE ( 'NONE', #4929, #3748 ) ;
#5548 = DIRECTION ( 'NONE',  ( 0.000000000000000000, 0.000000000000000000, -1.000000000000000000 ) ) ;
#5549 = CARTESIAN_POINT ( 'NONE',  ( 33.44630842338720100, 64.09639633973063155, 18.86740189363034403 ) ) ;
#5550 = DIRECTION ( 'NONE',  ( -1.850371707708594316E-16, -0.000000000000000000, -1.000000000000000000 ) ) ;
#5551 = CARTESIAN_POINT ( 'NONE',  ( 11.74270670676724748, 73.99479617995716296, 23.74999999999996447 ) ) ;
#5552 = EDGE_CURVE ( 'NONE', #5774, #6178, #4910, .T. ) ;
#5553 = EDGE_LOOP ( 'NONE', ( #2704, #4359, #3806 ) ) ;
#5554 = CARTESIAN_POINT ( 'NONE',  ( 28.69665224618535149, 68.95162707488034926, 29.48475773860405980 ) ) ;
#5555 = DIRECTION ( 'NONE',  ( 0.000000000000000000, 0.000000000000000000, 1.000000000000000000 ) ) ;
#5556 = FACE_OUTER_BOUND ( 'NONE', #686, .T. ) ;
#5557 = CARTESIAN_POINT ( 'NONE',  ( 16.04411369482953731, 69.69338919189489445, 37.60747996751687339 ) ) ;
#5558 = DIRECTION ( 'NONE',  ( 0.7071067811865440200, -0.7071067811865510144, 0.000000000000000000 ) ) ;
#5559 = CARTESIAN_POINT ( 'NONE',  ( 29.07876259293984589, 68.98477999118064474, 6.065979075735698167 ) ) ;
#5560 = EDGE_CURVE ( 'NONE', #7908, #3251, #5102, .T. ) ;
#5561 = ORIENTED_EDGE ( 'NONE', *, *, #2643, .F. ) ;
#5562 = ORIENTED_EDGE ( 'NONE', *, *, #4480, .F. ) ;
#5563 = AXIS2_PLACEMENT_3D ( 'NONE', #699, #3762, #5739 ) ;
#5564 = ORIENTED_EDGE ( 'NONE', *, *, #5631, .F. ) ;
#5565 = CARTESIAN_POINT ( 'NONE',  ( 29.31612797644894641, 69.17377155573443304, 28.91884777160715103 ) ) ;
#5566 = AXIS2_PLACEMENT_3D ( 'NONE', #308, #4755, #7329 ) ;
#5567 = CARTESIAN_POINT ( 'NONE',  ( 31.05578062022172148, 54.68470067653635169, 20.61279906827313368 ) ) ;
#5568 = CARTESIAN_POINT ( 'NONE',  ( 22.07568596982025610, 183.2499999999983515, 41.25000000000000000 ) ) ;
#5569 =( BOUNDED_CURVE ( )  B_SPLINE_CURVE ( 3, ( #2293, #6871, #3558, #8056 ),
 .UNSPECIFIED., .F., .T. ) 
 B_SPLINE_CURVE_WITH_KNOTS ( ( 4, 4 ),
 ( 1.570796326794895004, 3.141592653589794004 ),
 .UNSPECIFIED. ) 
 CURVE ( )  GEOMETRIC_REPRESENTATION_ITEM ( )  RATIONAL_B_SPLINE_CURVE ( ( 1.000000000000000000, 0.8047378541243643824, 0.8047378541243643824, 1.000000000000000000 ) ) 
 REPRESENTATION_ITEM ( '' )  );
#5570 = ORIENTED_EDGE ( 'NONE', *, *, #161, .F. ) ;
#5571 = DIRECTION ( 'NONE',  ( 0.000000000000000000, 0.000000000000000000, -1.000000000000000000 ) ) ;
#5572 = CIRCLE ( 'NONE', #8086, 1.000000000000000888 ) ;
#5573 = EDGE_CURVE ( 'NONE', #7941, #7193, #3833, .T. ) ;
#5574 = AXIS2_PLACEMENT_3D ( 'NONE', #6787, #4956, #4912 ) ;
#5575 = CARTESIAN_POINT ( 'NONE',  ( 27.80356737927005994, 63.49314615784682303, 5.361960463851005443 ) ) ;
#5576 = B_SPLINE_CURVE_WITH_KNOTS ( 'NONE', 3,
 ( #4943, #4365, #4328, #1106 ),
 .UNSPECIFIED., .F., .F.,
 ( 4, 4 ),
 ( 3.469446951953614189E-18, 0.0002619711390290336769 ),
 .UNSPECIFIED. ) ;
#5577 = CARTESIAN_POINT ( 'NONE',  ( 22.16178991988616787, 74.91389728930533920, 5.144226219356044183 ) ) ;
#5578 = B_SPLINE_CURVE_WITH_KNOTS ( 'NONE', 3,
 ( #3805, #1660, #3516, #6709 ),
 .UNSPECIFIED., .F., .F.,
 ( 4, 4 ),
 ( 1.009126086321600769E-16, 0.0009294613319635133429 ),
 .UNSPECIFIED. ) ;
#5579 = LINE ( 'NONE', #1873, #2355 ) ;
#5580 = CIRCLE ( 'NONE', #5311, 0.7500000000000006661 ) ;
#5581 = CARTESIAN_POINT ( 'NONE',  ( 25.07568596982016373, 181.9999999999981242, -6.250000000000005329 ) ) ;
#5582 = EDGE_LOOP ( 'NONE', ( #6756, #5760, #1068, #3331 ) ) ;
#5583 = VECTOR ( 'NONE', #5747, 1000.000000000000000 ) ;
#5584 = DIRECTION ( 'NONE',  ( 0.7071067811865441310, 0.000000000000000000, 0.7071067811865510144 ) ) ;
#5585 = CARTESIAN_POINT ( 'NONE',  ( 29.15586195898710287, 69.14367107077664798, 5.620499424377874753 ) ) ;
#5586 = FACE_OUTER_BOUND ( 'NONE', #1024, .T. ) ;
#5587 = EDGE_CURVE ( 'NONE', #6149, #3608, #5062, .T. ) ;
#5588 = ADVANCED_FACE ( 'NONE', ( #5734 ), #7546, .T. ) ;
#5589 = CARTESIAN_POINT ( 'NONE',  ( 14.07568596981248454, 76.87626146275027850, -3.684088154324605124 ) ) ;
#5590 = CARTESIAN_POINT ( 'NONE',  ( 14.07568596981249343, 76.99999999999897682, 40.93465657243259415 ) ) ;
#5591 = CARTESIAN_POINT ( 'NONE',  ( 22.80820621966039141, 62.92929666706402259, 29.00000000000000711 ) ) ;
#5592 = VECTOR ( 'NONE', #7575, 1000.000000000000000 ) ;
#5593 = VECTOR ( 'NONE', #7897, 1000.000000000000000 ) ;
#5594 = DIRECTION ( 'NONE',  ( -0.000000000000000000, 0.000000000000000000, 1.000000000000000000 ) ) ;
#5595 = B_SPLINE_CURVE_WITH_KNOTS ( 'NONE', 3,
 ( #1809, #7494, #7530, #6098, #3044, #3009, #3619, #2963, #6849, #4357 ),
 .UNSPECIFIED., .F., .F.,
 ( 4, 2, 2, 2, 4 ),
 ( 0.000000000000000000, 0.4999999999999953371, 0.6249999999999977796, 0.7500000000000003331, 1.000000000000000000 ),
 .UNSPECIFIED. ) ;
#5596 = CARTESIAN_POINT ( 'NONE',  ( 14.00444247349521909, 76.67286789808696312, 37.60219839992481639 ) ) ;
#5597 = DIRECTION ( 'NONE',  ( 0.000000000000000000, 0.000000000000000000, 1.000000000000000000 ) ) ;
#5599 = AXIS2_PLACEMENT_3D ( 'NONE', #4631, #2176, #7203 ) ;
#5598 = DIRECTION ( 'NONE',  ( -7.850462293418864227E-14, -1.000000000000000000, 3.851859888774456460E-28 ) ) ;
#5600 = ADVANCED_FACE ( 'NONE', ( #692, #6976 ), #1398, .T. ) ;
#5601 = ORIENTED_EDGE ( 'NONE', *, *, #3207, .T. ) ;
#5602 = SPHERICAL_SURFACE ( 'NONE', #4277, 0.7500000000000000000 ) ;
#5603 = AXIS2_PLACEMENT_3D ( 'NONE', #7966, #6116, #2985 ) ;
#5604 = DIRECTION ( 'NONE',  ( -0.7071067811865521247, -0.7071067811865429098, -6.542051911182432610E-15 ) ) ;
#5605 = PLANE ( 'NONE',  #5193 ) ;
#5606 = CARTESIAN_POINT ( 'NONE',  ( -111.3083621342407667, 72.00000000000814282, 52.50000000000006395 ) ) ;
#5607 = ADVANCED_FACE ( 'NONE', ( #7017 ), #7914, .T. ) ;
#5608 = CARTESIAN_POINT ( 'NONE',  ( 13.70678811341971581, 75.96191073229245205, 36.38772712779633167 ) ) ;
#5609 = B_SPLINE_CURVE_WITH_KNOTS ( 'NONE', 3,
 ( #5844, #3854, #1971, #3194, #2589, #6473, #5010, #7532, #7654, #721 ),
 .UNSPECIFIED., .F., .F.,
 ( 4, 2, 2, 2, 4 ),
 ( 0.000000000000000000, 0.5000000000000006661, 0.6249999999999958922, 0.7499999999999912292, 1.000000000000000000 ),
 .UNSPECIFIED. ) ;
#5610 = VECTOR ( 'NONE', #6529, 1000.000000000000000 ) ;
#5611 = DIRECTION ( 'NONE',  ( -1.000000000000000000, 8.326672684688666480E-14, 0.000000000000000000 ) ) ;
#5612 = ORIENTED_EDGE ( 'NONE', *, *, #2989, .F. ) ;
#5613 = ORIENTED_EDGE ( 'NONE', *, *, #7452, .T. ) ;
#5614 = AXIS2_PLACEMENT_3D ( 'NONE', #5286, #4585, #3265 ) ;
#5615 = VERTEX_POINT ( 'NONE', #3874 ) ;
#5616 = DIRECTION ( 'NONE',  ( 0.7071067811865486830, 0.7071067811865464625, -0.000000000000000000 ) ) ;
#5617 = FACE_BOUND ( 'NONE', #4868, .T. ) ;
#5619 = DIRECTION ( 'NONE',  ( -0.7071067811865464625, 0.7071067811865486830, 0.000000000000000000 ) ) ;
#5618 = CIRCLE ( 'NONE', #3773, 0.7499999999999997780 ) ;
#5620 = ADVANCED_FACE ( 'NONE', ( #627 ), #2521, .F. ) ;
#5621 = DIRECTION ( 'NONE',  ( -0.000000000000000000, -2.775557561562888984E-15, 1.000000000000000000 ) ) ;
#5622 = CARTESIAN_POINT ( 'NONE',  ( 23.63774195897007502, 64.81454066441170880, 35.18564315749124916 ) ) ;
#5623 = ORIENTED_EDGE ( 'NONE', *, *, #6750, .T. ) ;
#5624 = CARTESIAN_POINT ( 'NONE',  ( 25.07568596982034137, 184.4999999999981810, -6.250000000000003553 ) ) ;
#5625 = CARTESIAN_POINT ( 'NONE',  ( 31.34436816184212660, 60.74051102119139500, 9.352280605690872051 ) ) ;
#5626 = CARTESIAN_POINT ( 'NONE',  ( 28.18278785993713598, 69.01035497236492233, 29.69088881400615065 ) ) ;
#5627 = CARTESIAN_POINT ( 'NONE',  ( 21.95845942267719764, 75.23779266547195732, 5.311873149520899950 ) ) ;
#5628 = DIRECTION ( 'NONE',  ( 0.7071067811865486830, 0.7071067811865464625, -0.000000000000000000 ) ) ;
#5629 = CARTESIAN_POINT ( 'NONE',  ( 21.97529118374600543, 75.99914558010864596, 5.585609960104862992 ) ) ;
#5630 = ORIENTED_EDGE ( 'NONE', *, *, #2801, .F. ) ;
#5631 = EDGE_CURVE ( 'NONE', #722, #3712, #3500, .T. ) ;
#5632 = CARTESIAN_POINT ( 'NONE',  ( 28.37683451424635450, 68.95542296116512659, 5.395504201790603638 ) ) ;
#5633 = CARTESIAN_POINT ( 'NONE',  ( 25.05854252092026258, 58.79457687397903953, 31.46040963780581023 ) ) ;
#5634 = DIRECTION ( 'NONE',  ( -1.000000000000000000, 7.304689455032545322E-14, 0.000000000000000000 ) ) ;
#5635 = CARTESIAN_POINT ( 'NONE',  ( 13.32837521051667906, 75.04093839985895897, -0.5542248280312517261 ) ) ;
#5636 = EDGE_CURVE ( 'NONE', #1687, #4457, #1985, .T. ) ;
#5637 = CARTESIAN_POINT ( 'NONE',  ( 69.07568596982052611, 186.9999999999949409, -20.00000000000001066 ) ) ;
#5638 = CARTESIAN_POINT ( 'NONE',  ( 22.65478839297379920, 73.01508993426392635, 16.13259810636968794 ) ) ;
#5639 = ORIENTED_EDGE ( 'NONE', *, *, #3740, .T. ) ;
#5640 = LINE ( 'NONE', #3197, #5592 ) ;
#5641 = LINE ( 'NONE', #8158, #4353 ) ;
#5642 = DIRECTION ( 'NONE',  ( -1.000000000000000000, 0.000000000000000000, 0.000000000000000000 ) ) ;
#5643 = B_SPLINE_CURVE_WITH_KNOTS ( 'NONE', 3,
 ( #7511, #2449, #7478, #1698, #3595, #4373, #6120, #470, #1824, #6900, #8012, #3758, #7398, #4254, #1739, #6786 ),
 .UNSPECIFIED., .F., .F.,
 ( 4, 2, 2, 2, 2, 2, 2, 4 ),
 ( 2.675933963975836534E-16, 0.0007601248080430183900, 0.001520249616085769199, 0.002280374424128520008, 0.003040499232171270817, 0.003800624040214021192, 0.004560748848256772868, 0.006080998464342271884 ),
 .UNSPECIFIED. ) ;
#5644 = DIRECTION ( 'NONE',  ( -0.7071067811865464625, 0.7071067811865486830, 0.000000000000000000 ) ) ;
#5645 = CARTESIAN_POINT ( 'NONE',  ( 13.83102393024629073, 76.25803924797662603, 36.78104802388374139 ) ) ;
#5646 = DIRECTION ( 'NONE',  ( 7.320533068622119628E-14, 1.000000000000000000, 3.469446951953684693E-16 ) ) ;
#5647 = CIRCLE ( 'NONE', #4591, 0.7499999999999972244 ) ;
#5648 = ORIENTED_EDGE ( 'NONE', *, *, #2422, .T. ) ;
#5649 = EDGE_LOOP ( 'NONE', ( #7333, #994, #2599, #5293 ) ) ;
#5650 = DIRECTION ( 'NONE',  ( 0.7071067811865486830, 0.7071067811865464625, 1.519175586428414474E-15 ) ) ;
#5651 = ADVANCED_FACE ( 'NONE', ( #737 ), #5026, .F. ) ;
#5652 = ORIENTED_EDGE ( 'NONE', *, *, #7602, .F. ) ;
#5653 = CARTESIAN_POINT ( 'NONE',  ( 69.07568596982024189, 183.2499999999949125, -10.00000000000000711 ) ) ;
#5654 = CARTESIAN_POINT ( 'NONE',  ( 21.86933510674123227, 63.86816777998316752, 0.01885410231556725047 ) ) ;
#5655 = EDGE_CURVE ( 'NONE', #2209, #1693, #4013, .T. ) ;
#5656 = DIRECTION ( 'NONE',  ( -0.7071067811865486830, -0.7071067811865464625, -0.000000000000000000 ) ) ;
#5657 = DIRECTION ( 'NONE',  ( -0.7071067811865464625, 0.7071067811865485719, 0.000000000000000000 ) ) ;
#5658 = CARTESIAN_POINT ( 'NONE',  ( 24.33174399807228738, 65.34596629741278662, 35.53780063646537712 ) ) ;
#5659 = ORIENTED_EDGE ( 'NONE', *, *, #1316, .F. ) ;
#5660 = ORIENTED_EDGE ( 'NONE', *, *, #7566, .F. ) ;
#5661 = AXIS2_PLACEMENT_3D ( 'NONE', #4170, #7793, #5387 ) ;
#5662 = LINE ( 'NONE', #1246, #4382 ) ;
#5663 = EDGE_CURVE ( 'NONE', #8168, #3799, #3967, .T. ) ;
#5664 = CARTESIAN_POINT ( 'NONE',  ( 26.60997390142743058, 58.83818470018566416, 4.881493248338620639 ) ) ;
#5665 = CARTESIAN_POINT ( 'NONE',  ( 21.98182966304961994, 76.19829262465478337, 6.073455088186408446 ) ) ;
#5666 = CARTESIAN_POINT ( 'NONE',  ( 21.91199224643864341, 75.39831696386633553, 5.383593934441232243 ) ) ;
#5667 = ORIENTED_EDGE ( 'NONE', *, *, #6064, .F. ) ;
#5668 = LINE ( 'NONE', #3895, #694 ) ;
#5669 = LINE ( 'NONE', #563, #1783 ) ;
#5670 = VECTOR ( 'NONE', #6142, 1000.000000000000000 ) ;
#5671 = CARTESIAN_POINT ( 'NONE',  ( 15.39614378651507742, 66.08145218974387092, -3.983376286860220716 ) ) ;
#5672 = AXIS2_PLACEMENT_3D ( 'NONE', #5474, #4865, #8046 ) ;
#5673 = CARTESIAN_POINT ( 'NONE',  ( -36.17369213578417231, 184.5000000000026432, -2.499999999999966249 ) ) ;
#5674 = CARTESIAN_POINT ( 'NONE',  ( 22.07568596982034492, 184.4999999999983800, -10.00000000000000178 ) ) ;
#5675 = ORIENTED_EDGE ( 'NONE', *, *, #5937, .F. ) ;
#5676 = DIRECTION ( 'NONE',  ( 0.9205746178983230665, 0.000000000000000000, 0.3905667329424722389 ) ) ;
#5677 = VECTOR ( 'NONE', #3679, 1000.000000000000000 ) ;
#5678 = CARTESIAN_POINT ( 'NONE',  ( 19.07568596981761644, 96.99999999999964473, 7.207106781186534583 ) ) ;
#5679 = DIRECTION ( 'NONE',  ( 6.938893903906577567E-16, -6.516831230930190216E-29, -1.000000000000000000 ) ) ;
#5680 = EDGE_CURVE ( 'NONE', #5355, #6527, #3794, .T. ) ;
#5681 = CARTESIAN_POINT ( 'NONE',  ( 19.24682444715100615, 66.49067843957341495, 37.11932087885860199 ) ) ;
#5682 = CARTESIAN_POINT ( 'NONE',  ( 30.65781310350739020, 63.56497115745555959, 13.75000000000001066 ) ) ;
#5683 = CARTESIAN_POINT ( 'NONE',  ( 28.96526199870980278, 68.92141788028963845, 6.050381658083493264 ) ) ;
#5684 = ORIENTED_EDGE ( 'NONE', *, *, #2818, .F. ) ;
#5685 = ORIENTED_EDGE ( 'NONE', *, *, #60, .F. ) ;
#5686 = DIRECTION ( 'NONE',  ( -0.7071067811865520136, -0.7071067811865429098, 0.000000000000000000 ) ) ;
#5687 = EDGE_CURVE ( 'NONE', #553, #2260, #7308, .T. ) ;
#5688 = VERTEX_POINT ( 'NONE', #2205 ) ;
#5689 = CARTESIAN_POINT ( 'NONE',  ( 31.18814318939730157, 63.03464107156564467, 21.24999999999996447 ) ) ;
#5690 = CARTESIAN_POINT ( 'NONE',  ( 22.64585530021419402, 63.09164758651022709, 0.8881704436767785538 ) ) ;
#5691 = DIRECTION ( 'NONE',  ( 1.000000000000000000, -7.304689455032545322E-14, -0.000000000000000000 ) ) ;
#5692 = CARTESIAN_POINT ( 'NONE',  ( 22.87963851045538277, 62.85786437626904188, 29.00000000000000711 ) ) ;
#5693 = CARTESIAN_POINT ( 'NONE',  ( 12.60196830958286007, 73.15255343372459151, 34.63241081533761445 ) ) ;
#5694 = ORIENTED_EDGE ( 'NONE', *, *, #7783, .F. ) ;
#5695 = EDGE_LOOP ( 'NONE', ( #5336, #2386, #6851, #5612 ) ) ;
#5696 = EDGE_CURVE ( 'NONE', #1112, #3592, #1994, .T. ) ;
#5697 = DIRECTION ( 'NONE',  ( -8.659560562354946417E-17, -8.659560562354920532E-17, 1.000000000000000000 ) ) ;
#5698 = ORIENTED_EDGE ( 'NONE', *, *, #880, .T. ) ;
#5699 = AXIS2_PLACEMENT_3D ( 'NONE', #3259, #5697, #7553 ) ;
#5700 = CARTESIAN_POINT ( 'NONE',  ( 21.97728175272486340, 75.19332807634319238, 5.290681621668515966 ) ) ;
#5701 = DIRECTION ( 'NONE',  ( -0.7071067811865485719, -0.7071067811865464625, 0.000000000000000000 ) ) ;
#5702 = ADVANCED_FACE ( 'NONE', ( #4700 ), #6869, .T. ) ;
#5703 = CARTESIAN_POINT ( 'NONE',  ( 22.11050547588105886, 74.97390955288150849, 5.177938916417429205 ) ) ;
#5704 = ORIENTED_EDGE ( 'NONE', *, *, #5993, .F. ) ;
#5705 = CARTESIAN_POINT ( 'NONE',  ( 48.07568596981175091, 66.99999999999647571, 47.49999999999997868 ) ) ;
#5706 = CIRCLE ( 'NONE', #7034, 1.250000000000028866 ) ;
#5707 = CARTESIAN_POINT ( 'NONE',  ( 35.07723048592331594, 67.98438853987147468, 18.74999999999996803 ) ) ;
#5708 = CARTESIAN_POINT ( 'NONE',  ( 27.12227919757465244, 60.02943725152283605, 11.25000000000001066 ) ) ;
#5709 = CARTESIAN_POINT ( 'NONE',  ( 13.78259636303198832, 76.14308495779566499, -1.611724310727573162 ) ) ;
#5710 = VECTOR ( 'NONE', #6628, 1000.000000000000000 ) ;
#5711 = AXIS2_PLACEMENT_3D ( 'NONE', #6289, #628, #5773 ) ;
#5712 = ADVANCED_FACE ( 'NONE', ( #3961 ), #4000, .F. ) ;
#5713 = LINE ( 'NONE', #143, #3995 ) ;
#5714 = CARTESIAN_POINT ( 'NONE',  ( 19.07568596981322528, 86.99999999999963052, -7.500000000000011546 ) ) ;
#5715 = DIRECTION ( 'NONE',  ( 0.7071067811865427988, -0.7071067811865521247, 0.000000000000000000 ) ) ;
#5716 = DIRECTION ( 'NONE',  ( -7.320533068622127201E-14, -1.000000000000000000, 1.269910057080334201E-29 ) ) ;
#5717 = ORIENTED_EDGE ( 'NONE', *, *, #5063, .F. ) ;
#5718 = VECTOR ( 'NONE', #7739, 1000.000000000000000 ) ;
#5719 = DIRECTION ( 'NONE',  ( -0.3638034375545001753, -0.3638034375544989540, 0.8574929257125442073 ) ) ;
#5720 = VECTOR ( 'NONE', #5406, 1000.000000000000000 ) ;
#5721 = CARTESIAN_POINT ( 'NONE',  ( 69.07568596982017084, 181.9999999999948557, 41.24999999999997868 ) ) ;
#5722 = DIRECTION ( 'NONE',  ( -1.000000000000000000, 0.000000000000000000, 0.000000000000000000 ) ) ;
#5723 = DIRECTION ( 'NONE',  ( -0.9746149636698538954, 0.000000000000000000, 0.2238876338496825769 ) ) ;
#5724 = CARTESIAN_POINT ( 'NONE',  ( 30.82697020966692847, 58.68577964716273954, 20.02211308621684438 ) ) ;
#5725 = VECTOR ( 'NONE', #7984, 999.9999999999998863 ) ;
#5726 = CARTESIAN_POINT ( 'NONE',  ( 19.07568596981322528, 86.99999999999964473, 42.49999999999998579 ) ) ;
#5727 = EDGE_CURVE ( 'NONE', #559, #4830, #2731, .T. ) ;
#5728 = VERTEX_POINT ( 'NONE', #3421 ) ;
#5729 = CARTESIAN_POINT ( 'NONE',  ( 27.65260928346456382, 59.49910716563292823, 23.74999999999996092 ) ) ;
#5730 = ORIENTED_EDGE ( 'NONE', *, *, #3451, .F. ) ;
#5731 = DIRECTION ( 'NONE',  ( 0.7071067811865489050, 0.7071067811865462405, 0.000000000000000000 ) ) ;
#5732 = FACE_BOUND ( 'NONE', #4860, .T. ) ;
#5733 = AXIS2_PLACEMENT_3D ( 'NONE', #8035, #4276, #1806 ) ;
#5734 = FACE_OUTER_BOUND ( 'NONE', #7953, .T. ) ;
#5735 = ADVANCED_FACE ( 'NONE', ( #1566 ), #861, .F. ) ;
#5736 = CARTESIAN_POINT ( 'NONE',  ( 27.12227919757465244, 60.02943725152283605, 11.25000000000001066 ) ) ;
#5737 = VERTEX_POINT ( 'NONE', #6616 ) ;
#5738 = ORIENTED_EDGE ( 'NONE', *, *, #5183, .T. ) ;
#5739 = DIRECTION ( 'NONE',  ( -1.000000000000000000, 7.317379025938529564E-14, 0.000000000000000000 ) ) ;
#5740 = ORIENTED_EDGE ( 'NONE', *, *, #7288, .T. ) ;
#5741 = B_SPLINE_CURVE_WITH_KNOTS ( 'NONE', 3,
 ( #462, #3672, #6027, #4905, #6824, #5521, #1109, #8047, #6110, #5353, #7961, #2980, #5478, #378, #4866, #2402, #2894, #3632, #7879 ),
 .UNSPECIFIED., .F., .F.,
 ( 4, 2, 1, 2, 2, 1, 2, 2, 1, 2, 4 ),
 ( 0.5087889496183610749, 0.5394896402672044733, 0.5701903309160478717, 0.6315917122137346684, 0.6622924028625645221, 0.6929930935113943757, 0.7543944748090776198, 0.7850951654579318983, 0.8157958561067861769, 0.8771972374045169385, 1.000000000000000000 ),
 .UNSPECIFIED. ) ;
#5742 = CARTESIAN_POINT ( 'NONE',  ( 31.01508238083809843, 54.71664294231423753, 13.45321068102536088 ) ) ;
#5743 = CARTESIAN_POINT ( 'NONE',  ( 9.933494663182440121, 75.80400822354202717, 31.74893888749016924 ) ) ;
#5744 = DIRECTION ( 'NONE',  ( -0.7071067811865474617, -0.7071067811865474617, -0.000000000000000000 ) ) ;
#5745 = DIRECTION ( 'NONE',  ( -1.000000000000000000, 7.317379025938532088E-14, -0.000000000000000000 ) ) ;
#5746 =( BOUNDED_CURVE ( )  B_SPLINE_CURVE ( 3, ( #7475, #7545, #7626, #546 ),
 .UNSPECIFIED., .F., .F. ) 
 B_SPLINE_CURVE_WITH_KNOTS ( ( 4, 4 ),
 ( 5.880469465598939571, 6.685901148760232893 ),
 .UNSPECIFIED. ) 
 CURVE ( )  GEOMETRIC_REPRESENTATION_ITEM ( )  RATIONAL_B_SPLINE_CURVE ( ( 1.000000000000000000, 0.9466666666666704311, 0.9466666666666704311, 1.000000000000000000 ) ) 
 REPRESENTATION_ITEM ( '' )  );
#5747 = DIRECTION ( 'NONE',  ( -3.469446951953606300E-16, 3.469446951953613203E-16, 1.000000000000000000 ) ) ;
#5748 = ORIENTED_EDGE ( 'NONE', *, *, #1722, .T. ) ;
#5749 = AXIS2_PLACEMENT_3D ( 'NONE', #2467, #4972, #6223 ) ;
#5750 = FACE_OUTER_BOUND ( 'NONE', #4240, .T. ) ;
#5751 = CARTESIAN_POINT ( 'NONE',  ( 14.07568596981237263, 75.32934114858277042, -3.931924275550356729 ) ) ;
#5752 = DIRECTION ( 'NONE',  ( -0.7071067811865510144, -0.7071067811865440200, 0.000000000000000000 ) ) ;
#5753 = EDGE_CURVE ( 'NONE', #6494, #4341, #7270, .T. ) ;
#5754 = CARTESIAN_POINT ( 'NONE',  ( 14.33287757506456117, 65.81751409943623798, -5.577584332926615929 ) ) ;
#5755 = LINE ( 'NONE', #5244, #5492 ) ;
#5756 = DIRECTION ( 'NONE',  ( -0.7071067811865474617, 0.7071067811865474617, 0.000000000000000000 ) ) ;
#5757 = LINE ( 'NONE', #5673, #3356 ) ;
#5758 = DIRECTION ( 'NONE',  ( -0.7071067811865521247, -0.7071067811865429098, -0.000000000000000000 ) ) ;
#5759 = CARTESIAN_POINT ( 'NONE',  ( 19.07568596982016373, 181.9999999999986073, -2.500000000000012434 ) ) ;
#5760 = ORIENTED_EDGE ( 'NONE', *, *, #6909, .T. ) ;
#5761 = CARTESIAN_POINT ( 'NONE',  ( 15.80857069858991260, 69.92893218813452449, 3.000000000000007994 ) ) ;
#5762 = CARTESIAN_POINT ( 'NONE',  ( 22.12447787805535171, 76.36542165412805616, 28.91884777160716524 ) ) ;
#5763 = CARTESIAN_POINT ( 'NONE',  ( 21.84490253604798227, 75.95608480598720291, 28.95927323944664522 ) ) ;
#5764 = SURFACE_STYLE_FILL_AREA ( #2595 ) ;
#5765 = CARTESIAN_POINT ( 'NONE',  ( 31.48282051014086136, 61.04087517501510973, 19.54569504352395981 ) ) ;
#5766 = CARTESIAN_POINT ( 'NONE',  ( 13.87548296469924125, 71.86201992202518340, -1.285825958122181145 ) ) ;
#5767 = EDGE_LOOP ( 'NONE', ( #4739, #6658, #1674, #8027 ) ) ;
#5768 = PLANE ( 'NONE',  #3341 ) ;
#5769 = EDGE_LOOP ( 'NONE', ( #7314, #3927, #3957 ) ) ;
#5770 = CARTESIAN_POINT ( 'NONE',  ( 108.0487300520048279, 148.0269559178182135, 38.95643923738960979 ) ) ;
#5771 = DIRECTION ( 'NONE',  ( -3.469446951953606300E-16, 3.469446951953613203E-16, 1.000000000000000000 ) ) ;
#5772 = LINE ( 'NONE', #3383, #7504 ) ;
#5773 = DIRECTION ( 'NONE',  ( -0.7071067811865499042, -0.7071067811865451302, 0.000000000000000000 ) ) ;
#5774 = VERTEX_POINT ( 'NONE', #1604 ) ;
#5775 = EDGE_LOOP ( 'NONE', ( #2022, #787, #6452, #3474, #5704, #6696, #3659, #4850, #3622, #7216, #965, #5675, #5362, #6093, #2364, #4485, #7200 ) ) ;
#5776 = LINE ( 'NONE', #4997, #3327 ) ;
#5777 = ORIENTED_EDGE ( 'NONE', *, *, #1614, .F. ) ;
#5778 = ADVANCED_FACE ( 'NONE', ( #5905 ), #5386, .F. ) ;
#5779 = DIRECTION ( 'NONE',  ( -0.000000000000000000, -0.000000000000000000, 1.000000000000000000 ) ) ;
#5780 = EDGE_CURVE ( 'NONE', #6226, #5323, #7916, .T. ) ;
#5781 = DIRECTION ( 'NONE',  ( 0.7071067811865475727, -0.7071067811865475727, 0.000000000000000000 ) ) ;
#5782 = CARTESIAN_POINT ( 'NONE',  ( 26.41517241638810987, 59.32233047033627571, 13.00000000000001066 ) ) ;
#5783 = AXIS2_PLACEMENT_3D ( 'NONE', #3885, #6457, #7027 ) ;
#5784 = CARTESIAN_POINT ( 'NONE',  ( 21.95499300269150922, 75.24828839790249901, 5.316664071349716636 ) ) ;
#5785 = ORIENTED_EDGE ( 'NONE', *, *, #3968, .F. ) ;
#5786 = CIRCLE ( 'NONE', #2248, 0.7500000000000072164 ) ;
#5787 = CARTESIAN_POINT ( 'NONE',  ( 30.65781310350739020, 63.56497115745555959, 21.24999999999996447 ) ) ;
#5788 = VERTEX_POINT ( 'NONE', #2855 ) ;
#5789 = CARTESIAN_POINT ( 'NONE',  ( 30.78319212172062436, 66.99999999999769784, 26.58759768611549745 ) ) ;
#5790 = CARTESIAN_POINT ( 'NONE',  ( 24.50825003059700080, 66.94500509455677673, -4.771762408150717505 ) ) ;
#5791 = EDGE_CURVE ( 'NONE', #7708, #6484, #2159, .T. ) ;
#5792 = CARTESIAN_POINT ( 'NONE',  ( 29.25583683318485839, 69.23406269899849974, 37.95643923738961689 ) ) ;
#5793 = CARTESIAN_POINT ( 'NONE',  ( 28.76282755919292811, 68.96421777390595764, 5.535901242299054559 ) ) ;
#5794 = FACE_OUTER_BOUND ( 'NONE', #4069, .T. ) ;
#5795 = CARTESIAN_POINT ( 'NONE',  ( 18.07568596981745301, 94.76393202249992953, 27.49999999999998224 ) ) ;
#5796 = CARTESIAN_POINT ( 'NONE',  ( 19.34410460452265923, 73.46446609406724804, 29.00000000000001066 ) ) ;
#5797 = CARTESIAN_POINT ( 'NONE',  ( 19.07568596981395359, 97.00000000000115108, 6.792893218815139633 ) ) ;
#5798 = EDGE_CURVE ( 'NONE', #6068, #5192, #6490, .T. ) ;
#5799 = AXIS2_PLACEMENT_3D ( 'NONE', #8043, #6104, #6854 ) ;
#5800 = ORIENTED_EDGE ( 'NONE', *, *, #3685, .T. ) ;
#5801 = VERTEX_POINT ( 'NONE', #5943 ) ;
#5802 = ADVANCED_FACE ( 'NONE', ( #4655 ), #5862, .F. ) ;
#5803 = CARTESIAN_POINT ( 'NONE',  ( 100.9776622401393809, 155.0980237296837174, -3.956439237389593355 ) ) ;
#5804 = CARTESIAN_POINT ( 'NONE',  ( 15.57568596981395892, 96.99999999999988631, 39.99999999999999289 ) ) ;
#5805 = CARTESIAN_POINT ( 'NONE',  ( 21.97644134861526766, 76.00083974820712740, 29.41416245988242295 ) ) ;
#5806 = CARTESIAN_POINT ( 'NONE',  ( 25.07568596982034137, 184.4999999999981526, -2.499999999999966249 ) ) ;
#5807 = CARTESIAN_POINT ( 'NONE',  ( 32.48034414037309148, 62.96355678716879112, 25.25268260289923461 ) ) ;
#5808 = DIRECTION ( 'NONE',  ( -1.000000000000000000, 8.326672684688666480E-14, 0.000000000000000000 ) ) ;
#5809 = EDGE_CURVE ( 'NONE', #4579, #2925, #7919, .T. ) ;
#5810 = ORIENTED_EDGE ( 'NONE', *, *, #5896, .F. ) ;
#5811 = VECTOR ( 'NONE', #2320, 1000.000000000000000 ) ;
#5812 = DIRECTION ( 'NONE',  ( 0.7071067811865497932, 0.7071067811865453523, 0.000000000000000000 ) ) ;
#5813 = VERTEX_POINT ( 'NONE', #1105 ) ;
#5814 = CARTESIAN_POINT ( 'NONE',  ( 14.07568596981249343, 76.99999999999897682, -5.934656572432611021 ) ) ;
#5815 = CARTESIAN_POINT ( 'NONE',  ( 25.07568596982034137, 184.4999999999981526, -2.499999999999994227 ) ) ;
#5816 = DIRECTION ( 'NONE',  ( -1.000000000000000000, 7.304689455032545322E-14, -0.000000000000000000 ) ) ;
#5817 = CARTESIAN_POINT ( 'NONE',  ( 14.39435713621679369, 75.58578643762689353, 23.74999999999996447 ) ) ;
#5818 = EDGE_CURVE ( 'NONE', #3608, #883, #1067, .T. ) ;
#5819 = CARTESIAN_POINT ( 'NONE',  ( 26.41517241638811342, 59.32233047033627571, 16.25000000000001066 ) ) ;
#5820 = ORIENTED_EDGE ( 'NONE', *, *, #6088, .T. ) ;
#5821 = VERTEX_POINT ( 'NONE', #1062 ) ;
#5822 = ORIENTED_EDGE ( 'NONE', *, *, #1904, .F. ) ;
#5823 = LINE ( 'NONE', #7799, #7892 ) ;
#5824 = CARTESIAN_POINT ( 'NONE',  ( 9.628710868745812945, 76.10879201797864368, 31.54087089098773333 ) ) ;
#5825 = DIRECTION ( 'NONE',  ( -0.7071067811865440200, 0.7071067811865510144, 0.000000000000000000 ) ) ;
#5826 = CARTESIAN_POINT ( 'NONE',  ( 22.18476902131943618, 74.89091694849086878, 5.130683123147015579 ) ) ;
#5827 = ORIENTED_EDGE ( 'NONE', *, *, #6337, .T. ) ;
#5828 = DIRECTION ( 'NONE',  ( 0.7071067811865486830, 0.7071067811865464625, 0.000000000000000000 ) ) ;
#5829 = ORIENTED_EDGE ( 'NONE', *, *, #7827, .F. ) ;
#5830 = ORIENTED_EDGE ( 'NONE', *, *, #5911, .T. ) ;
#5831 = EDGE_CURVE ( 'NONE', #7935, #2875, #8082, .T. ) ;
#5832 = CARTESIAN_POINT ( 'NONE',  ( 31.13111952220606682, 61.91284353792587325, 23.75610512527700990 ) ) ;
#5833 = AXIS2_PLACEMENT_3D ( 'NONE', #7250, #1586, #399 ) ;
#5834 = CARTESIAN_POINT ( 'NONE',  ( 31.01358775626852093, 54.72391513045585754, 21.54049907158203681 ) ) ;
#5835 = AXIS2_PLACEMENT_3D ( 'NONE', #993, #5279, #2903 ) ;
#5836 = LINE ( 'NONE', #264, #1308 ) ;
#5837 = CARTESIAN_POINT ( 'NONE',  ( -19.98911293290687397, 19.98911293290695568, 5.441167618053152478E-14 ) ) ;
#5838 = CARTESIAN_POINT ( 'NONE',  ( 26.41517241638810987, 59.32233047033627571, 17.00000000000000711 ) ) ;
#5839 = DIRECTION ( 'NONE',  ( 7.304689455032545322E-14, 1.000000000000000000, -0.000000000000000000 ) ) ;
#5840 = DIRECTION ( 'NONE',  ( -7.304689455032545322E-14, -1.000000000000000000, 0.000000000000000000 ) ) ;
#5841 = AXIS2_PLACEMENT_3D ( 'NONE', #7042, #1379, #3901 ) ;
#5842 = SPHERICAL_SURFACE ( 'NONE', #1639, 0.7500000000000000000 ) ;
#5843 = EDGE_CURVE ( 'NONE', #6679, #7193, #4903, .T. ) ;
#5844 = CARTESIAN_POINT ( 'NONE',  ( 22.08943053473157647, 74.57800714461485825, 5.606426079949049956 ) ) ;
#5845 = ORIENTED_EDGE ( 'NONE', *, *, #4742, .F. ) ;
#5846 = ORIENTED_EDGE ( 'NONE', *, *, #3163, .F. ) ;
#5847 = ORIENTED_EDGE ( 'NONE', *, *, #5916, .T. ) ;
#5848 = CARTESIAN_POINT ( 'NONE',  ( 30.13012052127039908, 98.44556544854174263, -12.50000000000000355 ) ) ;
#5849 = VECTOR ( 'NONE', #3815, 1000.000000000000000 ) ;
#5850 = CARTESIAN_POINT ( 'NONE',  ( 28.17627138668123976, 59.47271122204920601, 6.632053105102104773 ) ) ;
#5851 = CARTESIAN_POINT ( 'NONE',  ( 21.91318413399394771, 76.09100375461780175, 28.93862279399859361 ) ) ;
#5852 = AXIS2_PLACEMENT_3D ( 'NONE', #1358, #740, #2691 ) ;
#5853 = LINE ( 'NONE', #6305, #4694 ) ;
#5854 = VECTOR ( 'NONE', #2231, 1000.000000000000000 ) ;
#5855 = ORIENTED_EDGE ( 'NONE', *, *, #3900, .T. ) ;
#5856 = CARTESIAN_POINT ( 'NONE',  ( 27.99923952908549651, 68.84807339214253830, 29.20591975227672066 ) ) ;
#5857 = ORIENTED_EDGE ( 'NONE', *, *, #4535, .T. ) ;
#5858 = CARTESIAN_POINT ( 'NONE',  ( 18.78279275100420165, 97.49999999999965894, 7.499999999999986677 ) ) ;
#5859 = CARTESIAN_POINT ( 'NONE',  ( 22.07568596981359121, 91.99999999999840838, 52.49999999999998579 ) ) ;
#5860 = EDGE_CURVE ( 'NONE', #6963, #84, #1816, .T. ) ;
#5861 = CIRCLE ( 'NONE', #7182, 0.7500000000000022204 ) ;
#5862 = SPHERICAL_SURFACE ( 'NONE', #142, 0.7500000000000000000 ) ;
#5863 = LINE ( 'NONE', #3254, #7245 ) ;
#5864 = EDGE_CURVE ( 'NONE', #4867, #5615, #458, .T. ) ;
#5865 = CARTESIAN_POINT ( 'NONE',  ( 29.80952504660028879, 55.92797784012409323, 25.65663400077230349 ) ) ;
#5866 = VERTEX_POINT ( 'NONE', #577 ) ;
#5867 = ORIENTED_EDGE ( 'NONE', *, *, #6666, .F. ) ;
#5868 = AXIS2_PLACEMENT_3D ( 'NONE', #6748, #1788, #1661 ) ;
#5869 = EDGE_LOOP ( 'NONE', ( #5057, #4946, #6780, #5867, #975, #6411, #1069, #2443, #4448, #951 ) ) ;
#5870 = CIRCLE ( 'NONE', #4810, 0.7499999999999997780 ) ;
#5871 = EDGE_CURVE ( 'NONE', #7997, #6887, #6485, .T. ) ;
#5872 = CARTESIAN_POINT ( 'NONE',  ( 31.05578062022171792, 54.68470067653636590, 14.38720093172693737 ) ) ;
#5873 = CARTESIAN_POINT ( 'NONE',  ( 26.41517241638810987, 59.32233047033628992, 10.00000000000000888 ) ) ;
#5874 = ORIENTED_EDGE ( 'NONE', *, *, #71, .F. ) ;
#5875 = VECTOR ( 'NONE', #6483, 999.9999999999998863 ) ;
#5876 = DIRECTION ( 'NONE',  ( -7.285838599102583486E-14, -1.000000000000000000, 0.000000000000000000 ) ) ;
#5877 = ORIENTED_EDGE ( 'NONE', *, *, #5791, .T. ) ;
#5878 = CARTESIAN_POINT ( 'NONE',  ( 28.73047528707384402, 68.82065342849261924, 6.009120514222062504 ) ) ;
#5879 = LINE ( 'NONE', #7852, #2053 ) ;
#5880 = AXIS2_PLACEMENT_3D ( 'NONE', #3563, #3524, #3481 ) ;
#5881 = CARTESIAN_POINT ( 'NONE',  ( 26.41517241638812408, 66.39339828220177253, 6.000000000000007105 ) ) ;
#5882 = CARTESIAN_POINT ( 'NONE',  ( 28.59993097762224323, 68.94194848450059965, 5.482210687475820521 ) ) ;
#5883 = ADVANCED_FACE ( 'NONE', ( #2977 ), #3090, .T. ) ;
#5884 = PRESENTATION_LAYER_ASSIGNMENT (  '', '', ( #6551 ) ) ;
#5885 = VECTOR ( 'NONE', #5745, 1000.000000000000000 ) ;
#5886 = PLANE ( 'NONE',  #4777 ) ;
#5887 = ORIENTED_EDGE ( 'NONE', *, *, #3245, .T. ) ;
#5888 = CARTESIAN_POINT ( 'NONE',  ( 12.27303679265716774, 73.46446609406727646, 11.25000000000000888 ) ) ;
#5889 = CARTESIAN_POINT ( 'NONE',  ( 23.84274118910249385, 64.95203728641236296, -0.2508234846712987798 ) ) ;
#5890 = ORIENTED_EDGE ( 'NONE', *, *, #3798, .F. ) ;
#5891 = ORIENTED_EDGE ( 'NONE', *, *, #520, .T. ) ;
#5892 = ORIENTED_EDGE ( 'NONE', *, *, #612, .F. ) ;
#5893 = CARTESIAN_POINT ( 'NONE',  ( 69.07568596981997189, 179.4999999999949125, -6.250000000000012434 ) ) ;
#5894 = CARTESIAN_POINT ( 'NONE',  ( 23.49864340294965359, 67.00000000000552802, 2.919174804476903695 ) ) ;
#5895 = CARTESIAN_POINT ( 'NONE',  ( 21.82027001764988938, 75.89702392282339360, 28.96986113137998231 ) ) ;
#5896 = EDGE_CURVE ( 'NONE', #2933, #7779, #2476, .T. ) ;
#5897 = DIRECTION ( 'NONE',  ( 0.7071067811865451302, 0.7071067811865497932, 0.000000000000000000 ) ) ;
#5898 = CARTESIAN_POINT ( 'NONE',  ( 16.57568596981403175, 97.99999999999981526, 42.49999999999999289 ) ) ;
#5899 = B_SPLINE_CURVE_WITH_KNOTS ( 'NONE', 3,
 ( #2499, #1879, #2004, #2538 ),
 .UNSPECIFIED., .F., .F.,
 ( 4, 4 ),
 ( 0.01543839711300751261, 0.01609500659564164909 ),
 .UNSPECIFIED. ) ;
#5900 = ORIENTED_EDGE ( 'NONE', *, *, #5363, .T. ) ;
#5901 = CARTESIAN_POINT ( 'NONE',  ( 28.60237915559199351, 68.80294533775216337, 29.02380551788837693 ) ) ;
#5902 = EDGE_LOOP ( 'NONE', ( #5251, #5989, #4959, #8076 ) ) ;
#5903 = CARTESIAN_POINT ( 'NONE',  ( 30.75625408884135581, 54.98124879788302621, 11.93472312768102128 ) ) ;
#5904 = FACE_OUTER_BOUND ( 'NONE', #1856, .T. ) ;
#5905 = FACE_OUTER_BOUND ( 'NONE', #767, .T. ) ;
#5906 = B_SPLINE_SURFACE_WITH_KNOTS ( 'NONE', 1, 3, ( 
 ( #891, #5257, #3370, #2151, #194, #2800, #7700, #5851, #7741, #108, #7135, #4645, #5763, #5895, #1975, #4476, #7782, #2632, #5933, #2067, #2016, #150, #7175, #726, #3408, #7007, #2673, #805, #6393, #3244, #6481, #1343, #1514, #1470, #5130, #4517, #7052, #6563, #5217, #763, #3989, #279 ),
 ( #1387, #3326, #7618, #849, #3909, #1428, #238, #3285, #2721, #3952, #6438, #5805, #2110, #4607, #2759, #7296, #1556, #4236, #7866, #4764, #3493, #2233, #6764, #2268, #1051, #6052, #7338, #7825, #4691, #2348, #5974, #2845, #4197, #443, #320, #1093, #1718, #4077, #1635, #3615, #493, #2959 ) ),
 .UNSPECIFIED., .F., .F., .F.,
 ( 2, 2 ),
 ( 4, 2, 2, 2, 2, 2, 2, 2, 2, 2, 2, 2, 2, 2, 2, 2, 2, 2, 2, 2, 4 ),
 ( 0.000000000000000000, 1.000000000000000000 ),
 ( 0.000000000000000000, 0.0001301496673223824692, 0.0002602993346447649383, 0.0003253741683059562136, 0.0003904490019671474346, 0.0004555238356283386556, 0.0005205986692895298766, 0.0006507483366119124271, 0.0007158231702731036481, 0.0007808980039342948692, 0.0008459728375954860902, 0.0009110476712566773112, 0.001041197338579059753, 0.001171347005901442195, 0.001301496673223824854, 0.001431646340546207296, 0.001561796007868589738, 0.001691945675190972180, 0.001822095342513354622, 0.001952245009835737065, 0.002082394677158119507 ),
 .UNSPECIFIED. ) ;
#5907 = AXIS2_PLACEMENT_3D ( 'NONE', #482, #2998, #5497 ) ;
#5908 = CARTESIAN_POINT ( 'NONE',  ( 34.19334700944013861, 67.10050506338828313, 16.25000000000000711 ) ) ;
#5909 = ORIENTED_EDGE ( 'NONE', *, *, #739, .F. ) ;
#5910 = ORIENTED_EDGE ( 'NONE', *, *, #5467, .T. ) ;
#5911 = EDGE_CURVE ( 'NONE', #6226, #1944, #539, .T. ) ;
#5912 = DIRECTION ( 'NONE',  ( 3.700743415417188139E-16, -2.670622856217024036E-29, 1.000000000000000000 ) ) ;
#5913 = CARTESIAN_POINT ( 'NONE',  ( 18.07568596981765552, 97.49999999999971578, 7.499999999999987566 ) ) ;
#5914 = CARTESIAN_POINT ( 'NONE',  ( 38.03142985362606510, 66.99999999999722888, 26.64937619438208216 ) ) ;
#5915 = VERTEX_POINT ( 'NONE', #1647 ) ;
#5916 = EDGE_CURVE ( 'NONE', #2202, #3549, #4904, .T. ) ;
#5917 = ORIENTED_EDGE ( 'NONE', *, *, #2010, .F. ) ;
#5918 = CARTESIAN_POINT ( 'NONE',  ( 69.07568596982034137, 184.4999999999949409, 37.49999999999999289 ) ) ;
#5919 = FACE_OUTER_BOUND ( 'NONE', #4156, .T. ) ;
#5920 = CARTESIAN_POINT ( 'NONE',  ( 25.07568596981210263, 71.99999999999819522, 38.95643923738960979 ) ) ;
#5921 = CARTESIAN_POINT ( 'NONE',  ( 26.41517241638810987, 59.32233047033627571, 18.74999999999996447 ) ) ;
#5922 = DIRECTION ( 'NONE',  ( 0.7071067811865464625, -0.7071067811865486830, 0.000000000000000000 ) ) ;
#5923 = DIRECTION ( 'NONE',  ( 0.7071067811865427988, -0.7071067811865521247, 0.000000000000000000 ) ) ;
#5924 = ORIENTED_EDGE ( 'NONE', *, *, #5663, .T. ) ;
#5925 = CARTESIAN_POINT ( 'NONE',  ( 30.65781310350739020, 63.56497115745555959, 21.24999999999996447 ) ) ;
#5926 = LINE ( 'NONE', #4720, #1219 ) ;
#5927 = ORIENTED_EDGE ( 'NONE', *, *, #2685, .F. ) ;
#5928 = ORIENTED_EDGE ( 'NONE', *, *, #7462, .T. ) ;
#5929 = AXIS2_PLACEMENT_3D ( 'NONE', #7845, #217, #6754 ) ;
#5930 = ORIENTED_EDGE ( 'NONE', *, *, #7001, .T. ) ;
#5931 = FACE_OUTER_BOUND ( 'NONE', #5165, .T. ) ;
#5932 = CARTESIAN_POINT ( 'NONE',  ( 29.07535131699765429, 66.99999999999783995, 6.836957526424432885 ) ) ;
#5933 = CARTESIAN_POINT ( 'NONE',  ( 21.76650304170139805, 75.71510651817844462, 29.00868891361508517 ) ) ;
#5934 = CARTESIAN_POINT ( 'NONE',  ( 17.35839433880433447, 68.37910854792011150, -2.709531361596536403 ) ) ;
#5935 = ORIENTED_EDGE ( 'NONE', *, *, #706, .T. ) ;
#5936 = CARTESIAN_POINT ( 'NONE',  ( 32.69729893638695728, 66.99999999999761258, -0.3838862383295182923 ) ) ;
#5937 = EDGE_CURVE ( 'NONE', #3260, #2480, #6063, .T. ) ;
#5938 = CARTESIAN_POINT ( 'NONE',  ( 28.49996263019525600, 68.79040136833256724, 29.05028735103186222 ) ) ;
#5939 = ORIENTED_EDGE ( 'NONE', *, *, #5422, .T. ) ;
#5940 = CARTESIAN_POINT ( 'NONE',  ( 30.70129082995059022, 55.03621205677381312, 11.72078480429142289 ) ) ;
#5941 = CARTESIAN_POINT ( 'NONE',  ( 15.57568596982016729, 181.9999999999988631, 37.49999999999999289 ) ) ;
#5942 = VECTOR ( 'NONE', #7658, 1000.000000000000000 ) ;
#5943 = CARTESIAN_POINT ( 'NONE',  ( 16.57568596981403175, 97.99999999999981526, 39.99999999999999289 ) ) ;
#5944 = DIRECTION ( 'NONE',  ( -1.000000000000000000, 0.000000000000000000, 0.000000000000000000 ) ) ;
#5945 = CARTESIAN_POINT ( 'NONE',  ( 22.08943053473154450, 74.57800714461485825, 29.39357392005095448 ) ) ;
#5946 = AXIS2_PLACEMENT_3D ( 'NONE', #3091, #3054, #5558 ) ;
#5947 = AXIS2_PLACEMENT_3D ( 'NONE', #7957, #6193, #4864 ) ;
#5948 = CARTESIAN_POINT ( 'NONE',  ( 31.01358775626852093, 54.72391513045585754, 21.54049907158203681 ) ) ;
#5949 = ADVANCED_FACE ( 'NONE', ( #8003 ), #4206, .T. ) ;
#5950 = VERTEX_POINT ( 'NONE', #7389 ) ;
#5951 = EDGE_CURVE ( 'NONE', #5323, #6682, #6736, .T. ) ;
#5952 = ORIENTED_EDGE ( 'NONE', *, *, #2685, .T. ) ;
#5953 = CARTESIAN_POINT ( 'NONE',  ( 11.57556341807607936, 77.00000000000000000, 2.222680413808155286 ) ) ;
#5954 = CARTESIAN_POINT ( 'NONE',  ( -36.17369213578415810, 184.5000000000026432, 37.50000000000004263 ) ) ;
#5955 = CYLINDRICAL_SURFACE ( 'NONE', #2173, 0.7500000000000022204 ) ;
#5956 = EDGE_CURVE ( 'NONE', #6475, #7377, #5066, .T. ) ;
#5957 = CARTESIAN_POINT ( 'NONE',  ( 32.07202666588049311, 64.97918471982865185, 13.75000000000001066 ) ) ;
#5958 = VERTEX_POINT ( 'NONE', #3201 ) ;
#5959 = DIRECTION ( 'NONE',  ( 0.7071067811865451302, 0.7071067811865497932, 0.000000000000000000 ) ) ;
#5960 = CARTESIAN_POINT ( 'NONE',  ( 21.46542494808230117, 82.65685424949234061, 18.74999999999996803 ) ) ;
#5961 = CARTESIAN_POINT ( 'NONE',  ( 21.77608193332068609, 75.12512816934533078, 5.820617844553691356 ) ) ;
#5962 = CARTESIAN_POINT ( 'NONE',  ( 56.57568596981212039, 71.99999999999589306, 52.50000000000000000 ) ) ;
#5963 = CARTESIAN_POINT ( 'NONE',  ( 26.60997390144256514, 58.83818470018341884, 30.11850675164733104 ) ) ;
#5964 = FACE_OUTER_BOUND ( 'NONE', #7252, .T. ) ;
#5965 = EDGE_LOOP ( 'NONE', ( #7507, #1631, #6234 ) ) ;
#5966 = CARTESIAN_POINT ( 'NONE',  ( 25.07568596981265330, 79.19604745935724566, 29.37560168247151893 ) ) ;
#5967 = DIRECTION ( 'NONE',  ( -7.320533068622119628E-14, -1.000000000000000000, 8.673617379884028076E-17 ) ) ;
#5968 = ORIENTED_EDGE ( 'NONE', *, *, #2613, .T. ) ;
#5969 = ORIENTED_EDGE ( 'NONE', *, *, #3115, .T. ) ;
#5970 =( BOUNDED_CURVE ( )  B_SPLINE_CURVE ( 3, ( #1733, #3508, #3589, #1692 ),
 .UNSPECIFIED., .F., .T. ) 
 B_SPLINE_CURVE_WITH_KNOTS ( ( 4, 4 ),
 ( 1.989767869067723405, 2.498091544796508412 ),
 .UNSPECIFIED. ) 
 CURVE ( )  GEOMETRIC_REPRESENTATION_ITEM ( )  RATIONAL_B_SPLINE_CURVE ( ( 1.000000000000000000, 0.9785829188765857722, 0.9785829188765857722, 1.000000000000000000 ) ) 
 REPRESENTATION_ITEM ( '' )  );
#5971 = VERTEX_POINT ( 'NONE', #72 ) ;
#5972 = CARTESIAN_POINT ( 'NONE',  ( 16.06180778116033636, 184.4999999999988347, 45.00000000000000000 ) ) ;
#5973 = CARTESIAN_POINT ( 'NONE',  ( 26.89545557553374522, 66.99999999999806732, 5.032231383009439618 ) ) ;
#5974 = CARTESIAN_POINT ( 'NONE',  ( 21.92819231685270154, 75.32907337933443159, 29.64645030873853315 ) ) ;
#5975 = EDGE_CURVE ( 'NONE', #886, #6963, #7581, .T. ) ;
#5976 = AXIS2_PLACEMENT_3D ( 'NONE', #518, #1790, #6835 ) ;
#5977 = DIRECTION ( 'NONE',  ( -1.000000000000000000, 0.000000000000000000, 0.000000000000000000 ) ) ;
#5978 = ORIENTED_EDGE ( 'NONE', *, *, #5987, .T. ) ;
#5979 = CARTESIAN_POINT ( 'NONE',  ( 30.38133660646175471, 66.99999999999778311, -2.460572963567936977 ) ) ;
#5980 = CARTESIAN_POINT ( 'NONE',  ( 27.55718868398892951, 69.11025059251721814, 29.38055171215762229 ) ) ;
#5981 = VERTEX_POINT ( 'NONE', #151 ) ;
#5982 = CARTESIAN_POINT ( 'NONE',  ( 25.07568596982016373, 181.9999999999981242, 32.50000000000000000 ) ) ;
#5983 = FACE_OUTER_BOUND ( 'NONE', #5038, .T. ) ;
#5984 = DIRECTION ( 'NONE',  ( 0.000000000000000000, -0.000000000000000000, 1.000000000000000000 ) ) ;
#5985 = DIRECTION ( 'NONE',  ( -1.000000000000000000, 0.000000000000000000, 0.000000000000000000 ) ) ;
#5986 = VECTOR ( 'NONE', #3973, 1000.000000000000000 ) ;
#5987 = EDGE_CURVE ( 'NONE', #3882, #5332, #4521, .T. ) ;
#5988 = AXIS2_PLACEMENT_3D ( 'NONE', #4454, #1987, #1 ) ;
#5989 = ORIENTED_EDGE ( 'NONE', *, *, #5020, .T. ) ;
#5990 = VERTEX_POINT ( 'NONE', #3287 ) ;
#5991 = ORIENTED_EDGE ( 'NONE', *, *, #1149, .F. ) ;
#5992 = VECTOR ( 'NONE', #185, 1000.000000000000000 ) ;
#5993 = EDGE_CURVE ( 'NONE', #643, #430, #2675, .T. ) ;
#5994 = CARTESIAN_POINT ( 'NONE',  ( 15.57568596981414188, 99.49999999999990052, -3.500000000000012434 ) ) ;
#5995 = CARTESIAN_POINT ( 'NONE',  ( 36.81800739065236883, 66.99999999999731415, 29.49052362807325878 ) ) ;
#5996 = LINE ( 'NONE', #346, #7949 ) ;
#5997 = AXIS2_PLACEMENT_3D ( 'NONE', #2301, #3610, #6136 ) ;
#5998 = EDGE_LOOP ( 'NONE', ( #1324, #1710, #8170, #7496 ) ) ;
#5999 = DIRECTION ( 'NONE',  ( -0.7071067811865520136, -0.7071067811865429098, 0.000000000000000000 ) ) ;
#6000 = AXIS2_PLACEMENT_3D ( 'NONE', #5431, #4870, #2407 ) ;
#6001 = DIRECTION ( 'NONE',  ( 0.7071067811865475727, -0.7071067811865475727, -1.156482317317875709E-14 ) ) ;
#6002 = CARTESIAN_POINT ( 'NONE',  ( 22.08943053473159424, 74.57800714461487246, 5.606426079949049956 ) ) ;
#6003 = CARTESIAN_POINT ( 'NONE',  ( 18.78279275100420165, 97.49999999999965894, 27.49999999999998579 ) ) ;
#6004 = AXIS2_PLACEMENT_3D ( 'NONE', #3831, #2483, #7510 ) ;
#6005 = PLANE ( 'NONE',  #8087 ) ;
#6006 = ORIENTED_EDGE ( 'NONE', *, *, #4439, .F. ) ;
#6007 = CARTESIAN_POINT ( 'NONE',  ( 25.07568596981997544, 179.4999999999980957, 32.50000000000001421 ) ) ;
#6008 = CARTESIAN_POINT ( 'NONE',  ( 18.78279275100420165, 97.49999999999965894, 7.499999999999986677 ) ) ;
#6009 = ORIENTED_EDGE ( 'NONE', *, *, #2838, .F. ) ;
#6010 = EDGE_CURVE ( 'NONE', #4709, #1508, #1227, .T. ) ;
#6011 = EDGE_LOOP ( 'NONE', ( #4349, #5201, #7719, #5390 ) ) ;
#6012 = AXIS2_PLACEMENT_3D ( 'NONE', #6952, #5701, #6211 ) ;
#6013 = EDGE_LOOP ( 'NONE', ( #535, #5748, #4285, #2984 ) ) ;
#6014 = DIRECTION ( 'NONE',  ( 1.000000000000000000, 0.000000000000000000, 0.000000000000000000 ) ) ;
#6015 = CARTESIAN_POINT ( 'NONE',  ( 25.33598009084446545, 58.82295554686884032, 3.735253058628438261 ) ) ;
#6016 = CARTESIAN_POINT ( 'NONE',  ( 48.07568596981177222, 66.99999999999647571, -12.50000000000000711 ) ) ;
#6017 = EDGE_CURVE ( 'NONE', #6413, #4947, #1851, .T. ) ;
#6018 = DIRECTION ( 'NONE',  ( -0.000000000000000000, -0.000000000000000000, -1.000000000000000000 ) ) ;
#6019 = ADVANCED_FACE ( 'NONE', ( #6891 ), #3128, .T. ) ;
#6020 = VERTEX_POINT ( 'NONE', #1891 ) ;
#6021 = CARTESIAN_POINT ( 'NONE',  ( 30.65781310350739375, 63.56497115745555959, 13.75000000000001066 ) ) ;
#6022 = CARTESIAN_POINT ( 'NONE',  ( 27.96354734878735826, 69.12964130167392796, 29.80078276301522067 ) ) ;
#6023 = ORIENTED_EDGE ( 'NONE', *, *, #52, .F. ) ;
#6024 = DIRECTION ( 'NONE',  ( -7.216449660077892452E-14, -1.000000000000000000, 0.000000000000000000 ) ) ;
#6025 = CARTESIAN_POINT ( 'NONE',  ( 27.12227919757465244, 60.02943725152283605, 23.74999999999996447 ) ) ;
#6026 = CARTESIAN_POINT ( 'NONE',  ( 14.07568596981249343, 76.99999999999897682, 49.99999999999999289 ) ) ;
#6027 = CARTESIAN_POINT ( 'NONE',  ( 21.89230640265840933, 75.63169716590587655, 29.52421061835938332 ) ) ;
#6028 = ORIENTED_EDGE ( 'NONE', *, *, #5453, .F. ) ;
#6029 = EDGE_LOOP ( 'NONE', ( #3719, #2950, #5140, #5845 ) ) ;
#6030 = MANIFOLD_SOLID_BREP ( 'Sym\X2\00e9\X0\trie1', #474 ) ;
#6031 = ORIENTED_EDGE ( 'NONE', *, *, #2451, .F. ) ;
#6032 = DIRECTION ( 'NONE',  ( 7.216449660063511202E-14, 1.000000000000000000, -0.000000000000000000 ) ) ;
#6033 = CARTESIAN_POINT ( 'NONE',  ( 14.07568596981249520, 77.00000000000000000, -3.664764759190856758 ) ) ;
#6034 = LINE ( 'NONE', #1032, #46 ) ;
#6035 = CARTESIAN_POINT ( 'NONE',  ( 9.315821547788326384, 76.42168133893612492, 3.645945788329199022 ) ) ;
#6036 = LINE ( 'NONE', #2171, #1617 ) ;
#6037 = ORIENTED_EDGE ( 'NONE', *, *, #5063, .T. ) ;
#6038 = DIRECTION ( 'NONE',  ( 7.304689455032544060E-14, 1.000000000000000000, -1.448184717984592466E-29 ) ) ;
#6039 = EDGE_CURVE ( 'NONE', #5200, #5971, #7210, .T. ) ;
#6040 = EDGE_CURVE ( 'NONE', #1047, #30, #653, .T. ) ;
#6041 = LINE ( 'NONE', #2997, #139 ) ;
#6042 = CARTESIAN_POINT ( 'NONE',  ( 18.42923936041092858, 97.49999999999968736, 7.146446609406713613 ) ) ;
#6043 = DIRECTION ( 'NONE',  ( -7.304689455032545322E-14, -1.000000000000000000, 0.000000000000000000 ) ) ;
#6044 = ORIENTED_EDGE ( 'NONE', *, *, #2227, .T. ) ;
#6045 = CARTESIAN_POINT ( 'NONE',  ( 12.44981348795380427, 74.70190296114371620, 23.74999999999996092 ) ) ;
#6046 = CARTESIAN_POINT ( 'NONE',  ( 23.31399854812391226, 64.60209204862488264, -0.09103138169727986728 ) ) ;
#6047 = ADVANCED_FACE ( 'NONE', ( #1345 ), #2633, .F. ) ;
#6048 = ORIENTED_EDGE ( 'NONE', *, *, #2438, .T. ) ;
#6049 = ORIENTED_EDGE ( 'NONE', *, *, #7915, .F. ) ;
#6050 = ORIENTED_EDGE ( 'NONE', *, *, #6302, .T. ) ;
#6051 = CARTESIAN_POINT ( 'NONE',  ( 39.09284194604902041, 71.99999999999715783, 10.00000000000000888 ) ) ;
#6052 = CARTESIAN_POINT ( 'NONE',  ( 21.89241037085487207, 75.55201599730689566, 29.55386377144822774 ) ) ;
#6053 = ADVANCED_FACE ( 'NONE', ( #7008 ), #2722, .T. ) ;
#6054 = DIRECTION ( 'NONE',  ( -1.000000000000000000, 7.330143509125501407E-14, 0.000000000000000000 ) ) ;
#6055 = CIRCLE ( 'NONE', #2501, 0.7500000000000022204 ) ;
#6056 = VERTEX_POINT ( 'NONE', #241 ) ;
#6057 = CARTESIAN_POINT ( 'NONE',  ( 16.51567747977645340, 77.70710678118652481, 14.50000000000000888 ) ) ;
#6058 = CARTESIAN_POINT ( 'NONE',  ( 22.17379858187640096, 74.90188738793393952, 29.86285145187914836 ) ) ;
#6059 = ORIENTED_EDGE ( 'NONE', *, *, #161, .T. ) ;
#6060 = FACE_OUTER_BOUND ( 'NONE', #4717, .T. ) ;
#6061 = LINE ( 'NONE', #1018, #5078 ) ;
#6062 =( BOUNDED_SURFACE ( )  B_SPLINE_SURFACE ( 3, 2, ( 
 ( #5567, #2409, #4875 ),
 ( #7972, #3026, #428 ),
 ( #7399, #8017, #590 ),
 ( #3062, #5530, #1159 ) ),
 .UNSPECIFIED., .F., .F., .T. ) 
 B_SPLINE_SURFACE_WITH_KNOTS ( ( 4, 4 ),
 ( 3, 3 ),
 ( 0.000000000000000000, 0.0003309736146720584546 ),
 ( 0.000000000000000000, 0.001745056068456680032 ),
 .UNSPECIFIED. ) 
 GEOMETRIC_REPRESENTATION_ITEM ( )  RATIONAL_B_SPLINE_SURFACE ( (
 ( 1.000000000000000000, 0.9997697420416575831, 0.9995402877094102800),
 ( 1.000000000000000000, 0.9997700796539263912, 0.9995409617556431092),
 ( 1.000000000000000000, 0.9997708857057610032, 0.9995425710461011137),
 ( 1.000000000000000000, 0.9997721314575952478, 0.9995450582019559382) ) ) 
 REPRESENTATION_ITEM ( '' )  SURFACE ( )  );
#6063 = LINE ( 'NONE', #3053, #3113 ) ;
#6064 = EDGE_CURVE ( 'NONE', #2304, #4112, #6292, .T. ) ;
#6065 = CARTESIAN_POINT ( 'NONE',  ( 28.53649275994774470, 61.44365081389591410, 11.25000000000001066 ) ) ;
#6066 = FACE_OUTER_BOUND ( 'NONE', #2516, .T. ) ;
#6067 = DIRECTION ( 'NONE',  ( 1.000000000000000000, 0.000000000000000000, 0.000000000000000000 ) ) ;
#6068 = VERTEX_POINT ( 'NONE', #7743 ) ;
#6069 = ORIENTED_EDGE ( 'NONE', *, *, #5020, .F. ) ;
#6070 = CIRCLE ( 'NONE', #1721, 0.7499999999999972244 ) ;
#6071 = ORIENTED_EDGE ( 'NONE', *, *, #4495, .F. ) ;
#6072 = CARTESIAN_POINT ( 'NONE',  ( 28.67843880002563495, 68.94949558433496861, 29.49088880657710732 ) ) ;
#6073 = LINE ( 'NONE', #6548, #649 ) ;
#6074 = EDGE_CURVE ( 'NONE', #476, #4482, #2111, .T. ) ;
#6075 = CARTESIAN_POINT ( 'NONE',  ( 11.84786924800421204, 77.00000000000000000, 1.950198144235012032 ) ) ;
#6076 = CARTESIAN_POINT ( 'NONE',  ( 31.05648859584563937, 54.68200398054792544, 20.52559331816345178 ) ) ;
#6077 = CARTESIAN_POINT ( 'NONE',  ( 25.07568596982052256, 187.0000000000026432, -2.499999999999994227 ) ) ;
#6078 = CARTESIAN_POINT ( 'NONE',  ( 30.65781310350739375, 63.56497115745555959, 13.75000000000001066 ) ) ;
#6079 = ORIENTED_EDGE ( 'NONE', *, *, #5587, .F. ) ;
#6080 = B_SPLINE_CURVE_WITH_KNOTS ( 'NONE', 3,
 ( #885, #6596, #357, #4638, #6046, #5889, #2144, #272, #5407, #1463, #7938, #2877, #6511, #7817, #4030, #4153, #3363, #7290, #2836, #922, #232, #2753 ),
 .UNSPECIFIED., .F., .F.,
 ( 4, 2, 2, 2, 2, 2, 2, 2, 2, 2, 4 ),
 ( 0.005356285227636683501, 0.006327953651502377964, 0.007299622075368073296, 0.008271290499233767760, 0.008757124711166618461, 0.009242958923099469162, 0.009728793135032321598, 0.01021462734696517230, 0.01118629577083088758, 0.01215796419469660286, 0.01312963261856232161 ),
 .UNSPECIFIED. ) ;
#6081 = CARTESIAN_POINT ( 'NONE',  ( 43.07568596981212039, 71.99999999999685940, 42.49999999999998579 ) ) ;
#6082 = AXIS2_PLACEMENT_3D ( 'NONE', #7839, #335, #5227 ) ;
#6083 = CARTESIAN_POINT ( 'NONE',  ( 25.07568596981255027, 77.78183389698399708, -3.956439237389593355 ) ) ;
#6084 = CARTESIAN_POINT ( 'NONE',  ( 19.34410460452265923, 73.46446609406724804, 29.00000000000001066 ) ) ;
#6085 = DIRECTION ( 'NONE',  ( 0.7071067811865489050, 0.7071067811865462405, -1.734723475976809806E-16 ) ) ;
#6086 = DIRECTION ( 'NONE',  ( 7.216449660063518775E-14, 1.000000000000000000, -0.000000000000000000 ) ) ;
#6087 = ORIENTED_EDGE ( 'NONE', *, *, #6337, .F. ) ;
#6088 = EDGE_CURVE ( 'NONE', #7635, #1812, #6690, .T. ) ;
#6089 = CARTESIAN_POINT ( 'NONE',  ( 22.87963851045536501, 62.85786437626902767, 29.00000000000000711 ) ) ;
#6090 = CARTESIAN_POINT ( 'NONE',  ( 35.18606605643415719, 66.99999999999742784, 32.26843602752286699 ) ) ;
#6091 = ORIENTED_EDGE ( 'NONE', *, *, #2734, .T. ) ;
#6092 = VERTEX_POINT ( 'NONE', #3992 ) ;
#6093 = ORIENTED_EDGE ( 'NONE', *, *, #2518, .F. ) ;
#6094 = DIRECTION ( 'NONE',  ( 0.7071067811865440200, -0.7071067811865510144, 4.625929269271464023E-15 ) ) ;
#6095 = LINE ( 'NONE', #4196, #3296 ) ;
#6096 = DIRECTION ( 'NONE',  ( -0.7071067811865500152, 3.925231146709447260E-14, -0.7071067811865451302 ) ) ;
#6097 = ADVANCED_FACE ( 'NONE', ( #6520 ), #195, .F. ) ;
#6098 = CARTESIAN_POINT ( 'NONE',  ( 28.47948604808103568, 68.78628954474871193, 29.05522823311890335 ) ) ;
#6099 = CARTESIAN_POINT ( 'NONE',  ( 69.07568596981691655, 137.3911308970822063, -12.50000000000000355 ) ) ;
#6100 = VERTEX_POINT ( 'NONE', #2152 ) ;
#6101 = CARTESIAN_POINT ( 'NONE',  ( 35.26038631583529082, 66.99999999999742784, 2.842758267857671939 ) ) ;
#6102 = CARTESIAN_POINT ( 'NONE',  ( 22.09973142654938982, 74.98747016763103090, 29.81459736160673302 ) ) ;
#6103 = EDGE_LOOP ( 'NONE', ( #7099, #2285, #112, #172, #465, #1432 ) ) ;
#6104 = DIRECTION ( 'NONE',  ( -1.000000000000000000, 7.320533068622127201E-14, -2.775557561562891844E-16 ) ) ;
#6105 = CARTESIAN_POINT ( 'NONE',  ( 27.12227919757465244, 60.02943725152283605, 23.74999999999996447 ) ) ;
#6106 = AXIS2_PLACEMENT_3D ( 'NONE', #1912, #6332, #7599 ) ;
#6107 = CARTESIAN_POINT ( 'NONE',  ( 13.92923936040905808, 97.00000000000001421, 32.35355339059507429 ) ) ;
#6108 = DIRECTION ( 'NONE',  ( -0.7071067811865497932, -0.7071067811865452413, 0.000000000000000000 ) ) ;
#6109 = UNCERTAINTY_MEASURE_WITH_UNIT (LENGTH_MEASURE( 1.000000000000000082E-05 ), #90, 'distance_accuracy_value', 'NONE');
#6110 = CARTESIAN_POINT ( 'NONE',  ( 21.92526295150714333, 75.85479722228811283, 29.45153543313656996 ) ) ;
#6111 = CIRCLE ( 'NONE', #5566, 0.7499999999999972244 ) ;
#6112 = VERTEX_POINT ( 'NONE', #3328 ) ;
#6113 = ORIENTED_EDGE ( 'NONE', *, *, #6212, .F. ) ;
#6114 = ADVANCED_FACE ( 'NONE', ( #4647 ), #6564, .F. ) ;
#6115 = ORIENTED_EDGE ( 'NONE', *, *, #955, .T. ) ;
#6116 = DIRECTION ( 'NONE',  ( -0.000000000000000000, -0.000000000000000000, -1.000000000000000000 ) ) ;
#6117 = VECTOR ( 'NONE', #3681, 1000.000000000000000 ) ;
#6118 = VECTOR ( 'NONE', #7198, 999.9999999999998863 ) ;
#6119 = EDGE_CURVE ( 'NONE', #1750, #7046, #5853, .T. ) ;
#6120 = CARTESIAN_POINT ( 'NONE',  ( 13.83303457523965996, 76.26281683258997646, -1.788253045364389449 ) ) ;
#6121 = CARTESIAN_POINT ( 'NONE',  ( 9.330997470308959763, 77.00000000000000000, 3.723480056188120724 ) ) ;
#6122 = FACE_OUTER_BOUND ( 'NONE', #6895, .T. ) ;
#6123 = DIRECTION ( 'NONE',  ( -1.000000000000000000, 7.304689455032545322E-14, 0.000000000000000000 ) ) ;
#6124 = ORIENTED_EDGE ( 'NONE', *, *, #1904, .T. ) ;
#6125 = AXIS2_PLACEMENT_3D ( 'NONE', #4724, #3987, #6515 ) ;
#6126 = CARTESIAN_POINT ( 'NONE',  ( 25.07568596981212039, 71.99999999999816680, 52.50000000000002132 ) ) ;
#6127 = CIRCLE ( 'NONE', #2563, 0.7500000000000034417 ) ;
#6128 = ADVANCED_FACE ( 'NONE', ( #3078 ), #4391, .F. ) ;
#6129 = CARTESIAN_POINT ( 'NONE',  ( 22.65478839297333380, 73.01508993426432426, 18.86740189363034403 ) ) ;
#6130 = ADVANCED_FACE ( 'NONE', ( #6266 ), #2862, .T. ) ;
#6131 = CARTESIAN_POINT ( 'NONE',  ( 12.98014357384372275, 74.17157287525380127, 10.50000000000000888 ) ) ;
#6132 = CARTESIAN_POINT ( 'NONE',  ( 69.07568596982024189, 183.2499999999948841, -6.250000000000002665 ) ) ;
#6133 = VECTOR ( 'NONE', #8005, 1000.000000000000000 ) ;
#6134 = CARTESIAN_POINT ( 'NONE',  ( 21.89203969235547476, 75.61801326769393938, 5.470778709620052638 ) ) ;
#6135 = VERTEX_POINT ( 'NONE', #1603 ) ;
#6136 = DIRECTION ( 'NONE',  ( -1.000000000000000000, 0.000000000000000000, 0.000000000000000000 ) ) ;
#6137 = CARTESIAN_POINT ( 'NONE',  ( 28.48226786669017940, 68.94317227258456171, 5.438103502460713834 ) ) ;
#6138 = CARTESIAN_POINT ( 'NONE',  ( 14.07568596981220033, 74.40701745969987257, 33.73107509570007068 ) ) ;
#6139 = ORIENTED_EDGE ( 'NONE', *, *, #2983, .T. ) ;
#6140 = ORIENTED_EDGE ( 'NONE', *, *, #7501, .T. ) ;
#6141 = CARTESIAN_POINT ( 'NONE',  ( 37.27602225889577170, 71.99999999999729994, 8.287085972027513847 ) ) ;
#6142 = DIRECTION ( 'NONE',  ( -0.000000000000000000, -0.000000000000000000, 1.000000000000000000 ) ) ;
#6143 = CARTESIAN_POINT ( 'NONE',  ( 28.27996894993363952, 68.94116948018503876, 38.85358881636527428 ) ) ;
#6144 = EDGE_CURVE ( 'NONE', #1693, #559, #3504, .T. ) ;
#6145 = CIRCLE ( 'NONE', #2057, 2.500000000000002220 ) ;
#6146 = CARTESIAN_POINT ( 'NONE',  ( 12.98014357384371564, 74.17157287525380127, 12.00000000000001066 ) ) ;
#6147 = FACE_OUTER_BOUND ( 'NONE', #1285, .T. ) ;
#6148 = DIRECTION ( 'NONE',  ( 0.6063390625908342546, 0.6063390625908308129, -0.5144957554275261247 ) ) ;
#6149 = VERTEX_POINT ( 'NONE', #6698 ) ;
#6150 = DIRECTION ( 'NONE',  ( -7.304689455032545322E-14, -1.000000000000000000, 0.000000000000000000 ) ) ;
#6151 = CARTESIAN_POINT ( 'NONE',  ( 59.07568596981197828, 69.49999999999569411, 51.46446609406725514 ) ) ;
#6152 = EDGE_CURVE ( 'NONE', #1653, #3916, #937, .T. ) ;
#6153 = FACE_OUTER_BOUND ( 'NONE', #7106, .T. ) ;
#6154 = FACE_OUTER_BOUND ( 'NONE', #379, .T. ) ;
#6155 = VECTOR ( 'NONE', #5744, 1000.000000000000114 ) ;
#6156 = CARTESIAN_POINT ( 'NONE',  ( 13.87860349323670839, 71.85889939348773225, 36.27142403916548119 ) ) ;
#6157 = CARTESIAN_POINT ( 'NONE',  ( 12.76518681952016898, 73.59393832204781916, 34.78462372902762922 ) ) ;
#6158 = AXIS2_PLACEMENT_3D ( 'NONE', #4734, #7265, #2927 ) ;
#6159 = DIRECTION ( 'NONE',  ( -0.7071067811865521247, -0.7071067811865429098, 0.000000000000000000 ) ) ;
#6160 = VERTEX_POINT ( 'NONE', #3457 ) ;
#6161 = EDGE_LOOP ( 'NONE', ( #5155, #6826, #1992 ) ) ;
#6162 = EDGE_CURVE ( 'NONE', #2858, #4107, #6061, .T. ) ;
#6163 = VERTEX_POINT ( 'NONE', #5517 ) ;
#6164 = CARTESIAN_POINT ( 'NONE',  ( 14.07568596982016373, 181.9999999999989768, -2.500000000000012434 ) ) ;
#6165 = AXIS2_PLACEMENT_3D ( 'NONE', #5921, #265, #7933 ) ;
#6166 = DIRECTION ( 'NONE',  ( -0.7071067811865497932, -0.7071067811865453523, 0.000000000000000000 ) ) ;
#6167 = CARTESIAN_POINT ( 'NONE',  ( 28.05577457496603344, 69.07110199545898865, 5.247129349975445223 ) ) ;
#6168 = EDGE_CURVE ( 'NONE', #7814, #2954, #7340, .T. ) ;
#6169 = CARTESIAN_POINT ( 'NONE',  ( 20.93509486219239335, 83.18718433538225554, 16.25000000000000711 ) ) ;
#6170 = CARTESIAN_POINT ( 'NONE',  ( 69.07568596981175801, 66.99999999999495515, 47.49999999999999289 ) ) ;
#6171 = ORIENTED_EDGE ( 'NONE', *, *, #5727, .T. ) ;
#6172 = ORIENTED_EDGE ( 'NONE', *, *, #342, .F. ) ;
#6173 = LINE ( 'NONE', #5443, #318 ) ;
#6174 = CARTESIAN_POINT ( 'NONE',  ( 31.05702406681745131, 54.67996666693283458, 14.47442160781982246 ) ) ;
#6175 = CARTESIAN_POINT ( 'NONE',  ( 21.91145128272566112, 76.08903752107219987, 6.061297867733289380 ) ) ;
#6176 = CARTESIAN_POINT ( 'NONE',  ( 39.61289129791079944, 66.99999999999710099, 16.13259810636968794 ) ) ;
#6177 = ADVANCED_FACE ( 'NONE', ( #6154 ), #7307, .T. ) ;
#6178 = VERTEX_POINT ( 'NONE', #5349 ) ;
#6179 = DIRECTION ( 'NONE',  ( 0.000000000000000000, 0.000000000000000000, -1.000000000000000000 ) ) ;
#6180 = CARTESIAN_POINT ( 'NONE',  ( 28.06737198098797847, 69.06462442900036081, 5.252978574953220736 ) ) ;
#6181 = CARTESIAN_POINT ( 'NONE',  ( 22.48829753697532041, 58.59918054704932189, 32.98572024959506876 ) ) ;
#6182 = VERTEX_POINT ( 'NONE', #504 ) ;
#6183 = ORIENTED_EDGE ( 'NONE', *, *, #7171, .F. ) ;
#6184 = CYLINDRICAL_SURFACE ( 'NONE', #190, 0.9999999999999964473 ) ;
#6185 = CARTESIAN_POINT ( 'NONE',  ( 24.35513648543726006, 66.98033794877019886, 40.15526973932077226 ) ) ;
#6186 = DIRECTION ( 'NONE',  ( 7.304689455032545322E-14, 1.000000000000000000, 0.000000000000000000 ) ) ;
#6187 = ADVANCED_FACE ( 'NONE', ( #5983 ), #6735, .F. ) ;
#6188 = CARTESIAN_POINT ( 'NONE',  ( 34.19334700944013861, 67.10050506338828313, 18.74999999999996803 ) ) ;
#6189 = ORIENTED_EDGE ( 'NONE', *, *, #1827, .F. ) ;
#6190 = CARTESIAN_POINT ( 'NONE',  ( 22.08012327586828150, 75.01395918313269817, 29.80029486427291374 ) ) ;
#6191 = DIRECTION ( 'NONE',  ( 0.7071067811865427988, -0.7071067811865521247, 0.000000000000000000 ) ) ;
#6192 = DIRECTION ( 'NONE',  ( -7.216449660063671498E-14, -1.000000000000000000, -0.000000000000000000 ) ) ;
#6193 = DIRECTION ( 'NONE',  ( 0.7071067811865486830, 0.7071067811865464625, -0.000000000000000000 ) ) ;
#6194 = DIRECTION ( 'NONE',  ( -0.000000000000000000, 0.000000000000000000, 1.000000000000000000 ) ) ;
#6195 = SPHERICAL_SURFACE ( 'NONE', #5449, 0.7500000000000000000 ) ;
#6196 = ADVANCED_FACE ( 'NONE', ( #8044 ), #7955, .T. ) ;
#6197 = ORIENTED_EDGE ( 'NONE', *, *, #1300, .T. ) ;
#6198 = ORIENTED_EDGE ( 'NONE', *, *, #2177, .F. ) ;
#6199 = ORIENTED_EDGE ( 'NONE', *, *, #6776, .T. ) ;
#6200 = DIRECTION ( 'NONE',  ( -0.7071067811865486830, -0.7071067811865464625, 0.000000000000000000 ) ) ;
#6201 = CIRCLE ( 'NONE', #3420, 5.000000000000000888 ) ;
#6202 = DIRECTION ( 'NONE',  ( -7.320533068622127201E-14, -1.000000000000000000, 1.269910057080334201E-29 ) ) ;
#6203 = EDGE_CURVE ( 'NONE', #6092, #8096, #2592, .T. ) ;
#6204 = DIRECTION ( 'NONE',  ( 1.000000000000000000, -7.285838599102563291E-14, 0.000000000000000000 ) ) ;
#6205 = LINE ( 'NONE', #3599, #4022 ) ;
#6206 = ORIENTED_EDGE ( 'NONE', *, *, #2083, .T. ) ;
#6207 = DIRECTION ( 'NONE',  ( -1.000000000000000000, 0.000000000000000000, 0.000000000000000000 ) ) ;
#6208 = CARTESIAN_POINT ( 'NONE',  ( 28.05494312638247223, 64.03765982581245453, 5.425199144863187328 ) ) ;
#6209 = AXIS2_PLACEMENT_3D ( 'NONE', #5508, #8113, #4853 ) ;
#6210 = CARTESIAN_POINT ( 'NONE',  ( 22.09942621024714526, 74.98724541702027580, 5.185369803462638316 ) ) ;
#6211 = DIRECTION ( 'NONE',  ( 0.7071067811865427988, -0.7071067811865521247, 0.000000000000000000 ) ) ;
#6212 = EDGE_CURVE ( 'NONE', #2933, #671, #5618, .T. ) ;
#6213 = CARTESIAN_POINT ( 'NONE',  ( 30.99794598763278941, 59.60771481178987585, 19.84878756343668726 ) ) ;
#6214 = CARTESIAN_POINT ( 'NONE',  ( 25.07568596981265685, 79.31662974588527959, 6.081152228392824988 ) ) ;
#6215 = ORIENTED_EDGE ( 'NONE', *, *, #2838, .T. ) ;
#6216 = CYLINDRICAL_SURFACE ( 'NONE', #715, 2.500000000000002220 ) ;
#6217 = CARTESIAN_POINT ( 'NONE',  ( 28.86008750081340324, 68.99073763241194968, 5.563501904998972236 ) ) ;
#6218 = AXIS2_PLACEMENT_3D ( 'NONE', #160, #4575, #1281 ) ;
#6219 = CARTESIAN_POINT ( 'NONE',  ( 28.57227577792300366, 59.66324002744340760, 27.81222332962833477 ) ) ;
#6220 = FACE_OUTER_BOUND ( 'NONE', #1578, .T. ) ;
#6221 = EDGE_CURVE ( 'NONE', #2837, #7357, #1141, .T. ) ;
#6222 = DIRECTION ( 'NONE',  ( -0.000000000000000000, -0.000000000000000000, -1.000000000000000000 ) ) ;
#6223 = DIRECTION ( 'NONE',  ( -1.000000000000000000, 0.000000000000000000, 3.700743415416934718E-16 ) ) ;
#6224 = CARTESIAN_POINT ( 'NONE',  ( 14.33287757506064963, 65.81751409943636588, 40.57758433292880085 ) ) ;
#6225 = CARTESIAN_POINT ( 'NONE',  ( 19.07568596982016373, 181.9999999999986073, 37.49999999999999289 ) ) ;
#6226 = VERTEX_POINT ( 'NONE', #4205 ) ;
#6227 = CARTESIAN_POINT ( 'NONE',  ( 28.59958040090260312, 68.94233133722161710, 29.51803895406809275 ) ) ;
#6228 = EDGE_CURVE ( 'NONE', #3592, #8050, #4245, .T. ) ;
#6229 = DIRECTION ( 'NONE',  ( 7.401486830834370205E-14, 1.000000000000000000, 0.000000000000000000 ) ) ;
#6230 = DIRECTION ( 'NONE',  ( -7.304689455032545322E-14, -1.000000000000000000, -0.000000000000000000 ) ) ;
#6231 = CARTESIAN_POINT ( 'NONE',  ( 24.80907200083365538, 71.85836567851278289, 17.50000000000000711 ) ) ;
#6232 = FACE_OUTER_BOUND ( 'NONE', #2535, .T. ) ;
#6233 = CARTESIAN_POINT ( 'NONE',  ( 27.88820729697021505, 68.89110776469259179, 5.753847768518104644 ) ) ;
#6234 = ORIENTED_EDGE ( 'NONE', *, *, #7869, .T. ) ;
#6235 = ORIENTED_EDGE ( 'NONE', *, *, #524, .T. ) ;
#6236 = VECTOR ( 'NONE', #973, 1000.000000000000114 ) ;
#6237 =( BOUNDED_SURFACE ( )  B_SPLINE_SURFACE ( 3, 2, ( 
 ( #3305, #1366, #5872 ),
 ( #4583, #6497, #6416 ),
 ( #3928, #6539, #218 ),
 ( #6372, #5742, #870 ) ),
 .UNSPECIFIED., .F., .F., .T. ) 
 B_SPLINE_SURFACE_WITH_KNOTS ( ( 4, 4 ),
 ( 3, 3 ),
 ( 0.000000000000000000, 0.0003309736146719612017 ),
 ( 0.9982549439315383522, 1.000000000000000000 ),
 .UNSPECIFIED. ) 
 GEOMETRIC_REPRESENTATION_ITEM ( )  RATIONAL_B_SPLINE_SURFACE ( (
 ( 0.9995402877094088367, 0.9997697420416569170, 1.000000000000000000),
 ( 0.9995409617556417770, 0.9997700796539257251, 1.000000000000000000),
 ( 0.9995425710460997815, 0.9997708857057603371, 1.000000000000000000),
 ( 0.9995450582019546060, 0.9997721314575945817, 1.000000000000000000) ) ) 
 REPRESENTATION_ITEM ( '' )  SURFACE ( )  );
#6238 = ORIENTED_EDGE ( 'NONE', *, *, #791, .T. ) ;
#6239 = CARTESIAN_POINT ( 'NONE',  ( 25.07568596981998255, 179.4999999999981242, 32.49999999999999289 ) ) ;
#6240 = VECTOR ( 'NONE', #260, 1000.000000000000000 ) ;
#6241 = EDGE_CURVE ( 'NONE', #2815, #671, #4772, .T. ) ;
#6242 = LINE ( 'NONE', #4874, #6331 ) ;
#6243 = AXIS2_PLACEMENT_3D ( 'NONE', #5795, #229, #3317 ) ;
#6244 = DIRECTION ( 'NONE',  ( -1.000000000000000000, 0.000000000000000000, 0.000000000000000000 ) ) ;
#6245 = CARTESIAN_POINT ( 'NONE',  ( 12.66820630747216825, 73.33122774628184004, 34.69534442434211030 ) ) ;
#6246 = ORIENTED_EDGE ( 'NONE', *, *, #6144, .F. ) ;
#6247 = CARTESIAN_POINT ( 'NONE',  ( 12.27303679265714997, 73.46446609406726225, 17.00000000000000711 ) ) ;
#6248 = AXIS2_PLACEMENT_3D ( 'NONE', #6545, #302, #2745 ) ;
#6249 = VECTOR ( 'NONE', #6261, 1000.000000000000114 ) ;
#6250 = VECTOR ( 'NONE', #7192, 1000.000000000000000 ) ;
#6251 = CARTESIAN_POINT ( 'NONE',  ( 31.86400750681890059, 61.88669269348584123, 9.549679018246578721 ) ) ;
#6252 = EDGE_CURVE ( 'NONE', #2580, #7757, #2318, .T. ) ;
#6253 = EDGE_CURVE ( 'NONE', #1911, #2033, #4303, .T. ) ;
#6254 = CARTESIAN_POINT ( 'NONE',  ( 28.15440304249950643, 69.02219672867902034, 29.70437949432480096 ) ) ;
#6255 = CARTESIAN_POINT ( 'NONE',  ( 22.03740494703117392, 76.11861179464629856, 5.608569297198540582 ) ) ;
#6256 = LINE ( 'NONE', #601, #3640 ) ;
#6257 = CARTESIAN_POINT ( 'NONE',  ( 26.41517241638810631, 59.32233047033628992, 11.25000000000001066 ) ) ;
#6258 = CARTESIAN_POINT ( 'NONE',  ( 17.92989104214954565, 79.12132034355961707, 21.24999999999996447 ) ) ;
#6259 = ORIENTED_EDGE ( 'NONE', *, *, #2668, .T. ) ;
#6260 = VECTOR ( 'NONE', #7707, 1000.000000000000000 ) ;
#6261 = DIRECTION ( 'NONE',  ( 0.7071067811865474617, 0.7071067811865474617, 0.000000000000000000 ) ) ;
#6262 = CARTESIAN_POINT ( 'NONE',  ( 9.299079110995080555, 75.53516513841019275, 31.47042144431562605 ) ) ;
#6263 = CARTESIAN_POINT ( 'NONE',  ( 25.07568596981176157, 66.99999999999816680, -20.00000000000001066 ) ) ;
#6264 = VECTOR ( 'NONE', #751, 1000.000000000000000 ) ;
#6265 = CIRCLE ( 'NONE', #1902, 0.7500000000000022204 ) ;
#6266 = FACE_OUTER_BOUND ( 'NONE', #4456, .T. ) ;
#6267 = CARTESIAN_POINT ( 'NONE',  ( 24.74714710152413488, 66.87215067549780656, 39.12093702350867375 ) ) ;
#6268 = CARTESIAN_POINT ( 'NONE',  ( 12.13786872389160010, 73.59963416283284232, 1.066221332689244239 ) ) ;
#6269 = ADVANCED_FACE ( 'NONE', ( #2594 ), #7536, .F. ) ;
#6270 = VERTEX_POINT ( 'NONE', #6890 ) ;
#6271 = EDGE_CURVE ( 'NONE', #2034, #31, #779, .T. ) ;
#6272 = CARTESIAN_POINT ( 'NONE',  ( 15.57568596981414188, 99.49999999999990052, 39.99999999999999289 ) ) ;
#6273 = AXIS2_PLACEMENT_3D ( 'NONE', #4117, #363, #1009 ) ;
#6274 = FACE_OUTER_BOUND ( 'NONE', #4173, .T. ) ;
#6275 = CARTESIAN_POINT ( 'NONE',  ( 22.89187580250594323, 75.59802372967745043, -0.000000000000000000 ) ) ;
#6276 = CARTESIAN_POINT ( 'NONE',  ( 20.43070049802619081, 65.30680238869823029, 36.36404860250005555 ) ) ;
#6277 = FACE_OUTER_BOUND ( 'NONE', #7254, .T. ) ;
#6278 = AXIS2_PLACEMENT_3D ( 'NONE', #3954, #766, #3289 ) ;
#6279 = DIRECTION ( 'NONE',  ( 6.938893903907230350E-16, -1.387778780781446070E-15, 1.000000000000000000 ) ) ;
#6280 = EDGE_CURVE ( 'NONE', #5728, #6453, #1791, .T. ) ;
#6281 = EDGE_LOOP ( 'NONE', ( #4803, #4181, #5428 ) ) ;
#6282 = EDGE_LOOP ( 'NONE', ( #5491, #1562, #1405 ) ) ;
#6283 = CARTESIAN_POINT ( 'NONE',  ( 16.57568596982016729, 181.9999999999987779, -7.500000000000012434 ) ) ;
#6284 = VECTOR ( 'NONE', #7122, 1000.000000000000000 ) ;
#6285 = ORIENTED_EDGE ( 'NONE', *, *, #2010, .T. ) ;
#6286 = CARTESIAN_POINT ( 'NONE',  ( 21.77135975093042930, 75.77976896509497351, 28.99087948570875284 ) ) ;
#6288 = CARTESIAN_POINT ( 'NONE',  ( 24.20777985968121726, 66.99999999999823785, -5.552326885872435724 ) ) ;
#6287 = VECTOR ( 'NONE', #4168, 999.9999999999998863 ) ;
#6289 = CARTESIAN_POINT ( 'NONE',  ( 28.53649275994774470, 61.44365081389591410, 11.25000000000001066 ) ) ;
#6290 = CARTESIAN_POINT ( 'NONE',  ( 15.49073519943053689, 65.99567483622408304, 40.88353615150698062 ) ) ;
#6291 = ORIENTED_EDGE ( 'NONE', *, *, #2128, .T. ) ;
#6292 =( BOUNDED_CURVE ( )  B_SPLINE_CURVE ( 3, ( #7177, #4565, #1515, #5219 ),
 .UNSPECIFIED., .F., .T. ) 
 B_SPLINE_CURVE_WITH_KNOTS ( ( 4, 4 ),
 ( 2.240625321537511242E-16, 1.570796326789717812 ),
 .UNSPECIFIED. ) 
 CURVE ( )  GEOMETRIC_REPRESENTATION_ITEM ( )  RATIONAL_B_SPLINE_CURVE ( ( 1.000000000000000000, 0.8047378541255856277, 0.8047378541255856277, 1.000000000000000000 ) ) 
 REPRESENTATION_ITEM ( '' )  );
#6293 = CARTESIAN_POINT ( 'NONE',  ( 21.46542494808230117, 82.65685424949234061, 18.74999999999996803 ) ) ;
#6294 = CARTESIAN_POINT ( 'NONE',  ( 26.76422281536783387, 60.04296187913537608, 4.995368392675140434 ) ) ;
#6295 = FACE_OUTER_BOUND ( 'NONE', #1132, .T. ) ;
#6296 = CARTESIAN_POINT ( 'NONE',  ( 22.00811669456557240, 76.23379348882383510, 6.076349735138552255 ) ) ;
#6297 = CARTESIAN_POINT ( 'NONE',  ( 19.34410460452265923, 73.46446609406724804, 29.00000000000001066 ) ) ;
#6298 = CARTESIAN_POINT ( 'NONE',  ( 21.90999792567374627, 75.40831164074661785, 5.387845213987502824 ) ) ;
#6299 = ORIENTED_EDGE ( 'NONE', *, *, #1565, .T. ) ;
#6300 = AXIS2_PLACEMENT_3D ( 'NONE', #4544, #4012, #782 ) ;
#6301 = CARTESIAN_POINT ( 'NONE',  ( 28.41030936263397066, 68.95026686195645027, 5.409359846988332166 ) ) ;
#6302 = EDGE_CURVE ( 'NONE', #84, #942, #4325, .T. ) ;
#6303 = DIRECTION ( 'NONE',  ( -1.000000000000000000, 7.317379025938529564E-14, 0.000000000000000000 ) ) ;
#6304 = CARTESIAN_POINT ( 'NONE',  ( 29.25583683318486550, 69.23406269899849974, 29.37560168247147274 ) ) ;
#6305 = CARTESIAN_POINT ( 'NONE',  ( 16.57568596982382658, 232.0624609862507839, 42.49999999999999289 ) ) ;
#6306 = LINE ( 'NONE', #6385, #5849 ) ;
#6307 = DIRECTION ( 'NONE',  ( -0.7071067811865464625, 0.7071067811865487940, -0.000000000000000000 ) ) ;
#6308 = ADVANCED_FACE ( 'NONE', ( #6313 ), #5605, .T. ) ;
#6309 = CARTESIAN_POINT ( 'NONE',  ( 48.07568596981693076, 137.3911308970837695, -7.500000000000007105 ) ) ;
#6310 = ORIENTED_EDGE ( 'NONE', *, *, #4727, .T. ) ;
#6311 = DIRECTION ( 'NONE',  ( -0.7071067811865440200, 0.7071067811865510144, 0.000000000000000000 ) ) ;
#6312 = CARTESIAN_POINT ( 'NONE',  ( 69.07568596982032716, 184.4999999999949694, -6.250000000000004441 ) ) ;
#6313 = FACE_OUTER_BOUND ( 'NONE', #5418, .T. ) ;
#6314 = DIRECTION ( 'NONE',  ( 1.000000000000000000, -7.269317423140907783E-14, -0.000000000000000000 ) ) ;
#6315 = CARTESIAN_POINT ( 'NONE',  ( 29.56847574322439343, 66.57024736016109046, 29.26224924894928847 ) ) ;
#6316 = EDGE_CURVE ( 'NONE', #6495, #2283, #1772, .T. ) ;
#6317 = CARTESIAN_POINT ( 'NONE',  ( 20.05121138570918049, 81.24264068711926257, 19.49999999999996803 ) ) ;
#6318 = VECTOR ( 'NONE', #3769, 1000.000000000000000 ) ;
#6319 = ORIENTED_EDGE ( 'NONE', *, *, #7601, .T. ) ;
#6320 = ORIENTED_EDGE ( 'NONE', *, *, #3120, .F. ) ;
#6321 = DIRECTION ( 'NONE',  ( 0.7071067811865475727, -0.7071067811865475727, -9.251858538543005354E-15 ) ) ;
#6322 = ORIENTED_EDGE ( 'NONE', *, *, #8120, .T. ) ;
#6323 = DIRECTION ( 'NONE',  ( 7.304689455032545322E-14, 1.000000000000000000, -0.000000000000000000 ) ) ;
#6324 = DIRECTION ( 'NONE',  ( 0.7071067811865464625, -0.7071067811865486830, 0.000000000000000000 ) ) ;
#6325 = EDGE_CURVE ( 'NONE', #3311, #8050, #6353, .T. ) ;
#6326 = CARTESIAN_POINT ( 'NONE',  ( 59.07568596981195697, 69.49999999999569411, -12.50000000000000355 ) ) ;
#6327 = CARTESIAN_POINT ( 'NONE',  ( 25.07568596981265330, 79.19604745935716039, 5.624398317528551239 ) ) ;
#6328 = CARTESIAN_POINT ( 'NONE',  ( 14.82635177081241906, 65.77638778631875027, 40.96424916336992084 ) ) ;
#6329 = ORIENTED_EDGE ( 'NONE', *, *, #7931, .F. ) ;
#6330 = VERTEX_POINT ( 'NONE', #70 ) ;
#6331 = VECTOR ( 'NONE', #6166, 1000.000000000000114 ) ;
#6332 = DIRECTION ( 'NONE',  ( -0.7071067811865475727, -0.7071067811865475727, 0.000000000000000000 ) ) ;
#6333 = VERTEX_POINT ( 'NONE', #3745 ) ;
#6334 = CARTESIAN_POINT ( 'NONE',  ( 19.07568596982016373, 181.9999999999986073, -2.500000000000012434 ) ) ;
#6335 = EDGE_CURVE ( 'NONE', #84, #3260, #4403, .T. ) ;
#6336 = CARTESIAN_POINT ( 'NONE',  ( 21.78104358454826794, 75.77435160499706512, 6.004763158845356052 ) ) ;
#6337 = EDGE_CURVE ( 'NONE', #5021, #4642, #617, .T. ) ;
#6338 = CARTESIAN_POINT ( 'NONE',  ( 35.60756057181323087, 68.51471862576138960, 18.74999999999996803 ) ) ;
#6339 = DIRECTION ( 'NONE',  ( 0.000000000000000000, 0.000000000000000000, -1.000000000000000000 ) ) ;
#6340 = ORIENTED_EDGE ( 'NONE', *, *, #2764, .F. ) ;
#6341 = CARTESIAN_POINT ( 'NONE',  ( 19.07568596981745301, 94.76393202249987269, 6.499999999999983125 ) ) ;
#6342 = CARTESIAN_POINT ( 'NONE',  ( 22.65478839297277247, 58.99999999999834444, 18.86740189363034403 ) ) ;
#6343 = DIRECTION ( 'NONE',  ( -0.7071067811865451302, -0.7071067811865497932, 0.000000000000000000 ) ) ;
#6344 = AXIS2_PLACEMENT_3D ( 'NONE', #7186, #6572, #7228 ) ;
#6345 = CARTESIAN_POINT ( 'NONE',  ( 14.43811972123739906, 65.78085014930077534, -5.700781218348010881 ) ) ;
#6346 = EDGE_CURVE ( 'NONE', #7442, #1944, #3669, .T. ) ;
#6347 = DIRECTION ( 'NONE',  ( -1.000000000000000000, 7.304689455032545322E-14, 0.000000000000000000 ) ) ;
#6348 = CARTESIAN_POINT ( 'NONE',  ( 16.57568596982382658, 232.0624609862507839, 38.49999999999999289 ) ) ;
#6349 = DIRECTION ( 'NONE',  ( -0.7071067811865497932, -0.7071067811865452413, 0.000000000000000000 ) ) ;
#6350 = VERTEX_POINT ( 'NONE', #575 ) ;
#6351 = CARTESIAN_POINT ( 'NONE',  ( 21.91784100180431594, 75.37105481914888117, 29.62810664903949132 ) ) ;
#6352 = CARTESIAN_POINT ( 'NONE',  ( 24.67743865818998472, 65.69440783969869813, 35.90858438909820194 ) ) ;
#6353 = LINE ( 'NONE', #646, #68 ) ;
#6354 = EDGE_CURVE ( 'NONE', #8050, #4501, #2474, .T. ) ;
#6355 = CARTESIAN_POINT ( 'NONE',  ( 39.18240923957633726, 58.99999999999713651, 12.33588857240130743 ) ) ;
#6356 = CARTESIAN_POINT ( 'NONE',  ( 31.07851595477201911, 59.87969142827517288, 19.79285840156703102 ) ) ;
#6357 = CARTESIAN_POINT ( 'NONE',  ( 27.96199323238816348, 68.86112223204565908, 5.780816354009453484 ) ) ;
#6358 = VERTEX_POINT ( 'NONE', #538 ) ;
#6359 = DIRECTION ( 'NONE',  ( 0.000000000000000000, 0.000000000000000000, 1.000000000000000000 ) ) ;
#6360 = EDGE_LOOP ( 'NONE', ( #6499, #3001, #6259, #2816 ) ) ;
#6361 = CARTESIAN_POINT ( 'NONE',  ( 22.12447787805535171, 76.36542165412805616, 28.91884777160716524 ) ) ;
#6362 = FACE_BOUND ( 'NONE', #2253, .T. ) ;
#6363 = CARTESIAN_POINT ( 'NONE',  ( 19.07568596981176512, 66.99999999999862155, -15.00000000000001066 ) ) ;
#6364 = CYLINDRICAL_SURFACE ( 'NONE', #4995, 0.9999999999999991118 ) ;
#6365 = DIRECTION ( 'NONE',  ( 0.7071067811865486830, 0.7071067811865464625, -0.000000000000000000 ) ) ;
#6366 = ADVANCED_FACE ( 'NONE', ( #5556 ), #7500, .F. ) ;
#6367 = EDGE_LOOP ( 'NONE', ( #1743, #7597, #5900, #6790, #7861 ) ) ;
#6368 = ORIENTED_EDGE ( 'NONE', *, *, #6040, .F. ) ;
#6369 = CARTESIAN_POINT ( 'NONE',  ( 9.130306290805561886, 77.00000000000000000, 3.813783199637827526 ) ) ;
#6370 = ORIENTED_EDGE ( 'NONE', *, *, #7668, .T. ) ;
#6371 = AXIS2_PLACEMENT_3D ( 'NONE', #3538, #5302, #2849 ) ;
#6372 = CARTESIAN_POINT ( 'NONE',  ( 31.01699990794989859, 54.70916093716162720, 13.45244745288837684 ) ) ;
#6373 = LINE ( 'NONE', #6954, #1627 ) ;
#6374 = EDGE_LOOP ( 'NONE', ( #3011, #3965, #1114 ) ) ;
#6375 = FACE_OUTER_BOUND ( 'NONE', #3997, .T. ) ;
#6376 = EDGE_CURVE ( 'NONE', #7414, #7457, #6145, .T. ) ;
#6377 = AXIS2_PLACEMENT_3D ( 'NONE', #2949, #3484, #3440 ) ;
#6378 = CARTESIAN_POINT ( 'NONE',  ( 29.35900240485259616, 60.12271643539433796, 26.64194143932868286 ) ) ;
#6380 = EDGE_CURVE ( 'NONE', #5399, #5127, #5870, .T. ) ;
#6379 = CYLINDRICAL_SURFACE ( 'NONE', #3220, 9.999999999998426148 ) ;
#6381 = CARTESIAN_POINT ( 'NONE',  ( 24.33174399806669896, 65.34596629740978813, -0.5378006364635546932 ) ) ;
#6382 = VECTOR ( 'NONE', #7930, 1000.000000000000000 ) ;
#6383 = AXIS2_PLACEMENT_3D ( 'NONE', #4836, #2486, #7479 ) ;
#6384 = CARTESIAN_POINT ( 'NONE',  ( 9.299079111056020253, 75.53516513842515678, 3.529578555659149242 ) ) ;
#6385 = CARTESIAN_POINT ( 'NONE',  ( 15.80857069858991260, 69.92893218813452449, 3.000000000000007994 ) ) ;
#6386 = DIRECTION ( 'NONE',  ( 0.000000000000000000, 0.000000000000000000, 1.000000000000000000 ) ) ;
#6387 = VERTEX_POINT ( 'NONE', #4036 ) ;
#6388 = ADVANCED_FACE ( 'NONE', ( #5170 ), #5906, .T. ) ;
#6389 = CIRCLE ( 'NONE', #845, 0.7500000000000022204 ) ;
#6390 = DIRECTION ( 'NONE',  ( 1.000000000000000000, -7.304689455032547847E-14, -4.625929269271485914E-16 ) ) ;
#6391 = CIRCLE ( 'NONE', #3214, 0.7499999999999997780 ) ;
#6392 = CARTESIAN_POINT ( 'NONE',  ( 26.41517241638810276, 59.32233047033628281, 21.24999999999996803 ) ) ;
#6393 = CARTESIAN_POINT ( 'NONE',  ( 21.75124296070958252, 75.24378459370535666, 29.14017064852165717 ) ) ;
#6394 = DIRECTION ( 'NONE',  ( 7.304689455032547847E-14, 1.000000000000000000, 7.401486830834397972E-15 ) ) ;
#6395 = AXIS2_PLACEMENT_3D ( 'NONE', #304, #1373, #5204 ) ;
#6396 = CIRCLE ( 'NONE', #3222, 0.7500000000000022204 ) ;
#6397 = CARTESIAN_POINT ( 'NONE',  ( 28.84773024514428741, 68.86956369532899203, 6.030138868620082526 ) ) ;
#6398 = AXIS2_PLACEMENT_3D ( 'NONE', #987, #2898, #3593 ) ;
#6399 = ORIENTED_EDGE ( 'NONE', *, *, #6316, .F. ) ;
#6400 = EDGE_CURVE ( 'NONE', #1910, #7717, #2847, .T. ) ;
#6401 = DIRECTION ( 'NONE',  ( 0.7071067811865486830, 0.7071067811865464625, -0.000000000000000000 ) ) ;
#6402 = B_SPLINE_CURVE_WITH_KNOTS ( 'NONE', 3,
 ( #7613, #8073, #8119, #4435 ),
 .UNSPECIFIED., .F., .F.,
 ( 4, 4 ),
 ( 0.000000000000000000, 1.000000000000000000 ),
 .UNSPECIFIED. ) ;
#6403 = VERTEX_POINT ( 'NONE', #968 ) ;
#6404 = LINE ( 'NONE', #248, #7460 ) ;
#6405 = VECTOR ( 'NONE', #6230, 1000.000000000000000 ) ;
#6406 = CARTESIAN_POINT ( 'NONE',  ( 12.27303679265714997, 73.46446609406726225, 19.49999999999996447 ) ) ;
#6407 = CARTESIAN_POINT ( 'NONE',  ( 13.96290252480214278, 77.00000000000000000, 37.10656635088472655 ) ) ;
#6408 = CARTESIAN_POINT ( 'NONE',  ( 33.17236529535721701, 64.09639633973090156, 21.28348977888400029 ) ) ;
#6409 = ADVANCED_FACE ( 'NONE', ( #5461 ), #4854, .F. ) ;
#6410 = ORIENTED_EDGE ( 'NONE', *, *, #6039, .T. ) ;
#6411 = ORIENTED_EDGE ( 'NONE', *, *, #6376, .T. ) ;
#6412 = CARTESIAN_POINT ( 'NONE',  ( 8.929059056559786711, 76.80844383016466281, 31.11761097080757565 ) ) ;
#6413 = VERTEX_POINT ( 'NONE', #6016 ) ;
#6414 = CYLINDRICAL_SURFACE ( 'NONE', #7253, 0.7500000000000022204 ) ;
#6415 = EDGE_CURVE ( 'NONE', #5915, #4114, #2884, .T. ) ;
#6416 = CARTESIAN_POINT ( 'NONE',  ( 31.05189838129374635, 54.69948821693955665, 14.07386006935351297 ) ) ;
#6417 = PLANE ( 'NONE',  #6956 ) ;
#6418 = CARTESIAN_POINT ( 'NONE',  ( 18.78279275100416612, 96.99999999999967315, 27.49999999999998579 ) ) ;
#6419 = CARTESIAN_POINT ( 'NONE',  ( 19.34410460452265923, 73.46446609406724804, 29.00000000000001066 ) ) ;
#6420 = VERTEX_POINT ( 'NONE', #6726 ) ;
#6421 = EDGE_CURVE ( 'NONE', #1144, #5372, #6606, .T. ) ;
#6422 = EDGE_LOOP ( 'NONE', ( #3771, #865 ) ) ;
#6423 = DIRECTION ( 'NONE',  ( 0.000000000000000000, -0.9940560697006273205, 0.1088693266780946384 ) ) ;
#6424 = LINE ( 'NONE', #2747, #6264 ) ;
#6425 = ADVANCED_FACE ( 'NONE', ( #405 ), #7944, .T. ) ;
#6426 = DIRECTION ( 'NONE',  ( -0.000000000000000000, -0.000000000000000000, -1.000000000000000000 ) ) ;
#6427 = CARTESIAN_POINT ( 'NONE',  ( 28.10109472177464340, 69.04637092143357791, 5.269872914007655673 ) ) ;
#6428 = CYLINDRICAL_SURFACE ( 'NONE', #489, 5.000000000000004441 ) ;
#6429 = VECTOR ( 'NONE', #4584, 1000.000000000000000 ) ;
#6430 = CARTESIAN_POINT ( 'NONE',  ( 56.57568596981194275, 69.49999999999586464, -15.00000000000001243 ) ) ;
#6431 = CARTESIAN_POINT ( 'NONE',  ( 31.05648940696693217, 54.68200089096763605, 20.52549341470579947 ) ) ;
#6432 = CARTESIAN_POINT ( 'NONE',  ( 14.07568596982016373, 181.9999999999989768, -2.500000000000012434 ) ) ;
#6433 =( BOUNDED_SURFACE ( )  B_SPLINE_SURFACE ( 3, 2, ( 
 ( #432, #4222, #1080 ),
 ( #6794, #3603, #1127 ),
 ( #3648, #6174, #519 ),
 ( #5534, #7242, #4102 ) ),
 .UNSPECIFIED., .F., .F., .F. ) 
 B_SPLINE_SURFACE_WITH_KNOTS ( ( 4, 4 ),
 ( 3, 3 ),
 ( 0.004673322914150787773, 0.004933883353364085407 ),
 ( 0.9995292518621095024, 1.000000000000000000 ),
 .UNSPECIFIED. ) 
 GEOMETRIC_REPRESENTATION_ITEM ( )  RATIONAL_B_SPLINE_SURFACE ( (
 ( 0.9998752908419181740, 0.9999376160538325786, 1.000000000000000000),
 ( 0.9998755184819458908, 0.9999377299274522235, 1.000000000000000000),
 ( 0.9998756977192373441, 0.9999378195883056319, 1.000000000000000000),
 ( 0.9998758292285940819, 0.9999378853739524509, 1.000000000000000000) ) ) 
 REPRESENTATION_ITEM ( '' )  SURFACE ( )  );
#6434 = EDGE_LOOP ( 'NONE', ( #7422, #7632, #4790 ) ) ;
#6435 = ORIENTED_EDGE ( 'NONE', *, *, #4121, .T. ) ;
#6436 = DIRECTION ( 'NONE',  ( 0.000000000000000000, 0.000000000000000000, 1.000000000000000000 ) ) ;
#6437 = CARTESIAN_POINT ( 'NONE',  ( 22.46258653935990779, 64.13793150451192560, 34.99196528151193775 ) ) ;
#6438 = CARTESIAN_POINT ( 'NONE',  ( 21.99047379308292349, 76.03133286061633100, 29.40760307559314768 ) ) ;
#6439 = EDGE_CURVE ( 'NONE', #4687, #7803, #5377, .T. ) ;
#6440 = CARTESIAN_POINT ( 'NONE',  ( 17.98969464754465264, 67.74780823917978978, 37.59532976164621232 ) ) ;
#6441 = CARTESIAN_POINT ( 'NONE',  ( 30.35492483532380348, 67.43920547685277711, 29.14443508841858588 ) ) ;
#6442 = DIRECTION ( 'NONE',  ( 4.054917210356867425E-28, 5.551115123125793746E-15, 1.000000000000000000 ) ) ;
#6443 = ORIENTED_EDGE ( 'NONE', *, *, #7877, .T. ) ;
#6444 = DIRECTION ( 'NONE',  ( -1.000000000000000000, 8.326672684688666480E-14, 0.000000000000000000 ) ) ;
#6445 = EDGE_LOOP ( 'NONE', ( #3546, #6719, #749, #3924 ) ) ;
#6446 = CARTESIAN_POINT ( 'NONE',  ( 33.53800452259059028, 64.19333121020976307, 10.00158321912151038 ) ) ;
#6447 = DIRECTION ( 'NONE',  ( 0.000000000000000000, -0.000000000000000000, 1.000000000000000000 ) ) ;
#6448 = CARTESIAN_POINT ( 'NONE',  ( 14.07568596981249698, 76.99999999959047159, -5.179851744267520708 ) ) ;
#6449 = CARTESIAN_POINT ( 'NONE',  ( 10.04246910007964821, 77.00000000000001421, 31.59665421579421718 ) ) ;
#6450 = ADVANCED_FACE ( 'NONE', ( #929 ), #3449, .F. ) ;
#6451 = DIRECTION ( 'NONE',  ( -0.7071067811865429098, -0.7071067811865522357, 0.000000000000000000 ) ) ;
#6452 = ORIENTED_EDGE ( 'NONE', *, *, #3245, .F. ) ;
#6453 = VERTEX_POINT ( 'NONE', #1593 ) ;
#6454 = ORIENTED_EDGE ( 'NONE', *, *, #2762, .T. ) ;
#6455 = CARTESIAN_POINT ( 'NONE',  ( 24.07568596981249698, 76.99999999999823785, -20.00000000000001066 ) ) ;
#6456 = EDGE_CURVE ( 'NONE', #2034, #6607, #1378, .T. ) ;
#6457 = DIRECTION ( 'NONE',  ( 0.7071067811865485719, 0.7071067811865464625, 0.000000000000000000 ) ) ;
#6458 = SHAPE_DEFINITION_REPRESENTATION ( #6501, #1925 ) ;
#6459 = CARTESIAN_POINT ( 'NONE',  ( 22.05545871712537220, 75.04992042763774407, 5.218745438509327705 ) ) ;
#6460 = EDGE_LOOP ( 'NONE', ( #4848, #4123, #2172, #5623, #6702, #5099, #4770, #4072, #7392, #6685, #2880, #5877, #8105, #6329, #5292, #5935, #820, #6299, #5368, #7881, #7882, #348, #3955, #4174, #6291, #2763, #7880, #5240, #2895, #4528, #23, #1201, #5024, #1575, #1899, #844, #4267, #66, #2699, #4598, #2370, #6140, #2274, #1123, #1221, #866, #7625, #4928, #6543, #4494, #1588, #776 ) ) ;
#6461 = CARTESIAN_POINT ( 'NONE',  ( 32.14235642071216859, 71.99999999999766942, 28.91884777160715814 ) ) ;
#6462 = VERTEX_POINT ( 'NONE', #3534 ) ;
#6463 = EDGE_LOOP ( 'NONE', ( #3878, #3257, #7857, #2146 ) ) ;
#6464 = CARTESIAN_POINT ( 'NONE',  ( 31.87989394595660286, 62.78255455834008814, 22.71773673378711322 ) ) ;
#6465 = CARTESIAN_POINT ( 'NONE',  ( 12.27303679265717662, 73.46446609406726225, 10.00000000000000711 ) ) ;
#6466 = EDGE_CURVE ( 'NONE', #4193, #4301, #7492, .T. ) ;
#6467 = DIRECTION ( 'NONE',  ( -0.7071067811865486830, -0.7071067811865464625, -0.000000000000000000 ) ) ;
#6468 = CARTESIAN_POINT ( 'NONE',  ( 29.04191140293601592, 69.07108038071355338, 5.603832294241503753 ) ) ;
#6469 = CARTESIAN_POINT ( 'NONE',  ( 17.92989104214954921, 79.12132034355961707, 21.24999999999996447 ) ) ;
#6470 = LINE ( 'NONE', #2750, #1760 ) ;
#6471 = CARTESIAN_POINT ( 'NONE',  ( 31.05702406680424943, 54.67996666698307706, 20.52557839217455893 ) ) ;
#6472 = DIRECTION ( 'NONE',  ( 1.000000000000000000, 0.000000000000000000, 0.000000000000000000 ) ) ;
#6473 = CARTESIAN_POINT ( 'NONE',  ( 21.77860935081485749, 75.77520750494710455, 6.005651726876782170 ) ) ;
#6474 = VECTOR ( 'NONE', #5180, 1000.000000000000000 ) ;
#6475 = VERTEX_POINT ( 'NONE', #4354 ) ;
#6476 = EDGE_CURVE ( 'NONE', #2981, #3676, #8107, .T. ) ;
#6477 = EDGE_LOOP ( 'NONE', ( #2412, #7021, #220, #6478 ) ) ;
#6478 = ORIENTED_EDGE ( 'NONE', *, *, #4488, .F. ) ;
#6479 = CARTESIAN_POINT ( 'NONE',  ( 14.07568596981322351, 87.00000000000000000, -7.500000000000011546 ) ) ;
#6480 = CARTESIAN_POINT ( 'NONE',  ( 30.23530500926443665, 66.99999999999778311, -2.597954620817458871 ) ) ;
#6481 = CARTESIAN_POINT ( 'NONE',  ( 21.77600354088901469, 75.12543141678668235, 29.17927914301739634 ) ) ;
#6482 = DIRECTION ( 'NONE',  ( 0.7071067811865464625, -0.7071067811865485719, -0.000000000000000000 ) ) ;
#6483 = DIRECTION ( 'NONE',  ( 0.7071067811865486830, 0.7071067811865464625, 0.000000000000000000 ) ) ;
#6484 = VERTEX_POINT ( 'NONE', #5591 ) ;
#6485 = CIRCLE ( 'NONE', #5014, 12.50000000000000000 ) ;
#6486 = FACE_OUTER_BOUND ( 'NONE', #3097, .T. ) ;
#6487 = VERTEX_POINT ( 'NONE', #5549 ) ;
#6488 = LINE ( 'NONE', #4344, #6615 ) ;
#6489 = CARTESIAN_POINT ( 'NONE',  ( 18.84418104387226123, 66.89332184285214566, -2.298936264798729923 ) ) ;
#6490 = LINE ( 'NONE', #4774, #1327 ) ;
#6491 = CARTESIAN_POINT ( 'NONE',  ( 15.57568596981395892, 96.99999999999988631, -3.500000000000012434 ) ) ;
#6492 = CYLINDRICAL_SURFACE ( 'NONE', #7951, 0.9999999999999964473 ) ;
#6493 = EDGE_LOOP ( 'NONE', ( #7987, #1766, #7584, #4194 ) ) ;
#6494 = VERTEX_POINT ( 'NONE', #8114 ) ;
#6495 = VERTEX_POINT ( 'NONE', #2466 ) ;
#6496 = EDGE_CURVE ( 'NONE', #5250, #5866, #3662, .T. ) ;
#6497 = CARTESIAN_POINT ( 'NONE',  ( 31.05386915850347407, 54.69196872128899400, 14.07328782996815342 ) ) ;
#6498 = CARTESIAN_POINT ( 'NONE',  ( 25.07568596982025255, 183.2499999999980957, 41.25000000000000000 ) ) ;
#6499 = ORIENTED_EDGE ( 'NONE', *, *, #4608, .T. ) ;
#6500 = ORIENTED_EDGE ( 'NONE', *, *, #2533, .F. ) ;
#6501 = PRODUCT_DEFINITION_SHAPE ( 'NONE', 'NONE',  #1906 ) ;
#6502 = LINE ( 'NONE', #7241, #5710 ) ;
#6503 = CARTESIAN_POINT ( 'NONE',  ( 14.92468722210670506, 76.11611652351680846, 23.74999999999996447 ) ) ;
#6504 = CARTESIAN_POINT ( 'NONE',  ( 43.07568596981213460, 71.99999999999685940, -7.500000000000007105 ) ) ;
#6505 = CARTESIAN_POINT ( 'NONE',  ( 28.79494926180808534, 68.97181480769215511, 5.545424730237171751 ) ) ;
#6506 = SPHERICAL_SURFACE ( 'NONE', #6684, 0.7500000000000000000 ) ;
#6507 = DIRECTION ( 'NONE',  ( 0.7071067811865427988, -0.7071067811865521247, 0.000000000000000000 ) ) ;
#6508 = VERTEX_POINT ( 'NONE', #4971 ) ;
#6509 = TOROIDAL_SURFACE ( 'NONE', #2680, 16.95810290493744077, 8.000000000000000000 ) ;
#6510 = CARTESIAN_POINT ( 'NONE',  ( 34.19334700944013861, 67.10050506338828313, 16.25000000000000711 ) ) ;
#6511 = CARTESIAN_POINT ( 'NONE',  ( 24.90638308049416239, 66.02616611126177304, -1.424539229987124678 ) ) ;
#6512 = ORIENTED_EDGE ( 'NONE', *, *, #2509, .T. ) ;
#6513 = VERTEX_POINT ( 'NONE', #1841 ) ;
#6514 = ORIENTED_EDGE ( 'NONE', *, *, #6221, .F. ) ;
#6515 = DIRECTION ( 'NONE',  ( 0.7071067811865427988, 0.7071067811865521247, 0.000000000000000000 ) ) ;
#6516 = VECTOR ( 'NONE', #1160, 1000.000000000000000 ) ;
#6517 = CARTESIAN_POINT ( 'NONE',  ( 32.04285818120424523, 66.99999999999397460, 9.628483346342683546 ) ) ;
#6518 = DIRECTION ( 'NONE',  ( 0.7071067811865464625, -0.7071067811865485719, -0.000000000000000000 ) ) ;
#6519 = AXIS2_PLACEMENT_3D ( 'NONE', #2043, #3554, #7277 ) ;
#6520 = FACE_OUTER_BOUND ( 'NONE', #3964, .T. ) ;
#6521 = ADVANCED_FACE ( 'NONE', ( #531 ), #8070, .F. ) ;
#6522 = CARTESIAN_POINT ( 'NONE',  ( 14.24400089360152322, 71.49350199312290499, -1.626952153741566987 ) ) ;
#6523 = AXIS2_PLACEMENT_3D ( 'NONE', #7616, #1973, #2591 ) ;
#6524 = CIRCLE ( 'NONE', #2046, 0.7500000000000072164 ) ;
#6525 = VERTEX_POINT ( 'NONE', #3077 ) ;
#6526 = CARTESIAN_POINT ( 'NONE',  ( 28.19360808459370915, 68.80068853184017996, 29.14045610593814928 ) ) ;
#6527 = VERTEX_POINT ( 'NONE', #6847 ) ;
#6528 = CARTESIAN_POINT ( 'NONE',  ( 30.85738205608707929, 55.42203066156288571, 14.47066135620127625 ) ) ;
#6529 = DIRECTION ( 'NONE',  ( 7.304689455032545322E-14, 1.000000000000000000, 0.000000000000000000 ) ) ;
#6530 = CIRCLE ( 'NONE', #3621, 0.5000000000000006661 ) ;
#6531 = DIRECTION ( 'NONE',  ( -0.000000000000000000, -0.000000000000000000, 1.000000000000000000 ) ) ;
#6532 = EDGE_CURVE ( 'NONE', #2972, #5990, #2846, .T. ) ;
#6533 = FACE_OUTER_BOUND ( 'NONE', #5965, .T. ) ;
#6534 = FACE_BOUND ( 'NONE', #5869, .T. ) ;
#6535 = VERTEX_POINT ( 'NONE', #565 ) ;
#6536 = VECTOR ( 'NONE', #2587, 1000.000000000000000 ) ;
#6537 = ORIENTED_EDGE ( 'NONE', *, *, #6977, .F. ) ;
#6538 = VECTOR ( 'NONE', #8171, 1000.000000000000114 ) ;
#6539 = CARTESIAN_POINT ( 'NONE',  ( 31.03952454842821496, 54.70509291099264715, 13.76214071838503727 ) ) ;
#6540 = DIRECTION ( 'NONE',  ( 0.7071067811865475727, -0.7071067811865475727, -2.312964634635751339E-15 ) ) ;
#6541 = APPLICATION_CONTEXT ( 'automotive_design' ) ;
#6542 = CARTESIAN_POINT ( 'NONE',  ( 31.17712901693542449, 66.99999999999771205, 36.80322003258803676 ) ) ;
#6543 = ORIENTED_EDGE ( 'NONE', *, *, #4674, .F. ) ;
#6544 = VERTEX_POINT ( 'NONE', #4930 ) ;
#6545 = CARTESIAN_POINT ( 'NONE',  ( 20.05121138570918049, 81.24264068711926257, 18.74999999999996803 ) ) ;
#6546 = CARTESIAN_POINT ( 'NONE',  ( 18.28279275101037626, 181.9999999999986642, 7.499999999999986677 ) ) ;
#6547 = AXIS2_PLACEMENT_3D ( 'NONE', #6003, #4147, #2873 ) ;
#6548 = CARTESIAN_POINT ( 'NONE',  ( 69.07568596981194275, 69.49999999999496936, 49.99999999999998579 ) ) ;
#6549 = CARTESIAN_POINT ( 'NONE',  ( 29.12718643863657064, 69.12476557847183756, 5.616556479789942991 ) ) ;
#6550 = CARTESIAN_POINT ( 'NONE',  ( 31.18814318939730157, 63.03464107156564467, 21.24999999999996803 ) ) ;
#6551 = STYLED_ITEM ( 'NONE', ( #5017 ), #6030 ) ;
#6552 = DIRECTION ( 'NONE',  ( 0.000000000000000000, -1.000000000000000000, 0.000000000000000000 ) ) ;
#6553 = ORIENTED_EDGE ( 'NONE', *, *, #7194, .F. ) ;
#6554 = EDGE_CURVE ( 'NONE', #2798, #1445, #5509, .T. ) ;
#6555 = B_SPLINE_CURVE_WITH_KNOTS ( 'NONE', 3,
 ( #2532, #2495, #1130, #4884 ),
 .UNSPECIFIED., .F., .F.,
 ( 4, 4 ),
 ( 0.000000000000000000, 0.0002619711390290823034 ),
 .UNSPECIFIED. ) ;
#6556 = FACE_OUTER_BOUND ( 'NONE', #708, .T. ) ;
#6557 = DIRECTION ( 'NONE',  ( 0.7071067811865449082, 0.000000000000000000, -0.7071067811865501263 ) ) ;
#6558 = ORIENTED_EDGE ( 'NONE', *, *, #5143, .F. ) ;
#6559 = ORIENTED_EDGE ( 'NONE', *, *, #6604, .T. ) ;
#6560 = ORIENTED_EDGE ( 'NONE', *, *, #397, .T. ) ;
#6561 = LINE ( 'NONE', #5972, #1502 ) ;
#6562 = CARTESIAN_POINT ( 'NONE',  ( 22.49009412813355624, 58.59925978484866249, 2.015054401551311880 ) ) ;
#6563 = CARTESIAN_POINT ( 'NONE',  ( 21.96033015832414748, 74.72971081384307013, 29.32759492085204656 ) ) ;
#6564 = SPHERICAL_SURFACE ( 'NONE', #494, 0.7500000000000000000 ) ;
#6565 = EDGE_CURVE ( 'NONE', #5273, #602, #1139, .T. ) ;
#6566 = DIRECTION ( 'NONE',  ( -0.7071067811865486830, -0.7071067811865464625, -0.000000000000000000 ) ) ;
#6567 = VECTOR ( 'NONE', #5646, 1000.000000000000000 ) ;
#6568 = ORIENTED_EDGE ( 'NONE', *, *, #298, .T. ) ;
#6569 = CARTESIAN_POINT ( 'NONE',  ( 19.07568596981322528, 86.99999999999963052, -7.500000000000011546 ) ) ;
#6570 = CARTESIAN_POINT ( 'NONE',  ( 28.11470325309638341, 68.81589369986873805, 29.16627902383486060 ) ) ;
#6571 = ORIENTED_EDGE ( 'NONE', *, *, #4066, .F. ) ;
#6572 = DIRECTION ( 'NONE',  ( -0.000000000000000000, 0.000000000000000000, 1.000000000000000000 ) ) ;
#6573 = CARTESIAN_POINT ( 'NONE',  ( 17.57620584357730209, 68.16129704314710125, -2.680469582210773805 ) ) ;
#6574 = ADVANCED_FACE ( 'NONE', ( #4176 ), #6661, .F. ) ;
#6575 = CARTESIAN_POINT ( 'NONE',  ( 9.330413233592221189, 76.61409752353978320, 31.33187516407832973 ) ) ;
#6576 = DIRECTION ( 'NONE',  ( 0.7071067811865464625, -0.7071067811865485719, -0.000000000000000000 ) ) ;
#6577 = CARTESIAN_POINT ( 'NONE',  ( 14.07568596982052789, 186.9999999999989768, -20.00000000000001066 ) ) ;
#6578 = CARTESIAN_POINT ( 'NONE',  ( 30.58623831260332793, 55.15126457412103633, 23.69991995600262058 ) ) ;
#6579 = ORIENTED_EDGE ( 'NONE', *, *, #7922, .T. ) ;
#6580 = EDGE_CURVE ( 'NONE', #5250, #4686, #325, .T. ) ;
#6581 = ORIENTED_EDGE ( 'NONE', *, *, #5956, .T. ) ;
#6582 = DIRECTION ( 'NONE',  ( -0.7071067811866030839, -0.7071067811864919506, 2.560053086244069560E-30 ) ) ;
#6583 = DIRECTION ( 'NONE',  ( -7.320533068622127201E-14, -1.000000000000000000, 1.269910057080334201E-29 ) ) ;
#6584 = ORIENTED_EDGE ( 'NONE', *, *, #3302, .T. ) ;
#6585 = LINE ( 'NONE', #911, #6240 ) ;
#6586 = ORIENTED_EDGE ( 'NONE', *, *, #7275, .T. ) ;
#6587 = DIRECTION ( 'NONE',  ( -0.7071067811865487940, -0.7071067811865464625, 0.000000000000000000 ) ) ;
#6588 = EDGE_CURVE ( 'NONE', #3537, #5801, #5330, .T. ) ;
#6589 = DIRECTION ( 'NONE',  ( 8.659560562354947649E-17, 8.659560562354919300E-17, 1.000000000000000000 ) ) ;
#6590 = CARTESIAN_POINT ( 'NONE',  ( 29.07089273556855957, 69.08815774349253047, 5.608618238765116004 ) ) ;
#6591 = CARTESIAN_POINT ( 'NONE',  ( 19.07568596981249343, 76.99999999999860734, -15.00000000000001066 ) ) ;
#6592 = DIRECTION ( 'NONE',  ( -6.335808141182587134E-30, -8.673617379884029309E-17, -1.000000000000000000 ) ) ;
#6593 = FACE_OUTER_BOUND ( 'NONE', #5197, .T. ) ;
#6594 = ORIENTED_EDGE ( 'NONE', *, *, #7233, .T. ) ;
#6595 = LINE ( 'NONE', #3567, #7568 ) ;
#6596 = CARTESIAN_POINT ( 'NONE',  ( 22.16625625281071521, 63.99738446423982907, 0.01730584904547210687 ) ) ;
#6597 = VERTEX_POINT ( 'NONE', #466 ) ;
#6598 = ORIENTED_EDGE ( 'NONE', *, *, #1942, .T. ) ;
#6599 = AXIS2_PLACEMENT_3D ( 'NONE', #7045, #3239, #2104 ) ;
#6600 = ORIENTED_EDGE ( 'NONE', *, *, #7001, .F. ) ;
#6601 = LINE ( 'NONE', #2671, #2961 ) ;
#6602 = CARTESIAN_POINT ( 'NONE',  ( 36.30963027732088477, 66.99999999999735678, 4.536134695025365815 ) ) ;
#6603 = DIRECTION ( 'NONE',  ( -1.000000000000000000, 8.326672684688666480E-14, 0.000000000000000000 ) ) ;
#6604 = EDGE_CURVE ( 'NONE', #1472, #7260, #982, .T. ) ;
#6605 = CARTESIAN_POINT ( 'NONE',  ( 9.020785941557742049, 76.61826881553631097, 3.807405739046998860 ) ) ;
#6606 =( BOUNDED_CURVE ( )  B_SPLINE_CURVE ( 3, ( #4159, #6143, #5298, #7992 ),
 .UNSPECIFIED., .F., .T. ) 
 B_SPLINE_CURVE_WITH_KNOTS ( ( 4, 4 ),
 ( 2.356194490192335067, 3.141592653589791340 ),
 .UNSPECIFIED. ) 
 CURVE ( )  GEOMETRIC_REPRESENTATION_ITEM ( )  RATIONAL_B_SPLINE_CURVE ( ( 1.000000000000000000, 0.9492530216741901228, 0.9492530216741901228, 1.000000000000000000 ) ) 
 REPRESENTATION_ITEM ( '' )  );
#6607 = VERTEX_POINT ( 'NONE', #423 ) ;
#6608 = LINE ( 'NONE', #1684, #6896 ) ;
#6609 = CARTESIAN_POINT ( 'NONE',  ( 28.78634551832992727, 68.84853577116507495, 28.98217366132957196 ) ) ;
#6610 = EDGE_CURVE ( 'NONE', #4950, #3260, #6705, .T. ) ;
#6611 = ADVANCED_FACE ( 'NONE', ( #1027 ), #2286, .F. ) ;
#6612 = ORIENTED_EDGE ( 'NONE', *, *, #7629, .F. ) ;
#6613 = LINE ( 'NONE', #2729, #3 ) ;
#6614 = CARTESIAN_POINT ( 'NONE',  ( 14.07568596981246500, 76.86202465361259328, -3.406195354381068352 ) ) ;
#6615 = VECTOR ( 'NONE', #3958, 1000.000000000000000 ) ;
#6616 = CARTESIAN_POINT ( 'NONE',  ( 32.60235675177040093, 65.50951480571856678, 21.24999999999996447 ) ) ;
#6617 = CARTESIAN_POINT ( 'NONE',  ( 19.07568596981176512, 66.99999999999862155, 54.99999999999998579 ) ) ;
#6618 = AXIS2_PLACEMENT_3D ( 'NONE', #3460, #979, #2121 ) ;
#6619 = ORIENTED_EDGE ( 'NONE', *, *, #893, .T. ) ;
#6620 = EDGE_LOOP ( 'NONE', ( #3104, #2332, #1443, #529 ) ) ;
#6621 = VERTEX_POINT ( 'NONE', #1782 ) ;
#6622 = CARTESIAN_POINT ( 'NONE',  ( 27.86941215782482928, 69.20701303108540969, 5.146921283214910936 ) ) ;
#6623 = ADVANCED_FACE ( 'NONE', ( #4781 ), #8051, .F. ) ;
#6624 = CARTESIAN_POINT ( 'NONE',  ( 26.41517241638810987, 59.32233047033628992, 10.00000000000000888 ) ) ;
#6625 = ORIENTED_EDGE ( 'NONE', *, *, #4927, .T. ) ;
#6626 = ORIENTED_EDGE ( 'NONE', *, *, #7701, .T. ) ;
#6627 = ADVANCED_FACE ( 'NONE', ( #6782 ), #1655, .F. ) ;
#6628 = DIRECTION ( 'NONE',  ( -0.7071067811865486830, -0.7071067811865464625, -0.000000000000000000 ) ) ;
#6629 = LINE ( 'NONE', #1038, #7776 ) ;
#6630 = CARTESIAN_POINT ( 'NONE',  ( 21.83468326219276889, 74.95508043425844846, 5.760270790065598057 ) ) ;
#6631 = CARTESIAN_POINT ( 'NONE',  ( 26.41517241638812408, 66.39339828220177253, 6.000000000000007105 ) ) ;
#6632 = CARTESIAN_POINT ( 'NONE',  ( 26.99780412547023545, 53.99923105871838658, 30.50462098863365767 ) ) ;
#6633 = CARTESIAN_POINT ( 'NONE',  ( 32.02177413418404228, 71.99999999999768363, 5.624398317528526370 ) ) ;
#6634 = ORIENTED_EDGE ( 'NONE', *, *, #5680, .F. ) ;
#6635 = PLANE ( 'NONE',  #5997 ) ;
#6636 = DIRECTION ( 'NONE',  ( 7.216449660063350905E-14, 1.000000000000000000, 0.000000000000000000 ) ) ;
#6637 = ORIENTED_EDGE ( 'NONE', *, *, #8042, .F. ) ;
#6638 = ORIENTED_EDGE ( 'NONE', *, *, #5241, .T. ) ;
#6639 = ORIENTED_EDGE ( 'NONE', *, *, #6280, .F. ) ;
#6640 = DIRECTION ( 'NONE',  ( -0.7071067811865475727, 0.7071067811865475727, 0.000000000000000000 ) ) ;
#6641 = CARTESIAN_POINT ( 'NONE',  ( 30.21948931366614133, 66.99999999999783995, 7.881034373799282733 ) ) ;
#6642 = DIRECTION ( 'NONE',  ( 0.7071067811865451302, 0.7071067811865497932, 0.000000000000000000 ) ) ;
#6643 = AXIS2_PLACEMENT_3D ( 'NONE', #4026, #6552, #882 ) ;
#6644 = CARTESIAN_POINT ( 'NONE',  ( 9.339892000889218338, 76.80994101971215571, 3.692426010492139810 ) ) ;
#6645 = VERTEX_POINT ( 'NONE', #5484 ) ;
#6646 = CARTESIAN_POINT ( 'NONE',  ( 14.07568596981248987, 76.95874861672662348, 38.67117546864773914 ) ) ;
#6647 = AXIS2_PLACEMENT_3D ( 'NONE', #2644, #7595, #1319 ) ;
#6648 = CARTESIAN_POINT ( 'NONE',  ( 27.93795173934115894, 69.14871988792620527, 29.81463019653737945 ) ) ;
#6649 = VERTEX_POINT ( 'NONE', #8010 ) ;
#6650 = CARTESIAN_POINT ( 'NONE',  ( 26.68949142194957957, 59.04801146475733020, 4.948717934705914701 ) ) ;
#6651 = DIRECTION ( 'NONE',  ( 0.7071067811865499042, -0.7071067811865451302, 0.000000000000000000 ) ) ;
#6652 = CARTESIAN_POINT ( 'NONE',  ( 17.92989104214954921, 79.12132034355961707, 13.75000000000001066 ) ) ;
#6653 = CARTESIAN_POINT ( 'NONE',  ( 15.80857069858991260, 69.92893218813452449, 32.00000000000000711 ) ) ;
#6654 = CARTESIAN_POINT ( 'NONE',  ( 28.54873005199833358, 69.94116948018505298, 0.000000000000000000 ) ) ;
#6655 = AXIS2_PLACEMENT_3D ( 'NONE', #927, #277, #1511 ) ;
#6656 = DIRECTION ( 'NONE',  ( -0.7071067811865429098, -0.7071067811865522357, 0.000000000000000000 ) ) ;
#6657 = EDGE_CURVE ( 'NONE', #985, #4804, #6673, .T. ) ;
#6658 = ORIENTED_EDGE ( 'NONE', *, *, #912, .F. ) ;
#6659 = VERTEX_POINT ( 'NONE', #4253 ) ;
#6660 = ORIENTED_EDGE ( 'NONE', *, *, #5860, .F. ) ;
#6661 = PLANE ( 'NONE',  #336 ) ;
#6662 = VECTOR ( 'NONE', #1222, 1000.000000000000000 ) ;
#6663 = DIRECTION ( 'NONE',  ( 0.000000000000000000, 0.000000000000000000, -1.000000000000000000 ) ) ;
#6664 = VECTOR ( 'NONE', #2504, 1000.000000000000000 ) ;
#6665 = CARTESIAN_POINT ( 'NONE',  ( 9.686812673574868526, 77.00000000000000000, 3.563377198545743418 ) ) ;
#6666 = EDGE_CURVE ( 'NONE', #1312, #7466, #3636, .T. ) ;
#6667 = EDGE_CURVE ( 'NONE', #3141, #3084, #4295, .T. ) ;
#6668 = CARTESIAN_POINT ( 'NONE',  ( 30.37595951156053076, 66.99999999999776890, 37.46474994496207245 ) ) ;
#6669 = DIRECTION ( 'NONE',  ( 0.7071067811865486830, 0.7071067811865464625, -0.000000000000000000 ) ) ;
#6670 = CIRCLE ( 'NONE', #4668, 0.7500000000000022204 ) ;
#6671 = ORIENTED_EDGE ( 'NONE', *, *, #2277, .F. ) ;
#6672 = DIRECTION ( 'NONE',  ( 7.216449660063511202E-14, 1.000000000000000000, 0.000000000000000000 ) ) ;
#6673 = CIRCLE ( 'NONE', #4160, 5.000000000000000888 ) ;
#6674 = CARTESIAN_POINT ( 'NONE',  ( 14.07568596981249698, 76.99999999965930897, 40.18155947864084254 ) ) ;
#6675 = EDGE_CURVE ( 'NONE', #4947, #4385, #2860, .T. ) ;
#6676 = CARTESIAN_POINT ( 'NONE',  ( 22.06095691483812971, 74.60648236166801439, 5.619448287842369716 ) ) ;
#6677 = VECTOR ( 'NONE', #2809, 1000.000000000000000 ) ;
#6678 = LINE ( 'NONE', #1583, #953 ) ;
#6679 = VERTEX_POINT ( 'NONE', #1280 ) ;
#6680 = CARTESIAN_POINT ( 'NONE',  ( 27.84162327081178745, 69.23406269899851395, -3.956439237389593355 ) ) ;
#6681 = DIRECTION ( 'NONE',  ( 0.7071067811865486830, 0.7071067811865464625, -0.000000000000000000 ) ) ;
#6682 = VERTEX_POINT ( 'NONE', #1237 ) ;
#6683 = VERTEX_POINT ( 'NONE', #6239 ) ;
#6684 = AXIS2_PLACEMENT_3D ( 'NONE', #6469, #7689, #3899 ) ;
#6685 = ORIENTED_EDGE ( 'NONE', *, *, #3839, .T. ) ;
#6686 = DIRECTION ( 'NONE',  ( 0.7071067811865485719, 0.7071067811865464625, 0.000000000000000000 ) ) ;
#6687 = EDGE_CURVE ( 'NONE', #6508, #6971, #6940, .T. ) ;
#6688 = DIRECTION ( 'NONE',  ( -1.000000000000000000, 0.000000000000000000, -0.000000000000000000 ) ) ;
#6689 = DIRECTION ( 'NONE',  ( 0.7071067811865464625, -0.7071067811865486830, 0.000000000000000000 ) ) ;
#6690 = CIRCLE ( 'NONE', #2725, 0.7499999999999997780 ) ;
#6691 = CARTESIAN_POINT ( 'NONE',  ( 30.65781310350739375, 63.56497115745555959, 21.24999999999996447 ) ) ;
#6692 = EDGE_LOOP ( 'NONE', ( #3946, #2515, #6238 ) ) ;
#6693 = CARTESIAN_POINT ( 'NONE',  ( 22.80820621966039496, 62.92929666706402259, 6.000000000000007994 ) ) ;
#6694 = CARTESIAN_POINT ( 'NONE',  ( 12.27303679265714997, 73.46446609406726225, 22.99999999999996447 ) ) ;
#6695 = EDGE_CURVE ( 'NONE', #2147, #2993, #3359, .T. ) ;
#6696 = ORIENTED_EDGE ( 'NONE', *, *, #3588, .F. ) ;
#6697 = CARTESIAN_POINT ( 'NONE',  ( 25.07568596982034137, 184.4999999999981810, 41.25000000000002842 ) ) ;
#6698 = CARTESIAN_POINT ( 'NONE',  ( 19.52088129981926912, 81.77297077300919170, 16.25000000000000711 ) ) ;
#6699 = DIRECTION ( 'NONE',  ( -1.000000000000000000, 0.000000000000000000, -0.000000000000000000 ) ) ;
#6700 = LINE ( 'NONE', #74, #469 ) ;
#6701 = VERTEX_POINT ( 'NONE', #1353 ) ;
#6702 = ORIENTED_EDGE ( 'NONE', *, *, #4786, .T. ) ;
#6703 =( BOUNDED_SURFACE ( )  B_SPLINE_SURFACE ( 3, 2, ( 
 ( #4021, #4184, #350 ),
 ( #5402, #2871, #3559 ),
 ( #2947, #7891, #6674 ),
 ( #4144, #8021, #997 ) ),
 .UNSPECIFIED., .F., .F., .T. ) 
 B_SPLINE_SURFACE_WITH_KNOTS ( ( 4, 4 ),
 ( 3, 3 ),
 ( 0.02278289890178159666, 0.02501089475741898049 ),
 ( 0.000000000000000000, 1.000000000000000000 ),
 .UNSPECIFIED. ) 
 GEOMETRIC_REPRESENTATION_ITEM ( )  RATIONAL_B_SPLINE_SURFACE ( (
 ( 1.000000000000000000, 0.6916442705327231488, 1.000000000000000000),
 ( 1.000000000000000000, 0.6973411921321567286, 1.000000000000000000),
 ( 1.000000000000000000, 0.7024465016212981805, 1.000000000000000000),
 ( 1.000000000000000000, 0.7071067811868340103, 1.000000000000000000) ) ) 
 REPRESENTATION_ITEM ( '' )  SURFACE ( )  );
#6704 = ORIENTED_EDGE ( 'NONE', *, *, #6325, .F. ) ;
#6705 = LINE ( 'NONE', #1071, #3757 ) ;
#6706 = EDGE_CURVE ( 'NONE', #3095, #1403, #4987, .T. ) ;
#6707 = CARTESIAN_POINT ( 'NONE',  ( 27.84162327081178390, 69.23406269899851395, 38.95643923738960979 ) ) ;
#6708 = DIRECTION ( 'NONE',  ( -1.000000000000000000, 6.938893903907222067E-14, 0.000000000000000000 ) ) ;
#6709 = CARTESIAN_POINT ( 'NONE',  ( 31.01358775626852093, 54.72391513045584333, 13.45950092841812484 ) ) ;
#6710 = FACE_OUTER_BOUND ( 'NONE', #6161, .T. ) ;
#6711 = ORIENTED_EDGE ( 'NONE', *, *, #1949, .F. ) ;
#6712 = CARTESIAN_POINT ( 'NONE',  ( 9.326722463093728877, 76.80714625717557453, 31.30207601074629764 ) ) ;
#6713 = CARTESIAN_POINT ( 'NONE',  ( 25.07568596981265330, 79.19604745935717460, -2.956439237389595576 ) ) ;
#6714 = EDGE_CURVE ( 'NONE', #3112, #2930, #2979, .T. ) ;
#6715 = CARTESIAN_POINT ( 'NONE',  ( 28.05749628392934980, 69.06980809212075201, 29.75193446973991129 ) ) ;
#6716 = FACE_OUTER_BOUND ( 'NONE', #801, .T. ) ;
#6717 = CARTESIAN_POINT ( 'NONE',  ( 29.25583683318487971, 69.23406269899851395, 5.624398317528570779 ) ) ;
#6718 = CARTESIAN_POINT ( 'NONE',  ( 25.07568596981213460, 71.99999999999818101, -17.49999999999999645 ) ) ;
#6719 = ORIENTED_EDGE ( 'NONE', *, *, #1658, .T. ) ;
#6720 = CARTESIAN_POINT ( 'NONE',  ( 12.98014357384371564, 74.17157287525380127, 23.74999999999996092 ) ) ;
#6721 = CARTESIAN_POINT ( 'NONE',  ( 34.58224434279070891, 66.99999999999748468, 33.12303551241581800 ) ) ;
#6722 = ORIENTED_EDGE ( 'NONE', *, *, #5370, .T. ) ;
#6723 = ORIENTED_EDGE ( 'NONE', *, *, #7342, .T. ) ;
#6724 = ORIENTED_EDGE ( 'NONE', *, *, #2337, .T. ) ;
#6725 = CARTESIAN_POINT ( 'NONE',  ( 22.87963851045537567, 62.85786437626904188, 32.00000000000000711 ) ) ;
#6726 = CARTESIAN_POINT ( 'NONE',  ( 9.330997470308938446, 77.00000000000000000, 31.27651994381196232 ) ) ;
#6727 = CARTESIAN_POINT ( 'NONE',  ( 24.07568596981176512, 66.99999999999823785, -15.00000000000001066 ) ) ;
#6728 = EDGE_CURVE ( 'NONE', #7588, #1955, #5746, .T. ) ;
#6729 = AXIS2_PLACEMENT_3D ( 'NONE', #2138, #7809, #752 ) ;
#6730 = ORIENTED_EDGE ( 'NONE', *, *, #6152, .F. ) ;
#6731 = DIRECTION ( 'NONE',  ( -7.304689455032545322E-14, -1.000000000000000000, 2.775557561562891351E-16 ) ) ;
#6732 = CARTESIAN_POINT ( 'NONE',  ( 28.10025807369113693, 69.04722778615420964, 29.73062759152012902 ) ) ;
#6733 = ORIENTED_EDGE ( 'NONE', *, *, #1019, .F. ) ;
#6734 = CARTESIAN_POINT ( 'NONE',  ( 22.25096557677077058, 63.48653730995362565, 34.53839826860169637 ) ) ;
#6735 = SPHERICAL_SURFACE ( 'NONE', #996, 0.7500000000000000000 ) ;
#6736 = LINE ( 'NONE', #2400, #1937 ) ;
#6737 = CARTESIAN_POINT ( 'NONE',  ( 14.07568596981248454, 76.87626146275027850, -3.684088154324605124 ) ) ;
#6738 = DIRECTION ( 'NONE',  ( 7.304689455032544060E-14, 1.000000000000000000, -1.448184717984592466E-29 ) ) ;
#6739 = ORIENTED_EDGE ( 'NONE', *, *, #3217, .T. ) ;
#6740 = ORIENTED_EDGE ( 'NONE', *, *, #1275, .T. ) ;
#6741 = EDGE_CURVE ( 'NONE', #3710, #4723, #3233, .T. ) ;
#6742 = VERTEX_POINT ( 'NONE', #5653 ) ;
#6743 = CARTESIAN_POINT ( 'NONE',  ( 28.54873004706880835, 68.94116946415299196, 29.53660295151789583 ) ) ;
#6744 = AXIS2_PLACEMENT_3D ( 'NONE', #7470, #3747, #6108 ) ;
#6745 = FACE_BOUND ( 'NONE', #5114, .T. ) ;
#6746 = LINE ( 'NONE', #4707, #175 ) ;
#6747 = DIRECTION ( 'NONE',  ( -0.000000000000000000, 0.000000000000000000, 1.000000000000000000 ) ) ;
#6748 = CARTESIAN_POINT ( 'NONE',  ( 12.98014357384371742, 74.17157287525380127, 23.74999999999996447 ) ) ;
#6749 = ORIENTED_EDGE ( 'NONE', *, *, #3775, .T. ) ;
#6750 = EDGE_CURVE ( 'NONE', #667, #7393, #5061, .T. ) ;
#6751 = DIRECTION ( 'NONE',  ( 0.7071067811865487940, 0.7071067811865464625, -0.000000000000000000 ) ) ;
#6752 = PLANE ( 'NONE',  #5537 ) ;
#6753 = LINE ( 'NONE', #1706, #501 ) ;
#6754 = DIRECTION ( 'NONE',  ( -1.000000000000000000, 0.000000000000000000, 0.000000000000000000 ) ) ;
#6755 = CARTESIAN_POINT ( 'NONE',  ( 21.92826411453325974, 75.33058899612957759, 5.354109235245540610 ) ) ;
#6756 = ORIENTED_EDGE ( 'NONE', *, *, #6252, .T. ) ;
#6757 = DIRECTION ( 'NONE',  ( 7.304689455032545322E-14, 1.000000000000000000, 0.000000000000000000 ) ) ;
#6758 = ADVANCED_FACE ( 'NONE', ( #585 ), #2446, .T. ) ;
#6759 = CARTESIAN_POINT ( 'NONE',  ( 25.32722479801759974, 58.82593400339312950, 31.25677179345324319 ) ) ;
#6760 = ORIENTED_EDGE ( 'NONE', *, *, #1393, .T. ) ;
#6761 = ORIENTED_EDGE ( 'NONE', *, *, #3115, .F. ) ;
#6762 = CARTESIAN_POINT ( 'NONE',  ( 12.27303679265717662, 73.46446609406726225, 17.99999999999996447 ) ) ;
#6763 = CARTESIAN_POINT ( 'NONE',  ( 25.07568596981265330, 79.19604745935717460, -2.956439237389595576 ) ) ;
#6764 = CARTESIAN_POINT ( 'NONE',  ( 21.89675618652049138, 75.69804924673108815, 29.50087130161097804 ) ) ;
#6765 = CARTESIAN_POINT ( 'NONE',  ( 14.43811972124832010, 65.78085014930934449, 40.70078121834194462 ) ) ;
#6766 = DIRECTION ( 'NONE',  ( 0.7071067811865440200, -0.7071067811865510144, 4.625929269271464023E-15 ) ) ;
#6767 = VERTEX_POINT ( 'NONE', #5689 ) ;
#6768 = CARTESIAN_POINT ( 'NONE',  ( 24.07568596981177578, 66.99999999999823785, -5.934656572432611021 ) ) ;
#6769 = CARTESIAN_POINT ( 'NONE',  ( 29.20629602951756709, 69.18700769721122867, 29.37661117156802959 ) ) ;
#6770 = ORIENTED_EDGE ( 'NONE', *, *, #1753, .F. ) ;
#6771 = CARTESIAN_POINT ( 'NONE',  ( 16.51567747977645340, 77.70710678118652481, 13.75000000000001066 ) ) ;
#6772 = DIRECTION ( 'NONE',  ( 0.7071067811865486830, 0.7071067811865464625, 1.734723475976796248E-15 ) ) ;
#6773 = AXIS2_PLACEMENT_3D ( 'NONE', #7909, #7950, #7300 ) ;
#6774 = CARTESIAN_POINT ( 'NONE',  ( 13.19658784739860380, 72.54091503932581020, 35.51978226338013656 ) ) ;
#6775 = CARTESIAN_POINT ( 'NONE',  ( 13.25708293791399406, 74.86224289283828170, 35.43875184172160431 ) ) ;
#6776 = EDGE_CURVE ( 'NONE', #4670, #1084, #7196, .T. ) ;
#6777 = DIRECTION ( 'NONE',  ( 0.7071067811865427988, -0.7071067811865521247, 0.000000000000000000 ) ) ;
#6778 = AXIS2_PLACEMENT_3D ( 'NONE', #3844, #7112, #170 ) ;
#6779 = ORIENTED_EDGE ( 'NONE', *, *, #7179, .F. ) ;
#6780 = ORIENTED_EDGE ( 'NONE', *, *, #4727, .F. ) ;
#6781 = VERTEX_POINT ( 'NONE', #2561 ) ;
#6782 = FACE_OUTER_BOUND ( 'NONE', #7059, .T. ) ;
#6783 = EDGE_CURVE ( 'NONE', #3712, #4081, #4812, .T. ) ;
#6784 = VECTOR ( 'NONE', #7480, 1000.000000000000000 ) ;
#6785 = AXIS2_PLACEMENT_3D ( 'NONE', #4990, #515, #2939 ) ;
#6786 = CARTESIAN_POINT ( 'NONE',  ( 12.59754098060318306, 73.13996190612149917, 0.3700369409955886479 ) ) ;
#6787 = CARTESIAN_POINT ( 'NONE',  ( 19.34410460452264147, 66.39339828220178674, 17.50000000000000711 ) ) ;
#6788 = CARTESIAN_POINT ( 'NONE',  ( 11.91516496970560723, 71.24003034393678035, 34.15031056024280787 ) ) ;
#6789 = ORIENTED_EDGE ( 'NONE', *, *, #1744, .T. ) ;
#6790 = ORIENTED_EDGE ( 'NONE', *, *, #6421, .T. ) ;
#6791 = VECTOR ( 'NONE', #5812, 1000.000000000000114 ) ;
#6792 = CARTESIAN_POINT ( 'NONE',  ( 14.39435713621679369, 75.58578643762689353, 11.25000000000001066 ) ) ;
#6793 = CIRCLE ( 'NONE', #5444, 0.7500000000000034417 ) ;
#6794 = CARTESIAN_POINT ( 'NONE',  ( 31.05791673180643997, 54.67657071504359578, 14.56218440094319178 ) ) ;
#6795 = B_SPLINE_CURVE_WITH_KNOTS ( 'NONE', 3,
 ( #2175, #7282, #2825, #7202, #875, #5878, #3354, #4590, #3393, #952, #830, #7850, #2134, #4671 ),
 .UNSPECIFIED., .F., .F.,
 ( 4, 2, 2, 2, 2, 2, 4 ),
 ( 0.000000000000000000, 0.1249999999999958922, 0.2499999999999917843, 0.4999999999999957812, 0.6249999999999980016, 0.7500000000000002220, 1.000000000000000000 ),
 .UNSPECIFIED. ) ;
#6796 = CARTESIAN_POINT ( 'NONE',  ( 28.42175877593097155, 68.94872756947289361, 29.58595944106717113 ) ) ;
#6797 = ADVANCED_FACE ( 'NONE', ( #7589 ), #1948, .T. ) ;
#6798 = CARTESIAN_POINT ( 'NONE',  ( 27.12227919757465244, 60.02943725152283605, 23.74999999999996447 ) ) ;
#6799 = AXIS2_PLACEMENT_3D ( 'NONE', #5960, #5282, #915 ) ;
#6800 = DIRECTION ( 'NONE',  ( -0.000000000000000000, -0.000000000000000000, -1.000000000000000000 ) ) ;
#6801 = VECTOR ( 'NONE', #6757, 1000.000000000000000 ) ;
#6802 = DIRECTION ( 'NONE',  ( -0.000000000000000000, 0.000000000000000000, 1.000000000000000000 ) ) ;
#6803 = ORIENTED_EDGE ( 'NONE', *, *, #4436, .T. ) ;
#6804 = PLANE ( 'NONE',  #1374 ) ;
#6805 = CARTESIAN_POINT ( 'NONE',  ( 28.65214684163441916, 68.94639682239899514, 5.500276790850628039 ) ) ;
#6806 = CARTESIAN_POINT ( 'NONE',  ( 14.07568596981257159, 78.05515389201138987, 38.50771996144639076 ) ) ;
#6807 = ORIENTED_EDGE ( 'NONE', *, *, #6832, .T. ) ;
#6808 = EDGE_LOOP ( 'NONE', ( #7796, #3572, #5415, #6049 ) ) ;
#6809 = CARTESIAN_POINT ( 'NONE',  ( 19.07568596981765552, 97.49999999999964473, 6.499999999999983125 ) ) ;
#6810 = DIRECTION ( 'NONE',  ( 0.000000000000000000, -1.000000000000000000, 3.469446951953598905E-16 ) ) ;
#6811 = VECTOR ( 'NONE', #6855, 1000.000000000000000 ) ;
#6812 = EDGE_CURVE ( 'NONE', #5958, #4538, #2602, .T. ) ;
#6813 = CARTESIAN_POINT ( 'NONE',  ( 24.91553929561492708, 66.75966378606634066, 38.48554843720612695 ) ) ;
#6814 = CARTESIAN_POINT ( 'NONE',  ( 14.07568596981249343, 76.99999999999897682, 49.99999999999999289 ) ) ;
#6815 = EDGE_LOOP ( 'NONE', ( #3268, #7656, #5562, #3682 ) ) ;
#6816 = PLANE ( 'NONE',  #817 ) ;
#6817 = CARTESIAN_POINT ( 'NONE',  ( 28.95099520416332339, 69.02504227807219195, 29.41411744967463093 ) ) ;
#6818 = CARTESIAN_POINT ( 'NONE',  ( 30.65781310350739375, 63.56497115745555959, 21.24999999999996447 ) ) ;
#6819 = CARTESIAN_POINT ( 'NONE',  ( 28.02984422911458751, 59.39424259883330848, 28.57511454335071832 ) ) ;
#6820 = EDGE_CURVE ( 'NONE', #7862, #6100, #4372, .T. ) ;
#6821 = CARTESIAN_POINT ( 'NONE',  ( 15.41236241552488373, 70.32514047119951783, 37.39586518448552965 ) ) ;
#6822 = CARTESIAN_POINT ( 'NONE',  ( 12.59754098059482530, 73.13996190610117765, 34.62996305899628169 ) ) ;
#6823 = VECTOR ( 'NONE', #7913, 1000.000000000000000 ) ;
#6824 = CARTESIAN_POINT ( 'NONE',  ( 21.89764517856774617, 75.71349375725313280, 29.49540086891719426 ) ) ;
#6825 = ORIENTED_EDGE ( 'NONE', *, *, #2583, .T. ) ;
#6826 = ORIENTED_EDGE ( 'NONE', *, *, #5272, .T. ) ;
#6827 = ORIENTED_EDGE ( 'NONE', *, *, #7061, .F. ) ;
#6828 = CARTESIAN_POINT ( 'NONE',  ( 28.72296581095175583, 68.95632122791352003, 29.47643828267646171 ) ) ;
#6829 = EDGE_CURVE ( 'NONE', #257, #2881, #4699, .T. ) ;
#6830 = CARTESIAN_POINT ( 'NONE',  ( 12.27303679265714997, 73.46446609406726225, 14.50000000000000888 ) ) ;
#6831 = CARTESIAN_POINT ( 'NONE',  ( -111.3083621342407667, 72.00000000000814282, -3.956439237389593355 ) ) ;
#6832 = EDGE_CURVE ( 'NONE', #4561, #7935, #7229, .T. ) ;
#6833 = ORIENTED_EDGE ( 'NONE', *, *, #689, .F. ) ;
#6834 = ORIENTED_EDGE ( 'NONE', *, *, #3889, .T. ) ;
#6835 = DIRECTION ( 'NONE',  ( -0.7071067811865474617, -0.7071067811865474617, 0.000000000000000000 ) ) ;
#6836 = CARTESIAN_POINT ( 'NONE',  ( 32.97324577063284323, 63.61166369284034516, 9.877333781977286620 ) ) ;
#6837 = CARTESIAN_POINT ( 'NONE',  ( 28.27440601816018173, 68.97937683303446477, 29.64892933375298867 ) ) ;
#6838 = CARTESIAN_POINT ( 'NONE',  ( 22.12447787805537658, 76.36542165412801353, 6.081152228392833869 ) ) ;
#6839 = SPHERICAL_SURFACE ( 'NONE', #5907, 0.7500000000000000000 ) ;
#6840 = CARTESIAN_POINT ( 'NONE',  ( 33.17236529535721701, 64.09639633973094419, 13.71651022111712237 ) ) ;
#6841 = ORIENTED_EDGE ( 'NONE', *, *, #3938, .F. ) ;
#6842 = CARTESIAN_POINT ( 'NONE',  ( 21.46542494808230117, 82.65685424949234061, 18.74999999999996803 ) ) ;
#6843 = CARTESIAN_POINT ( 'NONE',  ( 28.98434767836182857, 69.03843195477031713, 5.593796709244670318 ) ) ;
#6844 = CARTESIAN_POINT ( 'NONE',  ( 31.43232233445430879, 66.99999999999769784, 36.57898497042076968 ) ) ;
#6845 = ORIENTED_EDGE ( 'NONE', *, *, #3338, .T. ) ;
#6846 = DIRECTION ( 'NONE',  ( 0.7071067811865427988, -0.7071067811865521247, 0.000000000000000000 ) ) ;
#6847 = CARTESIAN_POINT ( 'NONE',  ( 59.07568596981195697, 69.49999999999569411, -12.50000000000000355 ) ) ;
#6848 = CARTESIAN_POINT ( 'NONE',  ( 14.82635177081159128, 65.77638778632093874, -5.964249163370952012 ) ) ;
#6849 = CARTESIAN_POINT ( 'NONE',  ( 29.19094507768868851, 69.04869757486972048, 28.91888207013752421 ) ) ;
#6850 = LINE ( 'NONE', #6225, #4664 ) ;
#6851 = ORIENTED_EDGE ( 'NONE', *, *, #3785, .T. ) ;
#6852 = EDGE_CURVE ( 'NONE', #3095, #7193, #4548, .T. ) ;
#6853 = CARTESIAN_POINT ( 'NONE',  ( 28.18849898779286889, 69.00775310035626831, 29.68812685047913646 ) ) ;
#6854 = DIRECTION ( 'NONE',  ( -7.320533068622127201E-14, -1.000000000000000000, 0.000000000000000000 ) ) ;
#6855 = DIRECTION ( 'NONE',  ( 1.000000000000000000, -7.304689455032547847E-14, -4.625929269271485914E-16 ) ) ;
#6856 = DIRECTION ( 'NONE',  ( 1.000000000000000000, -7.304689455032544060E-14, -3.700743415417188139E-16 ) ) ;
#6857 = CARTESIAN_POINT ( 'NONE',  ( 19.07568596981761644, 96.99999999999964473, 27.79289321881343966 ) ) ;
#6858 = VECTOR ( 'NONE', #781, 1000.000000000000000 ) ;
#6859 = CARTESIAN_POINT ( 'NONE',  ( 31.05683955907533189, 54.68066332764905724, 20.61305261451656179 ) ) ;
#6860 = ORIENTED_EDGE ( 'NONE', *, *, #5096, .F. ) ;
#6861 = VERTEX_POINT ( 'NONE', #5941 ) ;
#6862 = ORIENTED_EDGE ( 'NONE', *, *, #4828, .F. ) ;
#6863 = CARTESIAN_POINT ( 'NONE',  ( 19.42923936041092858, 97.49999999999961631, 26.85355339059326241 ) ) ;
#6864 = LINE ( 'NONE', #2485, #3704 ) ;
#6865 = DIRECTION ( 'NONE',  ( -0.7071067811865470176, 0.7071067811865480168, 0.000000000000000000 ) ) ;
#6866 = FACE_OUTER_BOUND ( 'NONE', #3020, .T. ) ;
#6867 = CIRCLE ( 'NONE', #7515, 0.7500000000000047740 ) ;
#6868 = ORIENTED_EDGE ( 'NONE', *, *, #7702, .T. ) ;
#6869 =( BOUNDED_SURFACE ( )  B_SPLINE_SURFACE ( 3, 2, ( 
 ( #7231, #7792, #4617 ),
 ( #6575, #1524, #4048 ),
 ( #7144, #5309, #2241 ),
 ( #1478, #249, #2771 ) ),
 .UNSPECIFIED., .F., .F., .T. ) 
 B_SPLINE_SURFACE_WITH_KNOTS ( ( 4, 4 ),
 ( 3, 3 ),
 ( 0.01377291107233562760, 0.01444958505354612503 ),
 ( 0.2769549937279272012, 0.3072491688848276170 ),
 .UNSPECIFIED. ) 
 GEOMETRIC_REPRESENTATION_ITEM ( )  RATIONAL_B_SPLINE_SURFACE ( (
 ( 0.8838850607054218322, 0.8799670537317625385, 0.8765811940207108854),
 ( 0.8837838992054218856, 0.8798624787910384049, 0.8764736692558793285),
 ( 0.8836808915212978066, 0.8797559953713440795, 0.8763641821781740227),
 ( 0.8835760357256359221, 0.8796476014802302457, 0.8762527307389431641) ) ) 
 REPRESENTATION_ITEM ( '' )  SURFACE ( )  );
#6870 = ORIENTED_EDGE ( 'NONE', *, *, #6565, .T. ) ;
#6871 = CARTESIAN_POINT ( 'NONE',  ( 28.84162327081178034, 68.81984913662542169, -3.542225675016498432 ) ) ;
#6872 = CARTESIAN_POINT ( 'NONE',  ( 14.07568596981249343, 76.99999999999897682, -5.182199342915476237 ) ) ;
#6873 = EDGE_CURVE ( 'NONE', #4134, #3827, #3892, .T. ) ;
#6874 = CARTESIAN_POINT ( 'NONE',  ( 21.76604978341068986, 75.71303301668679353, 5.990825554515566864 ) ) ;
#6875 = CARTESIAN_POINT ( 'NONE',  ( 30.79647356438021077, 58.43033635797704761, 20.06736741913216449 ) ) ;
#6876 = CARTESIAN_POINT ( 'NONE',  ( 29.14122980521700157, 59.98485232106132514, 8.027672574278980733 ) ) ;
#6877 = VERTEX_POINT ( 'NONE', #2158 ) ;
#6878 = LINE ( 'NONE', #1211, #4136 ) ;
#6879 = VECTOR ( 'NONE', #2810, 1000.000000000000000 ) ;
#6880 = CARTESIAN_POINT ( 'NONE',  ( 29.35797566670244407, 66.99999999999783995, 27.90501495803910004 ) ) ;
#6881 = FACE_OUTER_BOUND ( 'NONE', #5455, .T. ) ;
#6882 = B_SPLINE_CURVE_WITH_KNOTS ( 'NONE', 3,
 ( #1120, #4216, #1787, #4337 ),
 .UNSPECIFIED., .F., .F.,
 ( 4, 4 ),
 ( 0.000000000000000000, 0.0009226717332744176561 ),
 .UNSPECIFIED. ) ;
#6883 = EDGE_CURVE ( 'NONE', #7130, #3556, #771, .T. ) ;
#6884 = CARTESIAN_POINT ( 'NONE',  ( 12.60196830958156688, 73.15255343372044194, 0.3675891846634826154 ) ) ;
#6885 = LINE ( 'NONE', #4280, #4806 ) ;
#6886 = FACE_OUTER_BOUND ( 'NONE', #4636, .T. ) ;
#6887 = VERTEX_POINT ( 'NONE', #7064 ) ;
#6888 = CARTESIAN_POINT ( 'NONE',  ( 8.737502886724461959, 77.00000000000000000, 4.007628364388069464 ) ) ;
#6889 = CARTESIAN_POINT ( 'NONE',  ( 31.99380751243286625, 62.10271440567779422, 15.69921800759798991 ) ) ;
#6890 = CARTESIAN_POINT ( 'NONE',  ( 22.18476902131942552, 76.30513051086396104, -2.956439237389594687 ) ) ;
#6891 = FACE_OUTER_BOUND ( 'NONE', #3426, .T. ) ;
#6892 = CARTESIAN_POINT ( 'NONE',  ( 69.07568596981690234, 137.3911308970822063, 47.49999999999999289 ) ) ;
#6893 = CARTESIAN_POINT ( 'NONE',  ( 27.74670552292107928, 68.96571796826164302, 5.699338592789002789 ) ) ;
#6894 = ORIENTED_EDGE ( 'NONE', *, *, #4281, .T. ) ;
#6895 = EDGE_LOOP ( 'NONE', ( #7727, #6559, #6789 ) ) ;
#6896 = VECTOR ( 'NONE', #4730, 1000.000000000000000 ) ;
#6897 = CARTESIAN_POINT ( 'NONE',  ( 30.60756057181106371, 71.99999999999776890, -3.956439237389593355 ) ) ;
#6898 = ORIENTED_EDGE ( 'NONE', *, *, #524, .F. ) ;
#6899 = CARTESIAN_POINT ( 'NONE',  ( 22.87963851045538277, 62.85786437626904188, 6.000000000000007994 ) ) ;
#6900 = CARTESIAN_POINT ( 'NONE',  ( 13.49300776146429648, 75.44591576207926664, -0.8725544586608420250 ) ) ;
#6901 = EDGE_CURVE ( 'NONE', #3386, #2480, #288, .T. ) ;
#6902 = AXIS2_PLACEMENT_3D ( 'NONE', #394, #7982, #2833 ) ;
#6903 = CYLINDRICAL_SURFACE ( 'NONE', #6785, 5.000000000000000888 ) ;
#6904 = CARTESIAN_POINT ( 'NONE',  ( 23.18784429431426375, 64.53111982297336624, 35.07503270349474889 ) ) ;
#6905 = ORIENTED_EDGE ( 'NONE', *, *, #7484, .F. ) ;
#6906 = CARTESIAN_POINT ( 'NONE',  ( 25.07568596981255027, 77.78183389698406813, 38.95643923738960979 ) ) ;
#6907 = AXIS2_PLACEMENT_3D ( 'NONE', #3515, #6582, #3553 ) ;
#6908 = CARTESIAN_POINT ( 'NONE',  ( 27.97851749279153211, 69.11962786451552176, 29.79290551879466520 ) ) ;
#6909 = EDGE_CURVE ( 'NONE', #7757, #5250, #6404, .T. ) ;
#6910 = CARTESIAN_POINT ( 'NONE',  ( 21.87103123368375179, 76.01351110386200105, 6.050391337526621172 ) ) ;
#6911 = CARTESIAN_POINT ( 'NONE',  ( 21.90686269095080974, 75.42532743045978805, 5.395017124735538516 ) ) ;
#6912 = ORIENTED_EDGE ( 'NONE', *, *, #7149, .T. ) ;
#6913 = CONICAL_SURFACE ( 'NONE', #4399, 13.00000000000003197, 1.047197551196615173 ) ;
#6914 = AXIS2_PLACEMENT_3D ( 'NONE', #3495, #4161, #4896 ) ;
#6915 = CARTESIAN_POINT ( 'NONE',  ( 36.29748663826298127, 66.99999999999735678, 30.48536170742699269 ) ) ;
#6916 = EDGE_CURVE ( 'NONE', #124, #7820, #3418, .T. ) ;
#6917 = CARTESIAN_POINT ( 'NONE',  ( 12.98014357384371564, 74.17157287525380127, 23.74999999999996447 ) ) ;
#6918 = AXIS2_PLACEMENT_3D ( 'NONE', #2307, #3573, #5459 ) ;
#6919 = EDGE_CURVE ( 'NONE', #6270, #3711, #900, .T. ) ;
#6920 = CIRCLE ( 'NONE', #1777, 0.7500000000000022204 ) ;
#6921 = CARTESIAN_POINT ( 'NONE',  ( 15.70746884592893089, 66.16332737278032994, -5.164571598461992430 ) ) ;
#6922 = CARTESIAN_POINT ( 'NONE',  ( 25.07568596981265685, 79.31662974588539328, 28.91884777160715814 ) ) ;
#6923 = DIRECTION ( 'NONE',  ( 7.216449660063671498E-14, 1.000000000000000000, 3.469446951953688145E-16 ) ) ;
#6925 = AXIS2_PLACEMENT_3D ( 'NONE', #5796, #2627, #1930 ) ;
#6924 = FACE_OUTER_BOUND ( 'NONE', #3392, .T. ) ;
#6926 = ADVANCED_FACE ( 'NONE', ( #3380 ), #735, .F. ) ;
#6927 = ORIENTED_EDGE ( 'NONE', *, *, #3975, .F. ) ;
#6928 = DIRECTION ( 'NONE',  ( 0.7071067811865487940, 0.7071067811865464625, 1.734723475976796839E-15 ) ) ;
#6929 = AXIS2_PLACEMENT_3D ( 'NONE', #6275, #3126, #5642 ) ;
#6930 = DIRECTION ( 'NONE',  ( -1.000000000000000000, 0.000000000000000000, 1.226634733346703255E-16 ) ) ;
#6931 = CARTESIAN_POINT ( 'NONE',  ( 69.07568596981998610, 179.4999999999949125, 32.49999999999999289 ) ) ;
#6932 = PLANE ( 'NONE',  #2514 ) ;
#6933 = VECTOR ( 'NONE', #281, 1000.000000000000000 ) ;
#6934 = CARTESIAN_POINT ( 'NONE',  ( 27.52871346693578047, 69.13872421241066490, 5.606426079949070385 ) ) ;
#6935 = ADVANCED_FACE ( 'NONE', ( #1397 ), #205, .T. ) ;
#6936 = ORIENTED_EDGE ( 'NONE', *, *, #1238, .T. ) ;
#6937 = ORIENTED_EDGE ( 'NONE', *, *, #5422, .F. ) ;
#6938 = DIRECTION ( 'NONE',  ( -1.000000000000000000, 7.304689455032545322E-14, 9.130123557772667102E-17 ) ) ;
#6939 = ORIENTED_EDGE ( 'NONE', *, *, #1614, .T. ) ;
#6940 = LINE ( 'NONE', #1900, #2322 ) ;
#6941 = CARTESIAN_POINT ( 'NONE',  ( 31.43598769655718073, 71.99999999999771205, -3.956439237389588026 ) ) ;
#6942 = AXIS2_PLACEMENT_3D ( 'NONE', #6338, #3423, #92 ) ;
#6943 = SPHERICAL_SURFACE ( 'NONE', #702, 0.7500000000000000000 ) ;
#6944 = CARTESIAN_POINT ( 'NONE',  ( 22.67223418152235581, 64.24068956017470100, 35.00147880201949846 ) ) ;
#6945 = ORIENTED_EDGE ( 'NONE', *, *, #7877, .F. ) ;
#6946 = VERTEX_POINT ( 'NONE', #5265 ) ;
#6947 = DIRECTION ( 'NONE',  ( 1.000000000000000000, 0.000000000000000000, 0.000000000000000000 ) ) ;
#6948 = ADVANCED_FACE ( 'NONE', ( #5904 ), #3999, .F. ) ;
#6949 = DIRECTION ( 'NONE',  ( 0.7071067811865485719, 0.7071067811865464625, -1.734723475976796050E-15 ) ) ;
#6950 = CARTESIAN_POINT ( 'NONE',  ( 27.94428408093694571, 69.14422682668786990, 29.81124586438870594 ) ) ;
#6951 = CARTESIAN_POINT ( 'NONE',  ( 21.91455468541472129, 75.81043085572454743, 5.535389623567185780 ) ) ;
#6952 = CARTESIAN_POINT ( 'NONE',  ( 30.65781310350739375, 63.56497115745555959, 13.75000000000000888 ) ) ;
#6953 = CARTESIAN_POINT ( 'NONE',  ( 33.19750007401911773, 63.80361717414964318, 18.86740189363029785 ) ) ;
#6954 = CARTESIAN_POINT ( 'NONE',  ( 21.47766224013284386, 75.59802372967745043, 37.95643923738961689 ) ) ;
#6955 = ORIENTED_EDGE ( 'NONE', *, *, #3147, .T. ) ;
#6956 = AXIS2_PLACEMENT_3D ( 'NONE', #254, #3929, #2739 ) ;
#6957 = PLANE ( 'NONE',  #614 ) ;
#6958 = CARTESIAN_POINT ( 'NONE',  ( 32.02844972646119714, 66.99999999999759837, 25.38558479877582030 ) ) ;
#6959 = EDGE_CURVE ( 'NONE', #667, #777, #1436, .T. ) ;
#6960 = SPHERICAL_SURFACE ( 'NONE', #593, 0.7500000000000000000 ) ;
#6961 = DIRECTION ( 'NONE',  ( -0.7071067811865476838, 0.7071067811865473507, 0.000000000000000000 ) ) ;
#6962 = SPHERICAL_SURFACE ( 'NONE', #3873, 14.00000000000000000 ) ;
#6963 = VERTEX_POINT ( 'NONE', #5815 ) ;
#6964 = CARTESIAN_POINT ( 'NONE',  ( 21.91465569514439693, 75.38505094549796581, 29.62205309673826648 ) ) ;
#6965 = DIRECTION ( 'NONE',  ( 7.304689455032545322E-14, 1.000000000000000000, 0.000000000000000000 ) ) ;
#6966 = CARTESIAN_POINT ( 'NONE',  ( 29.88665736896098224, 60.57017776809054510, 25.76744394889523093 ) ) ;
#6967 = SURFACE_SIDE_STYLE ('',( #5764 ) ) ;
#6968 = EDGE_CURVE ( 'NONE', #2590, #7696, #1864, .T. ) ;
#6969 = PLANE ( 'NONE',  #3945 ) ;
#6970 = CARTESIAN_POINT ( 'NONE',  ( 28.47989397209665086, 68.78831566870297820, 5.944433353342141402 ) ) ;
#6971 = VERTEX_POINT ( 'NONE', #4523 ) ;
#6972 = VERTEX_POINT ( 'NONE', #198 ) ;
#6973 = DIRECTION ( 'NONE',  ( 0.7071067811865463515, -5.165195448115370698E-14, -0.7071067811865487940 ) ) ;
#6974 = ORIENTED_EDGE ( 'NONE', *, *, #5993, .T. ) ;
#6975 = DIRECTION ( 'NONE',  ( 0.7071067811865462405, -0.7071067811865489050, 1.635512977795596320E-15 ) ) ;
#6976 = FACE_OUTER_BOUND ( 'NONE', #7217, .T. ) ;
#6977 = EDGE_CURVE ( 'NONE', #1154, #7708, #7786, .T. ) ;
#6978 = CARTESIAN_POINT ( 'NONE',  ( 13.50498933829410930, 77.00000000000001421, 35.63797692105834614 ) ) ;
#6979 = CARTESIAN_POINT ( 'NONE',  ( 19.07568596981397135, 97.20710678118739168, 26.50000000000364864 ) ) ;
#6980 = DIRECTION ( 'NONE',  ( 7.304689455032545322E-14, 1.000000000000000000, -0.000000000000000000 ) ) ;
#6981 = ADVANCED_FACE ( 'NONE', ( #2636 ), #5135, .T. ) ;
#6982 = ORIENTED_EDGE ( 'NONE', *, *, #7622, .F. ) ;
#6983 = ORIENTED_EDGE ( 'NONE', *, *, #4706, .T. ) ;
#6984 = AXIS2_PLACEMENT_3D ( 'NONE', #1457, #7206, #7037 ) ;
#6985 = PLANE ( 'NONE',  #2420 ) ;
#6986 = ORIENTED_EDGE ( 'NONE', *, *, #6421, .F. ) ;
#6987 = DIRECTION ( 'NONE',  ( -0.7071067811865485719, -0.7071067811865464625, -1.734723475976796050E-15 ) ) ;
#6988 = FACE_OUTER_BOUND ( 'NONE', #2703, .T. ) ;
#6989 = CARTESIAN_POINT ( 'NONE',  ( 12.44981348795380427, 74.70190296114371620, 23.74999999999996447 ) ) ;
#6990 = CARTESIAN_POINT ( 'NONE',  ( 21.97863715880918178, 75.19028090701864642, 5.289209038835898546 ) ) ;
#6991 = ORIENTED_EDGE ( 'NONE', *, *, #7869, .F. ) ;
#6992 = EDGE_CURVE ( 'NONE', #4188, #3345, #3993, .T. ) ;
#6993 = CARTESIAN_POINT ( 'NONE',  ( 18.42923936041709965, 181.9999999999986358, 27.14644660940670917 ) ) ;
#6994 = CARTESIAN_POINT ( 'NONE',  ( 14.07568596981227316, 73.97310859722828980, -4.187583149197465104 ) ) ;
#6995 = DIRECTION ( 'NONE',  ( 0.000000000000000000, 0.000000000000000000, -1.000000000000000000 ) ) ;
#6996 = AXIS2_PLACEMENT_3D ( 'NONE', #1634, #4158, #6688 ) ;
#6997 = CARTESIAN_POINT ( 'NONE',  ( 15.67623750748188982, 66.11889858896486771, -5.494561038298396483 ) ) ;
#6998 = AXIS2_PLACEMENT_3D ( 'NONE', #4954, #3638, #3101 ) ;
#6999 = CARTESIAN_POINT ( 'NONE',  ( 14.07568596981251474, 77.32406610655495172, 1.634270549536006811 ) ) ;
#7000 = DIRECTION ( 'NONE',  ( 0.7071067811865475727, 0.7071067811865475727, -0.000000000000000000 ) ) ;
#7001 = EDGE_CURVE ( 'NONE', #7509, #7923, #390, .T. ) ;
#7002 = CARTESIAN_POINT ( 'NONE',  ( 19.07568596981761644, 96.99999999999964473, 7.207106781186534583 ) ) ;
#7003 = CYLINDRICAL_SURFACE ( 'NONE', #2378, 5.000000000000004441 ) ;
#7004 = VERTEX_POINT ( 'NONE', #7057 ) ;
#7005 = CARTESIAN_POINT ( 'NONE',  ( 21.94012400752917813, 75.29066813346571507, 29.66380237862536617 ) ) ;
#7006 = CARTESIAN_POINT ( 'NONE',  ( 22.18476902131938289, 76.30513051086400367, 29.37560168247149051 ) ) ;
#7007 = CARTESIAN_POINT ( 'NONE',  ( 21.73630400435883203, 75.40632025746354827, 29.09025362639261658 ) ) ;
#7008 = FACE_OUTER_BOUND ( 'NONE', #3579, .T. ) ;
#7009 = EDGE_CURVE ( 'NONE', #3258, #4805, #1391, .T. ) ;
#7010 = CARTESIAN_POINT ( 'NONE',  ( 30.80004611652927693, 55.71890650518329124, 26.32687262308955667 ) ) ;
#7011 = CARTESIAN_POINT ( 'NONE',  ( 28.98464533754148675, 68.93122119467903985, 6.053352164541351499 ) ) ;
#7012 = ORIENTED_EDGE ( 'NONE', *, *, #5467, .F. ) ;
#7013 = CARTESIAN_POINT ( 'NONE',  ( 22.07568596982025255, 183.2499999999983515, -6.250000000000003553 ) ) ;
#7014 = EDGE_LOOP ( 'NONE', ( #7401, #6124, #2431, #3966 ) ) ;
#7015 = CARTESIAN_POINT ( 'NONE',  ( 22.00729115719570927, 76.23612654039774839, 28.92267160015693506 ) ) ;
#7016 = EDGE_CURVE ( 'NONE', #5774, #3845, #1558, .T. ) ;
#7017 = FACE_OUTER_BOUND ( 'NONE', #5059, .T. ) ;
#7018 = CARTESIAN_POINT ( 'NONE',  ( 15.57568596981395892, 96.99999999999988631, 38.49999999999999289 ) ) ;
#7019 = FACE_OUTER_BOUND ( 'NONE', #3040, .T. ) ;
#7020 = CIRCLE ( 'NONE', #8072, 8.999999999999539924 ) ;
#7021 = ORIENTED_EDGE ( 'NONE', *, *, #7501, .F. ) ;
#7022 = ORIENTED_EDGE ( 'NONE', *, *, #6346, .F. ) ;
#7023 = DIRECTION ( 'NONE',  ( 7.216449660063431685E-14, 1.000000000000000000, -0.000000000000000000 ) ) ;
#7024 = EDGE_CURVE ( 'NONE', #1016, #360, #1656, .T. ) ;
#7025 = ORIENTED_EDGE ( 'NONE', *, *, #6456, .T. ) ;
#7026 = VECTOR ( 'NONE', #2272, 1000.000000000000000 ) ;
#7027 = DIRECTION ( 'NONE',  ( -0.7071067811865475727, 0.7071067811865475727, 0.000000000000000000 ) ) ;
#7028 = DIRECTION ( 'NONE',  ( 0.7071067811865486830, 0.7071067811865464625, -0.000000000000000000 ) ) ;
#7029 = FACE_OUTER_BOUND ( 'NONE', #4986, .T. ) ;
#7030 = CARTESIAN_POINT ( 'NONE',  ( 22.14137638298582544, 74.93628003593566689, 5.157044177456895362 ) ) ;
#7031 = ORIENTED_EDGE ( 'NONE', *, *, #6325, .T. ) ;
#7032 = CARTESIAN_POINT ( 'NONE',  ( 33.19750007401911773, 63.80361717414964318, 18.86740189363029785 ) ) ;
#7033 = ORIENTED_EDGE ( 'NONE', *, *, #8052, .F. ) ;
#7034 = AXIS2_PLACEMENT_3D ( 'NONE', #6498, #3228, #50 ) ;
#7035 = DIRECTION ( 'NONE',  ( 7.317379025938529564E-14, 1.000000000000000000, -0.000000000000000000 ) ) ;
#7036 = CARTESIAN_POINT ( 'NONE',  ( 15.80857069858991970, 69.92893218813452449, 29.00000000000000711 ) ) ;
#7037 = DIRECTION ( 'NONE',  ( -1.000000000000000000, 0.000000000000000000, 0.000000000000000000 ) ) ;
#7038 = CARTESIAN_POINT ( 'NONE',  ( 28.69773709485081525, 68.95219562031698501, 5.515460138672140467 ) ) ;
#7039 = DIRECTION ( 'NONE',  ( -0.7071067811865486830, -0.7071067811865464625, -0.000000000000000000 ) ) ;
#7040 = AXIS2_PLACEMENT_3D ( 'NONE', #177, #5202, #2096 ) ;
#7041 = CIRCLE ( 'NONE', #7826, 0.7499999999999972244 ) ;
#7042 = CARTESIAN_POINT ( 'NONE',  ( 12.27303679265717307, 73.46446609406726225, 21.24999999999996803 ) ) ;
#7043 = CARTESIAN_POINT ( 'NONE',  ( 22.18476902131938289, 76.30513051086400367, 37.95643923738961689 ) ) ;
#7044 = CARTESIAN_POINT ( 'NONE',  ( 56.57568596981212039, 71.99999999999587885, 47.49999999999999289 ) ) ;
#7045 = CARTESIAN_POINT ( 'NONE',  ( 25.01319614606558517, 72.06248982374469847, 17.50000000000000711 ) ) ;
#7046 = VERTEX_POINT ( 'NONE', #5898 ) ;
#7047 = ORIENTED_EDGE ( 'NONE', *, *, #5260, .T. ) ;
#7048 = AXIS2_PLACEMENT_3D ( 'NONE', #5023, #3868, #1394 ) ;
#7049 = CARTESIAN_POINT ( 'NONE',  ( 19.07568596981745301, 94.76393202249987269, 6.499999999999983125 ) ) ;
#7050 = CIRCLE ( 'NONE', #3483, 12.99999999999998934 ) ;
#7051 = CARTESIAN_POINT ( 'NONE',  ( 23.31217142195794523, 64.60101263127681648, 35.09071421241268496 ) ) ;
#7052 = CARTESIAN_POINT ( 'NONE',  ( 21.91642429058255814, 74.79599920060016416, 29.30066140721102030 ) ) ;
#7053 = ADVANCED_FACE ( 'NONE', ( #7704 ), #2803, .T. ) ;
#7054 = DIRECTION ( 'NONE',  ( 0.7071067811865464625, -0.7071067811865486830, 0.000000000000000000 ) ) ;
#7055 = CARTESIAN_POINT ( 'NONE',  ( 28.05494312639539345, 64.03765982580800653, 29.57480085513392964 ) ) ;
#7056 = AXIS2_PLACEMENT_3D ( 'NONE', #2051, #263, #1539 ) ;
#7057 = CARTESIAN_POINT ( 'NONE',  ( 69.07568596982034137, 184.4999999999949409, 37.49999999999999289 ) ) ;
#7058 = AXIS2_PLACEMENT_3D ( 'NONE', #4909, #382, #7316 ) ;
#7059 = EDGE_LOOP ( 'NONE', ( #3350, #3948, #6079, #6553 ) ) ;
#7060 = LINE ( 'NONE', #654, #3346 ) ;
#7061 = EDGE_CURVE ( 'NONE', #7544, #2216, #154, .T. ) ;
#7062 = VERTEX_POINT ( 'NONE', #2678 ) ;
#7063 = CARTESIAN_POINT ( 'NONE',  ( 31.20585405194238504, 60.34434366980651276, 9.288184015393001758 ) ) ;
#7064 = CARTESIAN_POINT ( 'NONE',  ( 22.08943053473157647, 74.57800714461485825, 5.606426079949049956 ) ) ;
#7065 = VECTOR ( 'NONE', #1476, 1000.000000000000000 ) ;
#7066 = DIRECTION ( 'NONE',  ( -0.7071067811865486830, -0.7071067811865463515, -0.000000000000000000 ) ) ;
#7067 = CARTESIAN_POINT ( 'NONE',  ( 22.87963851045537567, 62.85786437626904188, 3.000000000000007994 ) ) ;
#7068 = FACE_OUTER_BOUND ( 'NONE', #3223, .T. ) ;
#7070 = EDGE_LOOP ( 'NONE', ( #818, #6704, #1484, #3132 ) ) ;
#7069 = AXIS2_PLACEMENT_3D ( 'NONE', #1997, #4498, #5825 ) ;
#7071 = EDGE_LOOP ( 'NONE', ( #7623, #7147, #251, #2471 ) ) ;
#7072 = EDGE_CURVE ( 'NONE', #5221, #2526, #2071, .T. ) ;
#7073 = SPHERICAL_SURFACE ( 'NONE', #5299, 0.7500000000000000000 ) ;
#7074 = ORIENTED_EDGE ( 'NONE', *, *, #3042, .T. ) ;
#7075 = LINE ( 'NONE', #3841, #3280 ) ;
#7076 = PRODUCT_CONTEXT ( 'NONE', #1305, 'mechanical' ) ;
#7077 = EDGE_CURVE ( 'NONE', #4188, #257, #3411, .T. ) ;
#7078 = PLANE ( 'NONE',  #4262 ) ;
#7079 = VERTEX_POINT ( 'NONE', #806 ) ;
#7080 = LINE ( 'NONE', #7607, #5476 ) ;
#7081 = ORIENTED_EDGE ( 'NONE', *, *, #7851, .F. ) ;
#7082 = CARTESIAN_POINT ( 'NONE',  ( 29.72777512450456427, 60.41463522193674862, 26.03119195058776114 ) ) ;
#7083 = CARTESIAN_POINT ( 'NONE',  ( 27.12227919757465244, 60.02943725152283605, 11.25000000000001066 ) ) ;
#7084 = LINE ( 'NONE', #3357, #3812 ) ;
#7085 = DIRECTION ( 'NONE',  ( -0.7071067811865464625, 0.7071067811865485719, 0.000000000000000000 ) ) ;
#7086 = CARTESIAN_POINT ( 'NONE',  ( 9.315821547788326384, 76.42168133893612492, 3.645945788329199022 ) ) ;
#7087 = CARTESIAN_POINT ( 'NONE',  ( 31.05684214402833732, 54.68066074269601984, 14.64891852448702636 ) ) ;
#7088 = CARTESIAN_POINT ( 'NONE',  ( 19.34410460452264147, 66.39339828220178674, 17.50000000000000711 ) ) ;
#7089 = ORIENTED_EDGE ( 'NONE', *, *, #5305, .F. ) ;
#7090 = ORIENTED_EDGE ( 'NONE', *, *, #2509, .F. ) ;
#7091 = CARTESIAN_POINT ( 'NONE',  ( 69.07568596981194275, 69.49999999999495515, -15.00000000000001243 ) ) ;
#7092 = CARTESIAN_POINT ( 'NONE',  ( 33.02384703851508618, 66.99999999999756994, 10.59570905593673551 ) ) ;
#7093 = DIRECTION ( 'NONE',  ( -0.7071067811865499042, -0.7071067811865451302, 0.000000000000000000 ) ) ;
#7094 = DIRECTION ( 'NONE',  ( -0.6063390625908341436, -0.6063390625908305909, -0.5144957554275265688 ) ) ;
#7095 = CARTESIAN_POINT ( 'NONE',  ( 22.07568596982025610, 183.2499999999983515, 45.00000000000000711 ) ) ;
#7096 = ADVANCED_FACE ( 'NONE', ( #3330 ), #7138, .T. ) ;
#7097 = ORIENTED_EDGE ( 'NONE', *, *, #3839, .F. ) ;
#7098 = FACE_OUTER_BOUND ( 'NONE', #7185, .T. ) ;
#7099 = ORIENTED_EDGE ( 'NONE', *, *, #7214, .F. ) ;
#7100 = CARTESIAN_POINT ( 'NONE',  ( 30.74397814296100151, 56.22887680440097569, 14.57797664350299804 ) ) ;
#7101 = CARTESIAN_POINT ( 'NONE',  ( 14.39435713621679191, 75.58578643762689353, 11.25000000000001066 ) ) ;
#7102 = CARTESIAN_POINT ( 'NONE',  ( 42.86875144336224963, 42.86875144336209331, 0.000000000000000000 ) ) ;
#7103 = SPHERICAL_SURFACE ( 'NONE', #3419, 0.7500000000000000000 ) ;
#7104 = EDGE_CURVE ( 'NONE', #7199, #4259, #1385, .T. ) ;
#7105 = DIRECTION ( 'NONE',  ( -2.312964634635743450E-15, 0.000000000000000000, 1.000000000000000000 ) ) ;
#7106 = EDGE_LOOP ( 'NONE', ( #6870, #4600, #3362, #4166 ) ) ;
#7107 = EDGE_LOOP ( 'NONE', ( #3790, #3405, #5505, #5667 ) ) ;
#7108 = ORIENTED_EDGE ( 'NONE', *, *, #152, .T. ) ;
#7109 = DIRECTION ( 'NONE',  ( -0.7071067811865485719, -0.7071067811865464625, 0.000000000000000000 ) ) ;
#7110 = CARTESIAN_POINT ( 'NONE',  ( 22.18476902131942197, 76.30513051086396104, -3.956439237389593355 ) ) ;
#7111 = AXIS2_PLACEMENT_3D ( 'NONE', #2086, #6987, #5781 ) ;
#7112 = DIRECTION ( 'NONE',  ( 0.7071067811865486830, 0.7071067811865464625, -0.000000000000000000 ) ) ;
#7113 = CARTESIAN_POINT ( 'NONE',  ( 32.07202666588049311, 64.97918471982865185, 21.24999999999996447 ) ) ;
#7114 = AXIS2_PLACEMENT_3D ( 'NONE', #2772, #1021, #4207 ) ;
#7115 = AXIS2_PLACEMENT_3D ( 'NONE', #7770, #2054, #2098 ) ;
#7116 = ORIENTED_EDGE ( 'NONE', *, *, #3471, .T. ) ;
#7117 = ORIENTED_EDGE ( 'NONE', *, *, #6565, .F. ) ;
#7118 = DIRECTION ( 'NONE',  ( -0.000000000000000000, 0.000000000000000000, 1.000000000000000000 ) ) ;
#7119 = EDGE_CURVE ( 'NONE', #6487, #2034, #1928, .T. ) ;
#7120 = CARTESIAN_POINT ( 'NONE',  ( 28.81749115406301698, 68.94116948018505298, 38.47350322078703755 ) ) ;
#7121 = CARTESIAN_POINT ( 'NONE',  ( 26.94550250227801058, 58.79200038444637499, 23.74999999999996447 ) ) ;
#7122 = DIRECTION ( 'NONE',  ( 0.7071067811865486830, 0.7071067811865464625, 0.000000000000000000 ) ) ;
#7123 = EDGE_CURVE ( 'NONE', #7997, #3281, #8160, .T. ) ;
#7124 = PLANE ( 'NONE',  #6243 ) ;
#7125 = ORIENTED_EDGE ( 'NONE', *, *, #2932, .T. ) ;
#7126 = DIRECTION ( 'NONE',  ( -0.7071067811865521247, -0.7071067811865429098, 0.000000000000000000 ) ) ;
#7127 = CARTESIAN_POINT ( 'NONE',  ( 34.19334700944013861, 67.10050506338828313, 18.74999999999996803 ) ) ;
#7128 = AXIS2_PLACEMENT_3D ( 'NONE', #3782, #149, #5169 ) ;
#7129 = ORIENTED_EDGE ( 'NONE', *, *, #4973, .T. ) ;
#7130 = VERTEX_POINT ( 'NONE', #2886 ) ;
#7131 = ORIENTED_EDGE ( 'NONE', *, *, #2975, .F. ) ;
#7132 = DIRECTION ( 'NONE',  ( 0.7071067811865464625, -0.7071067811865487940, 0.000000000000000000 ) ) ;
#7133 = ADVANCED_FACE ( 'NONE', ( #3535 ), #4537, .T. ) ;
#7134 = CARTESIAN_POINT ( 'NONE',  ( 36.79449454897603289, 66.99999999999731415, 5.461410644725495089 ) ) ;
#7135 = CARTESIAN_POINT ( 'NONE',  ( 21.87212420261052159, 76.01455567638888056, 28.94961834191652272 ) ) ;
#7136 = VECTOR ( 'NONE', #7503, 1000.000000000000000 ) ;
#7137 = DIRECTION ( 'NONE',  ( 1.000000000000000000, -7.304689455032545322E-14, -1.850371707708594316E-16 ) ) ;
#7138 = SPHERICAL_SURFACE ( 'NONE', #4422, 0.5000000000000000000 ) ;
#7139 = ORIENTED_EDGE ( 'NONE', *, *, #4374, .F. ) ;
#7140 = VECTOR ( 'NONE', #7066, 1000.000000000000114 ) ;
#7141 = CARTESIAN_POINT ( 'NONE',  ( 28.37683087269169135, 68.78572503862109500, 29.08459279590478985 ) ) ;
#7142 = ORIENTED_EDGE ( 'NONE', *, *, #4332, .F. ) ;
#7143 = CARTESIAN_POINT ( 'NONE',  ( 30.72800841762320090, 57.52633765160898349, 14.77907886905740575 ) ) ;
#7144 = CARTESIAN_POINT ( 'NONE',  ( 9.339892000889404855, 76.80994101971214150, 31.30757398950569836 ) ) ;
#7145 = CARTESIAN_POINT ( 'NONE',  ( 21.89187580250594678, 75.59802372967745043, 38.66354601857617013 ) ) ;
#7146 = ORIENTED_EDGE ( 'NONE', *, *, #7009, .F. ) ;
#7147 = ORIENTED_EDGE ( 'NONE', *, *, #7016, .T. ) ;
#7148 = ORIENTED_EDGE ( 'NONE', *, *, #2050, .T. ) ;
#7149 = EDGE_CURVE ( 'NONE', #6160, #315, #2351, .T. ) ;
#7150 = ADVANCED_FACE ( 'NONE', ( #969 ), #5463, .F. ) ;
#7151 = CARTESIAN_POINT ( 'NONE',  ( 12.27303679265718017, 73.46446609406726225, 25.00000000000001066 ) ) ;
#7152 = DIRECTION ( 'NONE',  ( 0.000000000000000000, 1.000000000000000000, 0.000000000000000000 ) ) ;
#7153 = ORIENTED_EDGE ( 'NONE', *, *, #7922, .F. ) ;
#7154 = LINE ( 'NONE', #7928, #3069 ) ;
#7155 = ORIENTED_EDGE ( 'NONE', *, *, #8034, .T. ) ;
#7156 = FACE_OUTER_BOUND ( 'NONE', #6281, .T. ) ;
#7157 = AXIS2_PLACEMENT_3D ( 'NONE', #499, #4241, #2395 ) ;
#7158 = DIRECTION ( 'NONE',  ( -1.000000000000000000, 7.317379025938529564E-14, 0.000000000000000000 ) ) ;
#7159 = CARTESIAN_POINT ( 'NONE',  ( 26.41517241638810987, 59.32233047033627571, 15.50000000000001066 ) ) ;
#7160 = EDGE_CURVE ( 'NONE', #7755, #3084, #4728, .T. ) ;
#7161 = CARTESIAN_POINT ( 'NONE',  ( 16.57568596981403175, 97.99999999999981526, -5.000000000000013323 ) ) ;
#7162 = CARTESIAN_POINT ( 'NONE',  ( 28.66507632912814429, 68.94782459283452170, 5.504658382480004164 ) ) ;
#7163 = DIRECTION ( 'NONE',  ( 1.000000000000000000, -7.304689455032545322E-14, -0.000000000000000000 ) ) ;
#7164 = DIRECTION ( 'NONE',  ( -1.518621801620878693E-28, -2.081668171172318397E-15, 1.000000000000000000 ) ) ;
#7165 = ORIENTED_EDGE ( 'NONE', *, *, #3588, .T. ) ;
#7166 = VECTOR ( 'NONE', #2712, 1000.000000000000000 ) ;
#7167 = CARTESIAN_POINT ( 'NONE',  ( 19.07568596981395714, 96.99999999999964473, -7.500000000000012434 ) ) ;
#7168 = ORIENTED_EDGE ( 'NONE', *, *, #5831, .F. ) ;
#7169 = ORIENTED_EDGE ( 'NONE', *, *, #47, .F. ) ;
#7170 = ORIENTED_EDGE ( 'NONE', *, *, #780, .T. ) ;
#7171 = EDGE_CURVE ( 'NONE', #7814, #7635, #6391, .T. ) ;
#7172 = LINE ( 'NONE', #803, #970 ) ;
#7173 = CIRCLE ( 'NONE', #851, 12.50000000000000000 ) ;
#7174 = CARTESIAN_POINT ( 'NONE',  ( 31.13863644122569951, 61.92165248412344170, 11.25502818257486126 ) ) ;
#7175 = CARTESIAN_POINT ( 'NONE',  ( 21.74541567726896574, 75.59099834649846628, 29.03929932847205109 ) ) ;
#7176 = VECTOR ( 'NONE', #5621, 1000.000000000000000 ) ;
#7177 = CARTESIAN_POINT ( 'NONE',  ( 19.07568596981765552, 97.49999999999964473, 8.499999999999982236 ) ) ;
#7178 = DIRECTION ( 'NONE',  ( 1.000000000000000000, 0.000000000000000000, 0.000000000000000000 ) ) ;
#7179 = EDGE_CURVE ( 'NONE', #6135, #5429, #6793, .T. ) ;
#7180 =( BOUNDED_CURVE ( )  B_SPLINE_CURVE ( 3, ( #7232, #1567, #939, #6857 ),
 .UNSPECIFIED., .F., .T. ) 
 B_SPLINE_CURVE_WITH_KNOTS ( ( 4, 4 ),
 ( 2.240625321537384532E-16, 1.570796326789715369 ),
 .UNSPECIFIED. ) 
 CURVE ( )  GEOMETRIC_REPRESENTATION_ITEM ( )  RATIONAL_B_SPLINE_CURVE ( ( 1.000000000000000000, 0.8047378541255861828, 0.8047378541255861828, 1.000000000000000000 ) ) 
 REPRESENTATION_ITEM ( '' )  );
#7181 = CIRCLE ( 'NONE', #4791, 1.000000000000000888 ) ;
#7182 = AXIS2_PLACEMENT_3D ( 'NONE', #3853, #5758, #103 ) ;
#7183 = ORIENTED_EDGE ( 'NONE', *, *, #2250, .T. ) ;
#7184 = CARTESIAN_POINT ( 'NONE',  ( 108.0487300520048422, 148.0269559178182135, 5.624398317528567226 ) ) ;
#7185 = EDGE_LOOP ( 'NONE', ( #1713, #2424, #3004, #330 ) ) ;
#7186 = CARTESIAN_POINT ( 'NONE',  ( 14.39435713621679369, 75.58578643762689353, 23.74999999999996447 ) ) ;
#7187 = CARTESIAN_POINT ( 'NONE',  ( 19.46047447893203852, 66.27702840779237192, -1.992401845257502080 ) ) ;
#7188 = TOROIDAL_SURFACE ( 'NONE', #2700, 1.500000000000000000, 1.000000000000000000 ) ;
#7189 = AXIS2_PLACEMENT_3D ( 'NONE', #1023, #3545, #6067 ) ;
#7190 = DIRECTION ( 'NONE',  ( -1.448184717984491012E-29, -1.448184717984486808E-29, -1.000000000000000000 ) ) ;
#7191 = ADVANCED_FACE ( 'NONE', ( #6147 ), #496, .F. ) ;
#7192 = DIRECTION ( 'NONE',  ( 7.320533068622129725E-14, 1.000000000000000000, 6.938893903907232322E-16 ) ) ;
#7193 = VERTEX_POINT ( 'NONE', #5414 ) ;
#7194 = EDGE_CURVE ( 'NONE', #1910, #6149, #4278, .T. ) ;
#7195 = ORIENTED_EDGE ( 'NONE', *, *, #3889, .F. ) ;
#7196 = CIRCLE ( 'NONE', #2065, 0.7500000000000006661 ) ;
#7197 = CARTESIAN_POINT ( 'NONE',  ( 27.97602310869217845, 69.12139810125287909, 5.205762462169023053 ) ) ;
#7198 = DIRECTION ( 'NONE',  ( 0.7071067811865486830, 0.7071067811865464625, -0.000000000000000000 ) ) ;
#7199 = VERTEX_POINT ( 'NONE', #6727 ) ;
#7200 = ORIENTED_EDGE ( 'NONE', *, *, #7361, .F. ) ;
#7201 = EDGE_CURVE ( 'NONE', #6487, #4473, #53, .T. ) ;
#7202 = CARTESIAN_POINT ( 'NONE',  ( 29.04304030381005219, 68.96020309075274213, 6.062487573147476105 ) ) ;
#7203 = DIRECTION ( 'NONE',  ( -1.000000000000000000, 7.304689455032547847E-14, 0.000000000000000000 ) ) ;
#7204 = DIRECTION ( 'NONE',  ( -0.7071067811865486830, -0.7071067811865464625, -0.000000000000000000 ) ) ;
#7205 = VECTOR ( 'NONE', #3276, 1000.000000000000000 ) ;
#7206 = DIRECTION ( 'NONE',  ( -0.000000000000000000, 0.000000000000000000, -1.000000000000000000 ) ) ;
#7207 = CARTESIAN_POINT ( 'NONE',  ( 28.85849013896593718, 68.98978142908578093, 5.563238790813267443 ) ) ;
#7208 = LINE ( 'NONE', #5838, #1932 ) ;
#7209 = CARTESIAN_POINT ( 'NONE',  ( 26.87755808368746102, 60.63556648795988480, 29.94595606595490622 ) ) ;
#7210 = CIRCLE ( 'NONE', #7994, 7.999999999999996447 ) ;
#7211 = DIRECTION ( 'NONE',  ( 0.7071067811865462405, -5.165195448115370067E-14, 0.7071067811865489050 ) ) ;
#7212 = ORIENTED_EDGE ( 'NONE', *, *, #1019, .T. ) ;
#7213 = DIRECTION ( 'NONE',  ( 0.000000000000000000, 0.000000000000000000, -1.000000000000000000 ) ) ;
#7214 = EDGE_CURVE ( 'NONE', #3570, #4947, #5378, .T. ) ;
#7215 = CARTESIAN_POINT ( 'NONE',  ( 59.07568596981195697, 69.49999999999569411, -15.00000000000001243 ) ) ;
#7216 = ORIENTED_EDGE ( 'NONE', *, *, #475, .T. ) ;
#7217 = EDGE_LOOP ( 'NONE', ( #6927, #4780, #4154, #6600, #5522, #3994, #2574, #7238, #4419, #7409, #7334, #3780, #4721, #5738, #1392, #4779 ) ) ;
#7218 = ORIENTED_EDGE ( 'NONE', *, *, #1095, .F. ) ;
#7219 = DIRECTION ( 'NONE',  ( 0.7071067811865475727, 0.7071067811865475727, -0.000000000000000000 ) ) ;
#7220 = CARTESIAN_POINT ( 'NONE',  ( 38.65851745260871297, 66.99999999999718625, 10.30917670767917471 ) ) ;
#7221 = DIRECTION ( 'NONE',  ( 7.304689455032546585E-14, 1.000000000000000000, 4.462471163957847471E-30 ) ) ;
#7222 = AXIS2_PLACEMENT_3D ( 'NONE', #7284, #1667, #2296 ) ;
#7223 = CARTESIAN_POINT ( 'NONE',  ( 26.41517241638812408, 66.39339828220177253, 29.00000000000001066 ) ) ;
#7224 = ORIENTED_EDGE ( 'NONE', *, *, #292, .T. ) ;
#7225 = CARTESIAN_POINT ( 'NONE',  ( 19.41553689531761862, 73.39303380327228865, 6.000000000000007105 ) ) ;
#7226 = CARTESIAN_POINT ( 'NONE',  ( 28.47946036860071928, 68.78879086547935628, 29.05580668660391197 ) ) ;
#7227 = EDGE_LOOP ( 'NONE', ( #420, #700, #7195, #2238, #2406, #4491, #2107, #233, #3446, #1829, #2312, #4300, #3301, #1521 ) ) ;
#7228 = DIRECTION ( 'NONE',  ( 0.7071067811865451302, 0.7071067811865497932, 0.000000000000000000 ) ) ;
#7229 = LINE ( 'NONE', #5859, #7065 ) ;
#7230 = EDGE_CURVE ( 'NONE', #6160, #3282, #2550, .T. ) ;
#7231 = CARTESIAN_POINT ( 'NONE',  ( 9.319012582696153402, 76.41812758101823988, 31.35601310398972430 ) ) ;
#7232 = CARTESIAN_POINT ( 'NONE',  ( 19.07568596981765552, 97.49999999999964473, 28.49999999999998224 ) ) ;
#7233 = EDGE_CURVE ( 'NONE', #6767, #3676, #6265, .T. ) ;
#7234 = ORIENTED_EDGE ( 'NONE', *, *, #5385, .F. ) ;
#7235 = EDGE_LOOP ( 'NONE', ( #44, #2638, #5532, #1035, #5382 ) ) ;
#7236 = DIRECTION ( 'NONE',  ( 7.304689455032545322E-14, 1.000000000000000000, -0.000000000000000000 ) ) ;
#7237 = CARTESIAN_POINT ( 'NONE',  ( 26.00265027927108008, 66.99999999999809575, 40.17338692027824010 ) ) ;
#7238 = ORIENTED_EDGE ( 'NONE', *, *, #8136, .T. ) ;
#7239 = DIRECTION ( 'NONE',  ( 0.000000000000000000, -0.000000000000000000, 1.000000000000000000 ) ) ;
#7240 = ORIENTED_EDGE ( 'NONE', *, *, #370, .T. ) ;
#7241 = CARTESIAN_POINT ( 'NONE',  ( 100.9173710968753568, 155.1583148729477273, 28.91884777160719722 ) ) ;
#7242 = CARTESIAN_POINT ( 'NONE',  ( 31.05631379322826646, 54.68266980787462472, 14.38707338501328969 ) ) ;
#7243 = AXIS2_PLACEMENT_3D ( 'NONE', #7246, #7109, #7637 ) ;
#7244 = CARTESIAN_POINT ( 'NONE',  ( 21.91715559971505911, 74.79575755888528477, 5.699152702730033937 ) ) ;
#7245 = VECTOR ( 'NONE', #1440, 1000.000000000000000 ) ;
#7246 = CARTESIAN_POINT ( 'NONE',  ( 26.41517241638810276, 59.32233047033628281, 23.74999999999996447 ) ) ;
#7247 = SPHERICAL_SURFACE ( 'NONE', #4513, 0.7500000000000000000 ) ;
#7248 = ORIENTED_EDGE ( 'NONE', *, *, #3255, .T. ) ;
#7249 = DIRECTION ( 'NONE',  ( -0.7071067811865510144, -0.7071067811865440200, 3.271025955591211177E-15 ) ) ;
#7250 = CARTESIAN_POINT ( 'NONE',  ( 35.60756057181323087, 68.51471862576138960, 16.25000000000000711 ) ) ;
#7251 = ORIENTED_EDGE ( 'NONE', *, *, #1668, .T. ) ;
#7252 = EDGE_LOOP ( 'NONE', ( #464, #7212, #3208 ) ) ;
#7253 = AXIS2_PLACEMENT_3D ( 'NONE', #126, #2530, #2650 ) ;
#7254 = EDGE_LOOP ( 'NONE', ( #1183, #166, #4053, #1444, #5177, #2284 ) ) ;
#7255 = DIRECTION ( 'NONE',  ( 0.7071067811865464625, -0.7071067811865487940, 0.000000000000000000 ) ) ;
#7256 = CARTESIAN_POINT ( 'NONE',  ( 37.43700140494384954, 66.99999999999727152, 6.882826796803266589 ) ) ;
#7257 = DIRECTION ( 'NONE',  ( -9.231379303755938440E-43, -1.269910057080334201E-29, -1.000000000000000000 ) ) ;
#7258 = EDGE_CURVE ( 'NONE', #6877, #4561, #1011, .T. ) ;
#7259 = CARTESIAN_POINT ( 'NONE',  ( 30.83601014606650281, 55.52181163912593576, 20.51721030594720929 ) ) ;
#7260 = VERTEX_POINT ( 'NONE', #3664 ) ;
#7261 = DIRECTION ( 'NONE',  ( 1.000000000000000000, -7.304689455032545322E-14, 0.000000000000000000 ) ) ;
#7262 = PLANE ( 'NONE',  #1775 ) ;
#7263 = ORIENTED_EDGE ( 'NONE', *, *, #6040, .T. ) ;
#7264 = SPHERICAL_SURFACE ( 'NONE', #6344, 0.7500000000000000000 ) ;
#7265 = DIRECTION ( 'NONE',  ( 7.317379025938529564E-14, 1.000000000000000000, -0.000000000000000000 ) ) ;
#7266 = EDGE_CURVE ( 'NONE', #1395, #7696, #1761, .T. ) ;
#7267 = DIRECTION ( 'NONE',  ( -0.000000000000000000, 0.000000000000000000, 1.000000000000000000 ) ) ;
#7268 = CARTESIAN_POINT ( 'NONE',  ( 59.07568596981195697, 69.49999999999570832, 49.99999999999998579 ) ) ;
#7269 = DIRECTION ( 'NONE',  ( -0.7071067811865429098, -0.7071067811865522357, 0.000000000000000000 ) ) ;
#7270 = CIRCLE ( 'NONE', #6082, 5.000000000000000888 ) ;
#7271 = ORIENTED_EDGE ( 'NONE', *, *, #7601, .F. ) ;
#7272 = VERTEX_POINT ( 'NONE', #1931 ) ;
#7273 = ORIENTED_EDGE ( 'NONE', *, *, #2935, .F. ) ;
#7274 = CARTESIAN_POINT ( 'NONE',  ( 28.61513743387562769, 68.94286613778707817, 29.51241416708511167 ) ) ;
#7275 = EDGE_CURVE ( 'NONE', #1243, #2766, #3119, .T. ) ;
#7276 = CARTESIAN_POINT ( 'NONE',  ( 27.98306856639447204, 69.11652080327355918, 5.209501300381460531 ) ) ;
#7277 = DIRECTION ( 'NONE',  ( -0.7071067811865520136, -0.7071067811865429098, 0.000000000000000000 ) ) ;
#7278 = ORIENTED_EDGE ( 'NONE', *, *, #4394, .T. ) ;
#7279 = DIRECTION ( 'NONE',  ( -1.000000000000000000, 7.304689455032545322E-14, 0.000000000000000000 ) ) ;
#7280 = EDGE_CURVE ( 'NONE', #6659, #2897, #4975, .T. ) ;
#7281 = ORIENTED_EDGE ( 'NONE', *, *, #1300, .F. ) ;
#7282 = CARTESIAN_POINT ( 'NONE',  ( 29.25429322443373437, 69.11198627310568554, 6.081136650353592188 ) ) ;
#7283 = FACE_OUTER_BOUND ( 'NONE', #1837, .T. ) ;
#7284 = CARTESIAN_POINT ( 'NONE',  ( 16.57568596982382658, 232.0624609862507839, -7.500000000000012434 ) ) ;
#7285 = DIRECTION ( 'NONE',  ( 0.000000000000000000, -0.000000000000000000, 1.000000000000000000 ) ) ;
#7286 = EDGE_LOOP ( 'NONE', ( #7139, #4711, #4611, #5116 ) ) ;
#7287 = CARTESIAN_POINT ( 'NONE',  ( 18.28279275100400270, 94.76393202249992953, 7.499999999999986677 ) ) ;
#7288 = EDGE_CURVE ( 'NONE', #1472, #167, #4010, .T. ) ;
#7289 = CIRCLE ( 'NONE', #7542, 0.7500000000000006661 ) ;
#7290 = CARTESIAN_POINT ( 'NONE',  ( 24.96646157506667407, 66.70383733265541082, -3.230798726362528406 ) ) ;
#7291 = EDGE_LOOP ( 'NONE', ( #2131, #7738, #4915, #3690 ) ) ;
#7292 = ORIENTED_EDGE ( 'NONE', *, *, #5012, .T. ) ;
#7293 = VERTEX_POINT ( 'NONE', #5674 ) ;
#7294 = CARTESIAN_POINT ( 'NONE',  ( 26.94550250227801058, 58.79200038444637499, 11.25000000000000888 ) ) ;
#7295 = CARTESIAN_POINT ( 'NONE',  ( 14.39435713621679369, 75.58578643762689353, 11.25000000000001066 ) ) ;
#7296 = CARTESIAN_POINT ( 'NONE',  ( 21.92671544858364641, 75.86020322289854789, 29.44998779510380871 ) ) ;
#7297 = VECTOR ( 'NONE', #3814, 1000.000000000000000 ) ;
#7298 = DIRECTION ( 'NONE',  ( 7.304689455032545322E-14, 1.000000000000000000, -0.000000000000000000 ) ) ;
#7299 = ORIENTED_EDGE ( 'NONE', *, *, #4356, .F. ) ;
#7300 = DIRECTION ( 'NONE',  ( 7.308968245448940072E-14, 1.000000000000000000, 0.000000000000000000 ) ) ;
#7301 = VECTOR ( 'NONE', #5149, 1000.000000000000000 ) ;
#7302 = EDGE_CURVE ( 'NONE', #6946, #2033, #6524, .T. ) ;
#7303 = CIRCLE ( 'NONE', #5171, 0.7500000000000022204 ) ;
#7304 = CARTESIAN_POINT ( 'NONE',  ( 28.27953846146183281, 68.97755274931479619, 29.64655744166458007 ) ) ;
#7305 = ORIENTED_EDGE ( 'NONE', *, *, #1004, .F. ) ;
#7306 = CARTESIAN_POINT ( 'NONE',  ( 30.16926889435664805, 55.56823399236774463, 10.08893272110374362 ) ) ;
#7307 = CYLINDRICAL_SURFACE ( 'NONE', #4557, 13.99999999999938716 ) ;
#7308 = LINE ( 'NONE', #4737, #2140 ) ;
#7309 = CARTESIAN_POINT ( 'NONE',  ( 33.19750007401911773, 63.80361717414964318, 35.00000000000000000 ) ) ;
#7310 = AXIS2_PLACEMENT_3D ( 'NONE', #6272, #2506, #3820 ) ;
#7311 = DIRECTION ( 'NONE',  ( 0.7071067811865427988, -0.7071067811865521247, 0.000000000000000000 ) ) ;
#7312 = EDGE_CURVE ( 'NONE', #4723, #4093, #6402, .T. ) ;
#7313 = ORIENTED_EDGE ( 'NONE', *, *, #5831, .T. ) ;
#7314 = ORIENTED_EDGE ( 'NONE', *, *, #7201, .F. ) ;
#7315 = ORIENTED_EDGE ( 'NONE', *, *, #2269, .T. ) ;
#7316 = DIRECTION ( 'NONE',  ( 0.7071067811865451302, 0.7071067811865497932, 0.000000000000000000 ) ) ;
#7317 = AXIS2_PLACEMENT_3D ( 'NONE', #2826, #6589, #3314 ) ;
#7318 = AXIS2_PLACEMENT_3D ( 'NONE', #145, #2667, #3981 ) ;
#7319 = DIRECTION ( 'NONE',  ( -7.304689455032547847E-14, -1.000000000000000000, 2.134166952819400987E-29 ) ) ;
#7320 = CARTESIAN_POINT ( 'NONE',  ( 24.07568596981198539, 66.99999999999823785, 40.93465657243259415 ) ) ;
#7321 = CARTESIAN_POINT ( 'NONE',  ( 14.07568596981176334, 66.99999999999897682, 49.99999999999999289 ) ) ;
#7322 = DIRECTION ( 'NONE',  ( 0.7071067811865462405, -0.7071067811865489050, 1.635512977795596320E-15 ) ) ;
#7323 = ORIENTED_EDGE ( 'NONE', *, *, #4066, .T. ) ;
#7324 = VECTOR ( 'NONE', #4316, 1000.000000000000000 ) ;
#7325 = LINE ( 'NONE', #4880, #2779 ) ;
#7326 = EDGE_CURVE ( 'NONE', #2147, #1482, #2429, .T. ) ;
#7327 = CARTESIAN_POINT ( 'NONE',  ( 21.79877971446344986, 75.04853320676460271, 5.794080247723282895 ) ) ;
#7328 = VECTOR ( 'NONE', #812, 1000.000000000000000 ) ;
#7329 = DIRECTION ( 'NONE',  ( 0.7071067811865475727, -0.7071067811865475727, -2.775557561562901764E-14 ) ) ;
#7330 = ORIENTED_EDGE ( 'NONE', *, *, #4394, .F. ) ;
#7331 = DIRECTION ( 'NONE',  ( -7.304689455032546585E-14, -1.000000000000000000, -3.808957392420926677E-30 ) ) ;
#7332 = CARTESIAN_POINT ( 'NONE',  ( 32.57519838525820433, 66.99999999999761258, 35.51067728613789853 ) ) ;
#7333 = ORIENTED_EDGE ( 'NONE', *, *, #655, .F. ) ;
#7334 = ORIENTED_EDGE ( 'NONE', *, *, #2490, .F. ) ;
#7335 = VECTOR ( 'NONE', #2812, 1000.000000000000000 ) ;
#7336 = ORIENTED_EDGE ( 'NONE', *, *, #7439, .F. ) ;
#7337 = DIRECTION ( 'NONE',  ( 0.7071067811865427988, -0.7071067811865521247, 0.000000000000000000 ) ) ;
#7338 = CARTESIAN_POINT ( 'NONE',  ( 21.89442382539195364, 75.51972520317148962, 29.56645031358560871 ) ) ;
#7339 = AXIS2_PLACEMENT_3D ( 'NONE', #3269, #2619, #5876 ) ;
#7340 = CIRCLE ( 'NONE', #1531, 0.7499999999999997780 ) ;
#7341 = ADVANCED_FACE ( 'NONE', ( #21 ), #6962, .T. ) ;
#7342 = EDGE_CURVE ( 'NONE', #6861, #1312, #6850, .T. ) ;
#7343 = CARTESIAN_POINT ( 'NONE',  ( 9.347462329579187212, 77.00565388825803836, 3.716889349937399611 ) ) ;
#7344 = ORIENTED_EDGE ( 'NONE', *, *, #1004, .T. ) ;
#7345 = DIRECTION ( 'NONE',  ( -1.000000000000000000, 0.000000000000000000, 0.000000000000000000 ) ) ;
#7346 = CARTESIAN_POINT ( 'NONE',  ( 28.85751666623692202, 68.98989189599096505, 29.43717073351219327 ) ) ;
#7347 = ORIENTED_EDGE ( 'NONE', *, *, #2696, .T. ) ;
#7348 = DIRECTION ( 'NONE',  ( 0.7071067811865464625, -0.7071067811865485719, -0.000000000000000000 ) ) ;
#7349 = DIRECTION ( 'NONE',  ( 1.000000000000000000, -7.304689455032547847E-14, -4.625929269271485914E-16 ) ) ;
#7350 = DIRECTION ( 'NONE',  ( 7.302716989679661945E-14, 1.000000000000000000, 3.750753461571475315E-17 ) ) ;
#7351 = DIRECTION ( 'NONE',  ( 2.031856091328426205E-29, -1.448184717984741004E-29, -1.000000000000000000 ) ) ;
#7352 = EDGE_CURVE ( 'NONE', #7941, #1403, #6920, .T. ) ;
#7353 = AXIS2_PLACEMENT_3D ( 'NONE', #2087, #7028, #6540 ) ;
#7354 = PLANE ( 'NONE',  #1512 ) ;
#7355 = ORIENTED_EDGE ( 'NONE', *, *, #5951, .F. ) ;
#7356 = ORIENTED_EDGE ( 'NONE', *, *, #6695, .F. ) ;
#7357 = VERTEX_POINT ( 'NONE', #2588 ) ;
#7358 = DIRECTION ( 'NONE',  ( -0.7071067811865440200, 0.7071067811865510144, 0.000000000000000000 ) ) ;
#7359 = B_SPLINE_CURVE_WITH_KNOTS ( 'NONE', 3,
 ( #631, #6412, #7517, #743 ),
 .UNSPECIFIED., .F., .F.,
 ( 4, 4 ),
 ( 0.002375662407782429091, 0.003268105427374964726 ),
 .UNSPECIFIED. ) ;
#7360 = DIRECTION ( 'NONE',  ( 1.000000000000000000, 0.000000000000000000, -0.000000000000000000 ) ) ;
#7361 = EDGE_CURVE ( 'NONE', #2229, #3376, #2470, .T. ) ;
#7362 = CARTESIAN_POINT ( 'NONE',  ( 27.84162327081178745, 69.23406269899851395, 5.130683123147039559 ) ) ;
#7363 = CARTESIAN_POINT ( 'NONE',  ( 31.05684214402833732, 54.68066074269601984, 20.35108147551298785 ) ) ;
#7364 = FACE_OUTER_BOUND ( 'NONE', #1311, .T. ) ;
#7365 = FACE_OUTER_BOUND ( 'NONE', #438, .T. ) ;
#7366 = EDGE_LOOP ( 'NONE', ( #959, #3613, #4816, #3021 ) ) ;
#7367 = CARTESIAN_POINT ( 'NONE',  ( 56.57568596981212039, 71.99999999999587885, 49.99999999999998579 ) ) ;
#7368 = CARTESIAN_POINT ( 'NONE',  ( 25.07568596982025255, 183.2499999999980957, -6.249999999999983125 ) ) ;
#7369 = CARTESIAN_POINT ( 'NONE',  ( 21.92768167161254667, 74.77899038110277274, 5.692429051753011393 ) ) ;
#7370 = CARTESIAN_POINT ( 'NONE',  ( 28.02686836055158182, 59.39351792952073339, 6.421437211952484958 ) ) ;
#7371 = ORIENTED_EDGE ( 'NONE', *, *, #3329, .F. ) ;
#7372 = B_SPLINE_CURVE_WITH_KNOTS ( 'NONE', 3,
 ( #5489, #2940, #3555, #6035 ),
 .UNSPECIFIED., .F., .F.,
 ( 4, 4 ),
 ( 4.336808689942017736E-19, 0.0005835005475290589100 ),
 .UNSPECIFIED. ) ;
#7373 = DIRECTION ( 'NONE',  ( 7.304689455032545322E-14, 1.000000000000000000, -0.000000000000000000 ) ) ;
#7374 = CARTESIAN_POINT ( 'NONE',  ( 21.87541762126558353, 58.57263120636465459, 33.24667603837468732 ) ) ;
#7375 = ORIENTED_EDGE ( 'NONE', *, *, #4916, .F. ) ;
#7376 = EDGE_CURVE ( 'NONE', #3218, #2229, #4282, .T. ) ;
#7377 = VERTEX_POINT ( 'NONE', #1845 ) ;
#7378 = VERTEX_POINT ( 'NONE', #6814 ) ;
#7379 = DIRECTION ( 'NONE',  ( -7.304689455032545322E-14, -1.000000000000000000, -2.159715542254550356E-30 ) ) ;
#7380 = DIRECTION ( 'NONE',  ( -1.000000000000000000, 7.304689455032545322E-14, 0.000000000000000000 ) ) ;
#7381 = CARTESIAN_POINT ( 'NONE',  ( 22.65478839297314551, 64.09639633973128525, 18.86740189363034403 ) ) ;
#7382 = EDGE_CURVE ( 'NONE', #1571, #4447, #4358, .T. ) ;
#7383 = ORIENTED_EDGE ( 'NONE', *, *, #7971, .F. ) ;
#7384 = CARTESIAN_POINT ( 'NONE',  ( 56.57568596981194275, 69.49999999999586464, -12.50000000000000355 ) ) ;
#7385 = CARTESIAN_POINT ( 'NONE',  ( 28.51839565039294655, 68.94149749364986235, 29.54797650774102635 ) ) ;
#7386 = ORIENTED_EDGE ( 'NONE', *, *, #4550, .F. ) ;
#7387 = CARTESIAN_POINT ( 'NONE',  ( 23.44356921686302542, 62.29393366986138858, 33.28017025982482835 ) ) ;
#7388 = DIRECTION ( 'NONE',  ( 0.7071067811865486830, 0.7071067811865464625, -0.000000000000000000 ) ) ;
#7389 = CARTESIAN_POINT ( 'NONE',  ( 69.07568596981998610, 179.4999999999949125, 41.25000000000000000 ) ) ;
#7390 = LINE ( 'NONE', #5519, #7136 ) ;
#7391 = SPHERICAL_SURFACE ( 'NONE', #2573, 0.7500000000000000000 ) ;
#7392 = ORIENTED_EDGE ( 'NONE', *, *, #3025, .T. ) ;
#7393 = VERTEX_POINT ( 'NONE', #5551 ) ;
#7394 = CIRCLE ( 'NONE', #3824, 0.5000000000000004441 ) ;
#7395 =( BOUNDED_CURVE ( )  B_SPLINE_CURVE ( 3, ( #7002, #5797, #1506, #1462 ),
 .UNSPECIFIED., .F., .T. ) 
 B_SPLINE_CURVE_WITH_KNOTS ( ( 4, 4 ),
 ( 1.570796326800075304, 3.141592653589793116 ),
 .UNSPECIFIED. ) 
 CURVE ( )  GEOMETRIC_REPRESENTATION_ITEM ( )  RATIONAL_B_SPLINE_CURVE ( ( 1.000000000000000000, 0.8047378541255856277, 0.8047378541255856277, 1.000000000000000000 ) ) 
 REPRESENTATION_ITEM ( '' )  );
#7396 = ORIENTED_EDGE ( 'NONE', *, *, #342, .T. ) ;
#7397 = DIRECTION ( 'NONE',  ( 7.317379025938529564E-14, 1.000000000000000000, -0.000000000000000000 ) ) ;
#7398 = CARTESIAN_POINT ( 'NONE',  ( 13.17697474391991364, 74.66034734323829980, -0.3139069392336296671 ) ) ;
#7399 = CARTESIAN_POINT ( 'NONE',  ( 31.03756944520530681, 54.71259526311035160, 21.23718964986425206 ) ) ;
#7400 = CARTESIAN_POINT ( 'NONE',  ( 14.07568596981249520, 77.00000000000000000, 35.00000000000000000 ) ) ;
#7401 = ORIENTED_EDGE ( 'NONE', *, *, #3941, .F. ) ;
#7402 = DIRECTION ( 'NONE',  ( -0.7071067811865487940, -0.7071067811865464625, 1.734723475976796839E-15 ) ) ;
#7403 = ADVANCED_FACE ( 'NONE', ( #6886 ), #1220, .F. ) ;
#7404 = ADVANCED_FACE ( 'NONE', ( #1261 ), #5842, .F. ) ;
#7405 = CARTESIAN_POINT ( 'NONE',  ( 25.07568596981255027, 77.78183389698399708, -3.956439237389593355 ) ) ;
#7406 = DIRECTION ( 'NONE',  ( -1.000000000000000000, 7.304689455032545322E-14, -0.000000000000000000 ) ) ;
#7407 = CARTESIAN_POINT ( 'NONE',  ( 31.85262818142076213, 61.84099426590581317, 19.36305633593978470 ) ) ;
#7408 = CARTESIAN_POINT ( 'NONE',  ( 22.16082215683869450, 76.28118364638322646, 5.624397914536553245 ) ) ;
#7409 = ORIENTED_EDGE ( 'NONE', *, *, #3674, .T. ) ;
#7410 = CARTESIAN_POINT ( 'NONE',  ( 18.78279275100420165, 97.49999999999965894, 27.49999999999998579 ) ) ;
#7411 = CARTESIAN_POINT ( 'NONE',  ( 19.07568596981765552, 97.49999999999964473, 6.499999999999983125 ) ) ;
#7412 = CARTESIAN_POINT ( 'NONE',  ( 27.95165879836356382, 59.39744264163054766, 28.64042313721674660 ) ) ;
#7413 = EDGE_CURVE ( 'NONE', #4447, #6513, #1503, .T. ) ;
#7414 = VERTEX_POINT ( 'NONE', #2795 ) ;
#7415 = ORIENTED_EDGE ( 'NONE', *, *, #7413, .F. ) ;
#7416 = CARTESIAN_POINT ( 'NONE',  ( 20.05121138570918049, 81.24264068711926257, 16.25000000000001066 ) ) ;
#7417 = CARTESIAN_POINT ( 'NONE',  ( 19.07568596981176867, 66.99999999999862155, -20.00000000000001066 ) ) ;
#7418 = SPHERICAL_SURFACE ( 'NONE', #5190, 0.7500000000000000000 ) ;
#7419 = CARTESIAN_POINT ( 'NONE',  ( 27.73732000285311727, 69.20228320346923567, 5.289264108747716797 ) ) ;
#7420 = CARTESIAN_POINT ( 'NONE',  ( 28.00616267405782978, 60.91332072800599917, 23.74999999999996447 ) ) ;
#7421 = EDGE_CURVE ( 'NONE', #4805, #6484, #4401, .T. ) ;
#7422 = ORIENTED_EDGE ( 'NONE', *, *, #52, .T. ) ;
#7423 = CARTESIAN_POINT ( 'NONE',  ( 26.00555288223004169, 66.99999999999809575, -5.172098233799849787 ) ) ;
#7424 = CARTESIAN_POINT ( 'NONE',  ( 28.80939882212449277, 68.97559627529480508, 29.45041641437137869 ) ) ;
#7425 = CARTESIAN_POINT ( 'NONE',  ( 32.07202666588049311, 64.97918471982865185, 21.24999999999996447 ) ) ;
#7426 = CARTESIAN_POINT ( 'NONE',  ( 14.06134564278967858, 66.24066106921199548, -4.973829512046062717 ) ) ;
#7427 = CARTESIAN_POINT ( 'NONE',  ( 13.70320724324266237, 72.03429564348175518, 36.09166136798724978 ) ) ;
#7428 = ADVANCED_FACE ( 'NONE', ( #6556 ), #2143, .F. ) ;
#7429 = CYLINDRICAL_SURFACE ( 'NONE', #5946, 0.7500000000000034417 ) ;
#7430 = CARTESIAN_POINT ( 'NONE',  ( 48.07568596981214171, 71.99999999999650413, -7.500000000000007105 ) ) ;
#7431 = AXIS2_PLACEMENT_3D ( 'NONE', #2874, #3399, #5923 ) ;
#7432 = ORIENTED_EDGE ( 'NONE', *, *, #6119, .F. ) ;
#7433 = ORIENTED_EDGE ( 'NONE', *, *, #1293, .F. ) ;
#7434 = VERTEX_POINT ( 'NONE', #2628 ) ;
#7435 = DIRECTION ( 'NONE',  ( -0.000000000000000000, -0.000000000000000000, -1.000000000000000000 ) ) ;
#7436 = CIRCLE ( 'NONE', #3864, 0.7499999999999972244 ) ;
#7437 = CIRCLE ( 'NONE', #2690, 0.7500000000000072164 ) ;
#7438 = DIRECTION ( 'NONE',  ( 0.000000000000000000, -0.9937765503029735159, 0.1113919569265291870 ) ) ;
#7439 = EDGE_CURVE ( 'NONE', #2875, #7293, #5125, .T. ) ;
#7440 = CARTESIAN_POINT ( 'NONE',  ( 17.92989104214954921, 79.12132034355961707, 21.24999999999996447 ) ) ;
#7441 = LINE ( 'NONE', #8018, #4413 ) ;
#7442 = VERTEX_POINT ( 'NONE', #7044 ) ;
#7443 = AXIS2_PLACEMENT_3D ( 'NONE', #1848, #6928, #6311 ) ;
#7444 = CARTESIAN_POINT ( 'NONE',  ( 26.41517241638810631, 59.32233047033628992, 23.74999999999996447 ) ) ;
#7445 = AXIS2_PLACEMENT_3D ( 'NONE', #6510, #7126, #231 ) ;
#7446 = CARTESIAN_POINT ( 'NONE',  ( 33.19750007401913194, 63.80361717414965739, 16.13259810636977321 ) ) ;
#7447 = CARTESIAN_POINT ( 'NONE',  ( 22.05362386256377860, 75.05250761854372854, 5.220126213822950945 ) ) ;
#7448 = LINE ( 'NONE', #5036, #6318 ) ;
#7449 = AXIS2_PLACEMENT_3D ( 'NONE', #6842, #6179, #2382 ) ;
#7450 = CARTESIAN_POINT ( 'NONE',  ( 22.07390227922880754, 76.17421094562406836, 5.616275005469248072 ) ) ;
#7451 = ORIENTED_EDGE ( 'NONE', *, *, #7720, .F. ) ;
#7452 = EDGE_CURVE ( 'NONE', #7378, #5213, #1247, .T. ) ;
#7454 = AXIS2_PLACEMENT_3D ( 'NONE', #2309, #7257, #2918 ) ;
#7453 = DIRECTION ( 'NONE',  ( 0.000000000000000000, 0.000000000000000000, -1.000000000000000000 ) ) ;
#7455 = CARTESIAN_POINT ( 'NONE',  ( 28.69971273950525870, 68.95250505373489602, 5.516096510470089420 ) ) ;
#7456 = CARTESIAN_POINT ( 'NONE',  ( 29.07686336736734134, 67.00000000000149214, 28.15665544819122701 ) ) ;
#7457 = VERTEX_POINT ( 'NONE', #798 ) ;
#7458 = CARTESIAN_POINT ( 'NONE',  ( 19.07568596981250053, 76.99999999999860734, -20.00000000000001066 ) ) ;
#7459 = CARTESIAN_POINT ( 'NONE',  ( 29.25583683318486194, 69.23406269899849974, 38.95643923738960979 ) ) ;
#7460 = VECTOR ( 'NONE', #4615, 999.9999999999998863 ) ;
#7461 = CARTESIAN_POINT ( 'NONE',  ( 25.04024232709610587, 66.52362825735681895, -2.580524206000182730 ) ) ;
#7462 = EDGE_CURVE ( 'NONE', #741, #6403, #7695, .T. ) ;
#7463 = CARTESIAN_POINT ( 'NONE',  ( 14.05874666499318160, 66.36334479526487939, 39.88186567380957115 ) ) ;
#7464 = DIRECTION ( 'NONE',  ( 1.000000000000000000, -0.000000000000000000, 0.000000000000000000 ) ) ;
#7465 = AXIS2_PLACEMENT_3D ( 'NONE', #6132, #2792, #2339 ) ;
#7466 = VERTEX_POINT ( 'NONE', #6432 ) ;
#7467 = PLANE ( 'NONE',  #1188 ) ;
#7468 = CARTESIAN_POINT ( 'NONE',  ( 32.02177413418404228, 71.99999999999768363, 52.50000000000016342 ) ) ;
#7469 = CARTESIAN_POINT ( 'NONE',  ( 16.69534460236912565, 69.04215828435533808, 37.71980892131431062 ) ) ;
#7470 = CARTESIAN_POINT ( 'NONE',  ( 28.53649275994774470, 61.44365081389591410, 23.74999999999996447 ) ) ;
#7471 = CARTESIAN_POINT ( 'NONE',  ( 29.04171007693869910, 68.96247781167301127, 6.061377206001451690 ) ) ;
#7472 = ORIENTED_EDGE ( 'NONE', *, *, #981, .T. ) ;
#7473 = EDGE_LOOP ( 'NONE', ( #3005, #3240, #2479, #2755 ) ) ;
#7474 = ORIENTED_EDGE ( 'NONE', *, *, #4268, .T. ) ;
#7475 = CARTESIAN_POINT ( 'NONE',  ( 19.41553689531777849, 73.39303380327214654, 29.00000000000005329 ) ) ;
#7476 = CARTESIAN_POINT ( 'NONE',  ( 26.68949142194957957, 59.04801146475733020, 4.948717934705914701 ) ) ;
#7477 = EDGE_CURVE ( 'NONE', #283, #7442, #2752, .T. ) ;
#7478 = CARTESIAN_POINT ( 'NONE',  ( 14.06346039783426782, 76.82541437538789353, -3.176665690926282259 ) ) ;
#7479 = DIRECTION ( 'NONE',  ( -0.7071067811865497932, -0.7071067811865452413, 0.000000000000000000 ) ) ;
#7480 = DIRECTION ( 'NONE',  ( -1.000000000000000000, 7.269317423140903996E-14, -6.608470384673549052E-16 ) ) ;
#7481 = VERTEX_POINT ( 'NONE', #5248 ) ;
#7482 = VERTEX_POINT ( 'NONE', #720 ) ;
#7483 = CARTESIAN_POINT ( 'NONE',  ( 56.57568596981194275, 69.49999999999587885, 49.99999999999998579 ) ) ;
#7484 = EDGE_CURVE ( 'NONE', #1897, #7046, #971, .T. ) ;
#7485 = DIRECTION ( 'NONE',  ( -7.304689455032545322E-14, -1.000000000000000000, 5.551115123125793746E-15 ) ) ;
#7486 =( BOUNDED_CURVE ( )  B_SPLINE_CURVE ( 3, ( #6713, #2906, #4793, #6083 ),
 .UNSPECIFIED., .F., .T. ) 
 B_SPLINE_CURVE_WITH_KNOTS ( ( 4, 4 ),
 ( 0.000000000000000000, 1.570796326794896558 ),
 .UNSPECIFIED. ) 
 CURVE ( )  GEOMETRIC_REPRESENTATION_ITEM ( )  RATIONAL_B_SPLINE_CURVE ( ( 1.000000000000000000, 0.8047378541243649375, 0.8047378541243649375, 1.000000000000000000 ) ) 
 REPRESENTATION_ITEM ( '' )  );
#7487 = CARTESIAN_POINT ( 'NONE',  ( 21.97574860039316391, 76.00028888184242248, 5.585882550325388607 ) ) ;
#7488 = CARTESIAN_POINT ( 'NONE',  ( 29.88294502527050156, 60.56675094512707602, 9.226383187695200050 ) ) ;
#7489 = ORIENTED_EDGE ( 'NONE', *, *, #2555, .T. ) ;
#7490 = CARTESIAN_POINT ( 'NONE',  ( 28.89080952160692561, 69.00135790616273823, 5.571424399049496934 ) ) ;
#7491 = CARTESIAN_POINT ( 'NONE',  ( 28.24892142918672988, 66.99999999999435829, 28.87475225117483646 ) ) ;
#7492 = LINE ( 'NONE', #4894, #3494 ) ;
#7493 = CARTESIAN_POINT ( 'NONE',  ( 22.27363911351812220, 64.04159766101616924, 0.01845624949820321575 ) ) ;
#7494 = CARTESIAN_POINT ( 'NONE',  ( 27.75486217957653778, 68.91258818432906708, 29.29015232923037004 ) ) ;
#7495 = DIRECTION ( 'NONE',  ( -1.000000000000000000, 7.304689455032545322E-14, -0.000000000000000000 ) ) ;
#7496 = ORIENTED_EDGE ( 'NONE', *, *, #5573, .T. ) ;
#7497 = CARTESIAN_POINT ( 'NONE',  ( 9.121481347267247131, 76.61602153945719351, 3.761980400210820807 ) ) ;
#7498 = EDGE_CURVE ( 'NONE', #2981, #6767, #5050, .T. ) ;
#7499 = CARTESIAN_POINT ( 'NONE',  ( 36.13789065770313869, 67.98438853987147468, 18.74999999999996803 ) ) ;
#7500 = CYLINDRICAL_SURFACE ( 'NONE', #6929, 0.9999999999999974465 ) ;
#7501 = EDGE_CURVE ( 'NONE', #2526, #2452, #6127, .T. ) ;
#7502 = CARTESIAN_POINT ( 'NONE',  ( 15.80857069858991970, 69.92893218813452449, 6.000000000000007994 ) ) ;
#7503 = DIRECTION ( 'NONE',  ( -0.000000000000000000, -0.000000000000000000, -1.000000000000000000 ) ) ;
#7504 = VECTOR ( 'NONE', #4576, 1000.000000000000000 ) ;
#7505 = DIRECTION ( 'NONE',  ( 0.000000000000000000, 0.000000000000000000, 1.000000000000000000 ) ) ;
#7506 = ORIENTED_EDGE ( 'NONE', *, *, #5871, .T. ) ;
#7507 = ORIENTED_EDGE ( 'NONE', *, *, #4495, .T. ) ;
#7508 = ADVANCED_FACE ( 'NONE', ( #1339 ), #884, .F. ) ;
#7509 = VERTEX_POINT ( 'NONE', #4559 ) ;
#7510 = DIRECTION ( 'NONE',  ( 0.000000000000000000, -1.000000000000000000, -5.065392549852279745E-13 ) ) ;
#7511 = CARTESIAN_POINT ( 'NONE',  ( 14.07568596981248454, 76.87626146275027850, -3.684088154324605124 ) ) ;
#7512 = EDGE_CURVE ( 'NONE', #3582, #5106, #7395, .T. ) ;
#7513 = CARTESIAN_POINT ( 'NONE',  ( 48.53784298490516846, 48.53784298490509741, 0.000000000000000000 ) ) ;
#7514 = CARTESIAN_POINT ( 'NONE',  ( 12.98536369745240293, 74.17029185645527889, 35.04379094211491008 ) ) ;
#7515 = AXIS2_PLACEMENT_3D ( 'NONE', #6818, #7348, #8125 ) ;
#7516 = ORIENTED_EDGE ( 'NONE', *, *, #2302, .F. ) ;
#7517 = CARTESIAN_POINT ( 'NONE',  ( 9.121819089534300318, 76.61568379719015809, 31.23822125540530692 ) ) ;
#7518 = CARTESIAN_POINT ( 'NONE',  ( 32.19925653737152516, 62.50839708516359394, 15.79402614431630525 ) ) ;
#7519 = CARTESIAN_POINT ( 'NONE',  ( 27.85260458610748557, 69.22308138370277675, 29.86284503984725447 ) ) ;
#7520 = CARTESIAN_POINT ( 'NONE',  ( 21.74743768049607340, 75.61073148259887944, 5.965898665371223153 ) ) ;
#7521 = DIRECTION ( 'NONE',  ( 0.7071067811865464625, -0.7071067811865487940, 0.000000000000000000 ) ) ;
#7522 = CARTESIAN_POINT ( 'NONE',  ( 21.89238951843360326, 75.55450145510151572, 5.447066765502517782 ) ) ;
#7523 = ORIENTED_EDGE ( 'NONE', *, *, #7230, .F. ) ;
#7524 = CARTESIAN_POINT ( 'NONE',  ( 28.13400232062352302, 69.03118856439266438, 5.285816616869998263 ) ) ;
#7525 = VECTOR ( 'NONE', #5816, 1000.000000000000000 ) ;
#7526 = CARTESIAN_POINT ( 'NONE',  ( 36.78272979933479547, 66.99999999999731415, 29.56219546852611657 ) ) ;
#7527 = CARTESIAN_POINT ( 'NONE',  ( 26.41517241638810987, 59.32233047033627571, 17.99999999999996803 ) ) ;
#7528 = CARTESIAN_POINT ( 'NONE',  ( 24.90019872477239815, 66.01646801732640313, -1.408699169512199312 ) ) ;
#7529 = EDGE_CURVE ( 'NONE', #6112, #7797, #5861, .T. ) ;
#7530 = CARTESIAN_POINT ( 'NONE',  ( 28.06890103446073681, 68.78403468214101224, 29.17267713067395007 ) ) ;
#7531 = DIRECTION ( 'NONE',  ( 1.000000000000000000, 0.000000000000000000, -4.625929269271485914E-16 ) ) ;
#7532 = CARTESIAN_POINT ( 'NONE',  ( 21.90196212900560369, 76.09318931158257726, 6.065341151417759313 ) ) ;
#7533 = EDGE_LOOP ( 'NONE', ( #75, #4547, #5456 ) ) ;
#7534 = CARTESIAN_POINT ( 'NONE',  ( 21.95491549792091845, 75.24822584563550265, 29.68334300561091155 ) ) ;
#7535 = CARTESIAN_POINT ( 'NONE',  ( 24.50825003059690488, 66.94500509455689041, 39.77176240815023078 ) ) ;
#7536 = CYLINDRICAL_SURFACE ( 'NONE', #1255, 0.7500000000000034417 ) ;
#7537 = CARTESIAN_POINT ( 'NONE',  ( 14.07568596981248454, 76.87626146275592021, 38.68408815432377423 ) ) ;
#7538 = CARTESIAN_POINT ( 'NONE',  ( 29.09699536051472535, 68.99636921564110992, 6.068055979854382720 ) ) ;
#7539 = EDGE_CURVE ( 'NONE', #3170, #3608, #3617, .T. ) ;
#7540 = VERTEX_POINT ( 'NONE', #920 ) ;
#7541 = ORIENTED_EDGE ( 'NONE', *, *, #2113, .F. ) ;
#7542 = AXIS2_PLACEMENT_3D ( 'NONE', #7127, #3528, #3487 ) ;
#7543 = LINE ( 'NONE', #6283, #460 ) ;
#7544 = VERTEX_POINT ( 'NONE', #961 ) ;
#7545 = CARTESIAN_POINT ( 'NONE',  ( 20.06640435033869352, 69.55520620769222262, 30.35211267605631491 ) ) ;
#7546 = CYLINDRICAL_SURFACE ( 'NONE', #4752, 5.000000000000000888 ) ;
#7547 = VECTOR ( 'NONE', #5117, 1000.000000000000000 ) ;
#7548 = EDGE_CURVE ( 'NONE', #6056, #3281, #7050, .T. ) ;
#7549 = DIRECTION ( 'NONE',  ( 0.7071067811865499042, 0.7071067811865451302, 0.000000000000000000 ) ) ;
#7550 = CARTESIAN_POINT ( 'NONE',  ( 13.48066206725472505, 75.41542386755131133, 35.85151350013067884 ) ) ;
#7551 = ORIENTED_EDGE ( 'NONE', *, *, #5951, .T. ) ;
#7552 = ORIENTED_EDGE ( 'NONE', *, *, #3262, .T. ) ;
#7553 = DIRECTION ( 'NONE',  ( 1.000000000000000000, 0.000000000000000000, 0.000000000000000000 ) ) ;
#7554 = VECTOR ( 'NONE', #2091, 1000.000000000000114 ) ;
#7555 = AXIS2_PLACEMENT_3D ( 'NONE', #163, #1953, #2080 ) ;
#7556 = FACE_OUTER_BOUND ( 'NONE', #7071, .T. ) ;
#7557 = CARTESIAN_POINT ( 'NONE',  ( 22.06377766359884163, 76.30164125594360769, 6.080181565798576493 ) ) ;
#7558 = CARTESIAN_POINT ( 'NONE',  ( 31.99380751243713306, 62.10271440568534729, 19.30078199240027814 ) ) ;
#7559 = DIRECTION ( 'NONE',  ( -0.7071067811866025288, -0.7071067811864926167, -0.000000000000000000 ) ) ;
#7560 = ORIENTED_EDGE ( 'NONE', *, *, #1085, .T. ) ;
#7561 = CIRCLE ( 'NONE', #7829, 0.7499999999999997780 ) ;
#7562 = VECTOR ( 'NONE', #2011, 1000.000000000000000 ) ;
#7563 = DIRECTION ( 'NONE',  ( -0.000000000000000000, -0.000000000000000000, -1.000000000000000000 ) ) ;
#7564 = CARTESIAN_POINT ( 'NONE',  ( 28.77283911384436976, 59.76767837847001630, 27.52389230276129339 ) ) ;
#7565 = CARTESIAN_POINT ( 'NONE',  ( 15.57568596981414188, 99.49999999999990052, -5.000000000000013323 ) ) ;
#7566 = EDGE_CURVE ( 'NONE', #6597, #2260, #8099, .T. ) ;
#7567 = AXIS2_PLACEMENT_3D ( 'NONE', #1966, #6995, #7645 ) ;
#7568 = VECTOR ( 'NONE', #311, 1000.000000000000227 ) ;
#7569 = CARTESIAN_POINT ( 'NONE',  ( 24.99056099522934815, 66.20540041366375306, -1.773832886722602309 ) ) ;
#7570 = LINE ( 'NONE', #6348, #6536 ) ;
#7571 = CARTESIAN_POINT ( 'NONE',  ( -34.61633808220797448, 148.6920240520288701, 52.50000000000004263 ) ) ;
#7573 = CIRCLE ( 'NONE', #5458, 5.000000000000004441 ) ;
#7572 = DIRECTION ( 'NONE',  ( 1.000000000000000000, 0.000000000000000000, -0.000000000000000000 ) ) ;
#7574 = ORIENTED_EDGE ( 'NONE', *, *, #3033, .T. ) ;
#7575 = DIRECTION ( 'NONE',  ( -2.921639538487254754E-16, 0.000000000000000000, -1.000000000000000000 ) ) ;
#7576 = AXIS2_PLACEMENT_3D ( 'NONE', #5025, #3756, #3871 ) ;
#7577 = EDGE_CURVE ( 'NONE', #3229, #3452, #396, .T. ) ;
#7578 = CARTESIAN_POINT ( 'NONE',  ( 19.34410460452265923, 73.46446609406724804, 6.000000000000007105 ) ) ;
#7579 = CARTESIAN_POINT ( 'NONE',  ( 27.40011534884658317, 59.19695320007832606, 29.34389764012414403 ) ) ;
#7580 = EDGE_CURVE ( 'NONE', #5247, #4447, #595, .T. ) ;
#7581 = LINE ( 'NONE', #5806, #5477 ) ;
#7582 = FACE_OUTER_BOUND ( 'NONE', #963, .T. ) ;
#7583 = FACE_OUTER_BOUND ( 'NONE', #1536, .T. ) ;
#7584 = ORIENTED_EDGE ( 'NONE', *, *, #3557, .F. ) ;
#7585 = ORIENTED_EDGE ( 'NONE', *, *, #1275, .F. ) ;
#7586 = DIRECTION ( 'NONE',  ( -0.7071067811865429098, -0.7071067811865522357, 0.000000000000000000 ) ) ;
#7587 = VECTOR ( 'NONE', #7163, 1000.000000000000000 ) ;
#7588 = VERTEX_POINT ( 'NONE', #2261 ) ;
#7589 = FACE_OUTER_BOUND ( 'NONE', #5321, .T. ) ;
#7590 = EDGE_CURVE ( 'NONE', #7393, #5029, #1086, .T. ) ;
#7591 = VECTOR ( 'NONE', #7563, 1000.000000000000000 ) ;
#7593 = CARTESIAN_POINT ( 'NONE',  ( 14.07568596981249698, 76.99999999999899103, -5.934656572432701616 ) ) ;
#7592 = AXIS2_PLACEMENT_3D ( 'NONE', #5258, #1430, #5897 ) ;
#7594 = CARTESIAN_POINT ( 'NONE',  ( 11.56937178225579821, 77.00000000000002842, 32.77122940539081952 ) ) ;
#7595 = DIRECTION ( 'NONE',  ( 0.7071067811865486830, 0.7071067811865464625, -0.000000000000000000 ) ) ;
#7596 = CARTESIAN_POINT ( 'NONE',  ( 26.41517241638810987, 59.32233047033627571, 10.50000000000000888 ) ) ;
#7597 = ORIENTED_EDGE ( 'NONE', *, *, #1795, .F. ) ;
#7598 = ORIENTED_EDGE ( 'NONE', *, *, #3816, .T. ) ;
#7599 = DIRECTION ( 'NONE',  ( 0.7071067811865499042, -0.7071067811865451302, 0.000000000000000000 ) ) ;
#7600 = ORIENTED_EDGE ( 'NONE', *, *, #7024, .T. ) ;
#7601 = EDGE_CURVE ( 'NONE', #5389, #2993, #2952, .T. ) ;
#7602 = EDGE_CURVE ( 'NONE', #4580, #3571, #7816, .T. ) ;
#7603 = CARTESIAN_POINT ( 'NONE',  ( 22.14014720693986149, 74.93777343359055010, 5.157874324784758713 ) ) ;
#7604 = CARTESIAN_POINT ( 'NONE',  ( 21.98883291705842424, 75.16839795707376481, 5.278582587327373510 ) ) ;
#7605 = ORIENTED_EDGE ( 'NONE', *, *, #5696, .F. ) ;
#7606 = VECTOR ( 'NONE', #8023, 1000.000000000000000 ) ;
#7607 = CARTESIAN_POINT ( 'NONE',  ( 19.34410460452265923, 73.46446609406724804, 6.000000000000007105 ) ) ;
#7608 = CARTESIAN_POINT ( 'NONE',  ( 30.30202479847293873, 60.97898870740142030, 25.07802564828963909 ) ) ;
#7609 = CARTESIAN_POINT ( 'NONE',  ( 29.29603092869424330, 69.19386860348913615, 29.07109907522860581 ) ) ;
#7610 = CARTESIAN_POINT ( 'NONE',  ( 11.91516496970429451, 71.24003034393300027, 0.8496894397578601543 ) ) ;
#7611 = CARTESIAN_POINT ( 'NONE',  ( 14.07568596982016373, 181.9999999999989768, 37.49999999999999289 ) ) ;
#7612 = CARTESIAN_POINT ( 'NONE',  ( 48.07568596981175091, 71.99999999999650413, 47.49999999999997868 ) ) ;
#7613 = CARTESIAN_POINT ( 'NONE',  ( 22.08943053473154450, 74.57800714461485825, 29.39357392005095448 ) ) ;
#7614 = EDGE_CURVE ( 'NONE', #2726, #5192, #4846, .T. ) ;
#7615 = ORIENTED_EDGE ( 'NONE', *, *, #1808, .T. ) ;
#7616 = CARTESIAN_POINT ( 'NONE',  ( 20.05121138570918404, 81.24264068711926257, 18.74999999999996803 ) ) ;
#7617 = FACE_OUTER_BOUND ( 'NONE', #174, .T. ) ;
#7618 = CARTESIAN_POINT ( 'NONE',  ( 22.13791163210629875, 76.25580274775816747, 29.37660489961695021 ) ) ;
#7619 = DIRECTION ( 'NONE',  ( -0.2238876338496824381, 2.784708463352027108E-13, -0.9746149636698538954 ) ) ;
#7620 = CARTESIAN_POINT ( 'NONE',  ( 26.56185757526104751, 56.39432271633951643, 30.33059505761303143 ) ) ;
#7621 = CARTESIAN_POINT ( 'NONE',  ( 39.61289129791021679, 58.99999999999710099, 16.13259810636968794 ) ) ;
#7622 = EDGE_CURVE ( 'NONE', #5323, #5372, #2342, .T. ) ;
#7623 = ORIENTED_EDGE ( 'NONE', *, *, #5552, .F. ) ;
#7624 = CARTESIAN_POINT ( 'NONE',  ( 3.929239360409055859, 97.00000000000075318, 22.35355339059514534 ) ) ;
#7625 = ORIENTED_EDGE ( 'NONE', *, *, #7539, .T. ) ;
#7626 = CARTESIAN_POINT ( 'NONE',  ( 22.50591253001306669, 67.11569802801781748, 30.35211267605631491 ) ) ;
#7627 = CARTESIAN_POINT ( 'NONE',  ( 14.07568596981248987, 76.95817754929713317, 39.43204155421130963 ) ) ;
#7628 = DIRECTION ( 'NONE',  ( -7.304689455032545322E-14, -1.000000000000000000, 0.000000000000000000 ) ) ;
#7629 = EDGE_CURVE ( 'NONE', #1922, #6462, #2186, .T. ) ;
#7630 = CARTESIAN_POINT ( 'NONE',  ( 14.07568596982052789, 186.9999999999989768, 54.99999999999998579 ) ) ;
#7631 = ORIENTED_EDGE ( 'NONE', *, *, #6039, .F. ) ;
#7632 = ORIENTED_EDGE ( 'NONE', *, *, #2490, .T. ) ;
#7633 = AXIS2_PLACEMENT_3D ( 'NONE', #3552, #3274, #4676 ) ;
#7634 = CARTESIAN_POINT ( 'NONE',  ( 19.41553689531761862, 73.39303380327228865, 6.000000000000007105 ) ) ;
#7635 = VERTEX_POINT ( 'NONE', #4719 ) ;
#7636 = DIRECTION ( 'NONE',  ( -0.000000000000000000, -0.000000000000000000, -1.000000000000000000 ) ) ;
#7637 = DIRECTION ( 'NONE',  ( 0.7071067811865475727, -0.7071067811865475727, 0.000000000000000000 ) ) ;
#7638 = FACE_OUTER_BOUND ( 'NONE', #7989, .T. ) ;
#7639 = CARTESIAN_POINT ( 'NONE',  ( 22.04988038817734619, 75.05846053577963062, 5.223214178136708519 ) ) ;
#7640 = ORIENTED_EDGE ( 'NONE', *, *, #3975, .T. ) ;
#7641 = DIRECTION ( 'NONE',  ( 7.304689455032545322E-14, 1.000000000000000000, 2.231235581978940201E-30 ) ) ;
#7642 = ORIENTED_EDGE ( 'NONE', *, *, #1764, .T. ) ;
#7643 = EDGE_CURVE ( 'NONE', #5029, #5408, #6396, .T. ) ;
#7644 = CARTESIAN_POINT ( 'NONE',  ( 31.71388718120317307, 66.99999999999772626, 25.69141811426990429 ) ) ;
#7645 = DIRECTION ( 'NONE',  ( -1.000000000000000000, 0.000000000000000000, 0.000000000000000000 ) ) ;
#7646 = AXIS2_PLACEMENT_3D ( 'NONE', #7425, #2317, #4817 ) ;
#7647 = CARTESIAN_POINT ( 'NONE',  ( 59.07568596981195697, 69.49999999999569411, -15.00000000000001243 ) ) ;
#7648 = PLANE ( 'NONE',  #2085 ) ;
#7649 = VECTOR ( 'NONE', #2278, 1000.000000000000000 ) ;
#7650 = DIRECTION ( 'NONE',  ( -3.700743415417188139E-16, 2.699287860040405000E-29, -1.000000000000000000 ) ) ;
#7651 = LINE ( 'NONE', #2009, #1493 ) ;
#7652 = CARTESIAN_POINT ( 'NONE',  ( 15.57568596981403175, 97.99999999999988631, 42.49999999999999289 ) ) ;
#7653 = ADVANCED_FACE ( 'NONE', ( #4757 ), #6635, .F. ) ;
#7654 = CARTESIAN_POINT ( 'NONE',  ( 21.99940389710578614, 76.24023875528106942, 6.081117929861886040 ) ) ;
#7655 = ORIENTED_EDGE ( 'NONE', *, *, #245, .F. ) ;
#7656 = ORIENTED_EDGE ( 'NONE', *, *, #1548, .F. ) ;
#7657 = DIRECTION ( 'NONE',  ( -0.7071067811865485719, -0.7071067811865464625, 0.000000000000000000 ) ) ;
#7658 = DIRECTION ( 'NONE',  ( 1.000000000000000000, -7.304689455032547847E-14, -4.625929269271485914E-16 ) ) ;
#7659 = CARTESIAN_POINT ( 'NONE',  ( 28.53649275994774470, 61.44365081389591410, 23.74999999999996447 ) ) ;
#7660 = CARTESIAN_POINT ( 'NONE',  ( 21.17642554967388691, 64.56107733705049156, 35.72716032833898936 ) ) ;
#7661 = CARTESIAN_POINT ( 'NONE',  ( 31.96244534173874285, 62.06940879850098725, 25.41733932615592195 ) ) ;
#7662 = EDGE_CURVE ( 'NONE', #4114, #4890, #4683, .T. ) ;
#7663 = CARTESIAN_POINT ( 'NONE',  ( 16.06180778116024399, 183.2499999999988063, 45.00000000000000000 ) ) ;
#7664 = ORIENTED_EDGE ( 'NONE', *, *, #7764, .T. ) ;
#7665 = CARTESIAN_POINT ( 'NONE',  ( 14.07568596981176334, 66.99999999999897682, -20.00000000000001066 ) ) ;
#7666 = ORIENTED_EDGE ( 'NONE', *, *, #4220, .F. ) ;
#7667 = DIRECTION ( 'NONE',  ( -1.000000000000000000, 0.000000000000000000, 0.000000000000000000 ) ) ;
#7668 = EDGE_CURVE ( 'NONE', #4642, #553, #3486, .T. ) ;
#7669 = DIRECTION ( 'NONE',  ( -1.000000000000000000, 7.216449660063516251E-14, 0.000000000000000000 ) ) ;
#7670 = CARTESIAN_POINT ( 'NONE',  ( 30.65781310350739020, 63.56497115745555959, 13.75000000000001066 ) ) ;
#7671 = DIRECTION ( 'NONE',  ( 0.7071067811865451302, 0.7071067811865497932, 0.000000000000000000 ) ) ;
#7672 = EDGE_LOOP ( 'NONE', ( #2904, #1078, #3455 ) ) ;
#7673 = ORIENTED_EDGE ( 'NONE', *, *, #1162, .T. ) ;
#7674 = DIRECTION ( 'NONE',  ( -0.000000000000000000, 0.000000000000000000, 1.000000000000000000 ) ) ;
#7675 = ORIENTED_EDGE ( 'NONE', *, *, #5798, .T. ) ;
#7676 = CARTESIAN_POINT ( 'NONE',  ( 27.86415898842465211, 69.21203828718512341, 29.85613184738475567 ) ) ;
#7677 = CIRCLE ( 'NONE', #2166, 0.5000000000000004441 ) ;
#7678 = FACE_OUTER_BOUND ( 'NONE', #3752, .T. ) ;
#7679 = CARTESIAN_POINT ( 'NONE',  ( 11.64887268384763175, 74.08863020287678580, 33.28489771524396446 ) ) ;
#7680 = DIRECTION ( 'NONE',  ( 0.000000000000000000, 0.000000000000000000, -1.000000000000000000 ) ) ;
#7681 = CARTESIAN_POINT ( 'NONE',  ( 21.97396532730767404, 75.20116366518466577, 5.294415947654486310 ) ) ;
#7682 = ORIENTED_EDGE ( 'NONE', *, *, #6687, .T. ) ;
#7683 = DIRECTION ( 'NONE',  ( 0.7071067811864919506, -0.7071067811866031949, -2.616820764472943245E-16 ) ) ;
#7684 = ORIENTED_EDGE ( 'NONE', *, *, #6400, .T. ) ;
#7685 = CIRCLE ( 'NONE', #321, 0.7499999999999997780 ) ;
#7686 = CARTESIAN_POINT ( 'NONE',  ( 24.21104567851079992, 66.99999999999823785, -5.542874370800148220 ) ) ;
#7687 = CARTESIAN_POINT ( 'NONE',  ( 12.98014357384371564, 74.17157287525380127, 22.99999999999996447 ) ) ;
#7688 = CARTESIAN_POINT ( 'NONE',  ( 25.07568596982016729, 182.0000000000080433, 2.500000000000002665 ) ) ;
#7689 = DIRECTION ( 'NONE',  ( -0.000000000000000000, 0.000000000000000000, 1.000000000000000000 ) ) ;
#7690 = CIRCLE ( 'NONE', #3475, 5.000000000000004441 ) ;
#7691 = EDGE_CURVE ( 'NONE', #8064, #2147, #4801, .T. ) ;
#7692 = FACE_OUTER_BOUND ( 'NONE', #2188, .T. ) ;
#7693 = DIRECTION ( 'NONE',  ( 1.000000000000000000, -7.304689455032547847E-14, -4.625929269271485914E-16 ) ) ;
#7694 = VERTEX_POINT ( 'NONE', #5966 ) ;
#7695 =( BOUNDED_CURVE ( )  B_SPLINE_CURVE ( 3, ( #4470, #3401, #1970, #3319 ),
 .UNSPECIFIED., .F., .F. ) 
 B_SPLINE_CURVE_WITH_KNOTS ( ( 4, 4 ),
 ( 4.712388980384699444, 6.283185307179586232 ),
 .UNSPECIFIED. ) 
 CURVE ( )  GEOMETRIC_REPRESENTATION_ITEM ( )  RATIONAL_B_SPLINE_CURVE ( ( 1.000000000000000000, 0.8047378541243672689, 0.8047378541243672689, 1.000000000000000000 ) ) 
 REPRESENTATION_ITEM ( '' )  );
#7696 = VERTEX_POINT ( 'NONE', #1044 ) ;
#7697 = DIRECTION ( 'NONE',  ( -0.000000000000000000, -7.401486830834397972E-15, 1.000000000000000000 ) ) ;
#7698 = AXIS2_PLACEMENT_3D ( 'NONE', #2714, #2103, #7735 ) ;
#7699 = CARTESIAN_POINT ( 'NONE',  ( 24.19239392292523405, 65.22989678092071131, 35.44775006128804051 ) ) ;
#7700 = CARTESIAN_POINT ( 'NONE',  ( 21.93548631350148881, 76.12805627061891300, 28.93402092426433114 ) ) ;
#7701 = EDGE_CURVE ( 'NONE', #3281, #6645, #4152, .T. ) ;
#7702 = EDGE_CURVE ( 'NONE', #1630, #2094, #6595, .T. ) ;
#7703 = CARTESIAN_POINT ( 'NONE',  ( 69.07568596981175801, 66.99999999999495515, -20.00000000000001066 ) ) ;
#7704 = FACE_OUTER_BOUND ( 'NONE', #1597, .T. ) ;
#7705 = AXIS2_PLACEMENT_3D ( 'NONE', #4832, #3023, #7358 ) ;
#7706 = ORIENTED_EDGE ( 'NONE', *, *, #2960, .T. ) ;
#7707 = DIRECTION ( 'NONE',  ( 1.040834085586083862E-15, -1.040834085586085243E-15, 1.000000000000000000 ) ) ;
#7708 = VERTEX_POINT ( 'NONE', #6089 ) ;
#7709 = CARTESIAN_POINT ( 'NONE',  ( 31.96244534174055119, 62.06940879850601078, 9.582660673832027243 ) ) ;
#7710 = CARTESIAN_POINT ( 'NONE',  ( 21.17884063838578967, 64.55866224833862077, -0.7244549278791055924 ) ) ;
#7711 = AXIS2_PLACEMENT_3D ( 'NONE', #5770, #2118, #7667 ) ;
#7712 = CARTESIAN_POINT ( 'NONE',  ( 14.07568596981176157, 66.99999999999900524, -5.934656572432656318 ) ) ;
#7713 = DIRECTION ( 'NONE',  ( -1.000000000000000000, 6.938893903907234689E-14, 0.000000000000000000 ) ) ;
#7714 = DIRECTION ( 'NONE',  ( 0.7071067811865486830, 0.7071067811865464625, -0.000000000000000000 ) ) ;
#7715 = EDGE_CURVE ( 'NONE', #3311, #6683, #2835, .T. ) ;
#7717 = VERTEX_POINT ( 'NONE', #356 ) ;
#7716 = CIRCLE ( 'NONE', #4169, 5.000000000000000888 ) ;
#7718 = ORIENTED_EDGE ( 'NONE', *, *, #4988, .T. ) ;
#7719 = ORIENTED_EDGE ( 'NONE', *, *, #4685, .F. ) ;
#7720 = EDGE_CURVE ( 'NONE', #3526, #5981, #7838, .T. ) ;
#7721 = AXIS2_PLACEMENT_3D ( 'NONE', #850, #3371, #7784 ) ;
#7722 = CARTESIAN_POINT ( 'NONE',  ( 26.41517241638810987, 59.32233047033627571, 14.50000000000000888 ) ) ;
#7723 = DIRECTION ( 'NONE',  ( 0.7071067811865500152, -5.165195448115396572E-14, 0.7071067811865451302 ) ) ;
#7724 = CARTESIAN_POINT ( 'NONE',  ( 21.93575110573788223, 75.30498111414418361, 5.342647370895669212 ) ) ;
#7725 = DIRECTION ( 'NONE',  ( -0.7071067811865487940, -0.7071067811865464625, 0.000000000000000000 ) ) ;
#7726 = ORIENTED_EDGE ( 'NONE', *, *, #6152, .T. ) ;
#7727 = ORIENTED_EDGE ( 'NONE', *, *, #7288, .F. ) ;
#7728 = DIRECTION ( 'NONE',  ( 7.304689455032545322E-14, 1.000000000000000000, -0.000000000000000000 ) ) ;
#7729 = DIRECTION ( 'NONE',  ( -2.312964634635743450E-15, 0.000000000000000000, 1.000000000000000000 ) ) ;
#7730 = DIRECTION ( 'NONE',  ( -0.7071067811865463515, 5.165195448115370698E-14, 0.7071067811865487940 ) ) ;
#7731 = CARTESIAN_POINT ( 'NONE',  ( 28.64875556905198195, 68.94604986419959403, 5.499128698389077030 ) ) ;
#7732 = AXIS2_PLACEMENT_3D ( 'NONE', #1376, #7085, #4595 ) ;
#7733 = CARTESIAN_POINT ( 'NONE',  ( 20.05121138570918049, 81.24264068711926257, 18.74999999999996803 ) ) ;
#7734 = CARTESIAN_POINT ( 'NONE',  ( 31.05578062022171792, 54.68470067653637301, 14.38720093172690717 ) ) ;
#7735 = DIRECTION ( 'NONE',  ( -1.000000000000000000, 0.000000000000000000, 0.000000000000000000 ) ) ;
#7736 = ORIENTED_EDGE ( 'NONE', *, *, #6380, .T. ) ;
#7737 = ORIENTED_EDGE ( 'NONE', *, *, #424, .T. ) ;
#7738 = ORIENTED_EDGE ( 'NONE', *, *, #934, .T. ) ;
#7739 = DIRECTION ( 'NONE',  ( -1.558942683553881711E-42, -2.134166952819400987E-29, -1.000000000000000000 ) ) ;
#7740 = CARTESIAN_POINT ( 'NONE',  ( 31.88333768121151479, 62.78637146582226336, 12.28653507358659525 ) ) ;
#7741 = CARTESIAN_POINT ( 'NONE',  ( 21.90247692088584941, 76.07219419761908341, 28.94114638065335754 ) ) ;
#7742 =( BOUNDED_CURVE ( )  B_SPLINE_CURVE ( 3, ( #119, #2523, #6979, #660 ),
 .UNSPECIFIED., .F., .T. ) 
 B_SPLINE_CURVE_WITH_KNOTS ( ( 4, 4 ),
 ( 1.570796326800072862, 3.141592653589793116 ),
 .UNSPECIFIED. ) 
 CURVE ( )  GEOMETRIC_REPRESENTATION_ITEM ( )  RATIONAL_B_SPLINE_CURVE ( ( 1.000000000000000000, 0.8047378541255849616, 0.8047378541255849616, 1.000000000000000000 ) ) 
 REPRESENTATION_ITEM ( '' )  );
#7743 = CARTESIAN_POINT ( 'NONE',  ( 25.07568596981316134, 86.26711527122321854, 10.00000000000000711 ) ) ;
#7744 = CARTESIAN_POINT ( 'NONE',  ( 13.19734370667276124, 72.54015918005168828, -0.5209363064063050608 ) ) ;
#7745 = ORIENTED_EDGE ( 'NONE', *, *, #7529, .T. ) ;
#7746 = CARTESIAN_POINT ( 'NONE',  ( 28.35629220078735813, 68.78611174115964388, 29.09058016352330966 ) ) ;
#7747 = ORIENTED_EDGE ( 'NONE', *, *, #3120, .T. ) ;
#7748 = DIRECTION ( 'NONE',  ( 5.406556280476025917E-28, 7.401486830834669341E-15, 1.000000000000000000 ) ) ;
#7749 = DIRECTION ( 'NONE',  ( -0.7071067811865464625, 0.7071067811865487940, -0.000000000000000000 ) ) ;
#7750 = CARTESIAN_POINT ( 'NONE',  ( 27.12227919757465244, 60.02943725152283605, 11.25000000000001066 ) ) ;
#7751 = CARTESIAN_POINT ( 'NONE',  ( 12.58091936037417646, 77.00000000000000000, 33.93960707506452934 ) ) ;
#7752 = AXIS2_PLACEMENT_3D ( 'NONE', #1167, #7521, #5539 ) ;
#7753 = DIRECTION ( 'NONE',  ( 0.7071067811865485719, 0.7071067811865464625, -0.000000000000000000 ) ) ;
#7754 = EDGE_CURVE ( 'NONE', #1750, #6535, #4967, .T. ) ;
#7755 = VERTEX_POINT ( 'NONE', #8106 ) ;
#7756 = ORIENTED_EDGE ( 'NONE', *, *, #4980, .T. ) ;
#7757 = VERTEX_POINT ( 'NONE', #3654 ) ;
#7758 = CYLINDRICAL_SURFACE ( 'NONE', #7111, 0.7499999999999972244 ) ;
#7759 = APPLICATION_PROTOCOL_DEFINITION ( 'draft international standard', 'automotive_design', 1998, #6541 ) ;
#7760 = CARTESIAN_POINT ( 'NONE',  ( 39.18240923957750965, 66.99999999999712941, 22.66411142760097164 ) ) ;
#7761 = ORIENTED_EDGE ( 'NONE', *, *, #6271, .F. ) ;
#7762 = VECTOR ( 'NONE', #2564, 1000.000000000000000 ) ;
#7763 = AXIS2_PLACEMENT_3D ( 'NONE', #65, #2543, #7572 ) ;
#7764 = EDGE_CURVE ( 'NONE', #6535, #6861, #4016, .T. ) ;
#7765 = LINE ( 'NONE', #1535, #3459 ) ;
#7766 = ORIENTED_EDGE ( 'NONE', *, *, #486, .F. ) ;
#7767 = CARTESIAN_POINT ( 'NONE',  ( 16.51567747977645340, 77.70710678118652481, 21.99999999999996447 ) ) ;
#7768 = DIRECTION ( 'NONE',  ( -0.000000000000000000, -0.000000000000000000, -1.000000000000000000 ) ) ;
#7769 = ADVANCED_FACE ( 'NONE', ( #4924 ), #525, .F. ) ;
#7770 = CARTESIAN_POINT ( 'NONE',  ( 69.07568596982025610, 183.2499999999949125, -6.250000000000007105 ) ) ;
#7771 = CARTESIAN_POINT ( 'NONE',  ( 28.27977970165534316, 68.97748599453180418, 5.353549691261522803 ) ) ;
#7772 = CARTESIAN_POINT ( 'NONE',  ( 15.57568596981414188, 99.49999999999990052, 38.49999999999999289 ) ) ;
#7773 = ORIENTED_EDGE ( 'NONE', *, *, #4047, .T. ) ;
#7774 = DIRECTION ( 'NONE',  ( 0.7071067811865486830, 0.7071067811865464625, -0.000000000000000000 ) ) ;
#7775 = DIRECTION ( 'NONE',  ( 0.000000000000000000, 0.000000000000000000, 1.000000000000000000 ) ) ;
#7776 = VECTOR ( 'NONE', #2256, 1000.000000000000000 ) ;
#7777 = ORIENTED_EDGE ( 'NONE', *, *, #6439, .T. ) ;
#7778 = ORIENTED_EDGE ( 'NONE', *, *, #2075, .F. ) ;
#7779 = VERTEX_POINT ( 'NONE', #7596 ) ;
#7780 = PLANE ( 'NONE',  #4531 ) ;
#7781 = CARTESIAN_POINT ( 'NONE',  ( 25.77741413438637252, 66.99999999999810996, -5.277115598692713405 ) ) ;
#7782 = CARTESIAN_POINT ( 'NONE',  ( 21.78160281034336165, 75.77641003213656745, 28.99478391323350479 ) ) ;
#7783 = EDGE_CURVE ( 'NONE', #6525, #6597, #2419, .T. ) ;
#7784 = DIRECTION ( 'NONE',  ( 0.7071067811865429098, 0.7071067811865522357, 0.000000000000000000 ) ) ;
#7785 = ADVANCED_FACE ( 'NONE', ( #3692 ), #6216, .T. ) ;
#7786 = LINE ( 'NONE', #7223, #8115 ) ;
#7787 = ORIENTED_EDGE ( 'NONE', *, *, #3067, .F. ) ;
#7788 = CARTESIAN_POINT ( 'NONE',  ( 28.72505792731799446, 68.83033726222733151, 28.99523684115462530 ) ) ;
#7789 = ORIENTED_EDGE ( 'NONE', *, *, #7439, .T. ) ;
#7790 = CARTESIAN_POINT ( 'NONE',  ( 39.09284194604902041, 71.99999999999714362, 25.00000000000000711 ) ) ;
#7791 = CARTESIAN_POINT ( 'NONE',  ( 12.27303679265717662, 73.46446609406726225, 10.00000000000000711 ) ) ;
#7792 = CARTESIAN_POINT ( 'NONE',  ( 9.009656994498932647, 76.42441881568078088, 31.21662204803746477 ) ) ;
#7793 = DIRECTION ( 'NONE',  ( -0.7071067811865497932, -0.7071067811865452413, -0.000000000000000000 ) ) ;
#7794 = EDGE_CURVE ( 'NONE', #4867, #1687, #6530, .T. ) ;
#7795 = CARTESIAN_POINT ( 'NONE',  ( 14.07568596981395537, 97.00000000000000000, 42.49999999999999289 ) ) ;
#7796 = ORIENTED_EDGE ( 'NONE', *, *, #7376, .T. ) ;
#7797 = VERTEX_POINT ( 'NONE', #1751 ) ;
#7798 = ADVANCED_FACE ( 'NONE', ( #4270 ), #6804, .F. ) ;
#7799 = CARTESIAN_POINT ( 'NONE',  ( 12.27303679265714997, 73.46446609406726225, 12.00000000000000888 ) ) ;
#7800 = CARTESIAN_POINT ( 'NONE',  ( 12.59754098059482530, 73.13996190610117765, 34.62996305899628169 ) ) ;
#7801 = EDGE_CURVE ( 'NONE', #386, #4321, #5970, .T. ) ;
#7802 = CARTESIAN_POINT ( 'NONE',  ( 32.02177413418404228, 71.99999999999769784, 37.95643923738961689 ) ) ;
#7803 = VERTEX_POINT ( 'NONE', #4825 ) ;
#7804 = SPHERICAL_SURFACE ( 'NONE', #5229, 0.7500000000000000000 ) ;
#7805 = ORIENTED_EDGE ( 'NONE', *, *, #3060, .T. ) ;
#7806 = DIRECTION ( 'NONE',  ( -1.226634733346703255E-16, -1.226634733346699310E-16, -1.000000000000000000 ) ) ;
#7807 = CIRCLE ( 'NONE', #7157, 0.5000000000000004441 ) ;
#7808 = DIRECTION ( 'NONE',  ( -0.7071067811865475727, -0.7071067811865475727, 0.000000000000000000 ) ) ;
#7809 = DIRECTION ( 'NONE',  ( 8.659560562354947649E-17, 8.659560562354919300E-17, 1.000000000000000000 ) ) ;
#7810 = CARTESIAN_POINT ( 'NONE',  ( 28.13000940135325578, 69.03249238364095675, 5.284001679259306528 ) ) ;
#7811 = CARTESIAN_POINT ( 'NONE',  ( 42.86875144336224963, 42.86875144336209331, 6.000000000000007994 ) ) ;
#7812 = CARTESIAN_POINT ( 'NONE',  ( 27.80356737928304511, 63.49314615783710991, 29.63803953612406161 ) ) ;
#7813 = DIRECTION ( 'NONE',  ( 0.7071067811865497932, 0.7071067811865452413, 0.000000000000000000 ) ) ;
#7814 = VERTEX_POINT ( 'NONE', #3018 ) ;
#7815 = VECTOR ( 'NONE', #2223, 999.9999999999998863 ) ;
#7816 = LINE ( 'NONE', #4189, #5720 ) ;
#7817 = CARTESIAN_POINT ( 'NONE',  ( 24.97882133403108895, 66.17333586540198098, -1.705264838679877881 ) ) ;
#7818 = ORIENTED_EDGE ( 'NONE', *, *, #1266, .F. ) ;
#7819 = ADVANCED_FACE ( 'NONE', ( #541 ), #7354, .F. ) ;
#7820 = VERTEX_POINT ( 'NONE', #4776 ) ;
#7821 = ORIENTED_EDGE ( 'NONE', *, *, #6415, .F. ) ;
#7822 = CARTESIAN_POINT ( 'NONE',  ( 25.07568596981265330, 79.19604745935724566, -20.00000000000001066 ) ) ;
#7823 = AXIS2_PLACEMENT_3D ( 'NONE', #5568, #4299, #3642 ) ;
#7824 = CARTESIAN_POINT ( 'NONE',  ( 38.18476898521615936, 66.99999999999721467, 8.821080382962733779 ) ) ;
#7825 = CARTESIAN_POINT ( 'NONE',  ( 21.90156839540338041, 75.45538644998747202, 29.59236178523955019 ) ) ;
#7826 = AXIS2_PLACEMENT_3D ( 'NONE', #3796, #7714, #5027 ) ;
#7827 = EDGE_CURVE ( 'NONE', #4750, #6781, #5741, .T. ) ;
#7828 = CARTESIAN_POINT ( 'NONE',  ( 31.18814318939730157, 63.03464107156564467, 13.75000000000000888 ) ) ;
#7829 = AXIS2_PLACEMENT_3D ( 'NONE', #3949, #4562, #2718 ) ;
#7830 = VECTOR ( 'NONE', #610, 1000.000000000000000 ) ;
#7831 = ORIENTED_EDGE ( 'NONE', *, *, #7629, .T. ) ;
#7832 = CYLINDRICAL_SURFACE ( 'NONE', #6773, 3.750000000000003553 ) ;
#7833 = CARTESIAN_POINT ( 'NONE',  ( 29.14899894697568072, 69.03112334072868350, 28.92654491181357557 ) ) ;
#7834 = ORIENTED_EDGE ( 'NONE', *, *, #6667, .F. ) ;
#7835 = DIRECTION ( 'NONE',  ( 1.000000000000000000, -8.326672684688666480E-14, 0.000000000000000000 ) ) ;
#7836 = DIRECTION ( 'NONE',  ( -0.000000000000000000, -0.000000000000000000, -1.000000000000000000 ) ) ;
#7837 = AXIS2_PLACEMENT_3D ( 'NONE', #6263, #5634, #3076 ) ;
#7838 = CIRCLE ( 'NONE', #7449, 0.7500000000000006661 ) ;
#7839 = CARTESIAN_POINT ( 'NONE',  ( 24.07568596981249698, 76.99999999999823785, 54.99999999999998579 ) ) ;
#7840 = CARTESIAN_POINT ( 'NONE',  ( 26.41517241638810987, 59.32233047033627571, 22.99999999999996447 ) ) ;
#7841 = ORIENTED_EDGE ( 'NONE', *, *, #717, .T. ) ;
#7842 = EDGE_LOOP ( 'NONE', ( #4175, #5469, #147, #1735, #1675, #4743 ) ) ;
#7843 = EDGE_CURVE ( 'NONE', #3571, #5273, #847, .T. ) ;
#7844 = AXIS2_PLACEMENT_3D ( 'NONE', #5341, #7221, #6603 ) ;
#7845 = CARTESIAN_POINT ( 'NONE',  ( 22.65478839297379920, 73.01508993426392635, 16.13259810636968794 ) ) ;
#7846 = CARTESIAN_POINT ( 'NONE',  ( 13.00348342012147107, 77.00000000000000000, 0.4001704242559506741 ) ) ;
#7847 = CARTESIAN_POINT ( 'NONE',  ( 34.65676106437723547, 66.99999999999747047, 33.02161615380563831 ) ) ;
#7848 = LINE ( 'NONE', #4058, #7554 ) ;
#7849 = ORIENTED_EDGE ( 'NONE', *, *, #4662, .T. ) ;
#7850 = CARTESIAN_POINT ( 'NONE',  ( 27.77691550092712447, 68.93632878518552332, 5.713172491610684745 ) ) ;
#7851 = EDGE_CURVE ( 'NONE', #7870, #5813, #1650, .T. ) ;
#7852 = CARTESIAN_POINT ( 'NONE',  ( 19.34410460452265923, 73.46446609406724804, 29.00000000000001066 ) ) ;
#7853 = DIRECTION ( 'NONE',  ( 0.7071067811865464625, -0.7071067811865486830, 0.000000000000000000 ) ) ;
#7854 = CARTESIAN_POINT ( 'NONE',  ( 30.73077989927994480, 57.84991983091157408, 26.07194275746584466 ) ) ;
#7855 = VECTOR ( 'NONE', #5679, 1000.000000000000000 ) ;
#7856 = CYLINDRICAL_SURFACE ( 'NONE', #7431, 0.7500000000000022204 ) ;
#7857 = ORIENTED_EDGE ( 'NONE', *, *, #2282, .F. ) ;
#7858 = DIRECTION ( 'NONE',  ( -7.320533068622119628E-14, -1.000000000000000000, 3.851859888768530201E-31 ) ) ;
#7859 = FACE_OUTER_BOUND ( 'NONE', #584, .T. ) ;
#7860 = ADVANCED_FACE ( 'NONE', ( #4249 ), #6195, .F. ) ;
#7861 = ORIENTED_EDGE ( 'NONE', *, *, #5296, .F. ) ;
#7862 = VERTEX_POINT ( 'NONE', #1152 ) ;
#7863 = ORIENTED_EDGE ( 'NONE', *, *, #7382, .F. ) ;
#7864 = CARTESIAN_POINT ( 'NONE',  ( 26.41517241638810987, 59.32233047033627571, 15.50000000000001066 ) ) ;
#7865 = CARTESIAN_POINT ( 'NONE',  ( 34.77828484350092708, 66.99999999999748468, 12.38804158069136463 ) ) ;
#7866 = CARTESIAN_POINT ( 'NONE',  ( 21.91152092262560558, 75.79595490537079172, 29.46903647015967920 ) ) ;
#7867 = ADVANCED_FACE ( 'NONE', ( #2362 ), #7391, .F. ) ;
#7868 = DIRECTION ( 'NONE',  ( -0.7071067811865521247, -0.7071067811865429098, 0.000000000000000000 ) ) ;
#7869 = EDGE_CURVE ( 'NONE', #2216, #6621, #2843, .T. ) ;
#7870 = VERTEX_POINT ( 'NONE', #7918 ) ;
#7871 = FACE_OUTER_BOUND ( 'NONE', #895, .T. ) ;
#7872 = CARTESIAN_POINT ( 'NONE',  ( 27.96151877697953836, 68.86128946114575911, 29.21935274084469469 ) ) ;
#7873 = ORIENTED_EDGE ( 'NONE', *, *, #6354, .F. ) ;
#7874 = DIRECTION ( 'NONE',  ( 7.320533068622119628E-14, 1.000000000000000000, -9.853595064304337443E-32 ) ) ;
#7875 = DIRECTION ( 'NONE',  ( 0.7071067811865497932, 0.7071067811865452413, 0.000000000000000000 ) ) ;
#7876 = CARTESIAN_POINT ( 'NONE',  ( 42.86875144336224963, 42.86875144336209331, 29.00000000000000711 ) ) ;
#7877 = EDGE_CURVE ( 'NONE', #7357, #6701, #1784, .T. ) ;
#7878 = DIRECTION ( 'NONE',  ( -0.7071067811865464625, 0.7071067811865487940, -0.000000000000000000 ) ) ;
#7879 = CARTESIAN_POINT ( 'NONE',  ( 22.18476902131938289, 76.30513051086400367, 29.37560168247149051 ) ) ;
#7880 = ORIENTED_EDGE ( 'NONE', *, *, #2068, .T. ) ;
#7881 = ORIENTED_EDGE ( 'NONE', *, *, #5012, .F. ) ;
#7882 = ORIENTED_EDGE ( 'NONE', *, *, #6203, .T. ) ;
#7883 = DIRECTION ( 'NONE',  ( -0.7071067811865486830, -0.7071067811865463515, -0.000000000000000000 ) ) ;
#7884 = ADVANCED_FACE ( 'NONE', ( #508 ), #334, .T. ) ;
#7885 = CARTESIAN_POINT ( 'NONE',  ( 27.96561679839308567, 69.12870246593102763, 5.200220775663694894 ) ) ;
#7886 = CARTESIAN_POINT ( 'NONE',  ( 33.38097553649364357, 66.99999999999755573, 34.63879775747594891 ) ) ;
#7887 = CARTESIAN_POINT ( 'NONE',  ( 31.31466735299749615, 72.70710678118420844, -3.956439237389593355 ) ) ;
#7888 = DIRECTION ( 'NONE',  ( 0.7071067811865489050, 0.7071067811865462405, 0.000000000000000000 ) ) ;
#7889 = ORIENTED_EDGE ( 'NONE', *, *, #7024, .F. ) ;
#7890 = CARTESIAN_POINT ( 'NONE',  ( 14.39435713621679369, 75.58578643762689353, 11.25000000000001066 ) ) ;
#7891 = CARTESIAN_POINT ( 'NONE',  ( 14.07568596981176334, 66.86734715958723996, 40.55070909457560902 ) ) ;
#7892 = VECTOR ( 'NONE', #746, 1000.000000000000000 ) ;
#7893 = CARTESIAN_POINT ( 'NONE',  ( 21.73643136094206341, 75.42612455037077268, 5.915407204095195937 ) ) ;
#7894 = DIRECTION ( 'NONE',  ( -1.000000000000000000, 7.304689455032545322E-14, 0.000000000000000000 ) ) ;
#7895 = ORIENTED_EDGE ( 'NONE', *, *, #6316, .T. ) ;
#7896 = EDGE_CURVE ( 'NONE', #2618, #2229, #6700, .T. ) ;
#7897 = DIRECTION ( 'NONE',  ( 0.000000000000000000, 0.000000000000000000, 1.000000000000000000 ) ) ;
#7898 = DIRECTION ( 'NONE',  ( 1.000000000000000000, -7.304689455032547847E-14, -4.625929269271485914E-16 ) ) ;
#7899 = ORIENTED_EDGE ( 'NONE', *, *, #3848, .F. ) ;
#7900 = ORIENTED_EDGE ( 'NONE', *, *, #3514, .F. ) ;
#7901 = VERTEX_POINT ( 'NONE', #3093 ) ;
#7902 = PLANE ( 'NONE',  #978 ) ;
#7903 = CARTESIAN_POINT ( 'NONE',  ( 39.18240923957663568, 66.99999999999714362, 12.33588857240011727 ) ) ;
#7904 = CARTESIAN_POINT ( 'NONE',  ( 20.05121138570918049, 81.24264068711926257, 16.25000000000000711 ) ) ;
#7905 = ADVANCED_FACE ( 'NONE', ( #7583 ), #4481, .T. ) ;
#7906 = DIRECTION ( 'NONE',  ( 0.7071067811865486830, 0.7071067811865464625, -0.000000000000000000 ) ) ;
#7907 = AXIS2_PLACEMENT_3D ( 'NONE', #4235, #2388, #4893 ) ;
#7908 = VERTEX_POINT ( 'NONE', #5726 ) ;
#7909 = CARTESIAN_POINT ( 'NONE',  ( 16.06180778116024399, 183.2499999999988063, 41.24999999999999289 ) ) ;
#7910 = CARTESIAN_POINT ( 'NONE',  ( 21.98925028786966251, 75.16732526324824448, 29.72192175519407087 ) ) ;
#7911 = ORIENTED_EDGE ( 'NONE', *, *, #3913, .T. ) ;
#7912 = CARTESIAN_POINT ( 'NONE',  ( 25.07568596981213460, 71.99999999999816680, -17.49999999999999645 ) ) ;
#7913 = DIRECTION ( 'NONE',  ( -2.921639538487254754E-16, 0.000000000000000000, -1.000000000000000000 ) ) ;
#7914 =( BOUNDED_SURFACE ( )  B_SPLINE_SURFACE ( 3, 2, ( 
 ( #37, #1317, #3138 ),
 ( #8173, #5142, #3919 ),
 ( #6448, #1439, #6288 ),
 ( #7593, #7712, #773 ) ),
 .UNSPECIFIED., .F., .F., .T. ) 
 B_SPLINE_SURFACE_WITH_KNOTS ( ( 4, 4 ),
 ( 3, 3 ),
 ( 0.02253043067847167874, 0.02476931239816913474 ),
 ( 0.000000000000000000, 1.000000000000000000 ),
 .UNSPECIFIED. ) 
 GEOMETRIC_REPRESENTATION_ITEM ( )  RATIONAL_B_SPLINE_SURFACE ( (
 ( 1.000000000000000000, 0.6916442705327143781, 1.000000000000000000),
 ( 1.000000000000000000, 0.6973285877968994351, 1.000000000000000000),
 ( 1.000000000000000000, 0.7024359891973050996, 1.000000000000000000),
 ( 1.000000000000000000, 0.7071067811865480168, 1.000000000000000000) ) ) 
 REPRESENTATION_ITEM ( '' )  SURFACE ( )  );
#7915 = EDGE_CURVE ( 'NONE', #3218, #7962, #2597, .T. ) ;
#7916 = LINE ( 'NONE', #938, #7649 ) ;
#7917 = CARTESIAN_POINT ( 'NONE',  ( 14.07568596981248987, 76.95874861672474765, -3.671175468648090412 ) ) ;
#7918 = CARTESIAN_POINT ( 'NONE',  ( 22.07568596981997899, 179.4999999999983515, -6.250000000000008882 ) ) ;
#7919 = CIRCLE ( 'NONE', #16, 10.00000000000000711 ) ;
#7920 = ORIENTED_EDGE ( 'NONE', *, *, #6968, .T. ) ;
#7921 = ORIENTED_EDGE ( 'NONE', *, *, #7981, .T. ) ;
#7922 = EDGE_CURVE ( 'NONE', #1632, #4627, #3519, .T. ) ;
#7923 = VERTEX_POINT ( 'NONE', #6859 ) ;
#7924 = CARTESIAN_POINT ( 'NONE',  ( 28.89600274509522038, 69.00281038222084362, 29.42710392098058847 ) ) ;
#7925 = CARTESIAN_POINT ( 'NONE',  ( 10.03025404784810171, 77.00000000000000000, 3.377329406492184383 ) ) ;
#7926 = CARTESIAN_POINT ( 'NONE',  ( 8.737502886724445972, 77.00000000000000000, 30.99237163561197761 ) ) ;
#7927 = SPHERICAL_SURFACE ( 'NONE', #5868, 0.7500000000000000000 ) ;
#7928 = CARTESIAN_POINT ( 'NONE',  ( 19.07568596981395714, 96.99999999999964473, -5.000000000000013323 ) ) ;
#7929 = ORIENTED_EDGE ( 'NONE', *, *, #6657, .F. ) ;
#7930 = DIRECTION ( 'NONE',  ( 1.000000000000000000, -7.304689455032545322E-14, -0.000000000000000000 ) ) ;
#7931 = EDGE_CURVE ( 'NONE', #6163, #4805, #621, .T. ) ;
#7932 = DIRECTION ( 'NONE',  ( -7.304689455032547847E-14, -1.000000000000000000, 2.134166952819400987E-29 ) ) ;
#7933 = DIRECTION ( 'NONE',  ( 0.7071067811865475727, -0.7071067811865475727, 0.000000000000000000 ) ) ;
#7934 = FACE_OUTER_BOUND ( 'NONE', #3914, .T. ) ;
#7935 = VERTEX_POINT ( 'NONE', #2513 ) ;
#7936 = CARTESIAN_POINT ( 'NONE',  ( 28.54873005199831226, 68.52695591781196072, 38.95643923738960979 ) ) ;
#7937 = CIRCLE ( 'NONE', #2674, 0.7500000000000006661 ) ;
#7938 = CARTESIAN_POINT ( 'NONE',  ( 24.73714736215101695, 65.77780172925859858, -1.034573744272502260 ) ) ;
#7939 = ORIENTED_EDGE ( 'NONE', *, *, #2527, .T. ) ;
#7940 = B_SPLINE_CURVE_WITH_KNOTS ( 'NONE', 1,
 ( #5762, #7006 ),
 .UNSPECIFIED., .F., .F.,
 ( 2, 2 ),
 ( 0.000000000000000000, 1.000000000000000000 ),
 .UNSPECIFIED. ) ;
#7941 = VERTEX_POINT ( 'NONE', #6317 ) ;
#7942 = EDGE_LOOP ( 'NONE', ( #4813, #1244, #275, #6986 ) ) ;
#7943 = CARTESIAN_POINT ( 'NONE',  ( 17.92989104214954565, 79.12132034355961707, 13.75000000000001066 ) ) ;
#7944 = CYLINDRICAL_SURFACE ( 'NONE', #7844, 0.5000000000000004441 ) ;
#7945 = ADVANCED_FACE ( 'NONE', ( #1274 ), #1479, .T. ) ;
#7946 = AXIS2_PLACEMENT_3D ( 'NONE', #5371, #7898, #6636 ) ;
#7947 = CARTESIAN_POINT ( 'NONE',  ( 9.330413233590478583, 76.61409752353736735, 3.668124835941728001 ) ) ;
#7948 = ORIENTED_EDGE ( 'NONE', *, *, #6873, .T. ) ;
#7949 = VECTOR ( 'NONE', #2864, 1000.000000000000114 ) ;
#7950 = DIRECTION ( 'NONE',  ( 1.000000000000000000, -7.304689455032544060E-14, 0.000000000000000000 ) ) ;
#7951 = AXIS2_PLACEMENT_3D ( 'NONE', #5230, #7753, #4620 ) ;
#7952 = CARTESIAN_POINT ( 'NONE',  ( 28.90466744099098761, 69.00651162523843141, 29.42513291369428075 ) ) ;
#7953 = EDGE_LOOP ( 'NONE', ( #5525, #7718, #6399, #1331 ) ) ;
#7954 = FACE_OUTER_BOUND ( 'NONE', #2356, .T. ) ;
#7955 = PLANE ( 'NONE',  #6158 ) ;
#7956 = EDGE_CURVE ( 'NONE', #3386, #4259, #5755, .T. ) ;
#7957 = CARTESIAN_POINT ( 'NONE',  ( 12.27303679265716241, 73.46446609406727646, 16.25000000000000711 ) ) ;
#7958 = CARTESIAN_POINT ( 'NONE',  ( 26.34374012559312916, 66.46483057299674613, 6.000000000000007105 ) ) ;
#7959 = CIRCLE ( 'NONE', #6655, 5.000000000000000888 ) ;
#7960 = VECTOR ( 'NONE', #1143, 999.9999999999998863 ) ;
#7961 = CARTESIAN_POINT ( 'NONE',  ( 21.95438416531736792, 75.94744750250625032, 29.42659718496420140 ) ) ;
#7962 = VERTEX_POINT ( 'NONE', #7688 ) ;
#7963 = ORIENTED_EDGE ( 'NONE', *, *, #1725, .T. ) ;
#7964 =( BOUNDED_CURVE ( )  B_SPLINE_CURVE ( 3, ( #1605, #4656, #1526, #4702 ),
 .UNSPECIFIED., .F., .F. ) 
 B_SPLINE_CURVE_WITH_KNOTS ( ( 4, 4 ),
 ( 3.785093762383076932, 4.293417438111863049 ),
 .UNSPECIFIED. ) 
 CURVE ( )  GEOMETRIC_REPRESENTATION_ITEM ( )  RATIONAL_B_SPLINE_CURVE ( ( 1.000000000000000000, 0.9785829188765855502, 0.9785829188765855502, 1.000000000000000000 ) ) 
 REPRESENTATION_ITEM ( '' )  );
#7965 = EDGE_LOOP ( 'NONE', ( #6558, #454, #3467, #5254, #808 ) ) ;
#7966 = CARTESIAN_POINT ( 'NONE',  ( 40.72800841762166613, 57.22399377406809151, 35.00000000000000000 ) ) ;
#7967 = VECTOR ( 'NONE', #4275, 1000.000000000000000 ) ;
#7968 = VECTOR ( 'NONE', #3527, 1000.000000000000000 ) ;
#7969 = CARTESIAN_POINT ( 'NONE',  ( 97.44212833420664310, 158.6335576356164552, 10.00000000000000711 ) ) ;
#7970 = CARTESIAN_POINT ( 'NONE',  ( 27.88774304511615654, 69.19072642225616221, 5.157336420490775453 ) ) ;
#7971 = EDGE_CURVE ( 'NONE', #1424, #1084, #2867, .T. ) ;
#7972 = CARTESIAN_POINT ( 'NONE',  ( 31.05189838129309976, 54.69948821694201513, 20.92613993064931321 ) ) ;
#7973 = CARTESIAN_POINT ( 'NONE',  ( 15.80857069858991260, 69.92893218813452449, 32.00000000000000711 ) ) ;
#7974 = VECTOR ( 'NONE', #4143, 1000.000000000000000 ) ;
#7975 = VERTEX_POINT ( 'NONE', #2139 ) ;
#7976 = FACE_OUTER_BOUND ( 'NONE', #5998, .T. ) ;
#7977 = DIRECTION ( 'NONE',  ( 1.000000000000000000, -7.304689455032545322E-14, -0.000000000000000000 ) ) ;
#7978 = CARTESIAN_POINT ( 'NONE',  ( 21.98395359273703065, 74.69764103021176993, 5.659009426406945487 ) ) ;
#7979 = LINE ( 'NONE', #6631, #2990 ) ;
#7980 = VECTOR ( 'NONE', #6442, 1000.000000000000000 ) ;
#7981 = EDGE_CURVE ( 'NONE', #2881, #4561, #2749, .T. ) ;
#7982 = DIRECTION ( 'NONE',  ( -7.317379025938529564E-14, -1.000000000000000000, 0.000000000000000000 ) ) ;
#7983 = ORIENTED_EDGE ( 'NONE', *, *, #3536, .T. ) ;
#7984 = DIRECTION ( 'NONE',  ( 0.7071067811865464625, -0.7071067811865486830, -0.000000000000000000 ) ) ;
#7985 = ADVANCED_FACE ( 'NONE', ( #793 ), #7648, .T. ) ;
#7986 = CARTESIAN_POINT ( 'NONE',  ( 24.23811754992436818, 58.71086959546842365, 32.03824189523479049 ) ) ;
#7987 = ORIENTED_EDGE ( 'NONE', *, *, #1977, .T. ) ;
#7988 = ORIENTED_EDGE ( 'NONE', *, *, #8153, .F. ) ;
#7989 = EDGE_LOOP ( 'NONE', ( #6, #1779, #6322, #2525 ) ) ;
#7990 = DIRECTION ( 'NONE',  ( -0.000000000000000000, 1.387778780781445478E-15, 1.000000000000000000 ) ) ;
#7991 = LINE ( 'NONE', #4763, #5670 ) ;
#7992 = CARTESIAN_POINT ( 'NONE',  ( 27.84162327081178034, 69.23406269899849974, 38.95643923738960979 ) ) ;
#7993 = AXIS2_PLACEMENT_3D ( 'NONE', #4549, #1413, #3933 ) ;
#7994 = AXIS2_PLACEMENT_3D ( 'NONE', #6355, #7619, #5723 ) ;
#7995 = DIRECTION ( 'NONE',  ( 0.7071067811865429098, 0.7071067811865522357, 0.000000000000000000 ) ) ;
#7996 = CARTESIAN_POINT ( 'NONE',  ( 8.707320451717295740, 76.42848372909854504, 3.937476678237850081 ) ) ;
#7997 = VERTEX_POINT ( 'NONE', #2099 ) ;
#7998 = CARTESIAN_POINT ( 'NONE',  ( 14.07568596981248454, 76.87626146275592021, 38.68408815432377423 ) ) ;
#7999 = CARTESIAN_POINT ( 'NONE',  ( 21.97702127432287966, 75.19420242234966167, 29.70892833325678950 ) ) ;
#8000 = VERTEX_POINT ( 'NONE', #7121 ) ;
#8001 = LINE ( 'NONE', #4244, #2907 ) ;
#8002 = CARTESIAN_POINT ( 'NONE',  ( 69.07568596982017084, 181.9999999999949125, 41.24999999999997868 ) ) ;
#8003 = FACE_OUTER_BOUND ( 'NONE', #5582, .T. ) ;
#8004 = CARTESIAN_POINT ( 'NONE',  ( 14.07568596981248810, 76.86311642015513712, 38.42750589380047899 ) ) ;
#8005 = DIRECTION ( 'NONE',  ( 7.304098846218133188E-17, -0.000000000000000000, 1.000000000000000000 ) ) ;
#8006 = ADVANCED_FACE ( 'NONE', ( #1458 ), #3977, .F. ) ;
#8007 = ORIENTED_EDGE ( 'NONE', *, *, #4618, .T. ) ;
#8008 = ORIENTED_EDGE ( 'NONE', *, *, #1207, .F. ) ;
#8009 = EDGE_LOOP ( 'NONE', ( #3665, #5613, #5822, #3249 ) ) ;
#8010 = CARTESIAN_POINT ( 'NONE',  ( 8.737502886724461959, 77.00000000000000000, 4.007628364388069464 ) ) ;
#8011 = DIRECTION ( 'NONE',  ( -1.000000000000000000, 0.000000000000000000, 0.000000000000000000 ) ) ;
#8012 = CARTESIAN_POINT ( 'NONE',  ( 13.41528844657016606, 75.25553639250350102, -0.7181981256913124723 ) ) ;
#8013 = CARTESIAN_POINT ( 'NONE',  ( -36.17369213578433573, 182.0000000000026148, 41.25000000000002842 ) ) ;
#8014 = VECTOR ( 'NONE', #1252, 1000.000000000000000 ) ;
#8015 = EDGE_CURVE ( 'NONE', #5354, #7272, #4309, .T. ) ;
#8016 = EDGE_CURVE ( 'NONE', #1897, #742, #6753, .T. ) ;
#8017 = CARTESIAN_POINT ( 'NONE',  ( 31.03952454837338593, 54.70509291120364992, 21.23785928160056358 ) ) ;
#8018 = CARTESIAN_POINT ( 'NONE',  ( 25.07568596981176157, 66.99999999999816680, 38.95643923738960979 ) ) ;
#8019 = ORIENTED_EDGE ( 'NONE', *, *, #7077, .T. ) ;
#8020 = CARTESIAN_POINT ( 'NONE',  ( 19.07568596981322528, 86.99999999999963052, -7.500000000000011546 ) ) ;
#8021 = CARTESIAN_POINT ( 'NONE',  ( 14.07568596981176157, 67.00000000000709122, 40.93465657243506683 ) ) ;
#8022 = CARTESIAN_POINT ( 'NONE',  ( 28.24133062495018009, 68.98943193027719190, 29.66382233595454565 ) ) ;
#8023 = DIRECTION ( 'NONE',  ( 0.000000000000000000, 0.000000000000000000, -1.000000000000000000 ) ) ;
#8024 = ADVANCED_FACE ( 'NONE', ( #5446 ), #4754, .F. ) ;
#8025 = CARTESIAN_POINT ( 'NONE',  ( 14.07568596981322351, 87.00000000000000000, -7.500000000000011546 ) ) ;
#8026 = SPHERICAL_SURFACE ( 'NONE', #1094, 0.7500000000000000000 ) ;
#8027 = ORIENTED_EDGE ( 'NONE', *, *, #4963, .T. ) ;
#8028 = DIRECTION ( 'NONE',  ( -1.000000000000000000, 8.326672684688666480E-14, 0.000000000000000000 ) ) ;
#8029 = CARTESIAN_POINT ( 'NONE',  ( 28.52645868355922687, 68.94138025941198578, 5.455055214704278121 ) ) ;
#8030 = CARTESIAN_POINT ( 'NONE',  ( 25.21715920165730651, 66.99999999999813838, 31.11709331298646219 ) ) ;
#8031 = VERTEX_POINT ( 'NONE', #6131 ) ;
#8032 = ORIENTED_EDGE ( 'NONE', *, *, #7312, .F. ) ;
#8033 = DIRECTION ( 'NONE',  ( -0.7071067811865475727, 0.7071067811865475727, 0.000000000000000000 ) ) ;
#8034 = EDGE_CURVE ( 'NONE', #1955, #1154, #2908, .T. ) ;
#8035 = CARTESIAN_POINT ( 'NONE',  ( 30.65781310350739375, 63.56497115745555959, 21.24999999999996447 ) ) ;
#8036 = CARTESIAN_POINT ( 'NONE',  ( 13.96148831411867874, 76.56897059994818733, 37.34168694594497850 ) ) ;
#8037 = CARTESIAN_POINT ( 'NONE',  ( 8.718190585507938906, 76.62024768162348209, 3.961410969633626156 ) ) ;
#8038 = CIRCLE ( 'NONE', #7115, 3.750000000000003553 ) ;
#8039 = ORIENTED_EDGE ( 'NONE', *, *, #2165, .T. ) ;
#8040 = CARTESIAN_POINT ( 'NONE',  ( 27.52871346693574850, 69.13872421241065069, 29.39357392005095093 ) ) ;
#8041 = CARTESIAN_POINT ( 'NONE',  ( 29.06931811696722434, 69.08669862471022327, 29.39143070280145764 ) ) ;
#8042 = EDGE_CURVE ( 'NONE', #7635, #2954, #881, .T. ) ;
#8043 = CARTESIAN_POINT ( 'NONE',  ( 43.07568596981690945, 137.3911308970841390, 42.49999999999998579 ) ) ;
#8044 = FACE_OUTER_BOUND ( 'NONE', #2751, .T. ) ;
#8045 = DIRECTION ( 'NONE',  ( -0.7071067811865464625, 0.7071067811865486830, -4.906538933386791325E-16 ) ) ;
#8046 = DIRECTION ( 'NONE',  ( 0.7071067811865464625, -0.7071067811865486830, 0.000000000000000000 ) ) ;
#8047 = CARTESIAN_POINT ( 'NONE',  ( 21.91730729425646729, 75.82272186707938033, 29.46091459505884202 ) ) ;
#8048 = ORIENTED_EDGE ( 'NONE', *, *, #6883, .T. ) ;
#8049 = ORIENTED_EDGE ( 'NONE', *, *, #4852, .F. ) ;
#8050 = VERTEX_POINT ( 'NONE', #2221 ) ;
#8051 = SPHERICAL_SURFACE ( 'NONE', #7058, 0.7500000000000000000 ) ;
#8052 = EDGE_CURVE ( 'NONE', #3827, #4134, #8137, .T. ) ;
#8053 = FACE_BOUND ( 'NONE', #2717, .T. ) ;
#8054 = CARTESIAN_POINT ( 'NONE',  ( 15.57568596981414188, 99.49999999999990052, -5.000000000000013323 ) ) ;
#8055 = ORIENTED_EDGE ( 'NONE', *, *, #5871, .F. ) ;
#8056 = CARTESIAN_POINT ( 'NONE',  ( 27.84162327081178034, 69.23406269899851395, -3.956439237389593355 ) ) ;
#8057 = PLANE ( 'NONE',  #4882 ) ;
#8058 = ADVANCED_FACE ( 'NONE', ( #6716 ), #4050, .T. ) ;
#8059 = CARTESIAN_POINT ( 'NONE',  ( 28.15839488009949321, 69.02049409656194712, 29.70247365352360092 ) ) ;
#8060 =( BOUNDED_SURFACE ( )  B_SPLINE_SURFACE ( 3, 2, ( 
 ( #1180, #568, #8154 ),
 ( #2503, #5008, #4434 ),
 ( #6431, #6471, #2666 ),
 ( #184, #2059, #5210 ) ),
 .UNSPECIFIED., .F., .F., .F. ) 
 B_SPLINE_SURFACE_WITH_KNOTS ( ( 4, 4 ),
 ( 3, 3 ),
 ( 0.004673322914150791242, 0.004933883353364129642 ),
 ( 0.000000000000000000, 0.0004707481378474617437 ),
 .UNSPECIFIED. ) 
 GEOMETRIC_REPRESENTATION_ITEM ( )  RATIONAL_B_SPLINE_SURFACE ( (
 ( 1.000000000000000000, 0.9999376160538383518, 0.9998752908419297203),
 ( 1.000000000000000000, 0.9999377299274578856, 0.9998755184819572150),
 ( 1.000000000000000000, 0.9999378195883114051, 0.9998756977192488904),
 ( 1.000000000000000000, 0.9999378853739582240, 0.9998758292286055172) ) ) 
 REPRESENTATION_ITEM ( '' )  SURFACE ( )  );
#8061 = CARTESIAN_POINT ( 'NONE',  ( 21.92015080268391003, 75.35974433245803539, 5.367069815212072825 ) ) ;
#8062 = CARTESIAN_POINT ( 'NONE',  ( 19.07568596981765552, 97.49999999999964473, 28.49999999999998224 ) ) ;
#8063 = CARTESIAN_POINT ( 'NONE',  ( 22.03795792975473944, 76.11946083921107231, 5.608687583445822078 ) ) ;
#8064 = VERTEX_POINT ( 'NONE', #6042 ) ;
#8065 = DIRECTION ( 'NONE',  ( 0.7071067811865487940, -5.165195448115388368E-14, -0.7071067811865462405 ) ) ;
#8066 = CARTESIAN_POINT ( 'NONE',  ( 28.50516861129647950, 68.94209019392803839, 5.446932099501684554 ) ) ;
#8067 = CARTESIAN_POINT ( 'NONE',  ( 26.84163222919540459, 59.07129781040927696, 29.91905563817812208 ) ) ;
#8068 = ORIENTED_EDGE ( 'NONE', *, *, #6380, .F. ) ;
#8069 = DIRECTION ( 'NONE',  ( 7.320533068622129725E-14, 1.000000000000000000, 6.938893903907232322E-16 ) ) ;
#8070 = CYLINDRICAL_SURFACE ( 'NONE', #3100, 1.000000000000000888 ) ;
#8071 = CARTESIAN_POINT ( 'NONE',  ( 14.06136302775773217, 76.81898816690373621, 38.13414529798690467 ) ) ;
#8072 = AXIS2_PLACEMENT_3D ( 'NONE', #3012, #5514, #4899 ) ;
#8073 = CARTESIAN_POINT ( 'NONE',  ( 22.12121003026082988, 74.68231041257354264, 29.55215490565165126 ) ) ;
#8074 = EDGE_CURVE ( 'NONE', #7901, #6112, #1039, .T. ) ;
#8075 = AXIS2_PLACEMENT_3D ( 'NONE', #2132, #7322, #7888 ) ;
#8076 = ORIENTED_EDGE ( 'NONE', *, *, #7512, .F. ) ;
#8077 = EDGE_CURVE ( 'NONE', #4321, #4193, #5496, .T. ) ;
#8078 = CARTESIAN_POINT ( 'NONE',  ( 28.46953132890401861, 68.94417669137655480, 29.56690831669087771 ) ) ;
#8079 = DIRECTION ( 'NONE',  ( -0.7071067811865429098, -0.7071067811865522357, 0.000000000000000000 ) ) ;
#8080 = DIRECTION ( 'NONE',  ( 0.7071067811865440200, -0.7071067811865510144, 0.000000000000000000 ) ) ;
#8081 = AXIS2_PLACEMENT_3D ( 'NONE', #958, #7894, #6043 ) ;
#8082 = LINE ( 'NONE', #3016, #4101 ) ;
#8083 = CARTESIAN_POINT ( 'NONE',  ( 24.07568596981198539, 66.99999999999823785, 40.93465657243259415 ) ) ;
#8084 = CARTESIAN_POINT ( 'NONE',  ( 28.31626437154910292, 68.78734223559770555, 5.897643929246773276 ) ) ;
#8085 = EDGE_CURVE ( 'NONE', #6330, #5615, #5403, .T. ) ;
#8086 = AXIS2_PLACEMENT_3D ( 'NONE', #5994, #2329, #6708 ) ;
#8087 = AXIS2_PLACEMENT_3D ( 'NONE', #5404, #7211, #4799 ) ;
#8088 = ORIENTED_EDGE ( 'NONE', *, *, #1447, .F. ) ;
#8089 = ORIENTED_EDGE ( 'NONE', *, *, #6829, .F. ) ;
#8090 = ORIENTED_EDGE ( 'NONE', *, *, #4535, .F. ) ;
#8091 = CARTESIAN_POINT ( 'NONE',  ( 21.77405813220151742, 75.12509225552496162, 29.17900420737350231 ) ) ;
#8092 = VECTOR ( 'NONE', #3029, 1000.000000000000000 ) ;
#8093 = CIRCLE ( 'NONE', #2824, 4.999999999999997335 ) ;
#8094 = CARTESIAN_POINT ( 'NONE',  ( 56.57568596981212039, 71.99999999999587885, -12.50000000000000355 ) ) ;
#8095 = DIRECTION ( 'NONE',  ( 0.7071067811865466846, -0.7071067811865483499, 0.000000000000000000 ) ) ;
#8096 = VERTEX_POINT ( 'NONE', #2872 ) ;
#8097 = CIRCLE ( 'NONE', #4663, 0.7500000000000047740 ) ;
#8098 = CARTESIAN_POINT ( 'NONE',  ( 48.07568596981212750, 71.99999999999650413, 42.49999999999998579 ) ) ;
#8099 = CIRCLE ( 'NONE', #4148, 0.5000000000000004441 ) ;
#8100 = CARTESIAN_POINT ( 'NONE',  ( 31.73471739473032116, 61.60146444951259781, 15.58136438283620606 ) ) ;
#8101 = CARTESIAN_POINT ( 'NONE',  ( 21.95721794755938916, 75.95396111867006539, 5.574867086305725472 ) ) ;
#8102 = AXIS2_PLACEMENT_3D ( 'NONE', #7083, #7808, #4675 ) ;
#8103 = CARTESIAN_POINT ( 'NONE',  ( 32.60235675177040093, 64.44885463393873692, 13.75000000000001066 ) ) ;
#8104 = CARTESIAN_POINT ( 'NONE',  ( 22.13801826021098762, 76.25594467817523991, 5.623404627784641008 ) ) ;
#8105 = ORIENTED_EDGE ( 'NONE', *, *, #7421, .F. ) ;
#8107 = CIRCLE ( 'NONE', #5733, 0.7500000000000047740 ) ;
#8106 = CARTESIAN_POINT ( 'NONE',  ( 25.07568596981212039, 71.99999999999818101, -3.956439237389593355 ) ) ;
#8108 = CARTESIAN_POINT ( 'NONE',  ( 28.60325130249435333, 68.94212087001938016, 5.483386830269338041 ) ) ;
#8109 = ADVANCED_FACE ( 'NONE', ( #4714 ), #3990, .T. ) ;
#8110 = CARTESIAN_POINT ( 'NONE',  ( 29.80144567697566416, 66.99999999999782574, 37.90235696027890100 ) ) ;
#8111 =( BOUNDED_SURFACE ( )  B_SPLINE_SURFACE ( 3, 2, ( 
 ( #5504, #2343, #1213 ),
 ( #5454, #6138, #3732 ),
 ( #6262, #1173, #4190 ),
 ( #1712, #1839, #6806 ) ),
 .UNSPECIFIED., .F., .F., .T. ) 
 B_SPLINE_SURFACE_WITH_KNOTS ( ( 4, 4 ),
 ( 3, 3 ),
 ( 0.02259871907626825188, 0.02673581789403505285 ),
 ( 0.000000000000000000, 1.000000000000000000 ),
 .UNSPECIFIED. ) 
 GEOMETRIC_REPRESENTATION_ITEM ( )  RATIONAL_B_SPLINE_SURFACE ( (
 ( 1.000000000000000000, 0.8300196719643012644, 1.000000000000000000),
 ( 1.000000000000000000, 0.8345600735558326155, 1.000000000000000000),
 ( 1.000000000000000000, 0.8375386367577390967, 1.000000000000000000),
 ( 1.000000000000000000, 0.8387451370715280907, 1.000000000000000000) ) ) 
 REPRESENTATION_ITEM ( '' )  SURFACE ( )  );
#8112 = CARTESIAN_POINT ( 'NONE',  ( 29.27593388093956150, 69.21396565124382505, 29.22335037885006770 ) ) ;
#8113 = DIRECTION ( 'NONE',  ( 1.000000000000000000, -7.304689455032545322E-14, 0.000000000000000000 ) ) ;
#8114 = CARTESIAN_POINT ( 'NONE',  ( 24.07568596981213460, 71.99999999999825206, 54.99999999999998579 ) ) ;
#8115 = VECTOR ( 'NONE', #3373, 1000.000000000000000 ) ;
#8116 = CARTESIAN_POINT ( 'NONE',  ( 15.55323089108444101, 66.14579518434716476, -4.328177264859698781 ) ) ;
#8117 = ADVANCED_FACE ( 'NONE', ( #6988 ), #6417, .T. ) ;
#8118 = CARTESIAN_POINT ( 'NONE',  ( 13.78259636303207536, 76.14308495779671659, 36.61172431072780142 ) ) ;
#8119 = CARTESIAN_POINT ( 'NONE',  ( 22.15298952579011171, 74.78661368053221281, 29.71073589125234449 ) ) ;
#8120 = EDGE_CURVE ( 'NONE', #4890, #2304, #2778, .T. ) ;
#8121 = CIRCLE ( 'NONE', #5472, 0.7500000000000047740 ) ;
#8122 = CARTESIAN_POINT ( 'NONE',  ( 22.65478839297404434, 73.01508993426547534, 16.13259810636978031 ) ) ;
#8123 = ORIENTED_EDGE ( 'NONE', *, *, #6212, .T. ) ;
#8124 = SPHERICAL_SURFACE ( 'NONE', #6523, 0.7500000000000000000 ) ;
#8125 = DIRECTION ( 'NONE',  ( 0.7071067811865451302, 0.7071067811865497932, 0.000000000000000000 ) ) ;
#8126 = DIRECTION ( 'NONE',  ( -0.000000000000000000, 2.775557561562888984E-15, 1.000000000000000000 ) ) ;
#8127 = EDGE_CURVE ( 'NONE', #7544, #3452, #4182, .T. ) ;
#8128 = DIRECTION ( 'NONE',  ( -1.020787995077659228E-13, 0.1088693266780758617, -0.9940560697006294300 ) ) ;
#8129 = CARTESIAN_POINT ( 'NONE',  ( 32.14235642071214727, 71.99999999999766942, 6.081152228392852521 ) ) ;
#8130 = ADVANCED_FACE ( 'NONE', ( #7638 ), #5150, .F. ) ;
#8131 = CARTESIAN_POINT ( 'NONE',  ( 28.90679112830812869, 68.89419621372708491, 6.040726760553386754 ) ) ;
#8132 = ORIENTED_EDGE ( 'NONE', *, *, #5911, .F. ) ;
#8133 = ORIENTED_EDGE ( 'NONE', *, *, #1393, .F. ) ;
#8134 = EDGE_LOOP ( 'NONE', ( #7234, #6044, #1098 ) ) ;
#8135 = DIRECTION ( 'NONE',  ( 1.000000000000000000, 0.000000000000000000, 0.000000000000000000 ) ) ;
#8136 = EDGE_CURVE ( 'NONE', #6475, #7434, #3867, .T. ) ;
#8137 = CIRCLE ( 'NONE', #4567, 0.7500000000000058842 ) ;
#8138 = DIRECTION ( 'NONE',  ( -0.7071067811865486830, -0.7071067811865464625, -0.000000000000000000 ) ) ;
#8139 = SPHERICAL_SURFACE ( 'NONE', #6383, 0.7500000000000000000 ) ;
#8140 = CARTESIAN_POINT ( 'NONE',  ( 12.19617320564228891, 72.03478052396511089, 34.30944526681661699 ) ) ;
#8141 = ORIENTED_EDGE ( 'NONE', *, *, #3042, .F. ) ;
#8142 = B_SPLINE_CURVE_WITH_KNOTS ( 'NONE', 3,
 ( #327, #4120, #933, #3453, #3580, #896, #6101, #3413, #451, #5466, #5936, #284, #2805, #5979, #5345, #3623, #4286, #7423, #1768, #6768 ),
 .UNSPECIFIED., .F., .F.,
 ( 4, 2, 2, 2, 2, 2, 2, 2, 2, 4 ),
 ( 0.000000000000000000, 0.006164058278888015149, 0.009246087418332020122, 0.01078710198805402781, 0.01232811655777603550, 0.01541014569722005088, 0.01695116026694205857, 0.01849217483666406453, 0.02157420397610808685, 0.02465623311555211611 ),
 .UNSPECIFIED. ) ;
#8143 = CARTESIAN_POINT ( 'NONE',  ( 14.07568596981395537, 97.00000000000000000, 42.49999999999999289 ) ) ;
#8144 = CARTESIAN_POINT ( 'NONE',  ( 30.89471327862287708, 59.08725476772832508, 15.05232560486995830 ) ) ;
#8145 = EDGE_CURVE ( 'NONE', #6527, #3570, #871, .T. ) ;
#8146 = CARTESIAN_POINT ( 'NONE',  ( 21.90174089563295823, 75.45421839960296495, 5.407156433718900423 ) ) ;
#8147 = CARTESIAN_POINT ( 'NONE',  ( 21.91100871327805422, 75.79330757673183427, 5.530139601442286335 ) ) ;
#8148 = ORIENTED_EDGE ( 'NONE', *, *, #7614, .T. ) ;
#8149 = CARTESIAN_POINT ( 'NONE',  ( 28.17603520217947377, 69.01304071113513317, 5.305930553691242224 ) ) ;
#8150 = DIRECTION ( 'NONE',  ( 0.000000000000000000, -0.000000000000000000, 1.000000000000000000 ) ) ;
#8151 = CARTESIAN_POINT ( 'NONE',  ( 26.94550250227801413, 58.79200038444636789, 21.24999999999996803 ) ) ;
#8152 = CARTESIAN_POINT ( 'NONE',  ( 12.46831945898563632, 72.78836624905356700, 0.4847013026963264415 ) ) ;
#8153 = EDGE_CURVE ( 'NONE', #4538, #6135, #507, .T. ) ;
#8154 = CARTESIAN_POINT ( 'NONE',  ( 31.05791331499739272, 54.67658367298222544, 20.34950143381605869 ) ) ;
#8155 = CARTESIAN_POINT ( 'NONE',  ( -36.17369213578415810, 184.5000000000026432, 37.50000000000004263 ) ) ;
#8156 = ORIENTED_EDGE ( 'NONE', *, *, #71, .T. ) ;
#8157 = PLANE ( 'NONE',  #1239 ) ;
#8158 = CARTESIAN_POINT ( 'NONE',  ( 22.18476902131939710, 74.89091694849089720, 38.95643923738960979 ) ) ;
#8159 = CARTESIAN_POINT ( 'NONE',  ( 32.03305041744567205, 62.95230908065753539, 22.52814096850055847 ) ) ;
#8160 = B_SPLINE_CURVE_WITH_KNOTS ( 'NONE', 3,
 ( #2921, #1637, #7419, #366 ),
 .UNSPECIFIED., .F., .F.,
 ( 4, 4 ),
 ( 0.000000000000000000, 1.000000000000000000 ),
 .UNSPECIFIED. ) ;
#8161 = EDGE_CURVE ( 'NONE', #4732, #6270, #5235, .T. ) ;
#8162 = DIRECTION ( 'NONE',  ( -0.7071067811865486830, -0.7071067811865464625, 0.000000000000000000 ) ) ;
#8163 = PRODUCT_DEFINITION_CONTEXT ( 'detailed design', #6541, 'design' ) ;
#8164 = CARTESIAN_POINT ( 'NONE',  ( 12.93220250022804763, 74.03402280132561941, 34.97010467332142269 ) ) ;
#8165 = AXIS2_PLACEMENT_3D ( 'NONE', #2249, #6663, #8011 ) ;
#8166 = CARTESIAN_POINT ( 'NONE',  ( 28.54170466881937429, 68.79470935494809680, 5.960700671527966676 ) ) ;
#8167 = ORIENTED_EDGE ( 'NONE', *, *, #955, .F. ) ;
#8168 = VERTEX_POINT ( 'NONE', #1488 ) ;
#8169 = LINE ( 'NONE', #4484, #3213 ) ;
#8170 = ORIENTED_EDGE ( 'NONE', *, *, #7352, .F. ) ;
#8171 = DIRECTION ( 'NONE',  ( 0.7071067811865486830, 0.7071067811865463515, 0.000000000000000000 ) ) ;
#8172 = CARTESIAN_POINT ( 'NONE',  ( 22.25222405987081942, 63.48527882685360879, 0.4630617573993146552 ) ) ;
#8173 = CARTESIAN_POINT ( 'NONE',  ( 14.07568596981248987, 76.95792541180563262, -4.429739351587531182 ) ) ;
ENDSEC;
END-ISO-10303-21;
